,layer_1,layer_2,layer_3,layer_4,layer_5,layer_6,layer_7,layer_8,layer_9,layer_10,layer_11,layer_12,layer_13,layer_14,layer_15,layer_16,layer_17,layer_18,layer_19,layer_20,layer_21,layer_22,layer_23,layer_24,layer_25,layer_26,layer_27,layer_28,layer_29,layer_30,layer_31,layer_32,layer_33,layer_34,layer_35,layer_36,layer_37
0,0.0,0.00011551988427527249,0.0003163804649375379,0.0005965714808553457,0.001154705765657127,0.002316257217898965,0.0038347288500517607,0.006025771610438824,0.008662034757435322,0.011499256826937199,0.013487368822097778,0.015533020719885826,0.019298482686281204,0.025244122371077538,0.03468699753284454,0.0413510836660862,0.05635926499962807,0.07054269313812256,0.09732402861118317,0.1216963529586792,0.18524643778800964,0.24438703060150146,0.29951512813568115,0.40788188576698303,0.6712219715118408,1.036638617515564,1.3855317831039429,1.6734541654586792,2.346038579940796,3.227949619293213,4.205951690673828,6.215909481048584,8.20492935180664,14.036078453063965,20.43651580810547,51.57954025268555,1.274154782295227
1,0.0,0.00010531413863645867,0.0002833457838278264,0.0005283654318191111,0.0010122741805389524,0.002077530836686492,0.0035182705614715815,0.0056823426857590675,0.008275005966424942,0.010926477611064911,0.012755540199577808,0.014331793412566185,0.017632603645324707,0.023681357502937317,0.03206153213977814,0.03932184725999832,0.05458992347121239,0.07256633043289185,0.10124034434556961,0.12517620623111725,0.1889289766550064,0.24785837531089783,0.3108055293560028,0.4318845272064209,0.7111615538597107,1.0654371976852417,1.4883639812469482,1.8051526546478271,2.505357265472412,3.415452003479004,4.394564628601074,6.460068702697754,8.79189682006836,13.798090934753418,20.30064582824707,51.24390411376953,1.1584123373031616
2,0.0,0.00013086915714666247,0.00034104957012459636,0.0006355270161293447,0.0012162443017587066,0.0024820605758577585,0.004161023069173098,0.00654502771794796,0.009512682445347309,0.012344934046268463,0.014107578434050083,0.015936048701405525,0.01994641125202179,0.02597830444574356,0.03505491465330124,0.04238267242908478,0.05646372586488724,49.943580627441406,47.588417053222656,50.91356658935547,50.221641540527344,44.9798698425293,48.421058654785156,45.79443359375,50.276222229003906,51.57861328125,49.28779983520508,49.39082717895508,48.850128173828125,52.30308151245117,48.72336196899414,59.06370544433594,56.483577728271484,61.1462516784668,70.21165466308594,53.41984939575195,1.1574753522872925
3,0.0,0.00013025010412093252,0.0003434270911384374,0.0006474049296230078,0.0011969704646617174,0.0025156952906399965,0.004129280336201191,0.006456275004893541,0.009171494282782078,0.01215528417378664,0.014039936475455761,0.01606283336877823,0.01983046904206276,0.026392247527837753,0.03465587645769119,0.04369208589196205,0.05611410737037659,0.07012069970369339,0.09568557143211365,0.12340058386325836,0.1882331371307373,0.23958948254585266,0.2872622311115265,0.4111388027667999,0.6626747250556946,1.0224863290786743,1.3110426664352417,1.641150951385498,2.2865617275238037,3.0902535915374756,4.020536422729492,5.9810590744018555,8.179330825805664,14.637789726257324,21.215579986572266,62.01741027832031,1.4682025909423828
4,0.0,0.0001397245650878176,0.00036062742583453655,0.0006691325106658041,0.0012791031040251255,0.002656602067872882,0.004443866666406393,0.006915583740919828,0.009914020076394081,0.012765743769705296,0.014863496646285057,0.01697801984846592,0.020791325718164444,0.026516469195485115,0.03489189222455025,0.04263720288872719,0.05528721958398819,0.06913124769926071,0.09531135112047195,0.12205222994089127,0.1857311725616455,0.24110913276672363,0.29589003324508667,0.42065101861953735,0.6596870422363281,1.0375126600265503,1.387952208518982,1.8090320825576782,2.52774715423584,3.838229179382324,4.516935348510742,7.0616021156311035,9.639537811279297,17.607973098754883,25.54361915588379,84.96742248535156,2.022022247314453
5,0.0,0.00011917919619008899,0.0003111549303866923,0.0005845494451932609,0.0010753348469734192,0.0020442104432731867,0.003409682773053646,0.0055263773538172245,0.008170079439878464,0.010821346193552017,0.012537657283246517,0.014191687107086182,0.0177663192152977,0.02410191483795643,0.032858096063137054,0.041386764496564865,0.057907771319150925,0.07543907314538956,0.10426978766918182,0.12949849665164948,0.19237980246543884,0.2466132789850235,0.3073829710483551,0.4141484498977661,0.6861517429351807,1.014012098312378,1.3454844951629639,1.6925779581069946,2.365025281906128,3.308302402496338,4.106319904327393,6.199573516845703,8.171353340148926,14.482564926147461,21.2154541015625,52.02106475830078,1.1545469760894775
6,0.0,0.00011092785280197859,0.0003044784825760871,0.0005831524613313377,0.0010171637404710054,0.0020534556824713945,0.003361546667292714,0.005445998162031174,0.00796685740351677,0.010799890384078026,0.012715015560388565,0.014616506174206734,0.01798044890165329,0.024337658658623695,0.0337195061147213,0.04167148098349571,0.05694621056318283,4.281656265258789,3.7345387935638428,3.7312450408935547,3.855985641479492,3.7603559494018555,3.758866310119629,4.078874111175537,4.123167037963867,4.713901996612549,4.897961616516113,5.245733261108398,5.901123523712158,7.015299320220947,8.287454605102539,10.22452163696289,12.725579261779785,17.752426147460938,24.323360443115234,56.85693359375,1.4044523239135742
7,0.0,0.0001395648723701015,0.0004141352837905288,0.0007179367239587009,0.0013100110227242112,0.0025694118812680244,0.0042937095277011395,0.006576120387762785,0.009397595189511776,0.012316154316067696,0.014275921508669853,0.016458118334412575,0.020566768944263458,0.0270535908639431,0.035474326461553574,0.04250582680106163,0.05474773794412613,68.39086151123047,63.779945373535156,62.46446228027344,61.37309646606445,64.75958251953125,57.7789306640625,65.30118560791016,63.11540985107422,60.27716827392578,60.47650146484375,65.88323211669922,62.212120056152344,61.2636604309082,65.75928497314453,67.16473388671875,75.8984146118164,77.13323974609375,89.98601531982422,100.0660400390625,2.0148487091064453
8,0.0,0.0001491555740358308,0.0003983496280852705,0.000729383435100317,0.001373468665406108,0.0027675244491547346,0.00455821305513382,0.0069730025716125965,0.009974542073905468,0.012818364426493645,0.014887392520904541,0.0170733705163002,0.020966721698641777,0.026971885934472084,0.03593113645911217,0.043967265635728836,0.05622066184878349,1.8622522354125977,1.9118638038635254,2.170513868331909,2.113999128341675,2.240584135055542,2.1792173385620117,2.3309199810028076,2.675313711166382,3.0785319805145264,3.479891777038574,3.8474068641662598,4.579704284667969,5.625522136688232,6.773075580596924,9.16433048248291,11.43039608001709,20.929414749145508,27.524211883544922,80.54505920410156,1.922156572341919
9,0.0,0.00012534619600046426,0.0003294549242127687,0.0006135030998848379,0.001298409653827548,0.0026879548095166683,0.004561704117804766,0.007004743907600641,0.010122465901076794,0.013133580796420574,0.014977709390223026,0.016621723771095276,0.020545922219753265,0.02678285725414753,0.03530530631542206,0.04413728415966034,0.0579083189368248,0.07396295666694641,0.10236101597547531,0.1276593953371048,0.2079046368598938,0.2491590976715088,0.3201878070831299,0.4365502893924713,0.6856259703636169,1.0703924894332886,1.3535140752792358,1.7734586000442505,2.45394229888916,3.2085154056549072,4.217222690582275,6.284961223602295,8.296010971069336,14.003056526184082,21.33580207824707,68.96695709228516,1.4169468879699707
10,0.0,0.00012458977289497852,0.0003317934169899672,0.0005968616460449994,0.0011480627581477165,0.0024406707379966974,0.004243119154125452,0.006583919283002615,0.009645640850067139,0.012300902046263218,0.014136597514152527,0.01599147357046604,0.01977430284023285,0.025902193039655685,0.03433319926261902,0.041910234838724136,0.05558072403073311,0.07009027898311615,0.10291360318660736,0.1277613788843155,0.19305557012557983,0.23789115250110626,0.31099623441696167,0.41958650946617126,0.6536828875541687,1.019839882850647,1.3207954168319702,1.630113959312439,2.1819825172424316,3.070359468460083,3.89162278175354,5.784017086029053,7.864043235778809,12.780219078063965,18.981626510620117,45.2947883605957,1.1241695880889893
11,0.0,0.00012079950829502195,0.0003211754956282675,0.0005890599568374455,0.0011619622819125652,0.0024171352852135897,0.004081540275365114,0.006340650841593742,0.009028911590576172,0.011837499216198921,0.013673842884600163,0.015721186995506287,0.019631044939160347,0.02613353729248047,0.03521876782178879,0.04122826084494591,0.05889655649662018,3.7525479793548584,4.163226127624512,4.142926216125488,4.1706318855285645,4.012611389160156,4.135213851928711,4.77263879776001,4.717041492462158,4.871351718902588,5.479069709777832,5.783511161804199,6.2122392654418945,7.12288236618042,8.040947914123535,10.309027671813965,12.725954055786133,17.797616958618164,23.282554626464844,45.442508697509766,1.016394853591919
12,0.0,0.00013036934251431376,0.00034680869430303574,0.0006724877166561782,0.00125180056784302,0.0024527234490960836,0.0040232595056295395,0.006316132843494415,0.009044202975928783,0.011893420480191708,0.013749884441494942,0.015736520290374756,0.01968684233725071,0.02613978646695614,0.034875109791755676,0.043087657541036606,0.058462757617235184,0.07491664588451385,0.0994328185915947,0.12319303303956985,0.18161913752555847,0.23794062435626984,0.29803991317749023,0.41538363695144653,0.6751092672348022,1.0503863096237183,1.3452143669128418,1.6780879497528076,2.3148512840270996,3.175011396408081,4.176397323608398,5.996370315551758,8.172688484191895,13.853350639343262,20.056476593017578,51.34618377685547,1.1050992012023926
13,0.0,0.00012187457468826324,0.00036444561555981636,0.0006708996370434761,0.0012400306295603514,0.002449096878990531,0.00424303999170661,0.006551659666001797,0.009395656175911427,0.012152602896094322,0.014165150001645088,0.016189860180020332,0.020096207037568092,0.02636130340397358,0.03544773533940315,0.04235529527068138,0.05704788491129875,15.332443237304688,16.097822189331055,15.038978576660156,15.891454696655273,15.450742721557617,15.847066879272461,16.80674171447754,15.93658447265625,15.302492141723633,17.157058715820312,17.862499237060547,18.619976043701172,19.584314346313477,20.35206413269043,23.15114974975586,25.62150764465332,32.87248992919922,42.08543395996094,77.1662368774414,1.6665072441101074
14,0.0,0.00012661902292165905,0.0003251585294492543,0.0005988561315461993,0.0012161362683400512,0.0024946588091552258,0.004307161550968885,0.0066535272635519505,0.009474633261561394,0.01222844235599041,0.01426513958722353,0.01643189787864685,0.020155498757958412,0.02575497515499592,0.0338587686419487,0.04250476136803627,0.05565151944756508,0.17359133064746857,0.17943918704986572,0.20902341604232788,0.26941806077957153,0.32048356533050537,0.38803139328956604,0.500938355922699,0.7377763986587524,1.0964981317520142,1.4158955812454224,1.7466899156570435,2.306267738342285,3.2484734058380127,4.321919918060303,6.077722072601318,8.405813217163086,14.032258033752441,20.467269897460938,58.79186248779297,1.5652884244918823
15,0.0,0.00013606924039777368,0.00033046823227778077,0.0006350335315801203,0.001261453260667622,0.0024879241827875376,0.004233829211443663,0.006607884541153908,0.009479163214564323,0.012548853643238544,0.014387366361916065,0.016482554376125336,0.020349187776446342,0.027537522837519646,0.03586260601878166,0.044134363532066345,0.05893457308411598,8.968459129333496,8.103103637695312,8.711811065673828,8.895712852478027,8.350052833557129,8.396821022033691,8.520183563232422,8.441802978515625,9.575674057006836,10.518142700195312,10.129007339477539,10.290204048156738,12.010186195373535,13.844197273254395,15.213822364807129,16.944908142089844,23.637704849243164,30.281150817871094,57.14554214477539,1.291623592376709
16,0.0,0.00014120103151071817,0.00036367145366966724,0.0006755075883120298,0.0012654786696657538,0.002440114039927721,0.0039575290866196156,0.006155519280582666,0.008776813745498657,0.011634509079158306,0.013748407363891602,0.015697475522756577,0.01912328414618969,0.02519327588379383,0.034245483577251434,0.04239773750305176,0.058886002749204636,9.318551063537598,10.013440132141113,9.520840644836426,9.383852005004883,9.883222579956055,9.763177871704102,9.960447311401367,10.33113956451416,11.026289939880371,11.016487121582031,11.130019187927246,11.713590621948242,13.233977317810059,14.003677368164062,15.206546783447266,17.41043472290039,23.98089027404785,30.904884338378906,60.662784576416016,1.4335108995437622
17,0.0,0.00011796281614806503,0.0003286753490101546,0.0006039984873495996,0.0011054857168346643,0.002126232720911503,0.0035792968701571226,0.005684203002601862,0.008294296450912952,0.011152839288115501,0.013086085207760334,0.014862751588225365,0.01845408044755459,0.024612221866846085,0.03342098742723465,0.041968874633312225,0.06184334680438042,0.0797739326953888,0.1080474779009819,0.13420534133911133,0.21341288089752197,0.2637714743614197,0.31963619589805603,0.45435574650764465,0.6949241161346436,1.1147031784057617,1.4052326679229736,1.7488880157470703,2.405735969543457,3.3428549766540527,4.343560218811035,6.165018081665039,8.127812385559082,13.058883666992188,19.25249671936035,43.590065002441406,1.0169737339019775
18,0.0,0.00013855515862815082,0.0004072129086125642,0.0006967440131120384,0.0012468431377783418,0.0024844533763825893,0.0041960920207202435,0.006548261735588312,0.009321020916104317,0.012345459312200546,0.014284788630902767,0.016440467908978462,0.020227309316396713,0.02646033465862274,0.035699136555194855,0.04366450011730194,0.061081841588020325,0.07794146984815598,0.10688041895627975,0.12928159534931183,0.2141796350479126,0.2441975474357605,0.3224547207355499,0.4282398819923401,0.6831732392311096,1.0187016725540161,1.3252767324447632,1.6092325448989868,2.2862446308135986,3.1469974517822266,4.077839374542236,6.1104536056518555,7.962857723236084,14.09784984588623,20.616043090820312,58.29036331176758,1.3441628217697144
19,0.0,0.00011472246842458844,0.0003739219391718507,0.0007053151493892074,0.001253168797120452,0.002375515643507242,0.003955815453082323,0.0062335338443517685,0.0088898204267025,0.011810566298663616,0.013539250008761883,0.015327365137636662,0.019389519467949867,0.025183584541082382,0.0335167720913887,0.04082474857568741,0.05387686565518379,3.8540730476379395,3.472885847091675,3.4173662662506104,3.7015511989593506,3.7805733680725098,3.3587119579315186,3.9154865741729736,3.970421075820923,4.437999248504639,5.119240760803223,5.201585292816162,5.905098915100098,6.331951141357422,7.572254180908203,9.519752502441406,11.538370132446289,18.229366302490234,26.43353271484375,62.217376708984375,1.6164631843566895
20,0.0,0.00013296848919708282,0.00033550651278346777,0.000635272532235831,0.0012640147469937801,0.0024790579918771982,0.004132029600441456,0.0064260270446538925,0.009142376482486725,0.012021086178719997,0.013908641412854195,0.015792371705174446,0.01964322291314602,0.026002023369073868,0.03484373912215233,0.04407680779695511,0.056004274636507034,3.8762450218200684,4.1916093826293945,4.208888530731201,4.154643535614014,4.247607707977295,4.195113182067871,4.61284875869751,4.852832317352295,5.0276360511779785,5.4791131019592285,5.443880558013916,6.225820541381836,7.799291610717773,8.914082527160645,10.689461708068848,13.392901420593262,19.948219299316406,28.037134170532227,59.488258361816406,1.4642540216445923
21,0.0,0.00013841420877724886,0.0003650092694442719,0.0006733391783200204,0.0013018677709624171,0.0026216055266559124,0.004280271474272013,0.006674204953014851,0.009456130675971508,0.012425648048520088,0.014212096109986305,0.01635224185883999,0.020271968096494675,0.026265813037753105,0.03455469012260437,0.04256739094853401,0.05581549555063248,45.72186279296875,48.777462005615234,46.64080047607422,44.22269058227539,50.76664733886719,48.49748611450195,44.11439895629883,46.68299102783203,50.271728515625,50.40272903442383,49.153472900390625,48.3341064453125,50.96755599975586,54.642738342285156,56.22379684448242,58.95193862915039,61.53396224975586,73.6043930053711,55.285640716552734,1.220920205116272
22,0.0,0.00012967217480763793,0.00035234016831964254,0.0006574607687070966,0.0012369457399472594,0.002516788197681308,0.004217204172164202,0.00657607289031148,0.009325946681201458,0.012093118391931057,0.01400839164853096,0.0158163383603096,0.019691869616508484,0.02502632699906826,0.03339570015668869,0.041544511914253235,0.05403577536344528,0.0662260428071022,0.09204689413309097,0.1178114265203476,0.17593936622142792,0.21863138675689697,0.27230915427207947,0.4014766812324524,0.6338332295417786,0.9987666606903076,1.250159502029419,1.6641514301300049,2.3046674728393555,3.326334238052368,4.315811634063721,6.4141974449157715,8.495983123779297,15.528026580810547,23.352426528930664,62.95367431640625,1.427756428718567
23,0.0,0.00013457605382427573,0.0003726182912942022,0.0006648333510383964,0.0013339066645130515,0.0027079398278146982,0.004560193978250027,0.006991555914282799,0.009872176684439182,0.012746662832796574,0.01473027653992176,0.016529105603694916,0.020517559722065926,0.02608475647866726,0.03414298966526985,0.041738808155059814,0.05472184345126152,3265.069091796875,3163.588623046875,2912.55615234375,3039.2216796875,2944.1689453125,3090.375244140625,3007.078125,2714.605224609375,2803.22021484375,2997.76953125,2982.7001953125,3137.674072265625,3051.5166015625,3086.537841796875,3062.202880859375,2889.7607421875,3065.342041015625,3057.22412109375,85.71246337890625,2.1681089401245117
24,0.0,0.00010688378097256646,0.00029106909641996026,0.0005283837090246379,0.0010400236351415515,0.002056143479421735,0.003422550857067108,0.00558167090639472,0.008098909631371498,0.010717593133449554,0.012536108493804932,0.014244133606553078,0.01760238967835903,0.02388470247387886,0.031884294003248215,0.04024561494588852,0.0534486249089241,0.070081427693367,0.09370897710323334,0.12502442300319672,0.18344467878341675,0.23618651926517487,0.3063398599624634,0.4307555854320526,0.6602612137794495,1.023892879486084,1.3942097425460815,1.6835824251174927,2.431549549102783,3.3962643146514893,4.253912448883057,6.292076110839844,8.258220672607422,14.173859596252441,21.29632568359375,45.61735534667969,1.1071301698684692
25,0.0,0.00010324845789000392,0.00025949120754376054,0.0005264982464723289,0.0009940075688064098,0.0019062117207795382,0.0031641896348446608,0.005140851251780987,0.0076190209947526455,0.010257339105010033,0.012016545981168747,0.01349455863237381,0.017018655315041542,0.024593673646450043,0.034963931888341904,0.04387916624546051,0.058015450835227966,0.08005759865045547,0.10892212390899658,0.1342616230249405,0.2084345519542694,0.26171159744262695,0.3394576609134674,0.4741545021533966,0.8016647696495056,1.145588994026184,1.5568885803222656,2.0109691619873047,2.711897134780884,3.6877403259277344,4.865243434906006,7.413880348205566,9.221278190612793,16.522998809814453,24.634634017944336,66.31145477294922,1.5233741998672485
26,0.0,0.00014680078311357647,0.000401227647671476,0.0008273449493572116,0.0015013021184131503,0.002818523673340678,0.0045524113811552525,0.006997921038419008,0.00995849259197712,0.012865622527897358,0.01480871718376875,0.017319124191999435,0.021300693973898888,0.028653481975197792,0.03802736848592758,0.04558855667710304,0.06557007133960724,1.155647873878479,1.2579690217971802,1.1893091201782227,1.3154925107955933,1.360743761062622,1.5155236721038818,1.6610794067382812,2.0808374881744385,2.856215476989746,3.2245681285858154,3.6582295894622803,5.025404453277588,6.498342990875244,7.585075855255127,10.536377906799316,13.40462875366211,27.776304244995117,43.274959564208984,123.60249328613281,2.972855567932129
27,0.0,0.00011785032256739214,0.00031535516609437764,0.0006026155315339565,0.0011718516470864415,0.00240891776047647,0.0041578239761292934,0.006450996734201908,0.009358062408864498,0.012128783389925957,0.013855617493391037,0.015856917947530746,0.019421357661485672,0.025956742465496063,0.035512831062078476,0.04257597401738167,0.05745688080787659,4.241230487823486,4.063814640045166,4.281037330627441,4.1040940284729,4.32388973236084,4.571376800537109,4.390804767608643,4.79203462600708,4.938259124755859,5.257340431213379,5.653413772583008,6.6182732582092285,7.370290279388428,8.477020263671875,11.055986404418945,12.443672180175781,19.945810317993164,27.936309814453125,71.56250762939453,1.7123680114746094
28,0.0,0.00015925374464131892,0.0004027527174912393,0.0007730471552349627,0.0014428357826545835,0.002859660191461444,0.004698506556451321,0.007236422039568424,0.010314946994185448,0.013268155045807362,0.015309937298297882,0.01774912327528,0.02184697985649109,0.029195019975304604,0.03775504603981972,0.04535853490233421,0.060235217213630676,9.25692081451416,9.587735176086426,10.281365394592285,10.004133224487305,10.451814651489258,11.158284187316895,10.35735034942627,9.529058456420898,10.908458709716797,11.559463500976562,12.076014518737793,12.605552673339844,12.908960342407227,14.737981796264648,16.153804779052734,17.91398811340332,26.531269073486328,32.71476745605469,62.10319900512695,1.6181294918060303
29,0.0,0.00013660377589985728,0.00035819722688756883,0.0006758254021406174,0.001306073972955346,0.0026347448583692312,0.004348803777247667,0.006742323748767376,0.009447487071156502,0.012388890609145164,0.01443472784012556,0.01619359292089939,0.019614068791270256,0.026800137013196945,0.03560596704483032,0.04271871596574783,0.056578509509563446,0.06998899579048157,0.09499696642160416,0.12128479778766632,0.189798504114151,0.23769822716712952,0.29676756262779236,0.40976089239120483,0.6476649641990662,0.9830210208892822,1.3155384063720703,1.5959957838058472,2.2206027507781982,3.1544973850250244,4.085701942443848,6.11747932434082,8.301131248474121,15.038957595825195,22.745380401611328,60.06126403808594,1.4437952041625977
30,0.0,0.00013542658416554332,0.00038461931399069726,0.0007243210566230118,0.0013725922908633947,0.0026060747914016247,0.0042943493463099,0.006707081571221352,0.009482765570282936,0.01232913788408041,0.014090828597545624,0.016244804486632347,0.020115766674280167,0.02695280686020851,0.03542002663016319,0.04399136081337929,0.05964571237564087,0.07338418066501617,0.09838524460792542,0.12417954206466675,0.1872294694185257,0.2550055682659149,0.3127850592136383,0.43954554200172424,0.7510970830917358,1.0843530893325806,1.4403926134109497,1.7640480995178223,2.467629909515381,3.5211567878723145,4.479857444763184,6.551294803619385,9.201722145080566,16.5219783782959,26.508195877075195,91.09996032714844,2.330749034881592
31,0.0,0.0001132272882387042,0.00030349940061569214,0.0005632180254906416,0.0010665114969015121,0.002219410380348563,0.0037708834279328585,0.006049453280866146,0.008741450496017933,0.01150832511484623,0.013294368982315063,0.015024702996015549,0.018617946654558182,0.0246267169713974,0.033072199672460556,0.040313851088285446,0.05467751622200012,25.145036697387695,24.049320220947266,24.885583877563477,24.483444213867188,24.301904678344727,25.8392276763916,25.514118194580078,24.002944946289062,25.0267333984375,24.776952743530273,26.692527770996094,27.472911834716797,27.813379287719727,28.543630599975586,29.92155647277832,34.11082077026367,38.45537567138672,46.10144805908203,50.64103317260742,1.0796252489089966
32,0.0,0.00014268941595219076,0.0003769168397411704,0.0007543741958215833,0.001441619242541492,0.002827742602676153,0.004614057019352913,0.007160985376685858,0.010098347440361977,0.012916125357151031,0.014720853418111801,0.017023907974362373,0.02105487510561943,0.02706284634768963,0.03596622496843338,0.04372236505150795,0.056814707815647125,3.9592208862304688,4.2717366218566895,4.400268077850342,4.36322021484375,3.9672083854675293,4.280345916748047,3.9494357109069824,4.794599533081055,4.917065620422363,5.0574564933776855,5.817094802856445,6.232882499694824,7.565791606903076,8.446836471557617,11.001506805419922,12.462635040283203,19.43037986755371,26.184370040893555,61.488895416259766,1.4371740818023682
33,0.0,0.0001434067526133731,0.0003670969745144248,0.0007124679395928979,0.0013700395356863737,0.00263020652346313,0.004322118125855923,0.006773081142455339,0.00957399234175682,0.012479349970817566,0.014254572801291943,0.01658988557755947,0.020229855552315712,0.026203470304608345,0.03437945619225502,0.04340081289410591,0.0573904812335968,116.34869384765625,110.31339263916016,111.25657653808594,110.06719207763672,115.0416488647461,111.76101684570312,110.0732650756836,117.93592071533203,109.29816436767578,113.99542999267578,113.05889892578125,108.3925552368164,109.11836242675781,101.16385650634766,122.16264343261719,117.03693389892578,122.33506774902344,131.6852264404297,51.66032028198242,1.1425666809082031
34,0.0,0.00013981496158521622,0.00036366228596307337,0.0006800623377785087,0.0012895949184894562,0.0026477801147848368,0.004469569306820631,0.006974272895604372,0.009963314980268478,0.01270485669374466,0.014850451610982418,0.017250442877411842,0.021443091332912445,0.027849430218338966,0.03665996715426445,0.04364438354969025,0.057248253375291824,1.0744365453720093,1.0718294382095337,1.0777778625488281,1.225666880607605,1.2389793395996094,1.279296636581421,1.3972660303115845,1.5809444189071655,1.9692622423171997,2.21781849861145,2.5885233879089355,3.2243082523345947,4.163352966308594,5.06899356842041,7.11508846282959,9.377793312072754,16.32137680053711,22.7515926361084,57.127845764160156,1.4027609825134277
35,0.0,0.00014119873230811208,0.00038055467302910984,0.0006890451186336577,0.00132716482039541,0.002669645706191659,0.0044702463783323765,0.006887930445373058,0.00986947026103735,0.01273328997194767,0.01451470609754324,0.016952140256762505,0.02077021822333336,0.02764676883816719,0.036777131259441376,0.043315235525369644,0.058595117181539536,1.18450129032135,1.1659187078475952,1.2135961055755615,1.2317237854003906,1.2815816402435303,1.4098436832427979,1.589786410331726,1.695145606994629,2.117574691772461,2.4398293495178223,2.805891990661621,3.4785590171813965,4.4332122802734375,5.354670524597168,7.437411785125732,9.698724746704102,16.528568267822266,22.704181671142578,62.53354263305664,1.7574094533920288
36,0.0,0.00016829400556162,0.0004596694197971374,0.0008077376405708492,0.0014364381786435843,0.0029177432879805565,0.004898232873529196,0.00749500235542655,0.01065746508538723,0.013426030054688454,0.015602046623826027,0.01828140951693058,0.02297327108681202,0.028425656259059906,0.036590564996004105,0.043769076466560364,0.05631138011813164,4.137515068054199,4.122718334197998,4.245455265045166,4.474167346954346,4.305857181549072,4.456319332122803,4.69735860824585,4.632447719573975,5.130193710327148,5.078798294067383,5.659268379211426,6.526538372039795,7.1578264236450195,8.50583553314209,10.396722793579102,12.247306823730469,19.115568161010742,27.574138641357422,71.45850372314453,1.7840787172317505
37,0.0,0.00013441230112221092,0.0003558536118362099,0.0007204374414868653,0.001299148192629218,0.002410162938758731,0.003929383587092161,0.006170261651277542,0.009059803560376167,0.011894169263541698,0.013754254207015038,0.015470076352357864,0.019212571904063225,0.025444913655519485,0.03393473103642464,0.042073991149663925,0.0560920350253582,0.08633187413215637,0.11822642385959625,0.1452864706516266,0.21060024201869965,0.27181142568588257,0.33182382583618164,0.45006799697875977,0.7558269500732422,1.1493396759033203,1.4313247203826904,1.8282034397125244,2.5391814708709717,3.425626516342163,4.372182846069336,6.2127180099487305,8.269937515258789,14.589763641357422,21.945680618286133,56.094661712646484,1.27200186252594
38,0.0,0.0001275473478017375,0.00035996930091641843,0.0006846336182206869,0.0011984144803136587,0.002466005040332675,0.004062578547745943,0.006325397174805403,0.008857748471200466,0.011652880348265171,0.013562488369643688,0.015281219966709614,0.019437409937381744,0.02606324292719364,0.03445969149470329,0.04300008714199066,0.059065964072942734,0.075015589594841,0.10745204240083694,0.12895984947681427,0.19385580718517303,0.2472640424966812,0.31201815605163574,0.4424062669277191,0.6839077472686768,1.0265161991119385,1.4246407747268677,1.760109305381775,2.4373013973236084,3.3844752311706543,4.205434322357178,6.264606952667236,8.246002197265625,14.553533554077148,21.89373207092285,58.020938873291016,1.3068597316741943
39,0.0,0.00011778672342188656,0.0002984491002280265,0.0005523752188310027,0.0010651606135070324,0.002160765463486314,0.003694365033879876,0.005922885145992041,0.008520658127963543,0.011220789514482021,0.012959877960383892,0.014872235246002674,0.018794622272253036,0.025334298610687256,0.03461289405822754,0.04178772121667862,0.05884302780032158,0.07120692729949951,0.0947422981262207,0.12207285314798355,0.18773385882377625,0.23680289089679718,0.30219531059265137,0.4150882065296173,0.6446296572685242,0.9816309213638306,1.37104332447052,1.7944538593292236,2.457109212875366,3.351677417755127,4.321905612945557,6.395031452178955,8.730090141296387,15.040230751037598,22.250431060791016,58.51266860961914,1.2645820379257202
40,0.0,0.0001338732981821522,0.00035914755426347256,0.0006932609248906374,0.001304018427617848,0.002625970635563135,0.004426336381584406,0.00685045076534152,0.009690958075225353,0.012306936085224152,0.014122218824923038,0.016453946009278297,0.020412655547261238,0.0265949759632349,0.034679073840379715,0.04209578409790993,0.05830799415707588,271.73651123046875,275.525146484375,286.9072265625,278.1444396972656,280.8548278808594,262.2512512207031,261.2886047363281,276.86505126953125,270.0292663574219,230.4015350341797,263.12786865234375,279.18243408203125,239.29342651367188,282.0072326660156,253.0186767578125,278.88458251953125,253.9344482421875,284.7236328125,105.71448516845703,2.580429792404175
41,0.0,0.00011800564971053973,0.0003121577901765704,0.0005683372146449983,0.0011319539044052362,0.0022534620948135853,0.0038434104062616825,0.006026885937899351,0.008748840540647507,0.01147507131099701,0.013232679106295109,0.015034696087241173,0.018734615296125412,0.02474403753876686,0.03321176394820213,0.0408506765961647,0.055247172713279724,0.06851460784673691,0.09614235162734985,0.12110233306884766,0.18596796691417694,0.23023119568824768,0.29811859130859375,0.41975167393684387,0.6449636220932007,0.9844560027122498,1.3070533275604248,1.6633379459381104,2.2689497470855713,3.0583951473236084,3.933485984802246,5.939788341522217,7.814510345458984,12.861656188964844,19.53606414794922,47.17729949951172,1.0973715782165527
42,0.0,0.00013289347407408059,0.00032913280301727355,0.0006166372331790626,0.0012042506132274866,0.002583259716629982,0.004410535097122192,0.006881714332848787,0.00974338874220848,0.012636583298444748,0.01434031780809164,0.016450678929686546,0.02032746933400631,0.026788432151079178,0.035704705864191055,0.04245726019144058,0.055883634835481644,0.0708657056093216,0.09447290003299713,0.12050304561853409,0.18794523179531097,0.2300669401884079,0.29899007081985474,0.41562697291374207,0.6666529774665833,1.053039312362671,1.3441548347473145,1.682509183883667,2.361644983291626,3.27921199798584,4.289514064788818,6.285494804382324,8.233556747436523,15.934605598449707,24.3720760345459,80.47496795654297,1.7808021306991577
43,0.0,0.0001488853886257857,0.00036312302108854055,0.0006875318940728903,0.001324435812421143,0.0026064286939799786,0.004397389013320208,0.00685940682888031,0.009791608899831772,0.012639038264751434,0.014508417807519436,0.016630869358778,0.02057010680437088,0.027514498680830002,0.03545978665351868,0.04412831738591194,0.05544274300336838,9.164023399353027,9.523344039916992,9.13199234008789,8.752615928649902,9.229388236999512,9.189750671386719,9.04271125793457,9.69067096710205,10.487959861755371,10.115666389465332,10.750470161437988,11.00728988647461,11.922922134399414,13.438101768493652,14.810203552246094,16.991289138793945,22.216732025146484,28.86309051513672,50.20842361450195,1.1585462093353271
44,0.0,0.00013282522559165955,0.0003319541283417493,0.0006211689906194806,0.0012512181419879198,0.002637274796143174,0.004338973201811314,0.00675306748598814,0.009470959194004536,0.012358490377664566,0.014432257041335106,0.016359541565179825,0.020154736936092377,0.026052016764879227,0.034574683755636215,0.04208775982260704,0.05658534914255142,1.058922529220581,1.0932483673095703,1.1155391931533813,1.1783291101455688,1.2938127517700195,1.2956171035766602,1.5502301454544067,1.6525474786758423,2.132500171661377,2.5015082359313965,2.8071725368499756,3.4704270362854004,4.357280254364014,5.323805809020996,7.383826732635498,9.501184463500977,17.20956802368164,24.308523178100586,71.34904479980469,1.863545536994934
45,0.0,0.00013468008546624333,0.00036388952867127955,0.0006663049571216106,0.001238142722286284,0.0024758761283010244,0.004178118892014027,0.00649810628965497,0.009206102229654789,0.012315160594880581,0.014410456642508507,0.01629645936191082,0.01998329348862171,0.026001671329140663,0.03405621275305748,0.042483676224946976,0.05834601819515228,0.07283908128738403,0.10580255836248398,0.1273925006389618,0.20816907286643982,0.27414610981941223,0.366388738155365,0.5039262175559998,0.8358412384986877,1.2127870321273804,1.7017507553100586,2.0978355407714844,2.9308931827545166,4.138566493988037,5.007081508636475,7.606283664703369,9.946874618530273,19.08567237854004,27.71435546875,83.37828826904297,2.153168201446533
46,0.0,0.00013958803901914507,0.0003522257902659476,0.0006515066488645971,0.0012167333625257015,0.0025344237219542265,0.004148347303271294,0.006469407584518194,0.00925467535853386,0.012173693627119064,0.013996344059705734,0.01599750481545925,0.019600503146648407,0.02661975659430027,0.03528789058327675,0.04310940206050873,0.05857492983341217,17.939043045043945,15.638809204101562,14.862756729125977,16.556739807128906,16.742809295654297,16.740570068359375,16.990859985351562,17.10511016845703,17.743223190307617,16.8000431060791,17.288923263549805,18.158554077148438,19.9357852935791,20.983774185180664,21.733694076538086,24.75912094116211,28.99292755126953,36.06912612915039,54.51247024536133,1.3396378755569458
47,0.0,0.00010665120498742908,0.00031097460305318236,0.0005670301034115255,0.0010672124335542321,0.002114643109962344,0.003592592431232333,0.005743009503930807,0.008348528295755386,0.011112315580248833,0.012958119623363018,0.01465649250894785,0.018062254413962364,0.025074267759919167,0.03312037140130997,0.0404803566634655,0.05499659478664398,27.128374099731445,27.592329025268555,25.867868423461914,20.404539108276367,20.58628273010254,19.279090881347656,16.581756591796875,15.874493598937988,14.439068794250488,11.553277969360352,11.550422668457031,11.39948558807373,11.827391624450684,13.028446197509766,15.163200378417969,16.27920913696289,22.096466064453125,29.928430557250977,59.51679992675781,1.4791845083236694
48,0.0,0.00011674762208713219,0.00029206808540038764,0.0005505751469172537,0.0010866555385291576,0.002242780290544033,0.003792763687670231,0.0059492685832083225,0.008708768524229527,0.011204812675714493,0.013173878192901611,0.0148552767932415,0.018541399389505386,0.024731755256652832,0.032669976353645325,0.04068725183606148,0.05462566018104553,0.07076352089643478,0.09850923717021942,0.12824328243732452,0.19912461936473846,0.2580041289329529,0.3136284053325653,0.46067917346954346,0.7652596831321716,1.1491329669952393,1.5258210897445679,1.9435337781906128,2.688228130340576,3.6832237243652344,4.784915924072266,6.832279682159424,9.1884765625,17.18959617614746,26.943696975708008,95.50138092041016,2.0054917335510254
49,0.0,0.00014700545580126345,0.0003876385744661093,0.0007138147484511137,0.0013534236932173371,0.0026821137871593237,0.004414554685354233,0.006740528158843517,0.009716633707284927,0.01249937154352665,0.014276553876698017,0.016500575467944145,0.0204034224152565,0.02672717534005642,0.03417576104402542,0.04307748004794121,0.05521020293235779,1.1036961078643799,1.2227330207824707,1.1708012819290161,1.143186092376709,1.2436836957931519,1.3743681907653809,1.3988372087478638,1.6539878845214844,2.1204757690429688,2.2794744968414307,2.7296807765960693,3.267369270324707,4.390575408935547,5.062816143035889,6.9426116943359375,9.314396858215332,15.178657531738281,22.11636734008789,56.88156509399414,1.3058040142059326
50,0.0,0.00010462922364240512,0.00028517001192085445,0.0005029733292758465,0.0009593243012204766,0.001961389323696494,0.0032877775374799967,0.005405502859503031,0.00784805417060852,0.01059152465313673,0.012525767087936401,0.013897416181862354,0.017425263300538063,0.023744450882077217,0.03174974396824837,0.04135407507419586,0.0575907938182354,0.07484180480241776,0.10210060328245163,0.1341714709997177,0.20325805246829987,0.253435343503952,0.31676939129829407,0.44170722365379333,0.6913123726844788,1.005627155303955,1.4296294450759888,1.7511658668518066,2.3993334770202637,3.229712963104248,4.137044906616211,6.219461441040039,8.261180877685547,13.218911170959473,18.60587501525879,44.315677642822266,1.0364985466003418
51,0.0,0.00013392488472163677,0.00034361230791546404,0.0006284464616328478,0.0012351626064628363,0.002545566763728857,0.004334863740950823,0.006766662932932377,0.009627070277929306,0.01236408855766058,0.014310413971543312,0.016538400202989578,0.020282885059714317,0.02716435305774212,0.036080002784729004,0.04355433210730553,0.05706261843442917,269.0453186035156,281.8559875488281,262.1949462890625,260.49761962890625,267.7193298339844,270.3472595214844,270.5413818359375,287.696044921875,262.490234375,252.1151580810547,269.8815002441406,273.1767578125,273.62542724609375,285.0816955566406,271.3116455078125,289.5743408203125,260.5050354003906,289.8218994140625,76.46067810058594,2.0931649208068848
52,0.0,0.00011672708933474496,0.0003413846716284752,0.0006399088306352496,0.0012210069689899683,0.0024232554715126753,0.004034495446830988,0.006320945918560028,0.009130502119660378,0.011793374083936214,0.013515760190784931,0.015382443554699421,0.018997853621840477,0.025137117132544518,0.03398985415697098,0.04069996997714043,0.05333837866783142,8150.79736328125,8348.486328125,7842.79296875,9322.35546875,8360.9951171875,8370.8603515625,8934.064453125,8677.9833984375,8240.451171875,8159.43212890625,8306.1416015625,8844.060546875,8177.04296875,7596.20556640625,7752.11279296875,8007.00927734375,8298.6943359375,7993.2255859375,64.3438720703125,1.4145938158035278
53,0.0,0.00010737446427810937,0.0002950411580968648,0.0005561513244174421,0.001042768475599587,0.0020568028558045626,0.003530164947733283,0.005728013813495636,0.008344071917235851,0.010928187519311905,0.012630484066903591,0.014298309572041035,0.01796962320804596,0.023812560364603996,0.03173746541142464,0.04080316424369812,0.05434266850352287,0.07222025841474533,0.09868425130844116,0.12430373579263687,0.19619324803352356,0.2503281533718109,0.3183940649032593,0.43756869435310364,0.6937390565872192,1.0575898885726929,1.4438763856887817,1.7676467895507812,2.5074729919433594,3.4178307056427,4.3698625564575195,6.427678108215332,8.502252578735352,13.940764427185059,20.011343002319336,50.2480354309082,1.1613743305206299
54,0.0,0.00016953972226474434,0.00047653354704380035,0.0009884245228022337,0.001686191651970148,0.0032916388008743525,0.005270163994282484,0.007718940731137991,0.01068043801933527,0.013626955449581146,0.01568448916077614,0.01797345094382763,0.02231709100306034,0.029073022305965424,0.038661688566207886,0.0462833046913147,0.0598066970705986,20429.1328125,20356.48828125,20728.173828125,21827.240234375,22330.275390625,21200.064453125,19372.8046875,18878.169921875,19178.0,19628.1328125,19377.93359375,18215.162109375,19588.64453125,17792.521484375,15274.048828125,14078.8828125,14297.796875,14107.9501953125,109.40701293945312,2.8777554035186768
55,0.0,0.000143751225550659,0.00037088486715219915,0.000687014777213335,0.0013336014235392213,0.0026716694701462984,0.004500434268265963,0.006884724833071232,0.009905516169965267,0.012614813633263111,0.01466207206249237,0.016913587227463722,0.021040761843323708,0.0269993357360363,0.03463327884674072,0.04310837760567665,0.05530207231640816,23847.796875,24624.44921875,23610.609375,23010.677734375,22693.494140625,21536.26953125,21954.931640625,20712.3203125,22078.99609375,19816.544921875,20297.65234375,19807.64453125,18170.83203125,17083.892578125,18742.53125,14841.728515625,14967.0029296875,14098.0615234375,57.914947509765625,1.1524245738983154
56,0.0,0.00013123449753038585,0.0003595719172153622,0.0006665251567028463,0.0012790703913196921,0.002584923757240176,0.004426227416843176,0.006858769338577986,0.009795286692678928,0.012525675818324089,0.014390488155186176,0.01640917733311653,0.020303135737776756,0.02575409971177578,0.033510614186525345,0.04114525020122528,0.054006531834602356,51.488548278808594,44.741065979003906,47.64120864868164,45.23247146606445,46.59677505493164,47.66216278076172,48.745033264160156,44.43435287475586,45.300392150878906,47.52582550048828,47.14460754394531,48.84931182861328,51.133888244628906,51.13134002685547,50.83650207519531,56.78083801269531,57.33761978149414,69.31929016113281,73.09583282470703,1.8501805067062378
57,0.0,0.00011981863644905388,0.00032800811459310353,0.0005932828062213957,0.0011301091872155666,0.0023270121309906244,0.0039038793183863163,0.0060774642042815685,0.008747588843107224,0.01154183130711317,0.01335153914988041,0.015191681683063507,0.018909530714154243,0.025590496137738228,0.03451003134250641,0.04261968284845352,0.05886852368712425,15.241639137268066,16.340391159057617,14.415082931518555,15.23857307434082,16.008867263793945,16.34671401977539,17.427845001220703,16.64641761779785,16.506261825561523,17.430458068847656,17.171833038330078,18.028629302978516,19.0566463470459,21.349287033081055,21.64488410949707,24.278247833251953,28.24441146850586,37.283695220947266,49.41935348510742,1.104770302772522
58,0.0,0.00011557977268239483,0.000294164230581373,0.0005658051813952625,0.0011485086288303137,0.0022766466718167067,0.003834851086139679,0.00599268451333046,0.008707405999302864,0.011394363828003407,0.01302618719637394,0.014777679927647114,0.01832832396030426,0.024430440738797188,0.03360637649893761,0.041695985943078995,0.05596177279949188,3515.250244140625,3704.061767578125,3651.056396484375,3655.8408203125,3584.263916015625,3760.4541015625,3848.95068359375,3736.62158203125,3613.3017578125,3516.614013671875,3677.93798828125,3832.922607421875,4039.044189453125,3707.31103515625,3439.38427734375,3635.960693359375,3624.207763671875,3359.944091796875,62.96922302246094,1.5138483047485352
59,0.0,0.00013398716691881418,0.00037447636714205146,0.0006985099753364921,0.0013513591839000583,0.002833928447216749,0.004758229944854975,0.007172976154834032,0.010139296762645245,0.01305362768471241,0.014960314147174358,0.017354236915707588,0.02159595862030983,0.028614990413188934,0.03781362995505333,0.04526080936193466,0.06131282448768616,0.07447022199630737,0.10345129668712616,0.12850363552570343,0.19045472145080566,0.24505586922168732,0.30489420890808105,0.43695852160453796,0.7147662043571472,1.0836910009384155,1.4130327701568604,1.7734146118164062,2.4253575801849365,3.348445415496826,4.397154808044434,6.35752534866333,8.664826393127441,15.18733024597168,21.44794273376465,67.04244232177734,1.6552900075912476
60,0.0,0.0001467418042011559,0.0004167413280811161,0.000718893192242831,0.001319713657721877,0.0026747214142233133,0.004425151273608208,0.006927673704922199,0.010098116472363472,0.013007927685976028,0.014596687629818916,0.016516266390681267,0.020202025771141052,0.025754395872354507,0.03379491716623306,0.04223984479904175,0.05625688657164574,4.575939655303955,4.338720798492432,4.181359767913818,4.15381383895874,4.324142932891846,4.342029571533203,4.599307060241699,4.637486457824707,5.072144031524658,5.022423267364502,5.797988414764404,6.067333221435547,6.907486438751221,7.615865707397461,9.918750762939453,12.059420585632324,16.434206008911133,22.414012908935547,47.90024948120117,1.1299870014190674
61,0.0,0.00015388804604299366,0.0004146440769545734,0.000753937172703445,0.0013565245317295194,0.002786892931908369,0.0046216705814003944,0.0069688777439296246,0.00993379857391119,0.012795832008123398,0.014764394611120224,0.017264313995838165,0.02149834856390953,0.027508877217769623,0.03650118410587311,0.04368241876363754,0.05714261904358864,9.207952499389648,9.912919044494629,8.109358787536621,9.673795700073242,8.121712684631348,9.207392692565918,9.297119140625,9.639684677124023,9.693315505981445,10.06285572052002,10.738085746765137,11.934842109680176,13.25634765625,14.010502815246582,16.63666534423828,19.71987533569336,31.89116859436035,44.45020294189453,128.97482299804688,3.10632061958313
62,0.0,0.00011370383435860276,0.0003025078331120312,0.0005705795483663678,0.001071753678843379,0.0021823265124112368,0.003760378109291196,0.006041392218321562,0.008698244579136372,0.011369520798325539,0.013297799974679947,0.01530898455530405,0.018791889771819115,0.024932587519288063,0.03417619317770004,0.04369070753455162,0.05975322797894478,9.331339836120605,7.993842601776123,8.46377182006836,7.9348649978637695,8.018937110900879,8.437810897827148,8.233725547790527,9.094219207763672,9.860119819641113,8.859211921691895,10.77780532836914,11.0182523727417,12.555590629577637,14.475666046142578,16.4914608001709,18.088504791259766,24.674030303955078,33.02996063232422,58.662879943847656,1.421475887298584
63,0.0,0.00016041449271142483,0.0004480328061617911,0.0008164652972482145,0.0015690780710428953,0.003220823360607028,0.005394869949668646,0.008120336569845676,0.011560490354895592,0.014504866674542427,0.016546765342354774,0.019026100635528564,0.023711763322353363,0.03106500580906868,0.041715916246175766,0.048460815101861954,0.06637266278266907,36.24303436279297,34.050540924072266,34.38617706298828,36.14838409423828,35.561283111572266,35.73709487915039,33.575965881347656,35.175289154052734,36.47062301635742,33.28705596923828,34.87788772583008,37.310142517089844,41.971290588378906,40.1189079284668,45.35196304321289,43.76824188232422,54.13078308105469,68.3468017578125,107.18653869628906,2.4531192779541016
64,0.0,0.00013571853924077004,0.0003695432096719742,0.0006821771967224777,0.0013164220144972205,0.0026389285922050476,0.004491140134632587,0.0069976067170500755,0.009927308186888695,0.01277769636362791,0.014910183846950531,0.017106899991631508,0.021191393956542015,0.027342500165104866,0.035828929394483566,0.04429660364985466,0.06005248799920082,75.10037994384766,74.93111419677734,67.7305679321289,73.63650512695312,75.04020690917969,73.1377182006836,73.32131958007812,74.70242309570312,72.84447479248047,74.78683471679688,73.59756469726562,75.1402587890625,76.05833435058594,69.62808227539062,73.18636322021484,80.26078796386719,88.71519470214844,83.31178283691406,45.871681213378906,1.1132429838180542
65,0.0,0.00012703664833679795,0.0003189718700014055,0.0006216844776645303,0.0011942028068006039,0.0023753889836370945,0.003970939200371504,0.006269815377891064,0.009166479110717773,0.011950844898819923,0.013736669905483723,0.015544073656201363,0.01925915852189064,0.026448944583535194,0.03474873676896095,0.0434742234647274,0.0577428936958313,0.07468095421791077,0.10170891880989075,0.1285513937473297,0.19866594672203064,0.25357484817504883,0.31402838230133057,0.43569496273994446,0.6818446516990662,1.0563472509384155,1.3460222482681274,1.7238256931304932,2.4049696922302246,3.3802506923675537,4.306864261627197,6.299322128295898,8.536964416503906,14.433004379272461,21.930675506591797,64.08406066894531,1.3137712478637695
66,0.0,0.00012321429676376283,0.00031474282150156796,0.0006180866039358079,0.0011292998678982258,0.0022653464693576097,0.003853235859423876,0.006044689100235701,0.00866728462278843,0.011427441611886024,0.013331585563719273,0.015168964862823486,0.01857704669237137,0.02506854757666588,0.03369675204157829,0.040380846709012985,0.05322069674730301,15.724370956420898,15.64290714263916,15.900856018066406,15.651504516601562,15.689070701599121,15.840422630310059,16.627437591552734,15.288897514343262,17.5399227142334,18.02010154724121,17.80928611755371,18.543594360351562,18.82854652404785,21.06896209716797,22.292591094970703,23.5655460357666,31.011009216308594,40.426788330078125,71.91513061523438,1.6794312000274658
67,0.0,0.00011053899652324617,0.00030454734223894775,0.0005695191211998463,0.0010369133669883013,0.0020221939776092768,0.0034394843969494104,0.005577122792601585,0.008122813887894154,0.010899057611823082,0.012608969584107399,0.014112884178757668,0.01731398142874241,0.023273710161447525,0.03183585777878761,0.04019070044159889,0.055674128234386444,0.07267676293849945,0.09998169541358948,0.13188472390174866,0.19940148293972015,0.25863775610923767,0.3140006959438324,0.4546321630477905,0.7510347962379456,1.1128426790237427,1.4649773836135864,1.9316694736480713,2.728745222091675,3.7287232875823975,4.609147548675537,7.201461315155029,9.456954002380371,16.466005325317383,24.81707000732422,64.607177734375,1.4753047227859497
68,0.0,0.00013249163748696446,0.0003447335329838097,0.0006288967560976744,0.0012486856430768967,0.0025684982538223267,0.004305173642933369,0.006609687115997076,0.00938828568905592,0.012214722111821175,0.01403694599866867,0.01639469526708126,0.02047385275363922,0.028153615072369576,0.038924749940633774,0.04820984974503517,0.06095440313220024,9.259345054626465,7.729345798492432,8.161725044250488,8.564547538757324,8.880971908569336,9.212287902832031,8.106255531311035,8.972936630249023,9.537928581237793,9.581298828125,9.46432876586914,11.505396842956543,12.08348274230957,13.401588439941406,14.61386489868164,18.808238983154297,26.3217716217041,36.001094818115234,110.03253173828125,2.614326238632202
69,0.0,0.00013952978770248592,0.00038602930726483464,0.0006986176013015211,0.0012646353570744395,0.00266705802641809,0.004431847017258406,0.006842564791440964,0.009799967519938946,0.012629495933651924,0.014658900909125805,0.01703418791294098,0.02098321169614792,0.02777756191790104,0.035583607852458954,0.04328947514295578,0.056629955768585205,4.160501956939697,3.9281833171844482,4.120767116546631,4.373443603515625,4.265482425689697,4.518543243408203,4.445494174957275,4.667651653289795,4.655246257781982,5.490669250488281,5.5239386558532715,6.366458415985107,7.091438293457031,8.304282188415527,10.255041122436523,12.375663757324219,18.742063522338867,26.601360321044922,66.42112731933594,1.6110538244247437
70,0.0,0.0001288043276872486,0.0003402104484848678,0.0006404067389667034,0.0012051721569150686,0.002363291336223483,0.0040353527292609215,0.006256600841879845,0.00895605143159628,0.011755352839827538,0.013611664064228535,0.015643827617168427,0.019261982291936874,0.025183847174048424,0.03382202982902527,0.04164421185851097,0.05478431284427643,1.0963616371154785,1.4270195960998535,1.477513313293457,1.5046080350875854,1.4595024585723877,1.549875259399414,1.7584288120269775,1.961256742477417,2.309331178665161,2.5135083198547363,2.922775983810425,3.4335060119628906,4.398373126983643,5.410379886627197,7.271894931793213,9.120600700378418,14.953693389892578,21.002246856689453,45.286434173583984,0.9539240002632141
71,0.0,0.00012464057363104075,0.00031404272885993123,0.0006191770662553608,0.0012315113563090563,0.0025096272584050894,0.004237883724272251,0.006663870066404343,0.009490086697041988,0.012110414914786816,0.014051495119929314,0.015952425077557564,0.019840214401483536,0.02527938224375248,0.03353799507021904,0.04128572717308998,0.053931962698698044,523.1002197265625,540.5820922851562,560.0762939453125,594.1521606445312,539.3526000976562,519.0830078125,570.3878173828125,561.6593017578125,554.9259033203125,565.742919921875,537.817626953125,562.0439453125,505.88128662109375,533.7622680664062,547.3047485351562,507.3305969238281,491.1227722167969,524.9088745117188,52.251670837402344,1.416037678718567
72,0.0,0.00011722791532520205,0.00033716714824549854,0.0006144589860923588,0.0010983343236148357,0.0021200866904109716,0.0035229844506829977,0.005682708229869604,0.008198988623917103,0.01088644564151764,0.012700609862804413,0.01433226652443409,0.017812935635447502,0.023753145709633827,0.03228951618075371,0.04104574769735336,0.053732506930828094,21327.556640625,21825.876953125,19912.1015625,19663.916015625,20979.193359375,21199.705078125,21560.740234375,19615.279296875,20724.15234375,18037.45703125,20023.36328125,17715.400390625,18896.736328125,17482.341796875,17393.8125,15170.5986328125,14066.4765625,13994.3720703125,56.23435974121094,1.1700315475463867
73,0.0,0.0001081260634236969,0.00027863646391779184,0.0005468516610562801,0.0010466714156791568,0.0020682988688349724,0.0034377172123640776,0.005513225682079792,0.007959217764437199,0.010666540823876858,0.012568149715662003,0.014090090990066528,0.01746133528649807,0.023724442347884178,0.03276143968105316,0.042449723929166794,0.05755871161818504,0.07460661977529526,0.10196175426244736,0.13018172979354858,0.1946250945329666,0.2475055307149887,0.30408400297164917,0.4327014982700348,0.6401095390319824,1.001131534576416,1.2999885082244873,1.660230040550232,2.214890241622925,3.020336151123047,4.011309623718262,5.668220043182373,7.893609523773193,12.220987319946289,17.146997451782227,33.58622741699219,0.7435269355773926
74,0.0,0.00013683957513421774,0.0003347632591612637,0.0006231427541933954,0.0012131478870287538,0.0024383075069636106,0.003999426495283842,0.0061994814313948154,0.008971159346401691,0.011787083931267262,0.01377553679049015,0.015847841277718544,0.019430695101618767,0.025819135829806328,0.03383302316069603,0.041551120579242706,0.05381707102060318,4.160709381103516,3.6148135662078857,3.653200387954712,3.5894229412078857,3.881485939025879,3.926856517791748,3.9152822494506836,4.143283367156982,4.43497371673584,4.907980918884277,5.441704273223877,5.894608497619629,7.010622501373291,7.912232875823975,9.63191032409668,11.784285545349121,17.156681060791016,25.358888626098633,66.320068359375,1.4108967781066895
75,0.0,0.00012316352513153106,0.00033059914130717516,0.0006123457569628954,0.0012006843462586403,0.0025284241419285536,0.004379004705697298,0.006972267292439938,0.009777514263987541,0.012576832436025143,0.014365775510668755,0.016415700316429138,0.019958389922976494,0.026112370193004608,0.03372299298644066,0.04072710499167442,0.05388563871383667,9.743983268737793,9.061930656433105,8.441131591796875,8.87493896484375,8.839254379272461,8.589232444763184,8.551730155944824,9.411520004272461,10.296546936035156,9.368826866149902,9.827186584472656,10.323086738586426,11.040441513061523,12.416658401489258,13.871942520141602,15.794063568115234,21.03190803527832,26.58072853088379,47.81312561035156,1.150966763496399
76,0.0,0.00018163643835578114,0.000515442865435034,0.0009517845464870334,0.0017587121110409498,0.0034562761429697275,0.0055270008742809296,0.008304747752845287,0.011765128932893276,0.014664421789348125,0.016726721078157425,0.019007224589586258,0.023373013362288475,0.03222915902733803,0.04306535795331001,0.05302342399954796,0.07373150438070297,25.991491317749023,24.878662109375,23.959423065185547,25.661169052124023,23.32818031311035,23.581087112426758,22.961009979248047,23.627830505371094,23.223262786865234,23.524763107299805,24.39352035522461,27.092239379882812,26.183223724365234,29.268667221069336,33.23432922363281,36.533714294433594,46.45164108276367,58.515525817871094,135.03253173828125,3.8329737186431885
77,0.0,0.000142953111208044,0.00039337881025858223,0.0007536158664152026,0.001351808081381023,0.0026730913668870926,0.004452066496014595,0.006879847496747971,0.009867917746305466,0.012579159811139107,0.01441090740263462,0.01647850126028061,0.020534291863441467,0.02649349719285965,0.03477691113948822,0.042085159569978714,0.05603541061282158,4.095922946929932,4.395231246948242,4.022683143615723,4.1645379066467285,4.3991594314575195,4.269591808319092,4.335628509521484,4.589064598083496,4.610368251800537,5.113491058349609,5.75024938583374,6.373769283294678,6.514414310455322,7.50143575668335,9.546080589294434,11.603031158447266,16.289350509643555,21.323715209960938,41.645835876464844,0.9142696261405945
78,0.0,0.0001649857294978574,0.00048096798127517104,0.0008641493623144925,0.0016085036331787705,0.003111155703663826,0.005018677096813917,0.007619026117026806,0.011202551424503326,0.014345617964863777,0.016229690983891487,0.018092762678861618,0.022001197561621666,0.028115587309002876,0.03640345111489296,0.04424995556473732,0.05878383293747902,23.820205688476562,24.381317138671875,25.483732223510742,25.107189178466797,25.06483268737793,26.671422958374023,25.505765914916992,25.827146530151367,24.280725479125977,27.221906661987305,27.05707550048828,26.653701782226562,28.550010681152344,28.582300186157227,31.92867660522461,33.649662017822266,38.15146255493164,44.746726989746094,41.928672790527344,1.0934104919433594
79,0.0,0.00012834319204557687,0.00033281274954788387,0.000607827038038522,0.0011821640655398369,0.0024107720237225294,0.004106034059077501,0.00637689558789134,0.009056758135557175,0.0117599256336689,0.013641617260873318,0.015306312590837479,0.019032811746001244,0.02443809248507023,0.03297317400574684,0.039513640105724335,0.05414596572518349,24.71619987487793,25.640249252319336,26.281877517700195,25.48778533935547,23.95195198059082,24.63579559326172,26.487098693847656,25.525131225585938,26.452882766723633,25.20299530029297,26.65200424194336,27.02036476135254,28.764482498168945,31.92422866821289,30.935081481933594,35.5820198059082,41.29782485961914,51.8351936340332,96.8248519897461,2.113314151763916
80,0.0,0.0001705832255538553,0.0004710406356025487,0.0008733704453334212,0.0016022601630538702,0.0033016179222613573,0.005519874393939972,0.008428406901657581,0.01189273502677679,0.01463631633669138,0.016525741666555405,0.019657768309116364,0.02422211691737175,0.031524162739515305,0.042000338435173035,0.04740305244922638,0.06415976583957672,4.122082710266113,4.122184753417969,4.313690662384033,3.9504263401031494,4.472841739654541,4.5144219398498535,4.381283283233643,4.824777126312256,5.128346920013428,5.962661266326904,6.330928802490234,7.036807060241699,8.516328811645508,9.969903945922852,11.918072700500488,14.229166030883789,23.9197940826416,34.677642822265625,76.6024398803711,1.8822643756866455
81,0.0,0.00013304002641234547,0.0003496385761536658,0.0006476498674601316,0.0011916490038856864,0.0024166409857571125,0.004085250198841095,0.006469513289630413,0.009290962480008602,0.012242347933351994,0.013957821764051914,0.015641001984477043,0.01920207217335701,0.02529280073940754,0.033429138362407684,0.041706498712301254,0.05486354976892471,0.06913068890571594,0.09354164451360703,0.12074390053749084,0.18426541984081268,0.2450340837240219,0.3083523213863373,0.441158264875412,0.6963595747947693,1.0511765480041504,1.3652124404907227,1.7456740140914917,2.4671595096588135,3.3402702808380127,4.301018714904785,6.2451348304748535,8.45047664642334,15.306633949279785,24.02052879333496,69.69669342041016,1.5425559282302856
82,0.0,0.0001208665780723095,0.0003117129672318697,0.0006043491302989423,0.0010981605155393481,0.002164434641599655,0.0036827248986810446,0.005875186063349247,0.008447847329080105,0.011281819082796574,0.013162549585103989,0.014931981451809406,0.018576862290501595,0.024626892060041428,0.03267949819564819,0.040541961789131165,0.05416084825992584,1781.966796875,1882.5989990234375,1756.6829833984375,1643.7215576171875,1756.4505615234375,1666.529296875,1784.073486328125,1491.487060546875,1387.0535888671875,1322.4840087890625,1320.829833984375,1019.6401977539062,1040.5076904296875,865.2742919921875,665.5088500976562,628.5657958984375,504.7803649902344,410.16192626953125,66.62875366210938,1.4045320749282837
83,0.0,0.00010758605640148744,0.0002953194489236921,0.0006183169316500425,0.0011040959507226944,0.0022008668165653944,0.003559983102604747,0.005732865072786808,0.008305046707391739,0.010957859456539154,0.012662917375564575,0.014344303868710995,0.017985159531235695,0.02453031949698925,0.03332151100039482,0.038534462451934814,0.05321018397808075,0.06766089051961899,0.09218700230121613,0.11997737735509872,0.18046487867832184,0.23716853559017181,0.2992621958255768,0.4301499128341675,0.6943313479423523,1.0728826522827148,1.442460536956787,1.7679479122161865,2.4364984035491943,3.332736015319824,4.3037333488464355,6.405623912811279,8.129368782043457,14.458407402038574,21.808059692382812,59.85154724121094,1.480906367301941
84,0.0,0.00011811216245405376,0.00032136691152118146,0.0005926386802457273,0.0011190403020009398,0.002318860497325659,0.0039035421796143055,0.006136199459433556,0.008959833532571793,0.011663967743515968,0.013423142023384571,0.015476768836379051,0.019299352541565895,0.026008469983935356,0.035705920308828354,0.043375372886657715,0.05738649144768715,9286.4306640625,9866.5966796875,9368.0576171875,9433.771484375,8672.359375,9692.896484375,8265.126953125,9311.6962890625,8492.998046875,8426.3828125,8398.8603515625,7501.25048828125,7122.38720703125,7248.109375,7441.63916015625,6375.1806640625,5416.58837890625,4911.35888671875,74.45423889160156,1.7390916347503662
85,0.0,0.0001319539442192763,0.0003314290661364794,0.0006572834099642932,0.001273758476600051,0.0025760165881365538,0.004280645400285721,0.006697076838463545,0.00955712329596281,0.012334748171269894,0.014244582504034042,0.016415411606431007,0.0204436294734478,0.026973549276590347,0.03528938442468643,0.042527370154857635,0.057632867246866226,4989.65966796875,4837.9267578125,5166.8203125,4792.82177734375,4950.54833984375,4917.6806640625,5135.71142578125,4819.79443359375,5135.19384765625,5107.2216796875,4846.3994140625,4977.43701171875,5131.36474609375,5301.5751953125,5038.48388671875,5230.73876953125,5005.46142578125,4857.1611328125,76.10163879394531,1.6863077878952026
86,0.0,0.00013046640378888696,0.00033958841231651604,0.0006300949025899172,0.0011898605152964592,0.002319377614185214,0.0038610624615103006,0.0061420570127666,0.008863730356097221,0.011662502773106098,0.013575524091720581,0.015335322357714176,0.019216783344745636,0.02562304027378559,0.03476971387863159,0.042215291410684586,0.055388111621141434,527.393798828125,495.1915283203125,512.4127197265625,488.24591064453125,464.4272766113281,511.8808898925781,498.6766052246094,542.9887084960938,476.00640869140625,531.2161865234375,518.7023315429688,552.2402954101562,533.1175537109375,487.48626708984375,497.5569763183594,551.2603759765625,567.163330078125,537.776611328125,79.70402526855469,1.7082401514053345
87,0.0,0.0001679639535723254,0.00046054288395680487,0.0008646497153677046,0.0015518494183197618,0.0030120450537651777,0.00504379952326417,0.007588735781610012,0.010988700203597546,0.013653540052473545,0.015616534277796745,0.017612293362617493,0.02123297192156315,0.026712868362665176,0.0349043570458889,0.042355429381132126,0.055893801152706146,4.0535125732421875,3.6258935928344727,3.895763874053955,3.8607232570648193,3.7903928756713867,3.9677157402038574,3.967357635498047,4.32614278793335,4.667640686035156,4.977723121643066,5.222291946411133,5.811103820800781,7.293044567108154,8.465690612792969,10.213303565979004,12.481090545654297,17.246366500854492,24.440214157104492,48.30353927612305,1.5716885328292847
88,0.0,0.00013162488176021725,0.0003569312102627009,0.0006801065756008029,0.0012799798278138041,0.0025028681848198175,0.004174319561570883,0.006408141925930977,0.009178363718092442,0.011839318089187145,0.013846505433321,0.01574074476957321,0.01957298070192337,0.025971200317144394,0.03434060886502266,0.04213330149650574,0.05560067296028137,4.130716800689697,3.6916372776031494,3.9084293842315674,4.036242961883545,3.7431743144989014,3.834660291671753,4.267253875732422,4.54544734954834,4.661646842956543,4.947450637817383,5.417794227600098,6.207161903381348,7.752899646759033,8.610215187072754,10.819846153259277,13.727839469909668,20.459192276000977,31.414226531982422,82.99625396728516,1.8568774461746216
89,0.0,0.00010520444629946724,0.0002982964797411114,0.0005529428017325699,0.000996226561255753,0.0019478917820379138,0.0032468235585838556,0.0053049055859446526,0.007856081239879131,0.010567702353000641,0.012430859729647636,0.01407099049538374,0.017414867877960205,0.024031987413764,0.03383544459939003,0.044118866324424744,0.06059177592396736,16.17010498046875,16.645071029663086,16.92972755432129,16.012643814086914,15.553865432739258,18.40716552734375,16.1535701751709,15.461745262145996,16.879886627197266,17.413562774658203,17.365449905395508,18.447328567504883,22.107254028320312,21.594091415405273,25.31073570251465,28.226964950561523,32.857852935791016,39.32317352294922,46.569766998291016,0.9999513030052185
90,0.0,0.00013128152932040393,0.00034660150413401425,0.0006271456950344145,0.001286781276576221,0.0027245059609413147,0.004628631751984358,0.007141971495002508,0.01015055924654007,0.01278047077357769,0.014577742666006088,0.016845082864165306,0.020865730941295624,0.026956627145409584,0.034864626824855804,0.042233530431985855,0.055512696504592896,0.0718618631362915,0.09687379747629166,0.12125780433416367,0.1770736128091812,0.23239006102085114,0.2975046634674072,0.40677809715270996,0.6773130893707275,0.9989935159683228,1.3069109916687012,1.6383376121520996,2.241283655166626,3.0923268795013428,4.006775379180908,5.834508895874023,7.856095314025879,13.845702171325684,19.59435272216797,48.517635345458984,1.2491893768310547
91,0.0,0.00012221957149449736,0.0003110108955297619,0.0005973935476504266,0.0011533863143995404,0.0023534800857305527,0.003968364093452692,0.006249416619539261,0.008883562870323658,0.011667074635624886,0.013515369035303593,0.015389000996947289,0.019084827974438667,0.02508975937962532,0.03389466181397438,0.0419958122074604,0.05674392357468605,12896.4228515625,12005.6025390625,13388.2421875,12262.1943359375,12786.9697265625,11598.23828125,12036.328125,12074.3662109375,11147.958984375,12231.83984375,10600.9482421875,10523.0869140625,9807.9765625,10155.078125,9405.1220703125,8676.9560546875,8686.8623046875,7958.220703125,101.57273864746094,2.403975248336792
92,0.0,0.00011934060603380203,0.00032012243173085153,0.0005876938230358064,0.0011174996616318822,0.0022752743680030107,0.0038086457643657923,0.005992057267576456,0.008650467731058598,0.011394529603421688,0.013132833875715733,0.015071345493197441,0.018661869689822197,0.025717224925756454,0.03467414155602455,0.04231695085763931,0.05673389881849289,16.127145767211914,15.64220905303955,14.93030071258545,15.527078628540039,16.658174514770508,16.399137496948242,16.353328704833984,16.75606346130371,18.146055221557617,17.397811889648438,17.155649185180664,18.69934844970703,18.722816467285156,20.41314125061035,21.9901065826416,23.813505172729492,31.608720779418945,41.86581039428711,78.29022216796875,1.9784587621688843
93,0.0,0.00013441010378301144,0.0003775338991545141,0.0007624227437190711,0.0014105921145528555,0.002722822828218341,0.004395625554025173,0.006727695930749178,0.009525570087134838,0.012268586084246635,0.014210367575287819,0.01630859449505806,0.020225903019309044,0.026770424097776413,0.03543696179986,0.04326096549630165,0.05857449024915695,17.608535766601562,14.762431144714355,15.061029434204102,15.568270683288574,14.8237886428833,15.917945861816406,14.492959022521973,16.243541717529297,14.30079174041748,16.186344146728516,17.899559020996094,17.218425750732422,18.71986961364746,17.78152847290039,21.16230010986328,22.647274017333984,29.051494598388672,36.903038024902344,56.71172332763672,1.299155354499817
94,0.0,0.00014130331692285836,0.0003940117603633553,0.0007507614209316671,0.0013150536688044667,0.002533965278416872,0.004134342540055513,0.006468881852924824,0.009431662037968636,0.0122645553201437,0.014083369635045528,0.01563073694705963,0.019299903884530067,0.025546856224536896,0.033568114042282104,0.04173149913549423,0.056530386209487915,35.94974899291992,34.722328186035156,35.99003982543945,36.06169128417969,34.82627487182617,35.79520034790039,34.3304328918457,34.906761169433594,36.73040771484375,35.18877410888672,37.93438720703125,37.44850540161133,39.541297912597656,40.406829833984375,38.98154067993164,45.665870666503906,48.31294631958008,56.19511032104492,52.30229187011719,1.4388582706451416
95,0.0,0.0001084534014808014,0.0002918285608757287,0.0005518110119737685,0.0010117532219737768,0.0020454241894185543,0.003514311509206891,0.0056868079118430614,0.00836974661797285,0.011115673929452896,0.012919831089675426,0.014571703039109707,0.018224583938717842,0.024977710098028183,0.03465801477432251,0.0429198294878006,0.058386776596307755,0.07580705732107162,0.10243368148803711,0.1294422447681427,0.1961779147386551,0.25236910581588745,0.3131965696811676,0.4464426338672638,0.7452433705329895,1.12586510181427,1.494001030921936,1.8748600482940674,2.7134146690368652,3.618757486343384,4.517318248748779,6.746510028839111,8.845337867736816,15.037796974182129,23.502429962158203,60.612369537353516,1.475122094154358
96,0.0,0.00013978997594676912,0.00036685215309262276,0.000690223416313529,0.0013394261477515101,0.002873221645131707,0.0047689164057374,0.00728698680177331,0.010248974896967411,0.013032122515141964,0.01509715523570776,0.01720959134399891,0.021082298830151558,0.027474485337734222,0.036630310118198395,0.043446339666843414,0.06038719788193703,1233.827880859375,1334.7066650390625,1285.114501953125,1298.413330078125,1306.6483154296875,1362.2369384765625,1285.4632568359375,1316.3623046875,1293.184326171875,1221.810302734375,1323.4693603515625,1191.610595703125,1331.0823974609375,1273.296875,1219.308349609375,1250.82861328125,1244.942626953125,1128.30029296875,97.79800415039062,2.619694709777832
97,0.0,0.0001262455334654078,0.00031813650275580585,0.0005975280073471367,0.0011696990113705397,0.002300719963386655,0.003881253534927964,0.0060126991011202335,0.008736171759665012,0.011552457697689533,0.013396386057138443,0.015418149530887604,0.018957238644361496,0.025349531322717667,0.0344412736594677,0.04164567589759827,0.0572233609855175,47.203330993652344,45.68254470825195,51.046512603759766,48.061363220214844,45.738277435302734,49.94474411010742,44.302799224853516,48.025001525878906,46.54152297973633,51.40843963623047,50.32400131225586,48.92851257324219,50.21379470825195,52.81732940673828,56.922691345214844,57.075103759765625,63.23358154296875,70.11326599121094,63.915225982666016,1.4066394567489624
98,0.0,0.00011371199070708826,0.00029168391483835876,0.0005526404711417854,0.001088775577954948,0.0021461443975567818,0.003545266343280673,0.00560275511816144,0.008242246694862843,0.010872683487832546,0.01269643846899271,0.01434481143951416,0.017941012978553772,0.0243944451212883,0.033485133200883865,0.04279332980513573,0.05749572440981865,48.66513442993164,49.87338638305664,47.47090530395508,49.026458740234375,50.49273681640625,47.46003341674805,50.21837615966797,48.926513671875,50.155242919921875,51.279518127441406,49.466007232666016,47.01174545288086,54.272701263427734,57.5360107421875,51.6474494934082,58.85565948486328,62.12831115722656,64.06591033935547,49.070037841796875,1.1675910949707031
99,0.0,0.00013529337593354285,0.0003551123372744769,0.0006572573911398649,0.0012023630551993847,0.0023954312782734632,0.0040056235156953335,0.006318130064755678,0.008961969055235386,0.011843586340546608,0.013458156026899815,0.015384402126073837,0.019054682925343513,0.024649815633893013,0.033033326268196106,0.040176715701818466,0.05365213379263878,25.837474822998047,26.133243560791016,25.305606842041016,23.423927307128906,24.940113067626953,23.92176628112793,26.005081176757812,23.874649047851562,26.170827865600586,27.07257652282715,25.282943725585938,25.423946380615234,26.742603302001953,29.142162322998047,30.800291061401367,33.65729522705078,37.86488342285156,47.61682891845703,56.805965423583984,1.2795050144195557
100,0.0,0.0001161375839728862,0.0003044162003789097,0.0005986109608784318,0.0011359298368915915,0.0022622421383857727,0.003729544347152114,0.006075109355151653,0.008751949295401573,0.011397581547498703,0.013196602463722229,0.014988308772444725,0.018535736948251724,0.02473754994571209,0.03326180949807167,0.041678279638290405,0.05513491481542587,1.0861973762512207,1.1120060682296753,1.2067288160324097,1.2738219499588013,1.3009546995162964,1.389640212059021,1.4690653085708618,1.9520142078399658,2.1631715297698975,2.4426050186157227,2.890326738357544,3.515807867050171,4.59337043762207,5.340019226074219,7.50045108795166,9.933817863464355,16.50598907470703,25.1014404296875,61.087223052978516,1.6804848909378052
101,0.0,0.00011863941472256556,0.00030870159389451146,0.0005659950547851622,0.001084667514078319,0.0021554927807301283,0.00356573355384171,0.00572436535730958,0.00832169409841299,0.01110497023910284,0.012736666016280651,0.014381089247763157,0.018138080835342407,0.0248531773686409,0.03480241820216179,0.04318885877728462,0.05784318223595619,25.57553482055664,23.796316146850586,24.264537811279297,24.21687889099121,26.277753829956055,24.940309524536133,23.11949920654297,25.288742065429688,26.297746658325195,23.53538703918457,26.463254928588867,27.437227249145508,28.04625129699707,28.131938934326172,32.41254425048828,34.22814178466797,42.55012512207031,47.70960998535156,76.05435943603516,1.6436400413513184
102,0.0,0.000124395388411358,0.00033631527912802994,0.0006663588574156165,0.0012642202200368047,0.0024306729901582003,0.003982639871537685,0.00613771378993988,0.00895029865205288,0.011652565561234951,0.013572313822805882,0.015220768749713898,0.018904492259025574,0.024691259488463402,0.0331672728061676,0.03973427787423134,0.05177457630634308,0.06517969071865082,0.09166868031024933,0.11748828738927841,0.17988818883895874,0.23210376501083374,0.29322829842567444,0.39994075894355774,0.6360177397727966,0.9912329912185669,1.2487256526947021,1.5751055479049683,2.129297971725464,2.8895363807678223,3.804016351699829,5.447908878326416,7.48044490814209,11.896498680114746,16.825254440307617,33.491844177246094,0.8044135570526123
103,0.0,0.00012940332817379385,0.0003560213663149625,0.0006697999779134989,0.001243435894139111,0.0024455583188682795,0.0039551896043121815,0.006228783167898655,0.008651712909340858,0.01143118180334568,0.013276598416268826,0.015202177688479424,0.018747976049780846,0.0247510876506567,0.032876674085855484,0.04054448753595352,0.053537752479314804,0.06616800278425217,0.09431196749210358,0.12225920706987381,0.18340584635734558,0.2259656935930252,0.28598350286483765,0.40529391169548035,0.6371689438819885,0.9734317660331726,1.283406138420105,1.6594055891036987,2.2440226078033447,3.072873592376709,3.9730875492095947,6.154602527618408,7.887470245361328,15.448442459106445,20.79244613647461,58.61662673950195,1.3641343116760254
104,0.0,0.00014813702728133649,0.00038657215191051364,0.0007242601132020354,0.001490522874519229,0.0028544908855110407,0.004588972311466932,0.006946275010704994,0.01005223486572504,0.012933825142681599,0.015044226311147213,0.017171502113342285,0.0209535863250494,0.026717806234955788,0.03429356589913368,0.043420352041721344,0.0556328110396862,0.07626593112945557,0.11491966247558594,0.13808253407478333,0.20309029519557953,0.25390055775642395,0.3193274140357971,0.4380719065666199,0.6560095548629761,1.0275559425354004,1.3321806192398071,1.693347454071045,2.352914571762085,3.1716532707214355,4.275190830230713,6.224911212921143,8.365888595581055,14.19591236114502,21.181177139282227,57.15993118286133,1.4095269441604614
105,0.0,0.00010709172784117982,0.000281631073448807,0.0005228437366895378,0.0010196510702371597,0.0020351395942270756,0.003389636753126979,0.005433012265712023,0.007880576886236668,0.010531570762395859,0.012445936910808086,0.014024038799107075,0.01741780713200569,0.02360372804105282,0.032914627343416214,0.04077041894197464,0.05427040904760361,27.32855796813965,24.6503963470459,24.397493362426758,23.761789321899414,23.88111114501953,23.27107810974121,24.307270050048828,25.83482551574707,24.54031753540039,25.775047302246094,25.672950744628906,27.114883422851562,27.085376739501953,31.39188003540039,29.60781478881836,35.19114303588867,39.170223236083984,45.63404846191406,48.95029067993164,1.1444388628005981
106,0.0,0.00012968001828994602,0.00033827387960627675,0.0006313244812190533,0.0012723865220323205,0.002475224668160081,0.004188327584415674,0.006381667219102383,0.009179678745567799,0.011894593946635723,0.013845659792423248,0.015911823138594627,0.019714107736945152,0.02552824094891548,0.034419406205415726,0.04166313260793686,0.05452806502580643,9.66083812713623,8.988289833068848,8.778658866882324,9.169693946838379,8.957226753234863,9.198968887329102,9.630824089050293,9.800908088684082,9.897395133972168,9.960123062133789,10.258316993713379,11.442215919494629,12.097360610961914,13.150680541992188,15.296629905700684,17.317241668701172,23.646474838256836,31.730207443237305,68.0346450805664,1.5354282855987549
107,0.0,0.0001414275902789086,0.0003741604450624436,0.0006982605555094779,0.0013528079725801945,0.0026768913958221674,0.004401355050504208,0.0067796483635902405,0.01000260841101408,0.012528760358691216,0.014496518298983574,0.016436615958809853,0.02031046338379383,0.026170983910560608,0.033334214240312576,0.041921183466911316,0.054662805050611496,2325.813720703125,2430.72705078125,2508.3115234375,2537.292236328125,2480.99658203125,2499.74365234375,2640.858154296875,2447.083984375,2452.90380859375,2367.244873046875,2227.754150390625,2716.654541015625,2455.133544921875,2393.662109375,2439.233642578125,2640.345703125,2217.396484375,2742.6787109375,81.01158142089844,1.76203453540802
108,0.0,0.00011763528164010495,0.00033096500555984676,0.0006191697320900857,0.0011559611884877086,0.002367826644331217,0.0041032275184988976,0.006450421642512083,0.009223069064319134,0.011925826780498028,0.01361535768955946,0.015556172467768192,0.01902114972472191,0.025096502155065536,0.03257332742214203,0.03998475521802902,0.054794687777757645,16.752965927124023,15.535040855407715,15.324850082397461,15.406485557556152,15.726317405700684,16.608713150024414,15.929767608642578,16.52953338623047,15.503205299377441,16.957040786743164,18.505029678344727,19.111536026000977,19.603424072265625,21.78717613220215,22.679697036743164,24.307254791259766,31.276859283447266,37.371925354003906,52.522666931152344,1.2636914253234863
109,0.0,0.0001413918798789382,0.0003616228059399873,0.0006863854359835386,0.0012822953285649419,0.0024991075042635202,0.004057044163346291,0.0063096522353589535,0.009037182666361332,0.012031344696879387,0.013929890468716621,0.01615615002810955,0.01996559649705887,0.026565376669168472,0.0363115631043911,0.04502129182219505,0.059140972793102264,8.928833961486816,9.077117919921875,9.081457138061523,9.082859992980957,9.198765754699707,9.723278045654297,9.004949569702148,10.507559776306152,9.973657608032227,10.491491317749023,10.861058235168457,11.522139549255371,13.414444923400879,13.728256225585938,16.515798568725586,18.85036849975586,27.078414916992188,37.368099212646484,82.69505310058594,2.184483289718628
110,0.0,0.00011996299144811928,0.00032361873309127986,0.00057455018395558,0.0010796516435220838,0.0021893130615353584,0.0035505674313753843,0.005757110193371773,0.008261650800704956,0.011186288669705391,0.01289714127779007,0.014414007775485516,0.017777463421225548,0.024184109643101692,0.03249576687812805,0.0418703556060791,0.05604865029454231,0.07366964966058731,0.10119235515594482,0.13013717532157898,0.2009711116552353,0.2634093761444092,0.33138522505760193,0.47708210349082947,0.7523829936981201,1.0674643516540527,1.487316608428955,1.7831112146377563,2.754460573196411,3.757314443588257,4.750080108642578,7.2047858238220215,9.160444259643555,15.992148399353027,24.28203582763672,61.9107551574707,1.4280825853347778
111,0.0,0.0001236859243363142,0.00032657012343406677,0.0005955411470495164,0.0011488712625578046,0.0023482118267565966,0.003890236606821418,0.006193013396114111,0.00893309060484171,0.011736856773495674,0.013782751746475697,0.015882141888141632,0.0196208655834198,0.026393810287117958,0.03606389835476875,0.04431966692209244,0.059848785400390625,15.579534530639648,17.356388092041016,15.266912460327148,15.566383361816406,16.071199417114258,16.071807861328125,18.15521240234375,17.20314598083496,16.114112854003906,17.868539810180664,17.067106246948242,18.81977081298828,18.726747512817383,20.463237762451172,20.930410385131836,23.384843826293945,30.00800132751465,37.102516174316406,54.969058990478516,1.3749048709869385
112,0.0,0.0001147670263890177,0.0003233390743844211,0.0005809651920571923,0.0010871916310861707,0.002145867794752121,0.003682574024423957,0.005832561291754246,0.008491204120218754,0.011216577142477036,0.012773227877914906,0.014753628522157669,0.018480485305190086,0.024936974048614502,0.032828837633132935,0.040754906833171844,0.05702876299619675,25.469350814819336,22.096460342407227,24.739490509033203,23.139293670654297,22.831829071044922,25.08926773071289,25.964624404907227,24.540546417236328,23.56281280517578,24.978248596191406,26.29324722290039,27.206466674804688,27.88443946838379,29.597625732421875,30.77298927307129,30.70330238342285,35.97045135498047,40.35075378417969,45.91682434082031,1.0929021835327148
113,0.0,0.0001380685716867447,0.0003585201338864863,0.0006870212964713573,0.0012435277458280325,0.0024118246510624886,0.004018138628453016,0.006258666515350342,0.008757982403039932,0.011486969888210297,0.013333072885870934,0.015071784146130085,0.01875174418091774,0.024130092933773994,0.0323886014521122,0.03974992409348488,0.05248809978365898,1.036120891571045,1.2006614208221436,1.1537989377975464,1.2061671018600464,1.2708187103271484,1.318860650062561,1.4509022235870361,1.6222686767578125,2.1466193199157715,2.427943468093872,2.8588874340057373,3.879903554916382,4.643222808837891,5.728201389312744,7.8927998542785645,10.183968544006348,19.12057876586914,30.485559463500977,92.27820587158203,2.054074287414551
114,0.0,0.00013075211609248072,0.0003351423947606236,0.0006404377636499703,0.001191721181385219,0.0023636221885681152,0.003850230947136879,0.006187488324940205,0.008916725404560566,0.011598425917327404,0.013349697925150394,0.01514043752104044,0.018441177904605865,0.024900270625948906,0.03199606016278267,0.041759103536605835,0.05588627979159355,0.0726708248257637,0.09952911734580994,0.12513116002082825,0.18911996483802795,0.24183252453804016,0.30446967482566833,0.4247325658798218,0.7136214971542358,1.0731467008590698,1.4267399311065674,1.798764705657959,2.535022735595703,3.525479555130005,4.480342864990234,6.578099727630615,8.66489315032959,14.462658882141113,21.94310760498047,56.6788330078125,1.35037362575531
115,0.0,0.00011687017104122788,0.00029390104464255273,0.0005616334965452552,0.0010445326333865523,0.0020350501872599125,0.003410256002098322,0.005523236468434334,0.0079676304012537,0.010760151781141758,0.012572000734508038,0.014268292114138603,0.018012434244155884,0.024094929918646812,0.033146049827337265,0.03995203599333763,0.053496021777391434,22.979021072387695,25.107418060302734,23.908798217773438,25.273733139038086,23.923627853393555,24.320646286010742,24.866851806640625,25.062108993530273,24.432294845581055,26.95009422302246,25.78483009338379,27.488435745239258,27.76148223876953,26.028076171875,29.122804641723633,31.129859924316406,38.35334777832031,46.1901741027832,64.86866760253906,1.4782567024230957
116,0.0,0.00012075848644599319,0.00031215586932376027,0.000593957956880331,0.00108276994433254,0.002059437334537506,0.003381658811122179,0.005448409356176853,0.00798759050667286,0.010664091445505619,0.012483098544180393,0.014231453649699688,0.017531052231788635,0.023926477879285812,0.033289700746536255,0.04185429960489273,0.05436694622039795,9.449300765991211,8.850767135620117,8.655926704406738,8.979106903076172,9.015414237976074,9.141678810119629,9.027922630310059,8.895451545715332,10.637880325317383,10.761590003967285,10.082010269165039,11.446098327636719,13.396806716918945,13.666742324829102,15.252476692199707,18.2159481048584,24.775493621826172,32.2978401184082,52.65945816040039,1.1785335540771484
117,0.0,0.00011547932081157342,0.00028587199631147087,0.0005308924592100084,0.0010673666838556528,0.0021151734981685877,0.003542163874953985,0.0056409514509141445,0.008236220106482506,0.010900195688009262,0.012684402987360954,0.01448541134595871,0.018168378621339798,0.0240116436034441,0.033146169036626816,0.04100796580314636,0.0550219900906086,15.75407886505127,16.489625930786133,15.938129425048828,16.436988830566406,14.623926162719727,15.356141090393066,15.374372482299805,15.450572967529297,15.410770416259766,16.983884811401367,16.323348999023438,17.088565826416016,17.404802322387695,18.533187866210938,20.320423126220703,22.44727897644043,29.3924617767334,36.07688522338867,50.610660552978516,1.1817110776901245
118,0.0,0.00011509370960993692,0.000298558734357357,0.0005638666916638613,0.001097236294299364,0.002201462397351861,0.003631650935858488,0.005790081340819597,0.008383821696043015,0.011191713623702526,0.01285314466804266,0.01464960165321827,0.018048347905278206,0.02447415329515934,0.033889565616846085,0.041370440274477005,0.05611683800816536,8.715691566467285,9.28676986694336,9.063545227050781,9.22251033782959,9.476330757141113,8.947908401489258,9.54191780090332,10.212329864501953,10.114824295043945,11.043645858764648,10.380428314208984,11.7906494140625,11.859691619873047,14.060516357421875,15.513647079467773,16.78297233581543,23.386491775512695,28.502988815307617,46.51284408569336,1.1162970066070557
119,0.0,0.00012798649549949914,0.0003275397466495633,0.0006034488324075937,0.0012011757353320718,0.002384080085903406,0.004130642861127853,0.006478184834122658,0.00913330726325512,0.012219035066664219,0.014093944802880287,0.01599779911339283,0.019818177446722984,0.026715543121099472,0.034683458507061005,0.04260652884840965,0.057102661579847336,7396.26318359375,7437.41845703125,7455.6591796875,6773.2236328125,7441.34765625,7070.0634765625,6769.1494140625,7122.96875,6012.59716796875,5914.5703125,5793.86328125,5597.2255859375,5018.185546875,5026.3798828125,4033.748779296875,4194.5419921875,3889.6005859375,3132.675537109375,49.13900375366211,0.9618106484413147
120,0.0,0.00013162964023649693,0.0003421449800953269,0.0006885692127980292,0.0013133127940818667,0.0026121383998543024,0.0043065547943115234,0.006652639247477055,0.009343172423541546,0.012204601429402828,0.014194966293871403,0.016272112727165222,0.02022654190659523,0.02601044997572899,0.034462638199329376,0.04295611009001732,0.05701041221618652,4.341368198394775,3.705714702606201,3.6092121601104736,3.5122599601745605,3.8363091945648193,3.605685234069824,3.9065942764282227,4.215005874633789,4.593535423278809,4.834048748016357,5.072763919830322,5.931430816650391,7.061328411102295,8.087625503540039,10.19009017944336,12.639362335205078,21.151823043823242,31.88718605041504,85.23969268798828,2.1887810230255127
121,0.0,0.00013077686890028417,0.00032872435986064374,0.000615590950474143,0.0011908042943105102,0.002413626993075013,0.004060899838805199,0.006311061326414347,0.008998317644000053,0.011769725941121578,0.013739770278334618,0.015636468306183815,0.019341839477419853,0.025744033977389336,0.034527894109487534,0.04175708070397377,0.056261591613292694,0.07195907086133957,0.10022015124559402,0.12302527576684952,0.1879265457391739,0.237273707985878,0.3029632270336151,0.4193909168243408,0.6683229207992554,0.9943143725395203,1.3093633651733398,1.6113245487213135,2.183112859725952,3.104339122772217,4.025024890899658,5.8911848068237305,8.175889015197754,13.633760452270508,20.240345001220703,55.38154220581055,1.180770993232727
122,0.0,0.00013998338545206934,0.00034417147981002927,0.0006420673453249037,0.0012613885337486863,0.0024154726415872574,0.004037659615278244,0.006341308820992708,0.009096531197428703,0.011973886750638485,0.013801195658743382,0.016044437885284424,0.01960744522511959,0.025889873504638672,0.03399359807372093,0.04209565371274948,0.05625339224934578,26.62190055847168,25.075016021728516,24.36959457397461,25.61615753173828,24.887598037719727,24.73664093017578,24.788238525390625,23.73424530029297,25.549898147583008,26.330175399780273,24.736539840698242,29.08681869506836,27.763267517089844,29.786758422851562,30.416532516479492,34.29431915283203,39.79331588745117,47.529151916503906,64.20670318603516,1.5086517333984375
123,0.0,0.00012512267858255655,0.0003428486525081098,0.0006291026365943253,0.0012533512199297547,0.0025262876879423857,0.004213025793433189,0.006515065208077431,0.009262454695999622,0.011944763362407684,0.014027389697730541,0.016009900718927383,0.020008737221360207,0.02611214481294155,0.034459151327610016,0.041120804846286774,0.05466712266206741,15.885398864746094,16.56500244140625,16.14316177368164,16.200706481933594,17.129512786865234,17.2039737701416,17.1115779876709,16.14145278930664,17.059843063354492,16.836870193481445,16.923852920532227,18.608871459960938,18.32227897644043,20.754878997802734,22.8522891998291,24.914417266845703,34.54655456542969,46.493003845214844,102.73104858398438,2.219437599182129
124,0.0,0.00013196001236792654,0.00035804169601760805,0.0007507875561714172,0.0013990276493132114,0.0026716943830251694,0.004463464021682739,0.006853026803582907,0.009947974234819412,0.01291695423424244,0.014821701683104038,0.01702716387808323,0.02105257660150528,0.027993474155664444,0.03767154738306999,0.04597528651356697,0.06154925748705864,1.0419141054153442,1.1666433811187744,1.0896687507629395,1.2529934644699097,1.3154680728912354,1.315853238105774,1.559678316116333,1.8194900751113892,2.1368978023529053,2.440095901489258,2.7816195487976074,3.572671413421631,4.412164688110352,5.352260112762451,7.386194705963135,9.718594551086426,18.804988861083984,26.103313446044922,70.217529296875,1.905699610710144
125,0.0,0.00015156260633375496,0.0003978504682891071,0.0007351767271757126,0.0014340905472636223,0.0029175211675465107,0.004857669118791819,0.00755644915625453,0.010664373636245728,0.013486160896718502,0.015267526730895042,0.017981700599193573,0.022245872765779495,0.028599148616194725,0.03922950103878975,0.04517346993088722,0.061861298978328705,1.2030104398727417,1.0837175846099854,1.1491340398788452,1.2444868087768555,1.2555738687515259,1.3466304540634155,1.4873957633972168,1.6999112367630005,2.1676089763641357,2.410325765609741,2.8422651290893555,3.4559264183044434,4.364767551422119,5.436949253082275,7.610039234161377,9.836153030395508,17.71604347229004,24.36162567138672,67.03929901123047,1.8996354341506958
126,0.0,0.00010985713015543297,0.0002767813566606492,0.0005300974007695913,0.0009888364002108574,0.001955878920853138,0.0032307086512446404,0.005257833749055862,0.0077299689874053,0.01040611881762743,0.012096087448298931,0.013735974207520485,0.01712450198829174,0.023229511454701424,0.03159576281905174,0.04139498993754387,0.05605990067124367,0.07303978502750397,0.10159648954868317,0.13172376155853271,0.19552958011627197,0.25833025574684143,0.32566964626312256,0.4539770185947418,0.7380356788635254,1.090120792388916,1.4892992973327637,1.8774659633636475,2.7122340202331543,3.663085460662842,4.812106132507324,7.065810680389404,9.014564514160156,16.048059463500977,23.514039993286133,59.814231872558594,1.2750461101531982
127,0.0,0.00017703486082609743,0.0005383823299780488,0.0010350145166739821,0.0018507200293242931,0.0034201990347355604,0.005589492619037628,0.008256678469479084,0.01164349913597107,0.014542256481945515,0.016668260097503662,0.01903333142399788,0.023548105731606483,0.029538128525018692,0.03767590597271919,0.0461052767932415,0.059592053294181824,1.1097302436828613,0.8581023216247559,0.9240140914916992,1.0187063217163086,1.0058454275131226,1.136946678161621,1.256597638130188,1.3855994939804077,1.8452098369598389,2.18088436126709,2.6148879528045654,3.3545939922332764,4.535452842712402,5.551168441772461,7.543028354644775,10.187553405761719,17.138442993164062,26.310087203979492,85.0247573852539,2.537499189376831
128,0.0,0.00016263527504634112,0.0004517321940511465,0.0008686133078299463,0.001550572458654642,0.0029855400789529085,0.004913675133138895,0.007419169880449772,0.010556444525718689,0.013616508804261684,0.015550867654383183,0.01835981383919716,0.02273573726415634,0.029106702655553818,0.037763603031635284,0.04574906453490257,0.0627550557255745,16.527828216552734,15.730476379394531,16.989286422729492,16.046524047851562,16.113319396972656,17.508525848388672,16.865053176879883,16.976547241210938,17.598583221435547,16.858829498291016,18.746204376220703,17.207202911376953,19.649250030517578,21.80337142944336,22.316524505615234,26.416770935058594,34.97193145751953,43.9376106262207,90.27300262451172,2.449583053588867
129,0.0,0.0001242155849467963,0.0003275532217230648,0.0006000951398164034,0.0011311874259263277,0.002287936629727483,0.003918358590453863,0.006156601011753082,0.008945532143115997,0.011696589179337025,0.013403794728219509,0.015346414409577847,0.01906833052635193,0.025819508358836174,0.03418811783194542,0.04071318730711937,0.055582161992788315,0.07275860756635666,0.09767112880945206,0.1231912299990654,0.1816987246274948,0.23530569672584534,0.2928582727909088,0.4115908443927765,0.6315125226974487,0.9552590847015381,1.2566652297973633,1.5787841081619263,2.16572642326355,2.9976069927215576,3.807793617248535,5.712810516357422,7.825562000274658,13.015432357788086,19.07673454284668,43.23542404174805,1.093503713607788
130,0.0,0.00013210807810537517,0.0003560633340384811,0.000683946069329977,0.0012466292828321457,0.0024656224995851517,0.004037752281874418,0.006401944439858198,0.009207596071064472,0.012114180251955986,0.01387892197817564,0.015817517414689064,0.0191274955868721,0.026546774432063103,0.034746039658784866,0.04198208823800087,0.05690472573041916,9.175971984863281,8.560160636901855,9.549729347229004,9.538352966308594,9.136659622192383,9.58338737487793,10.138106346130371,10.382558822631836,9.860800743103027,10.103320121765137,12.332418441772461,11.25267505645752,13.704533576965332,14.312506675720215,16.7131404876709,19.3353214263916,29.523469924926758,39.788944244384766,92.33126068115234,2.378873348236084
131,0.0,0.00014120226842351258,0.00038641298306174576,0.0007910553831607103,0.0014018290676176548,0.0026933117769658566,0.004401256795972586,0.006762105505913496,0.009670726954936981,0.012495102360844612,0.014606447890400887,0.016964493319392204,0.02094457671046257,0.028103690594434738,0.038312263786792755,0.04585492983460426,0.06255025416612625,3.828366994857788,3.9486117362976074,3.948153495788574,4.469130516052246,4.316929817199707,4.630618572235107,4.712524890899658,4.515531539916992,5.2674994468688965,5.713127136230469,5.8626604080200195,6.449629783630371,7.701592445373535,8.74509048461914,10.81757640838623,13.546549797058105,19.90283203125,28.776458740234375,65.95429992675781,1.4658398628234863
132,0.0,0.00011657640425255522,0.00031441127066500485,0.0006250951555557549,0.0011573476949706674,0.002245330950245261,0.0037781635764986277,0.005916337016969919,0.008589033968746662,0.011255982331931591,0.01325727067887783,0.015054039657115936,0.018741171807050705,0.024923279881477356,0.034464504569768906,0.04263356328010559,0.05939155071973801,9.265900611877441,8.170397758483887,9.283674240112305,8.807601928710938,8.750821113586426,8.9209566116333,9.409252166748047,9.364094734191895,9.290904998779297,10.094441413879395,10.296257019042969,10.340879440307617,12.361627578735352,12.6700439453125,14.886032104492188,16.239463806152344,20.4210205078125,26.15117645263672,38.46280288696289,0.9165363311767578
133,0.0,0.00016779500583652407,0.0005128741613589227,0.0009761168039403856,0.001790708163753152,0.0033574539702385664,0.0053578633815050125,0.007990743033587933,0.011397543363273144,0.014408905990421772,0.01644795760512352,0.01880366913974285,0.022815480828285217,0.029585687443614006,0.03843684121966362,0.04647861793637276,0.06174101307988167,4.3602423667907715,4.200504302978516,4.303868293762207,4.111622333526611,4.208467960357666,4.250688076019287,4.466230869293213,4.67409610748291,5.3614068031311035,5.61173677444458,5.687545299530029,6.727541446685791,7.739078044891357,8.792343139648438,10.61535358428955,12.937215805053711,18.879152297973633,25.612489700317383,53.00039291381836,1.5220974683761597
134,0.0,0.00015203404473140836,0.0003987878153566271,0.0007443851791322231,0.0013959488132968545,0.002672032453119755,0.004477808251976967,0.006951671093702316,0.009772240184247494,0.012558052316308022,0.014722962863743305,0.016969865188002586,0.02130456641316414,0.02764316461980343,0.0362066887319088,0.04335637763142586,0.05586927756667137,9.329826354980469,9.592611312866211,8.716992378234863,9.584395408630371,10.011736869812012,9.208312034606934,9.521995544433594,9.048711776733398,10.544453620910645,10.368064880371094,10.799665451049805,11.104866027832031,13.43564510345459,13.331562042236328,15.677495956420898,17.30091094970703,25.560367584228516,32.547119140625,65.02961730957031,1.7168406248092651
135,0.0,0.00013780806330032647,0.0003653606108855456,0.0007047206745482981,0.0013406818034127355,0.0025805579498410225,0.004234548658132553,0.006447563413530588,0.009223024360835552,0.012006367556750774,0.014233306050300598,0.016291461884975433,0.01985878497362137,0.026173241436481476,0.03535174950957298,0.04270866513252258,0.05631020665168762,37.604007720947266,33.42741394042969,34.43060302734375,35.50910186767578,36.79517364501953,36.863712310791016,36.116825103759766,36.78837203979492,39.52241516113281,39.6142692565918,39.66227722167969,36.61958694458008,37.53570556640625,37.52037048339844,41.576534271240234,41.44699478149414,49.4018669128418,58.25296401977539,61.65597152709961,1.4937671422958374
136,0.0,0.00011487572191981599,0.0003040368028450757,0.0005671309190802276,0.0011287881061434746,0.0023551289923489094,0.0040803528390824795,0.006428304128348827,0.009275990538299084,0.011958143673837185,0.013717403635382652,0.015732869505882263,0.01947799324989319,0.024964705109596252,0.03314321115612984,0.040762148797512054,0.053877171128988266,8.74690055847168,9.138553619384766,9.471019744873047,9.298906326293945,8.825906753540039,8.832613945007324,9.420467376708984,9.161102294921875,10.287553787231445,10.439724922180176,11.51217269897461,11.793915748596191,12.300024032592773,12.532604217529297,15.175342559814453,16.875957489013672,23.766860961914062,32.24713897705078,67.04508972167969,1.4312877655029297
137,0.0,0.000141095879371278,0.00036410000757314265,0.0006856762338429689,0.0013031187700107694,0.00269895326346159,0.004458415787667036,0.006812659092247486,0.009806269779801369,0.012602114118635654,0.014562834054231644,0.016545897349715233,0.020501907914876938,0.026959562674164772,0.035233039408922195,0.04347316175699234,0.05885717645287514,5.626021862030029,4.998499393463135,5.201197624206543,5.203311920166016,4.919082164764404,5.336686611175537,5.584349155426025,5.811033248901367,6.9182610511779785,6.547966957092285,7.681838035583496,8.059845924377441,9.59255313873291,10.373967170715332,14.481590270996094,16.846284866333008,27.476505279541016,41.158016204833984,101.0863037109375,2.5593652725219727
138,0.0,0.00010482444486115128,0.0002832087338902056,0.0005438114749267697,0.0010141446255147457,0.0019500722410157323,0.003295903792604804,0.005440335255116224,0.008082817308604717,0.01070551760494709,0.0123814782127738,0.014004823751747608,0.017132623121142387,0.0241245049983263,0.03376367315649986,0.04245554655790329,0.06209263205528259,9.846270561218262,8.41907024383545,8.377044677734375,8.330605506896973,8.761520385742188,8.289958953857422,8.283851623535156,8.932934761047363,10.072031021118164,9.654674530029297,10.492447853088379,10.630463600158691,12.297922134399414,13.965003967285156,14.583577156066895,17.50018882751465,22.68950080871582,30.424497604370117,47.90896224975586,0.9687761664390564
139,0.0,0.0001329516526311636,0.00034962300560437143,0.0006786410813219845,0.00132339249830693,0.00263731786981225,0.004409273155033588,0.00689345970749855,0.009863891638815403,0.012499670498073101,0.01443998422473669,0.0166665967553854,0.02074008248746395,0.028252320364117622,0.03678704798221588,0.0440901517868042,0.05831453949213028,35.63272476196289,33.92289352416992,36.48786163330078,37.72407913208008,34.81331253051758,33.99827194213867,37.09852600097656,33.64860153198242,36.73178482055664,35.12522888183594,35.93844223022461,37.95464324951172,38.488521575927734,37.993736267089844,38.64717483520508,45.14528274536133,48.44633865356445,54.04779052734375,56.32639694213867,1.3135347366333008
140,0.0,0.00012471510854084045,0.0003316117508802563,0.000613776093814522,0.0011526133166626096,0.002312958240509033,0.003939971327781677,0.006257788743823767,0.009011543355882168,0.011679789051413536,0.013565919362008572,0.01564803160727024,0.019424397498369217,0.025117071345448494,0.03458188474178314,0.041712939739227295,0.055357128381729126,1.0495810508728027,1.1824641227722168,1.1366562843322754,1.2960562705993652,1.2479541301727295,1.3221509456634521,1.4321913719177246,1.7444798946380615,2.170254945755005,2.457282543182373,2.74577260017395,3.486217975616455,4.584364414215088,5.547526836395264,7.644448757171631,9.697855949401855,15.824786186218262,23.24968147277832,60.66508102416992,1.4656953811645508
141,0.0,0.00011009472655132413,0.00027532741660252213,0.0005308911786414683,0.0010636728256940842,0.0022030477412045,0.003790393704548478,0.006001234520226717,0.00882797222584486,0.011655633337795734,0.013385248370468616,0.01516714133322239,0.018351905047893524,0.024445978924632072,0.03332516551017761,0.042239509522914886,0.05728529766201973,0.07168273627758026,0.09732283651828766,0.12515044212341309,0.19082528352737427,0.24176397919654846,0.2985498309135437,0.4223894476890564,0.6520548462867737,0.9699276685714722,1.311726450920105,1.6612801551818848,2.2606470584869385,3.064912796020508,4.071515083312988,5.837677478790283,7.996473789215088,12.880480766296387,18.412809371948242,42.67984390258789,0.9430612921714783
142,0.0,0.00011433465988375247,0.00031411205418407917,0.0005526282475329936,0.001013879431411624,0.001998243620619178,0.0033519137650728226,0.00547200720757246,0.008013634942471981,0.010661209933459759,0.012356782332062721,0.0141238858923316,0.017562197521328926,0.024077678099274635,0.033269982784986496,0.04159555956721306,0.053222596645355225,0.06725462526082993,0.09158552438020706,0.1185113936662674,0.17346714437007904,0.22928959131240845,0.29359957575798035,0.40815669298171997,0.6512541174888611,0.9711577892303467,1.3606070280075073,1.7125014066696167,2.3582754135131836,3.2953989505767822,4.19366455078125,5.997978687286377,8.252150535583496,13.944032669067383,20.745214462280273,50.91315841674805,1.310892105102539
143,0.0,0.0001329948427155614,0.0003611554275266826,0.0006868146592751145,0.0013133767060935497,0.0025612490717321634,0.0042534624226391315,0.006628403905779123,0.009443990886211395,0.012259512208402157,0.014223389327526093,0.016173701733350754,0.019901184365153313,0.025378549471497536,0.03355861082673073,0.039730485528707504,0.05432796850800514,0.08345197141170502,0.10735690593719482,0.13216647505760193,0.192038893699646,0.24204502999782562,0.3147284984588623,0.4369239807128906,0.6900628805160522,1.0520296096801758,1.3490217924118042,1.7594279050827026,2.323420524597168,3.185499906539917,4.107054233551025,6.304623603820801,8.19073486328125,13.809038162231445,19.153926849365234,47.42936706542969,1.2169610261917114
144,0.0,0.00011020602687494829,0.0003030186635442078,0.0005372249870561063,0.0010718624107539654,0.0021258487831801176,0.003494644770398736,0.005638756789267063,0.008233588188886642,0.010942112654447556,0.012707400135695934,0.014625836163759232,0.01825091429054737,0.025336816906929016,0.03438670560717583,0.04306637495756149,0.057536911219358444,0.07509239763021469,0.10506772249937057,0.1279066801071167,0.19759875535964966,0.2532518804073334,0.32484200596809387,0.44416600465774536,0.7210623621940613,1.0935652256011963,1.4495410919189453,1.7449923753738403,2.4846129417419434,3.401488780975342,4.278988838195801,6.295555591583252,8.475859642028809,13.40008544921875,20.76729965209961,48.291690826416016,1.4480725526809692
145,0.0,0.00012070376396877691,0.00033862650161609054,0.0006154317525215447,0.0011082604760304093,0.002329307608306408,0.004027357790619135,0.006221449933946133,0.0091089541092515,0.011933209374547005,0.01363295502960682,0.015387021005153656,0.019257711246609688,0.026062194257974625,0.03459501639008522,0.04180262237787247,0.056059617549180984,0.07256175577640533,0.09577745199203491,0.12163881957530975,0.1848897784948349,0.2387835681438446,0.3061715364456177,0.42495062947273254,0.7060976624488831,1.0600517988204956,1.3862035274505615,1.7511900663375854,2.4660162925720215,3.522115468978882,4.380341053009033,6.350518703460693,8.792672157287598,14.451112747192383,20.39165496826172,56.11652755737305,1.2485300302505493
146,0.0,0.00011205203190911561,0.00031326041789725423,0.0005730148404836655,0.001114512444473803,0.0021218620240688324,0.00358402612619102,0.005810950417071581,0.008452528156340122,0.011143664829432964,0.012872464023530483,0.01453984621912241,0.01802825555205345,0.02418675646185875,0.03300226852297783,0.04070767015218735,0.054065827280282974,0.0722474679350853,0.0964609682559967,0.12662315368652344,0.2004386931657791,0.2512896656990051,0.31581324338912964,0.425663560628891,0.6368916034698486,0.9536388516426086,1.2905696630477905,1.6682181358337402,2.325165033340454,3.250814437866211,4.132132053375244,6.346601963043213,8.704717636108398,14.415717124938965,20.788524627685547,55.42878341674805,1.1913949251174927
147,0.0,0.00014020752860233188,0.0003526625223457813,0.0006786704761907458,0.0012923114700242877,0.00262087257578969,0.004399183671921492,0.0068695624358952045,0.009809568524360657,0.012557611800730228,0.014587587676942348,0.016802551224827766,0.021128937602043152,0.026976460590958595,0.03593025356531143,0.04324137419462204,0.0559706836938858,56.970088958740234,57.253238677978516,60.24546813964844,61.021240234375,62.99021911621094,66.07986450195312,63.27593231201172,61.31673049926758,61.283226013183594,62.42571258544922,62.28586959838867,63.13633728027344,64.05272674560547,62.36653518676758,66.57901000976562,71.37456512451172,73.3069076538086,85.46955108642578,80.98551940917969,2.104644536972046
148,0.0,0.00011270949471509084,0.000309987721266225,0.0005542472354136407,0.0010986541165038943,0.0021841281559318304,0.003814597148448229,0.005978462286293507,0.008699298836290836,0.011302283965051174,0.013149833306670189,0.014921315014362335,0.01849730871617794,0.02488524280488491,0.03452401980757713,0.04225032776594162,0.05791323259472847,38.478275299072266,32.74967956542969,34.41835021972656,35.97822952270508,36.08684158325195,35.73764419555664,37.140010833740234,36.38822555541992,35.17753219604492,36.36137008666992,36.914581298828125,37.91037368774414,36.56975173950195,39.895355224609375,42.710044860839844,43.964969635009766,49.22809600830078,53.214210510253906,50.3360595703125,1.163438320159912
149,0.0,0.0001694875827524811,0.0004533430910669267,0.0008581266738474369,0.0016515501774847507,0.0032882646191865206,0.0055187600664794445,0.00829129945486784,0.011542920023202896,0.014577032998204231,0.016496621072292328,0.018856143578886986,0.023043816909193993,0.03044881485402584,0.04009249806404114,0.04697541892528534,0.06533841043710709,1.242557168006897,1.1237812042236328,1.1626614332199097,1.3599480390548706,1.3988667726516724,1.5329749584197998,1.5809919834136963,1.9525164365768433,2.1789419651031494,2.527329444885254,2.9231855869293213,3.6520533561706543,4.6899189949035645,5.955865383148193,8.225736618041992,10.603795051574707,18.160415649414062,26.602968215942383,81.6720962524414,1.9293594360351562
150,0.0,0.00016176291683223099,0.0004561434325296432,0.0007969290600158274,0.0014761899365112185,0.003011193359270692,0.004943522624671459,0.007522761821746826,0.010939915664494038,0.013649482280015945,0.015944961458444595,0.017847323790192604,0.022198937833309174,0.028298135846853256,0.03692010045051575,0.045903824269771576,0.05844933167099953,0.07384450733661652,0.10037077218294144,0.1243380680680275,0.2029239535331726,0.24272753298282623,0.30897560715675354,0.4404691457748413,0.7062487006187439,1.0635606050491333,1.411307454109192,1.8044673204421997,2.4826579093933105,3.5726406574249268,4.585443496704102,6.654243469238281,9.42500114440918,16.294946670532227,25.419673919677734,81.16850280761719,1.6870794296264648
151,0.0,0.00012764397251885384,0.0003739530802704394,0.0006991218542680144,0.0012811783235520124,0.0025229845196008682,0.00430782325565815,0.006717580370604992,0.009503461420536041,0.012301475740969181,0.014259058982133865,0.01633354276418686,0.02007145807147026,0.026260776445269585,0.03421032428741455,0.04135635495185852,0.054443370550870895,1131.7457275390625,1225.2177734375,1150.216552734375,1113.68310546875,1135.9432373046875,1134.048583984375,1061.8819580078125,925.4353637695312,851.7098388671875,813.2807006835938,725.23388671875,629.1044311523438,575.9900512695312,485.5382385253906,377.18597412109375,328.0627136230469,251.17050170898438,191.2877960205078,63.88623809814453,1.3942503929138184
152,0.0,0.00012655757018364966,0.0003305198042653501,0.0006456832052208483,0.0011853516334667802,0.0023092066403478384,0.0037776867393404245,0.006047333125025034,0.008772601373493671,0.01140599325299263,0.013243183493614197,0.01502774003893137,0.01881670393049717,0.02525182068347931,0.03369641676545143,0.04248817637562752,0.056405939161777496,0.07535015791654587,0.10213163495063782,0.12622077763080597,0.20538988709449768,0.25677937269210815,0.3123469948768616,0.4517228603363037,0.731531023979187,1.1311768293380737,1.4931690692901611,1.8243428468704224,2.6911401748657227,3.5990686416625977,4.820252418518066,7.326199531555176,9.604914665222168,18.24532699584961,28.609783172607422,77.58865356445312,1.6501561403274536
153,0.0,0.00012442594743333757,0.0003452693345025182,0.0006302345427684486,0.0011430217418819666,0.002297108294442296,0.0038154441863298416,0.006042937748134136,0.008659414947032928,0.011360513977706432,0.013199254870414734,0.01528597716242075,0.019050389528274536,0.024832025170326233,0.033643051981925964,0.04145031049847603,0.054223187267780304,16.14847755432129,16.602893829345703,15.268359184265137,14.919533729553223,16.081022262573242,16.280954360961914,15.888848304748535,15.60620403289795,16.87042808532715,17.42536735534668,18.632970809936523,18.27791404724121,18.481264114379883,19.83772087097168,22.86764144897461,24.91441535949707,30.286399841308594,40.047386169433594,70.48751831054688,1.7158862352371216
154,0.0,0.00013061444042250514,0.0003730189928319305,0.0006761380936950445,0.0013250492047518492,0.0026917068753391504,0.004641830455511808,0.007131325080990791,0.010020678862929344,0.01277144905179739,0.01474146917462349,0.01697450689971447,0.020870374515652657,0.026684682816267014,0.03523929789662361,0.043257858604192734,0.05584200471639633,1.0804016590118408,1.0806567668914795,1.0886342525482178,1.2559401988983154,1.2800010442733765,1.3599156141281128,1.549722671508789,1.7154127359390259,1.9971626996994019,2.323927402496338,2.6528096199035645,3.0710201263427734,4.030574798583984,5.023569107055664,6.868934631347656,8.890721321105957,14.350332260131836,20.020891189575195,52.50408935546875,1.1446504592895508
155,0.0,0.00013826422218699008,0.0003362174320500344,0.0006191033171489835,0.0012660901993513107,0.002546701580286026,0.004246241878718138,0.006576455198228359,0.009599192067980766,0.012402365915477276,0.014436901547014713,0.016358861699700356,0.02023707702755928,0.025821592658758163,0.03384697809815407,0.04210580512881279,0.054015181958675385,35.39015197753906,35.266048431396484,35.87177658081055,35.38936996459961,36.226463317871094,35.205406188964844,35.93193817138672,34.48704147338867,35.92570495605469,37.080726623535156,37.419158935546875,36.91919708251953,38.8008918762207,42.302215576171875,41.52010726928711,43.05785369873047,53.972862243652344,62.08943176269531,85.59587860107422,1.955798625946045
156,0.0,0.0002302389475516975,0.0006512340623885393,0.0012559490278363228,0.0022547671105712652,0.004297052510082722,0.00690581277012825,0.01005840115249157,0.014085073955357075,0.016996026039123535,0.019409669563174248,0.022991379722952843,0.02834751084446907,0.03515026718378067,0.045995570719242096,0.05386006832122803,0.07187337428331375,9.996199607849121,8.493864059448242,9.303943634033203,9.093889236450195,9.643693923950195,9.946211814880371,9.568451881408691,10.22373104095459,10.838685989379883,11.748414039611816,11.970846176147461,12.920413970947266,13.711747169494629,15.549233436584473,18.696266174316406,22.726696014404297,40.715450286865234,54.469757080078125,159.88804626464844,3.8570477962493896
157,0.0,0.00012716033961623907,0.0003746091388165951,0.0006779097602702677,0.0012089995434507728,0.0023219857830554247,0.00391426170244813,0.006267998367547989,0.008971241302788258,0.011880530044436455,0.013682546094059944,0.015417910180985928,0.019134830683469772,0.025127030909061432,0.033601704984903336,0.04241348057985306,0.05592838674783707,0.07247960567474365,0.1037871465086937,0.12773407995700836,0.1901041716337204,0.23719938099384308,0.31072404980659485,0.4132830500602722,0.6543998122215271,0.980032205581665,1.3646736145019531,1.742334246635437,2.519510269165039,3.594841480255127,4.600457191467285,6.974737167358398,9.253064155578613,15.744263648986816,25.980873107910156,66.25848388671875,1.3192189931869507
158,0.0,0.00018718282808549702,0.00046644636313430965,0.0009616237948648632,0.001787324552424252,0.003507002256810665,0.0056908936239778996,0.008485142141580582,0.011692298576235771,0.014760904014110565,0.01708292029798031,0.019898254424333572,0.025438303127884865,0.03454335778951645,0.04584573954343796,0.053858544677495956,0.07842131704092026,1.0744550228118896,0.9039833545684814,0.9027223587036133,1.0110517740249634,1.0926573276519775,1.1343928575515747,1.415793538093567,1.6638318300247192,2.201669692993164,2.5869035720825195,3.031569480895996,3.9226057529449463,4.991274833679199,6.47018575668335,9.1549711227417,11.853399276733398,21.023958206176758,32.128631591796875,110.47036743164062,2.635664224624634
159,0.0,0.0001342600880889222,0.0003846053150482476,0.0007191130425781012,0.001316122361458838,0.0026558947283774614,0.004424590151757002,0.006756558548659086,0.009670455008745193,0.012460804544389248,0.014349645003676414,0.016612756997346878,0.020502902567386627,0.026294942945241928,0.03519323468208313,0.04228070750832558,0.0582987517118454,9.574090003967285,9.165860176086426,8.746993064880371,9.318010330200195,8.44161605834961,9.077224731445312,10.368026733398438,9.32795238494873,10.850390434265137,10.55743408203125,10.892477989196777,11.16751766204834,12.678106307983398,14.42098331451416,16.083620071411133,17.983367919921875,25.691308975219727,34.69661331176758,81.95567321777344,1.9331786632537842
160,0.0,0.00013630637840833515,0.00036096174153499305,0.0007243414875119925,0.001346238306723535,0.002669429872184992,0.004493704065680504,0.006969904527068138,0.01012980192899704,0.012893088161945343,0.014609767124056816,0.016672668978571892,0.02067756839096546,0.0264394823461771,0.03468853235244751,0.04144681245088577,0.0548652745783329,4.059792518615723,4.1676435470581055,4.015298843383789,4.178281307220459,4.129531383514404,4.116787433624268,4.73466157913208,4.728250980377197,4.9851789474487305,5.3289337158203125,5.767406940460205,6.246567726135254,7.667880535125732,8.556314468383789,10.216211318969727,11.890925407409668,17.762405395507812,23.596391677856445,48.705711364746094,1.0369141101837158
161,0.0,0.00012677229824475944,0.0003419595886953175,0.0006281290552578866,0.0011755009181797504,0.002313250908628106,0.003918951377272606,0.006181830074638128,0.008941305801272392,0.011717457324266434,0.013473770581185818,0.01532694511115551,0.018883081153035164,0.025529852136969566,0.034229256212711334,0.04226077347993851,0.05627305060625076,3774.193359375,3893.941162109375,4044.740234375,3562.485595703125,3740.1005859375,3917.20458984375,3541.80859375,3380.0537109375,3463.63720703125,2758.217041015625,2976.017822265625,2740.861083984375,2367.70703125,2310.894287109375,2059.2958984375,1618.8165283203125,1577.7518310546875,1402.6611328125,93.29471588134766,2.471954107284546
162,0.0,0.00016462233907077461,0.0004453964065760374,0.0009041382581926882,0.0016366580966860056,0.0031842913012951612,0.0052412585355341434,0.007837331853806973,0.0110572949051857,0.014164791442453861,0.016217824071645737,0.01879153959453106,0.02358747459948063,0.03031861037015915,0.03926854208111763,0.04709775000810623,0.064543217420578,34.646759033203125,33.368431091308594,36.4009895324707,37.83253479003906,36.97932434082031,33.279720306396484,37.679779052734375,36.46711730957031,35.71162796020508,36.43925857543945,39.174530029296875,40.35422134399414,39.73422622680664,42.10344696044922,44.48384475708008,47.846797943115234,53.76776123046875,63.958106994628906,66.51032257080078,2.004040241241455
163,0.0,0.00014620770525652915,0.00039524619933217764,0.0006903987377882004,0.0012937276624143124,0.00253670965321362,0.0042107561603188515,0.006599212531000376,0.009633642621338367,0.012419389560818672,0.014422989450395107,0.016655217856168747,0.02064627967774868,0.027463089674711227,0.035484712570905685,0.04339780658483505,0.055482737720012665,8.654769897460938,8.723751068115234,9.162317276000977,8.847270965576172,8.419416427612305,9.274642944335938,9.263427734375,8.916367530822754,9.619348526000977,9.847251892089844,10.309359550476074,10.832653999328613,11.731685638427734,12.777897834777832,15.24355697631836,17.972148895263672,24.964534759521484,34.39540100097656,95.81719970703125,2.540255069732666
164,0.0,0.00014277442824095488,0.00037552168942056596,0.0007000017212703824,0.001392523874528706,0.002738182432949543,0.00458871154114604,0.00700748385861516,0.009953431785106659,0.01282105129212141,0.01490812934935093,0.016583764925599098,0.020252401009202003,0.026321912184357643,0.034428443759679794,0.042065028101205826,0.05378120020031929,9.170867919921875,8.795449256896973,9.406309127807617,9.460769653320312,9.599821090698242,9.242186546325684,8.97744369506836,9.449918746948242,9.594375610351562,10.982075691223145,11.21764850616455,10.935791969299316,11.778582572937012,12.73501968383789,16.30961036682129,16.364717483520508,23.240184783935547,29.574951171875,57.57897186279297,1.2587836980819702
165,0.0,0.00011684610217344016,0.0003092526749242097,0.0005570311332121491,0.001082365051843226,0.002216723980382085,0.0037085639778524637,0.005923687480390072,0.008573402650654316,0.011243185959756374,0.01302966196089983,0.01497641485184431,0.01866544783115387,0.024812879040837288,0.033443231135606766,0.04128650203347206,0.054469820111989975,0.06964273005723953,0.09849913418292999,0.12312453240156174,0.18833844363689423,0.24687756597995758,0.31227830052375793,0.4418618977069855,0.6723881363868713,1.0445411205291748,1.4001514911651611,1.753581166267395,2.3139848709106445,3.213829278945923,4.199431419372559,6.296178340911865,8.302713394165039,13.756458282470703,21.206695556640625,56.34574508666992,1.5376626253128052
166,0.0,0.00012643187073990703,0.0003797729732468724,0.000658636272419244,0.0012322538532316685,0.002445824211463332,0.0041544800624251366,0.006412412039935589,0.00911881122738123,0.011850346811115742,0.013680537231266499,0.015708833932876587,0.01957591064274311,0.025622298941016197,0.03460216522216797,0.042519692331552505,0.05767671391367912,0.07213922590017319,0.09919408708810806,0.12439318001270294,0.1823059618473053,0.23169241845607758,0.29369691014289856,0.4110093116760254,0.6630182266235352,1.0095040798187256,1.3201161623001099,1.6878215074539185,2.3992087841033936,3.2147865295410156,4.2306108474731445,6.310810089111328,8.055761337280273,14.677892684936523,21.07948875427246,53.40474319458008,1.2707722187042236
167,0.0,0.00012590350524988025,0.00033393193734809756,0.0006580478511750698,0.0012770257890224457,0.0025447001680731773,0.004368918482214212,0.006682040635496378,0.009589760564267635,0.012621292844414711,0.0145884919911623,0.016681747511029243,0.020712876692414284,0.027081280946731567,0.034839995205402374,0.04281660541892052,0.058901187032461166,9.645207405090332,9.537330627441406,9.157973289489746,9.861952781677246,9.876279830932617,10.748832702636719,10.589808464050293,10.51093864440918,10.899882316589355,11.29947280883789,11.412222862243652,11.429713249206543,13.735668182373047,15.48854923248291,17.307098388671875,20.133480072021484,26.33399772644043,34.6608772277832,69.79048919677734,1.710362195968628
168,0.0,0.00012630395940504968,0.000326562556438148,0.0006458743591792881,0.0012376719387248158,0.002426944440230727,0.003952824044972658,0.0061444370076060295,0.008766830898821354,0.01165031734853983,0.013655106537044048,0.01566177047789097,0.01929124817252159,0.025327375158667564,0.03435831516981125,0.04237661138176918,0.05618972331285477,15.1436767578125,15.145572662353516,14.883320808410645,15.388057708740234,13.932353973388672,15.333357810974121,14.960774421691895,15.869524002075195,16.295886993408203,16.187334060668945,17.32505989074707,17.15675926208496,18.787126541137695,18.82326316833496,22.143404006958008,22.68068504333496,29.900367736816406,36.50981140136719,49.210426330566406,1.1300978660583496
169,0.0,0.00013475719606503844,0.0003695697814691812,0.0007324973121285439,0.0013199013192206621,0.002673657611012459,0.004419628065079451,0.006821281276643276,0.009769195690751076,0.012568344362080097,0.014403202570974827,0.016584130004048347,0.020496906712651253,0.026622461155056953,0.0347684882581234,0.041864894330501556,0.05393270030617714,23.260976791381836,24.732200622558594,23.838171005249023,23.362863540649414,25.112470626831055,24.550878524780273,25.70275115966797,23.222801208496094,25.556180953979492,25.051679611206055,26.5252742767334,26.049821853637695,28.039066314697266,27.916580200195312,27.66971778869629,31.322607040405273,37.163795471191406,44.744354248046875,56.69475173950195,1.5464760065078735
170,0.0,0.00011020678357454017,0.0002807691344060004,0.0005390121368691325,0.0010854573920369148,0.002144671743735671,0.0035452311858534813,0.005601649638265371,0.008154238574206829,0.010770043358206749,0.01261941809207201,0.014106113463640213,0.0175117626786232,0.02451617456972599,0.033914715051651,0.04167104512453079,0.05450303852558136,29.55982208251953,29.895092010498047,27.6134033203125,21.800289154052734,20.009727478027344,19.312044143676758,16.645479202270508,11.220464706420898,6.459244251251221,4.65037727355957,3.8788838386535645,3.9591267108917236,4.2196807861328125,5.070644378662109,6.887784004211426,9.307075500488281,16.875349044799805,27.252134323120117,80.45756530761719,1.9077850580215454
171,0.0,0.00015527475625276566,0.00042196596041321754,0.0007459950866177678,0.0013547566486522555,0.0026942314580082893,0.004438197705894709,0.006796367932111025,0.009600571356713772,0.012561715207993984,0.01448268536478281,0.016719289124011993,0.02058989740908146,0.029595810920000076,0.04171198233962059,0.046904198825359344,0.06255804747343063,15.189064979553223,16.86846351623535,16.82737922668457,16.181617736816406,17.129962921142578,16.271652221679688,16.91312026977539,16.780719757080078,16.572242736816406,17.892730712890625,18.61016082763672,18.865821838378906,20.062091827392578,21.31293296813965,24.035688400268555,28.25687599182129,43.48513412475586,60.31327819824219,160.56541442871094,3.5528013706207275
172,0.0,0.00011249097588006407,0.00030662075732834637,0.0005693268030881882,0.001041069277562201,0.0021323165856301785,0.003516645170748234,0.0058123879134655,0.008447863161563873,0.010994375683367252,0.012666624039411545,0.014279341325163841,0.017941856756806374,0.02395632676780224,0.03304747864603996,0.0414029024541378,0.05750890448689461,0.07453583180904388,0.09857119619846344,0.1273288130760193,0.18432718515396118,0.2423245906829834,0.30454182624816895,0.4170181155204773,0.6365004181861877,0.9533118009567261,1.2479538917541504,1.6217460632324219,2.1884124279022217,3.0868234634399414,3.9545891284942627,5.675122261047363,7.722039222717285,12.144881248474121,18.74121856689453,43.04634475708008,0.9861503839492798
173,0.0,0.00013292295625433326,0.00035210727946832776,0.0006654548924416304,0.0012284079566597939,0.0024493196979165077,0.004096281249076128,0.006393438670784235,0.009214412420988083,0.011975819244980812,0.013923677615821362,0.016083698719739914,0.019813930615782738,0.02573380433022976,0.03455294296145439,0.04155423119664192,0.05526238679885864,4.104602813720703,3.9556212425231934,4.063997745513916,4.103876113891602,4.543234825134277,4.196024417877197,4.303982734680176,4.710930824279785,5.235930442810059,5.388870716094971,5.663724899291992,6.251551628112793,7.402565002441406,8.231221199035645,10.02730941772461,12.400676727294922,17.52434539794922,23.523235321044922,55.32652282714844,1.2817182540893555
174,0.0,0.00010866445518331602,0.0002790837315842509,0.0005305639933794737,0.0009766500443220139,0.001905572135001421,0.003254515351727605,0.005199484992772341,0.0076842824928462505,0.01023248489946127,0.012067562900483608,0.013746130280196667,0.016996094956994057,0.02348480001091957,0.03185395523905754,0.04060589522123337,0.053516559302806854,15.496962547302246,13.773415565490723,14.859879493713379,15.316330909729004,15.476861953735352,14.740774154663086,15.080455780029297,15.4657621383667,16.661888122558594,15.368603706359863,16.02288246154785,17.15047264099121,18.537837982177734,18.692232131958008,20.18422508239746,23.09523582458496,28.24724006652832,34.63120651245117,48.31325149536133,0.9808301329612732
175,0.0,0.0001326587371295318,0.00034727013553492725,0.0006748291780240834,0.0012666141847148538,0.0025278450921177864,0.004226162098348141,0.006468159146606922,0.009232578799128532,0.011989643797278404,0.013756074011325836,0.015879996120929718,0.019673649221658707,0.0264262855052948,0.03559384122490883,0.04374193027615547,0.057186808437108994,8.590621948242188,8.841740608215332,7.905721187591553,10.186664581298828,9.49338436126709,9.363333702087402,8.936702728271484,9.098912239074707,10.22564697265625,11.199295043945312,11.058021545410156,11.364225387573242,12.119629859924316,14.327383995056152,16.540267944335938,18.363059997558594,27.48385238647461,37.92594528198242,84.51214599609375,2.1549453735351562
176,0.0,0.00011982435535173863,0.0003327423764858395,0.0006384438602253795,0.0012697945348918438,0.0025610148441046476,0.004232184495776892,0.006557994056493044,0.009356450289487839,0.012013417668640614,0.013943245634436607,0.015818744897842407,0.019345570355653763,0.025290893390774727,0.034849390387535095,0.042350564152002335,0.057421669363975525,4.27262020111084,3.804945468902588,3.679626226425171,3.751859664916992,3.9150819778442383,4.159543037414551,4.010013580322266,4.303249359130859,4.870737552642822,5.128891944885254,5.152308464050293,6.260961055755615,7.268233776092529,8.28972339630127,10.726689338684082,12.661188125610352,21.375484466552734,28.72650718688965,74.17096710205078,1.8218953609466553
177,0.0,0.00012420797429513186,0.00031009019585326314,0.0006086272187530994,0.0011906420113518834,0.0023376597091555595,0.003907029516994953,0.006166286766529083,0.008909514173865318,0.011615940369665623,0.01361055951565504,0.0157175250351429,0.01955164037644863,0.02596890740096569,0.03483760356903076,0.04306800663471222,0.05533095821738243,9.042693138122559,8.193008422851562,8.094457626342773,8.215570449829102,8.40334415435791,8.264443397521973,8.310604095458984,8.894002914428711,10.014409065246582,9.459720611572266,9.671963691711426,10.750094413757324,11.20954704284668,11.666909217834473,15.183290481567383,16.325214385986328,22.347030639648438,27.8609619140625,44.813636779785156,1.1556235551834106
178,0.0,0.0001257439871551469,0.00032460340298712254,0.0006016084225848317,0.0011546845780685544,0.0023873387835919857,0.004121162462979555,0.006339669693261385,0.00907133612781763,0.011724211275577545,0.013408136554062366,0.01562700979411602,0.01943458989262581,0.025777027010917664,0.03459693491458893,0.04196338728070259,0.05582952871918678,25.119487762451172,23.275033950805664,23.828004837036133,23.869853973388672,23.443212509155273,22.55137825012207,24.50391960144043,24.732845306396484,24.16102409362793,25.026809692382812,23.002771377563477,26.33696174621582,26.588693618774414,24.390954971313477,31.158599853515625,29.654977798461914,36.708744049072266,45.334102630615234,58.61969757080078,1.374240517616272
179,0.0,0.00011252830154262483,0.0003082498733419925,0.0005800658836960793,0.0010616965591907501,0.0021461935248225927,0.003619639202952385,0.005777532700449228,0.008525043725967407,0.01124616526067257,0.012930307537317276,0.01478529442101717,0.018085835501551628,0.02438008040189743,0.03408019244670868,0.04388787969946861,0.05782816559076309,0.0769629254937172,0.10694560408592224,0.12570014595985413,0.19539621472358704,0.2513669729232788,0.3041510581970215,0.42574718594551086,0.6844186782836914,1.0647635459899902,1.3763073682785034,1.6854841709136963,2.382768392562866,3.2827999591827393,4.19170618057251,6.2046074867248535,8.47526741027832,14.363988876342773,20.694000244140625,56.83164596557617,1.214179515838623
180,0.0,0.00013134685286786407,0.00033277369220741093,0.000643007573671639,0.001219103578478098,0.002459996845573187,0.004078921861946583,0.006399568635970354,0.009203285910189152,0.012161653488874435,0.01382868830114603,0.015888899564743042,0.019733773544430733,0.026189448311924934,0.03572201728820801,0.04285489767789841,0.057372529059648514,8.893135070800781,8.54783821105957,9.398758888244629,9.692116737365723,8.059814453125,8.655129432678223,8.62436294555664,8.34752082824707,9.073836326599121,10.378341674804688,9.428410530090332,10.459630012512207,11.615910530090332,12.316264152526855,14.950881958007812,16.176990509033203,22.690946578979492,30.678630828857422,61.04947280883789,1.374284029006958
181,0.0,0.0001431122509529814,0.00039606846985407174,0.000724653946235776,0.0013259898405522108,0.0026774383150041103,0.004507144913077354,0.006971639581024647,0.00983013678342104,0.012672817334532738,0.014657837338745594,0.016751253977417946,0.020946992561221123,0.02755945734679699,0.03665008023381233,0.0446203276515007,0.060471490025520325,24.885522842407227,22.864816665649414,25.01206398010254,24.217544555664062,23.777435302734375,26.293787002563477,26.51333236694336,24.312633514404297,26.653078079223633,25.279281616210938,26.497900009155273,26.081783294677734,30.013853073120117,30.02849006652832,31.3035945892334,35.342777252197266,46.53848648071289,55.06998062133789,110.18896484375,2.6869118213653564
182,0.0,0.00013151099847164005,0.00031625182600691915,0.0005896553047932684,0.0011216551065444946,0.0021946297492831945,0.0037000374868512154,0.005959808826446533,0.00858987309038639,0.011399524286389351,0.013337871991097927,0.015083867125213146,0.018636906519532204,0.024336691945791245,0.032699164003133774,0.04060877487063408,0.05457679182291031,1.1610674858093262,1.1123079061508179,1.128372311592102,1.1984429359436035,1.2897251844406128,1.2865917682647705,1.4464539289474487,1.7053405046463013,2.0552163124084473,2.4077463150024414,2.8872487545013428,3.6024718284606934,4.554387092590332,5.442378997802734,7.6288323402404785,10.020732879638672,16.29262351989746,24.436458587646484,65.04815673828125,1.4521477222442627
183,0.0,0.00012591159611474723,0.00034075265284627676,0.0006492080865427852,0.0012459238059818745,0.0024512852542102337,0.004104738589376211,0.00634857127442956,0.009013977833092213,0.011873759329319,0.013793242163956165,0.015587495639920235,0.019259190186858177,0.025933923199772835,0.03396784886717796,0.04184218496084213,0.05609718710184097,25.056041717529297,25.387510299682617,23.210693359375,25.092388153076172,24.17401695251465,24.25322914123535,25.46358871459961,25.1611270904541,26.814708709716797,24.884323120117188,26.4422664642334,27.84540367126465,27.07231330871582,29.957149505615234,29.92947006225586,31.56826400756836,38.73647689819336,45.494117736816406,65.837646484375,1.4009376764297485
184,0.0,0.00012646461254917085,0.0003587684186641127,0.0006546303629875183,0.0012429197086021304,0.002475888002663851,0.004178460221737623,0.006513441447168589,0.009310110472142696,0.012210598215460777,0.014116259291768074,0.01613415777683258,0.019749050959944725,0.02565174549818039,0.033371057361364365,0.04072863236069679,0.05454592406749725,3.975783586502075,3.8161723613739014,4.291364669799805,4.115604400634766,4.425637722015381,4.405932426452637,4.310262680053711,4.628533840179443,5.241290092468262,5.184295177459717,5.448398590087891,6.303222179412842,7.104917526245117,7.707533836364746,9.457898139953613,11.899415016174316,18.45741081237793,25.575138092041016,58.774017333984375,1.4183529615402222
185,0.0,0.0001126675633713603,0.0003035111294593662,0.000557049410417676,0.0010959487408399582,0.0021918220445513725,0.0037404601462185383,0.0060683684423565865,0.008706089109182358,0.011381794698536396,0.01321247685700655,0.015215205028653145,0.0189657062292099,0.025410465896129608,0.03427819907665253,0.04161490127444267,0.05622183531522751,0.07296305894851685,0.10083971172571182,0.12382334470748901,0.19282875955104828,0.23860572278499603,0.29975923895835876,0.4145938456058502,0.6625248193740845,1.0486146211624146,1.3610899448394775,1.724478840827942,2.486104726791382,3.320685386657715,4.3665995597839355,6.321239471435547,8.622629165649414,15.768594741821289,22.954423904418945,68.2224349975586,1.386110782623291
186,0.0,0.00014584208838641644,0.0004078310448676348,0.000813614868093282,0.001464888104237616,0.0029176557436585426,0.004786081612110138,0.0073424046859145164,0.01049049012362957,0.013519689440727234,0.01534471195191145,0.01810428313910961,0.02201014943420887,0.028636842966079712,0.03711290284991264,0.044178903102874756,0.06029599905014038,33.33974075317383,32.671749114990234,36.82133102416992,36.11565017700195,34.78767013549805,33.623626708984375,36.009586334228516,35.98957061767578,37.8826904296875,35.259403228759766,36.641578674316406,37.92021179199219,38.76519775390625,38.23500061035156,42.69480514526367,42.76676940917969,48.44999694824219,58.2217903137207,61.143768310546875,1.3427612781524658
187,0.0,0.0001249940978595987,0.00031850996310822666,0.0005780048086307943,0.0011052483459934592,0.0022345962934195995,0.003743097186088562,0.0060184421017766,0.009009323082864285,0.011892937123775482,0.013706385158002377,0.015336436219513416,0.018878640606999397,0.024723097681999207,0.03225622698664665,0.039246316999197006,0.05135076493024826,0.06678381562232971,0.08921263366937637,0.1147097796201706,0.1714218556880951,0.213993102312088,0.2769164443016052,0.38986238837242126,0.6029546856880188,0.9003899693489075,1.2020713090896606,1.547278642654419,2.159205675125122,3.0470030307769775,3.8691163063049316,5.812963485717773,7.649835109710693,13.108330726623535,19.090349197387695,46.71245574951172,1.026727318763733
188,0.0,0.00011749925033655018,0.0003194964083377272,0.0005915089859627187,0.0011072673369199038,0.002221127273514867,0.0037154178135097027,0.005977536551654339,0.008775336667895317,0.011400987394154072,0.013003678061068058,0.01468458492308855,0.018399477005004883,0.025885602459311485,0.03522995486855507,0.04488106071949005,0.05886189639568329,0.0800311490893364,0.11219023913145065,0.14588472247123718,0.23274008929729462,0.2727171778678894,0.36113879084587097,0.5024123191833496,0.7798739671707153,1.1350584030151367,1.5837664604187012,1.9229997396469116,2.7992022037506104,3.7500345706939697,4.839993476867676,7.315545082092285,9.354558944702148,16.003055572509766,23.959674835205078,55.689083099365234,1.390357255935669
189,0.0,0.00012754435010720044,0.0003446951159276068,0.0006138267926871777,0.0011340624187141657,0.0023308375384658575,0.0039672888815402985,0.006282556802034378,0.00888827908784151,0.011757726781070232,0.013740701600909233,0.015649598091840744,0.01920226402580738,0.0261507797986269,0.0353715755045414,0.043983280658721924,0.05896725878119469,0.07603710144758224,0.10506076365709305,0.12352683395147324,0.187662735581398,0.231163889169693,0.30297890305519104,0.4147849380970001,0.6931298971176147,1.0270169973373413,1.3408162593841553,1.714981198310852,2.3738632202148438,3.1837594509124756,4.161444664001465,6.072965145111084,8.221599578857422,13.605652809143066,19.076461791992188,56.042152404785156,1.2004663944244385
190,0.0,0.00012920347217004746,0.0003488439542707056,0.0006506631616503,0.0012177967000752687,0.002381938509643078,0.0040380582213401794,0.006290872115641832,0.009078854694962502,0.01180513110011816,0.013825989328324795,0.01579061709344387,0.01946069858968258,0.026089534163475037,0.03420373052358627,0.04080701619386673,0.05540379881858826,0.07547973096370697,0.11046145111322403,0.1347983479499817,0.20174793899059296,0.24888989329338074,0.312441349029541,0.42732664942741394,0.6637080311775208,1.0154352188110352,1.28877592086792,1.6290194988250732,2.272887706756592,3.202120542526245,4.135600566864014,5.965307712554932,8.189139366149902,15.1809663772583,23.13020896911621,76.15287017822266,1.7720296382904053
191,0.0,0.00011367648403393105,0.0002910823386628181,0.0005500746192410588,0.001063832314684987,0.0021536066196858883,0.003754829987883568,0.00593572249636054,0.008531997911632061,0.011206287890672684,0.013024208135902882,0.014970376156270504,0.018385911360383034,0.02470139041543007,0.03422803431749344,0.04173740744590759,0.058009516447782516,15.367973327636719,14.24181079864502,15.895363807678223,14.929006576538086,15.23386001586914,15.00990104675293,15.316155433654785,15.95740795135498,15.941136360168457,16.45696258544922,17.579648971557617,16.399076461791992,18.009992599487305,19.973323822021484,20.925003051757812,23.467554092407227,31.964078903198242,36.91046905517578,66.94538116455078,1.7231141328811646
192,0.0,0.0001071162914740853,0.0002905120491050184,0.0005419081426225603,0.0010099738137796521,0.0020639062859117985,0.00353455264121294,0.005620082374662161,0.008253239095211029,0.01108140591531992,0.012846975587308407,0.014440825209021568,0.018030976876616478,0.02406981587409973,0.03274180367588997,0.040509551763534546,0.05475722253322601,0.07039318978786469,0.10092721879482269,0.12796707451343536,0.1886766105890274,0.2586747109889984,0.3104940354824066,0.42870664596557617,0.7092687487602234,1.0038597583770752,1.3960926532745361,1.7367373704910278,2.3780274391174316,3.349776029586792,4.299859523773193,6.319462299346924,8.473688125610352,13.83211898803711,20.98804473876953,52.82162857055664,1.1495705842971802
193,0.0,0.00018130794342141598,0.0005135720130056143,0.0009185287053696811,0.001742111286148429,0.003265263279899955,0.0053343274630606174,0.00786048173904419,0.011167163960635662,0.0142368720844388,0.016222359612584114,0.018762661144137383,0.023118408396840096,0.028902357444167137,0.0365581139922142,0.04338384419679642,0.057490237057209015,25.260530471801758,22.74038314819336,22.410430908203125,25.107641220092773,23.46613121032715,23.980382919311523,27.241790771484375,25.791000366210938,23.59232521057129,26.52450942993164,25.930662155151367,28.067325592041016,26.15602684020996,28.512208938598633,30.268142700195312,33.118385314941406,42.765594482421875,54.33832931518555,96.50537109375,2.212390184402466
194,0.0,0.00012039313151035458,0.0002939801779575646,0.0005532687064260244,0.0010328362695872784,0.001984200207516551,0.003282323479652405,0.0053862459026277065,0.007884238846600056,0.01063459925353527,0.01236005313694477,0.013748512603342533,0.017281683161854744,0.02325388602912426,0.03148086369037628,0.04046525061130524,0.053488824516534805,16.710866928100586,16.353559494018555,16.883195877075195,15.42969036102295,16.706127166748047,16.803852081298828,16.072635650634766,16.25652503967285,16.29203224182129,17.54479217529297,17.26626205444336,17.7189884185791,19.607677459716797,20.225902557373047,24.01178550720215,25.053606033325195,32.53709411621094,39.89972686767578,54.60731506347656,1.245209813117981
195,0.0,0.00011935600923607126,0.0002934563090093434,0.0005630113300867379,0.0011105696903541684,0.0023116141092032194,0.004014248959720135,0.0062460266053676605,0.008972392417490482,0.011528399772942066,0.013334080576896667,0.015166984871029854,0.018883049488067627,0.024614591151475906,0.03322763741016388,0.042412128299474716,0.054307062178850174,16.402324676513672,15.875308990478516,15.58676528930664,15.824660301208496,16.094388961791992,16.283798217773438,16.724321365356445,17.277902603149414,17.831859588623047,17.920673370361328,17.542219161987305,17.34005355834961,20.670263290405273,19.185853958129883,22.90994644165039,24.361982345581055,30.443859100341797,39.892822265625,72.20426177978516,1.592820644378662
196,0.0,0.00012758087541442364,0.0003282163816038519,0.0006023302557878196,0.0011483733542263508,0.002340404549613595,0.003909436520189047,0.006136509124189615,0.008783743716776371,0.011637888848781586,0.013234741985797882,0.015111848711967468,0.019085969775915146,0.02455163560807705,0.032655104994773865,0.04015800729393959,0.052141837775707245,0.06923167407512665,0.09557800740003586,0.1191720962524414,0.18055997788906097,0.22660285234451294,0.28570592403411865,0.41098734736442566,0.6501055955886841,0.9541091322898865,1.2899459600448608,1.616401195526123,2.2163610458374023,2.9999866485595703,3.872936725616455,5.737647533416748,7.671799182891846,12.698543548583984,19.626728057861328,48.58736801147461,1.1380292177200317
197,0.0,0.00014017232751939446,0.000401081022573635,0.0007266620523296297,0.0013548131100833416,0.002689827000722289,0.004430058877915144,0.006740754470229149,0.009479423053562641,0.01233869232237339,0.014064175076782703,0.016195023432374,0.020072052255272865,0.026710130274295807,0.03573761507868767,0.04400509223341942,0.060086946934461594,4.090156078338623,4.016255855560303,3.8669486045837402,3.6564841270446777,3.8867506980895996,3.722644805908203,4.028169631958008,4.125818252563477,4.511327266693115,4.8958740234375,5.430036544799805,6.104813098907471,7.157321929931641,8.412430763244629,10.44366455078125,13.151105880737305,21.302143096923828,28.76658821105957,71.98457336425781,2.0415687561035156
198,0.0,0.00011465190618764609,0.00029973775963298976,0.0005606887280009687,0.0011220996966585517,0.0022632114123553038,0.003764189314097166,0.005954087246209383,0.008652979508042336,0.011381834745407104,0.01313920971006155,0.015074387192726135,0.018591895699501038,0.024973472580313683,0.0327860489487648,0.03990114852786064,0.05400225520133972,8.94672679901123,9.44943618774414,8.977018356323242,9.914857864379883,9.871258735656738,9.416543006896973,9.550373077392578,9.073603630065918,9.739277839660645,9.86572265625,11.39075756072998,11.4740571975708,12.633223533630371,14.507027626037598,15.641748428344727,18.90898895263672,25.813655853271484,33.119720458984375,70.31166076660156,1.790590763092041
199,0.0,0.00012086542847100645,0.00032679946161806583,0.000585562433116138,0.001137209590524435,0.002373403636738658,0.004007965326309204,0.006139918230473995,0.008947538211941719,0.011623331345617771,0.013299685902893543,0.015338337980210781,0.01912100985646248,0.025656405836343765,0.03382808715105057,0.04259171709418297,0.05647945776581764,25.02251434326172,23.869958877563477,23.804872512817383,23.295181274414062,23.40041160583496,22.612869262695312,23.247684478759766,22.32416534423828,24.577146530151367,24.19347381591797,24.324670791625977,26.38666534423828,27.678152084350586,28.39230728149414,29.442289352416992,31.001985549926758,38.74702835083008,45.12787628173828,61.879371643066406,1.4753034114837646
200,0.0,0.00011078559327870607,0.0003109781537204981,0.0005858961376361549,0.0011089525651186705,0.0021616974845528603,0.003659770591184497,0.00576492864638567,0.008373216725885868,0.011071905493736267,0.012832215055823326,0.014475944451987743,0.018118934705853462,0.024198975414037704,0.032279111444950104,0.04061856120824814,0.05275556072592735,24.56180191040039,25.373075485229492,22.90851402282715,24.633602142333984,23.647445678710938,24.684906005859375,24.411375045776367,25.55876350402832,24.448434829711914,27.278806686401367,25.1892147064209,27.769460678100586,27.25383949279785,27.86258888244629,29.68352699279785,32.386817932128906,39.223167419433594,48.85975646972656,63.940208435058594,1.3846262693405151
201,0.0,0.0001281983422813937,0.00034624183899722993,0.000681553385220468,0.0012373041827231646,0.0024715224280953407,0.004117573145776987,0.006402681581676006,0.00926239788532257,0.012237499468028545,0.014062376692891121,0.01563842035830021,0.01951814815402031,0.025369960814714432,0.03339484706521034,0.04069414734840393,0.05390041694045067,1191.557861328125,1071.52783203125,1019.5350341796875,1015.7800903320312,940.6843872070312,966.4200439453125,920.1121826171875,854.346435546875,710.4346313476562,746.2800903320312,658.5806884765625,540.8001708984375,488.1315612792969,365.0858459472656,273.5733947753906,234.10018920898438,198.18124389648438,131.7671661376953,63.72336959838867,1.4058716297149658
202,0.0,0.00013943840167485178,0.00034503749338909984,0.0006960559985600412,0.0013147867284715176,0.002540656365454197,0.004199716728180647,0.006494691129773855,0.009289709851145744,0.012143938802182674,0.013986365869641304,0.015931278467178345,0.01961616799235344,0.025951076298952103,0.03558390960097313,0.04288657382130623,0.05642550066113472,37.386173248291016,33.373172760009766,30.953962326049805,31.77578353881836,36.968719482421875,33.34678268432617,33.31663513183594,35.352508544921875,38.38597106933594,36.74967956542969,34.08708572387695,37.68409729003906,37.424156188964844,35.348838806152344,40.394737243652344,41.80769729614258,49.81511306762695,55.40754318237305,59.33182907104492,1.3060431480407715
203,0.0,0.00013711993233300745,0.0003478261933196336,0.0006599274929612875,0.0012698536738753319,0.0025822792667895555,0.004319699481129646,0.006676059681922197,0.009547308087348938,0.01240470353513956,0.01435892004519701,0.016372840851545334,0.020491568371653557,0.02683595009148121,0.03695673123002052,0.044255275279283524,0.05790852755308151,4.1930999755859375,3.9847726821899414,4.031680107116699,4.330544948577881,4.165282249450684,4.26704216003418,4.802417278289795,4.771356582641602,4.917206764221191,5.763070583343506,5.9054036140441895,6.701981544494629,7.55592679977417,8.791025161743164,11.34170150756836,14.93700122833252,26.952747344970703,39.262516021728516,139.7893829345703,3.668363094329834
204,0.0,0.0001476070174248889,0.0004065866523887962,0.0007339742733165622,0.0013503676746040583,0.002667528809979558,0.004435975104570389,0.006823429372161627,0.00981956534087658,0.012543267570436,0.014639260247349739,0.0170755535364151,0.020914655178785324,0.027398820966482162,0.034823156893253326,0.04389505088329315,0.05717684328556061,1.1101999282836914,0.8629839420318604,0.8530761003494263,0.9168950915336609,1.0219125747680664,1.1192654371261597,1.1177866458892822,1.4108628034591675,1.7484256029129028,2.0601954460144043,2.357933521270752,3.0480756759643555,4.15707540512085,5.092129230499268,6.95323371887207,8.83145523071289,14.644579887390137,21.65666961669922,56.788726806640625,1.317457675933838
205,0.0,0.0001110454395529814,0.0003177132166456431,0.0005859620869159698,0.0010839431779459119,0.002177294110879302,0.003681449918076396,0.005832888185977936,0.008456705138087273,0.01108760479837656,0.012982240878045559,0.014959968626499176,0.018314609304070473,0.024790547788143158,0.03270004689693451,0.0404999703168869,0.054899975657463074,0.08495353162288666,0.13068169355392456,0.16116337478160858,0.23906293511390686,0.2909832298755646,0.3760257363319397,0.5103718638420105,0.7593172788619995,1.1478725671768188,1.4168126583099365,1.8238894939422607,2.425123691558838,3.4446651935577393,4.456752300262451,6.566766262054443,8.934732437133789,14.670570373535156,21.899017333984375,51.5537223815918,1.2183054685592651
206,0.0,0.00012164867803221568,0.0003220406360924244,0.0006084137130528688,0.0011792671866714954,0.0023581008426845074,0.00402930798009038,0.006379676982760429,0.00906188040971756,0.01187974028289318,0.013733414001762867,0.015564235858619213,0.01940842904150486,0.025841515511274338,0.03453071042895317,0.04251580312848091,0.05468614771962166,45.19811248779297,46.575958251953125,47.2946891784668,45.43064498901367,46.6859016418457,47.79801940917969,49.69513702392578,47.47403335571289,52.64221954345703,45.16050720214844,49.94478225708008,49.69187545776367,47.08420944213867,53.75127410888672,50.53479766845703,56.60992431640625,57.741783142089844,65.66535186767578,61.738399505615234,1.5055415630340576
207,0.0,0.00010963210661429912,0.0002961039135698229,0.0005522037972696126,0.0010552447056397796,0.0021777148358523846,0.003715882543474436,0.005940302275121212,0.008552013896405697,0.01138622872531414,0.013085517100989819,0.014865118078887463,0.01870821788907051,0.02542649209499359,0.03489423170685768,0.043298255652189255,0.05896351486444473,34.22981262207031,36.317752838134766,36.9231071472168,36.31187057495117,35.892822265625,32.745418548583984,36.52888488769531,34.78776550292969,33.79479217529297,37.022884368896484,39.110252380371094,38.6638069152832,36.469337463378906,41.33287811279297,41.4820442199707,45.235477447509766,53.28585433959961,58.508033752441406,69.55703735351562,1.3146047592163086
208,0.0,0.00012000379501841962,0.0003271519090048969,0.0005959710106253624,0.0011609932407736778,0.0024441310670226812,0.004092268645763397,0.0063484227284789085,0.009192444384098053,0.011979736387729645,0.01357056014239788,0.015695009380578995,0.019635552540421486,0.025780100375413895,0.03446910157799721,0.041573889553546906,0.05560202896595001,23.89892578125,24.66428565979004,24.182788848876953,26.056020736694336,25.125043869018555,24.20561408996582,25.892839431762695,24.132505416870117,24.83453369140625,27.81757164001465,24.975095748901367,28.475122451782227,27.02739906311035,27.57065773010254,31.144676208496094,33.028411865234375,38.0721435546875,44.810150146484375,49.996585845947266,1.0741299390792847
209,0.0,0.00010995607590302825,0.0002724474179558456,0.0005193129763938487,0.0010144731495529413,0.002008809009566903,0.003493154188618064,0.00565191637724638,0.00813593715429306,0.010748827829957008,0.012574659660458565,0.014030234888195992,0.01753898337483406,0.024040604010224342,0.034062691032886505,0.04244468733668327,0.056929416954517365,0.9962777495384216,1.054465889930725,1.0825964212417603,1.1990505456924438,1.3030385971069336,1.3945549726486206,1.4956809282302856,1.79420804977417,2.095935583114624,2.5601565837860107,2.974360942840576,3.7714529037475586,4.80018949508667,5.983280658721924,8.06100082397461,10.732163429260254,17.495935440063477,26.21327781677246,64.68863677978516,1.4388117790222168
210,0.0,0.0001289090869249776,0.0003348762693349272,0.0006020309519954026,0.001160028507001698,0.002293516183272004,0.003760374616831541,0.005856843665242195,0.008473630994558334,0.011116058565676212,0.01296943798661232,0.014781641773879528,0.01845579966902733,0.024631338194012642,0.033908694982528687,0.04185756295919418,0.05730178952217102,33.150596618652344,30.88920783996582,34.44385528564453,33.38008117675781,35.086856842041016,32.82990264892578,32.19551086425781,35.121395111083984,35.479488372802734,35.76060104370117,35.240943908691406,34.048526763916016,36.278987884521484,36.141273498535156,39.498435974121094,41.49211883544922,51.78752899169922,62.37030792236328,82.07498931884766,1.8762123584747314
211,0.0,0.00013700452109333128,0.00036190327955409884,0.0006811745697632432,0.0013140998780727386,0.0027451366186141968,0.004548828117549419,0.0070252977311611176,0.010057708248496056,0.013000348582863808,0.014765918254852295,0.017034268006682396,0.021308617666363716,0.02780897356569767,0.03585232049226761,0.0441066212952137,0.05534708499908447,0.07080699503421783,0.10177940130233765,0.12239525467157364,0.1910865157842636,0.24816130101680756,0.3147093951702118,0.42782795429229736,0.6822896003723145,1.0508451461791992,1.4421675205230713,1.697510838508606,2.4558420181274414,3.3422555923461914,4.453762054443359,6.540579795837402,9.133391380310059,16.910058975219727,24.67361831665039,82.27194213867188,1.7595564126968384
212,0.0,0.00013575619959738106,0.0003860663855448365,0.0007047926192171872,0.0013346298364922404,0.0026529012247920036,0.004369290545582771,0.006799057591706514,0.009723136201500893,0.012499118223786354,0.014501496218144894,0.016555778682231903,0.020425213500857353,0.027113739401102066,0.03547338396310806,0.04317595437169075,0.05658229440450668,37.507102966308594,36.43632888793945,33.9075813293457,37.564544677734375,36.42030715942383,36.45859909057617,34.68579864501953,36.882720947265625,35.253700256347656,37.01539993286133,35.010955810546875,40.26637649536133,40.05970001220703,43.55263900756836,43.712303161621094,45.50717544555664,51.6639289855957,58.56394958496094,65.90991973876953,1.8244186639785767
213,0.0,0.00010883200593525544,0.0003243953688070178,0.0005955779342912138,0.0010749645298346877,0.0021639864426106215,0.0036603452172130346,0.005732272285968065,0.00821695290505886,0.010965877212584019,0.01279901061207056,0.014703210443258286,0.018088309094309807,0.02451758272945881,0.03285247087478638,0.04138879105448723,0.05509096011519432,0.07084576040506363,0.1007792204618454,0.12171027064323425,0.1937337964773178,0.24442483484745026,0.314046174287796,0.4301709532737732,0.6819412112236023,1.0530555248260498,1.4081473350524902,1.7334874868392944,2.4250190258026123,3.3030900955200195,4.226861953735352,6.241703510284424,8.210055351257324,14.749834060668945,21.8436222076416,60.89266586303711,1.3783116340637207
214,0.0,0.0001374707935610786,0.0003759012324735522,0.0006708907312713563,0.0012572311097756028,0.002603342290967703,0.004437529016286135,0.006947068963199854,0.009934572502970695,0.012696714140474796,0.01456926204264164,0.01642695628106594,0.02032386139035225,0.026246903464198112,0.03413524851202965,0.041461337357759476,0.055602237582206726,16.20304298400879,15.49951171875,14.701842308044434,16.99595832824707,15.94185733795166,14.719344139099121,14.424617767333984,16.512292861938477,16.909801483154297,18.432687759399414,17.169084548950195,19.953107833862305,19.01766586303711,20.1812686920166,22.960302352905273,24.94640350341797,31.210052490234375,40.1146125793457,76.62510681152344,1.5573606491088867
215,0.0,0.0001254980161320418,0.0003198562772013247,0.0006027205381542444,0.0011243288172408938,0.0022425709757953882,0.003888394683599472,0.006121591664850712,0.00899712648242712,0.0115834791213274,0.013351745903491974,0.015277075581252575,0.018955495208501816,0.025071529671549797,0.03473185747861862,0.04159826412796974,0.05397380143404007,44.433265686035156,47.72415542602539,47.253292083740234,44.63376235961914,48.56446075439453,46.19699478149414,48.1024169921875,46.92953109741211,47.47026062011719,47.715763092041016,52.17442321777344,51.16002655029297,51.13916015625,49.215728759765625,53.07283020019531,52.70863342285156,59.061500549316406,68.8744888305664,57.920440673828125,1.3139643669128418
216,0.0,0.00015210786659736186,0.00042000706889666617,0.0008351217838935554,0.001538995304144919,0.0029571601189672947,0.004765392746776342,0.0073493607342243195,0.0105599919334054,0.013270063325762749,0.015281704254448414,0.01774989441037178,0.021551063284277916,0.02762438729405403,0.03643311560153961,0.04308426007628441,0.05718455836176872,9.123434066772461,7.955618381500244,8.133400917053223,8.487446784973145,7.974002838134766,8.30582332611084,9.263070106506348,8.808707237243652,9.194815635681152,8.920432090759277,9.089397430419922,10.646903038024902,11.61846923828125,11.582863807678223,14.393030166625977,15.977143287658691,21.37684440612793,28.056547164916992,52.49758529663086,1.2050776481628418
217,0.0,0.0001416443265043199,0.0004140475648455322,0.0007647498277947307,0.0013481175992637873,0.0027319220826029778,0.004466752056032419,0.006857520435005426,0.009909234009683132,0.012648665346205235,0.014642659574747086,0.016415083780884743,0.020267028361558914,0.027093905955553055,0.03672214224934578,0.043123431503772736,0.05888945609331131,9.631436347961426,8.394379615783691,9.681966781616211,8.865199089050293,9.334345817565918,9.453023910522461,9.668131828308105,9.849507331848145,10.131616592407227,10.56920051574707,11.524641036987305,12.338521957397461,12.398086547851562,14.172082901000977,15.833473205566406,17.885953903198242,26.07107925415039,37.55948257446289,96.42361450195312,2.8360543251037598
218,0.0,0.00011757392348954454,0.0002985351311508566,0.000557266001123935,0.0010462747886776924,0.002121309284120798,0.00365383829921484,0.0059611801989376545,0.008704102598130703,0.011336230672895908,0.01304896641522646,0.014718009158968925,0.0183949526399374,0.024808671325445175,0.03386645391583443,0.04124514386057854,0.05425158888101578,0.07182041555643082,0.1005263403058052,0.1335141658782959,0.20395120978355408,0.26284632086753845,0.32426145672798157,0.45031124353408813,0.7426233291625977,1.0875493288040161,1.4501250982284546,1.8224213123321533,2.515892744064331,3.4337894916534424,4.309411525726318,6.363282680511475,8.364946365356445,14.7378568649292,22.137313842773438,59.16533279418945,1.1504844427108765
219,0.0,0.0001283453166252002,0.0003338285314384848,0.000647225882858038,0.0012996250297874212,0.002508692443370819,0.004195370711386204,0.006549359764903784,0.009366928599774837,0.011972740292549133,0.013851363211870193,0.01603081077337265,0.01975666917860508,0.025345835834741592,0.03411416709423065,0.04033374413847923,0.054882440716028214,8.740554809570312,8.980319023132324,9.429746627807617,10.149066925048828,9.606832504272461,9.721927642822266,8.77003002166748,9.259464263916016,9.77374267578125,10.849747657775879,10.914974212646484,10.630769729614258,12.762398719787598,13.520780563354492,14.748481750488281,17.372488021850586,22.393301010131836,28.276403427124023,44.35829544067383,1.0266578197479248
220,0.0,0.00013741217844653875,0.0003694932674989104,0.0006767415325157344,0.0012712671887129545,0.0025142349768429995,0.004185772035270929,0.006444654427468777,0.00916361529380083,0.011907587759196758,0.013782291673123837,0.015973981469869614,0.01981312222778797,0.02722049131989479,0.0362546406686306,0.04336699843406677,0.05584881082177162,130.5398712158203,122.59341430664062,117.60321807861328,136.7493438720703,121.75553894042969,133.4250946044922,135.22415161132812,130.59576416015625,135.60934448242188,126.32589721679688,120.09605407714844,135.453857421875,139.7787628173828,127.05658721923828,132.21376037597656,132.0518035888672,146.51278686523438,146.380126953125,57.57944107055664,1.4435887336730957
221,0.0,0.00012532182154245675,0.0003265310078859329,0.0006360264960676432,0.0011821010848507285,0.0024201564956456423,0.004130749963223934,0.006491949316114187,0.00936142634600401,0.012086814269423485,0.013904650695621967,0.016026554629206657,0.019742067903280258,0.02618291601538658,0.0337960310280323,0.041840292513370514,0.05538652092218399,15.757744789123535,16.926118850708008,15.743948936462402,15.761393547058105,16.28951072692871,15.140144348144531,14.618640899658203,16.737728118896484,16.25248146057129,16.223411560058594,18.154273986816406,19.151002883911133,20.379884719848633,20.881864547729492,22.445173263549805,24.91977882385254,31.52109718322754,39.089900970458984,72.51392364501953,1.5960578918457031
222,0.0,0.0001236198440892622,0.00032314719283021986,0.000607402587775141,0.0011522186687216163,0.002451741835102439,0.004197179805487394,0.006534677464514971,0.009282532148063183,0.012145105749368668,0.014075186103582382,0.016222726553678513,0.020442655310034752,0.026778120547533035,0.03559434413909912,0.04184337705373764,0.05550542101264,8.666182518005371,8.325451850891113,7.844841003417969,7.815291404724121,8.95072078704834,8.926180839538574,9.099640846252441,9.221610069274902,8.817091941833496,9.028080940246582,9.58311939239502,11.25273323059082,11.21812629699707,12.79247760772705,14.42684268951416,17.85979461669922,25.239173889160156,35.25539779663086,102.14744567871094,2.367725133895874
223,0.0,0.00013195196515880525,0.0003422056615818292,0.0006280093220993876,0.0012313842307776213,0.002538933651521802,0.004241032060235739,0.006533839274197817,0.009345468133687973,0.012099578976631165,0.01406025979667902,0.016260983422398567,0.020262567326426506,0.02693474479019642,0.03576044738292694,0.04261909797787666,0.0554819293320179,0.0709010511636734,0.09300263226032257,0.11460861563682556,0.18015530705451965,0.23078025877475739,0.29090094566345215,0.41758736968040466,0.6824084520339966,1.0052636861801147,1.3453583717346191,1.609846830368042,2.237050771713257,3.1179938316345215,4.117606163024902,6.260975360870361,8.147114753723145,15.210655212402344,22.89562225341797,66.2186508178711,1.8313775062561035
224,0.0,0.00013297107943799347,0.0003490322269499302,0.0006314992206171155,0.0012091463431715965,0.0025984873063862324,0.004423961509019136,0.006880286615341902,0.009850428439676762,0.012468289583921432,0.014378487132489681,0.016698850318789482,0.02039608173072338,0.026761693879961967,0.03631286323070526,0.04279908910393715,0.05670413002371788,14.228421211242676,15.924114227294922,15.640480995178223,16.70124053955078,15.638788223266602,15.918830871582031,16.774127960205078,16.26655387878418,17.052486419677734,16.741497039794922,17.43853187561035,18.985109329223633,18.769392013549805,18.27254867553711,21.758934020996094,24.407548904418945,32.34178924560547,39.53168869018555,73.60626983642578,2.0155484676361084
225,0.0,0.00011584969615796581,0.00028816310805268586,0.0005597237613983452,0.0010671265190467238,0.002134991344064474,0.003721192479133606,0.005886390805244446,0.008561912924051285,0.011381052434444427,0.013242741115391254,0.01490230206400156,0.01867586374282837,0.025187313556671143,0.034227099269628525,0.041573457419872284,0.05705001950263977,8.556574821472168,8.459526062011719,8.533181190490723,9.085517883300781,8.426776885986328,8.434189796447754,8.506034851074219,8.839344024658203,9.416848182678223,9.257704734802246,9.979720115661621,10.118551254272461,11.034350395202637,12.916644096374512,14.7913179397583,15.921242713928223,21.836336135864258,28.298587799072266,51.71036911010742,1.1741819381713867
226,0.0,0.00011385247489670292,0.00031311489874497056,0.0005949554033577442,0.0010986387496814132,0.0022699215915054083,0.0037908386439085007,0.005971107631921768,0.008551107719540596,0.01132152695208788,0.013196413405239582,0.014935096725821495,0.01853233017027378,0.024873001500964165,0.03235836327075958,0.03986196964979172,0.05220635235309601,49.03371047973633,49.64064407348633,47.44135284423828,47.58244705200195,43.43403625488281,44.13886260986328,48.20900344848633,47.08763885498047,50.635047912597656,50.71195983886719,45.28158950805664,51.59241485595703,53.375144958496094,55.52775192260742,55.088478088378906,54.020057678222656,62.03565979003906,71.6917724609375,50.82620620727539,1.3648587465286255
227,0.0,0.00012596814485732466,0.0003095431602559984,0.0006007440388202667,0.001126098562963307,0.00227569742128253,0.003897375427186489,0.006184582132846117,0.008926539681851864,0.011716984212398529,0.013529443182051182,0.015747565776109695,0.0193998571485281,0.026235613971948624,0.03481215238571167,0.04360732063651085,0.0575786717236042,0.07343518733978271,0.101726233959198,0.12814919650554657,0.19035999476909637,0.24117159843444824,0.3051815330982208,0.42775824666023254,0.6930709481239319,1.0448728799819946,1.407888412475586,1.8213837146759033,2.4707746505737305,3.4843244552612305,4.287128925323486,6.41981315612793,8.805788040161133,14.623459815979004,20.550649642944336,54.973388671875,1.2722909450531006
228,0.0,0.00012894952669739723,0.00033425475703552365,0.0006564630893990397,0.0013181987451389432,0.002516537206247449,0.004159220028668642,0.00648840656504035,0.009271484799683094,0.011998096480965614,0.013664511032402515,0.015681611374020576,0.019572436809539795,0.02523617446422577,0.034850671887397766,0.04266468435525894,0.05375396087765694,1853.7664794921875,1831.0703125,1797.507080078125,1922.816650390625,1819.7225341796875,1793.592041015625,1743.62646484375,1815.4775390625,1884.0380859375,1886.29833984375,1813.7960205078125,1888.723388671875,1778.8770751953125,1735.7755126953125,1833.6016845703125,1874.4193115234375,1774.8349609375,1777.003173828125,63.43255615234375,1.79350745677948
229,0.0,0.00010256973473588005,0.00026767869712784886,0.0005102722207084298,0.0009556363220326602,0.0018514787079766393,0.0031843120232224464,0.005195735953748226,0.00753535982221365,0.010219934396445751,0.011819133535027504,0.013323875144124031,0.01676139608025551,0.022809036076068878,0.03229117766022682,0.04045351594686508,0.05485326796770096,1.2845100164413452,1.6525708436965942,1.5382376909255981,1.6756775379180908,1.7121046781539917,1.8406299352645874,2.057441234588623,2.2374155521392822,2.401583671569824,2.848780393600464,3.250504493713379,3.7754416465759277,4.984612941741943,5.926896572113037,8.042218208312988,10.21141529083252,15.478774070739746,22.16162109375,55.68329620361328,1.2575703859329224
230,0.0,0.00012206874089315534,0.00032981153344735503,0.0006097727455198765,0.00112992397043854,0.0022763730958104134,0.0038749882951378822,0.006141976453363895,0.008803053759038448,0.011546431109309196,0.013344553299248219,0.015603616833686829,0.019267668947577477,0.025514766573905945,0.03447641804814339,0.042682260274887085,0.055322252213954926,46.243446350097656,46.6509895324707,45.80215072631836,44.32174301147461,48.641815185546875,51.80899429321289,46.772315979003906,48.903472900390625,47.840145111083984,49.556697845458984,49.049774169921875,48.490657806396484,50.89943313598633,55.0853271484375,58.60041809082031,59.265499114990234,62.37497329711914,73.75068664550781,74.36992645263672,1.9768495559692383
231,0.0,0.00012874153617303818,0.00033732663723640144,0.0006390297203324735,0.0011864061234518886,0.0023481245152652264,0.003902273252606392,0.006231055594980717,0.008907634764909744,0.011739302426576614,0.013585926964879036,0.01569104939699173,0.019087204709649086,0.025059062987565994,0.03296075016260147,0.0410032793879509,0.053831737488508224,49.535606384277344,45.77214050292969,49.123008728027344,46.15825653076172,43.88115692138672,48.28661346435547,48.7415885925293,46.1444206237793,48.74843215942383,48.47770690917969,45.54346466064453,48.64424514770508,50.554203033447266,50.42421340942383,53.05808639526367,53.869014739990234,60.9334716796875,64.29711151123047,54.61747741699219,1.1603856086730957
232,0.0,0.0001332610409008339,0.0004092109447810799,0.0007335646077990532,0.0013836141442880034,0.002595823025330901,0.00419596116989851,0.006544515956193209,0.009343880228698254,0.012230215594172478,0.014149085618555546,0.01591256633400917,0.019811803475022316,0.02549033798277378,0.03544381633400917,0.04337826743721962,0.05668503791093826,0.07348474115133286,0.10166298598051071,0.13402749598026276,0.2032863199710846,0.2632383704185486,0.3307211995124817,0.46783891320228577,0.7380927801132202,1.1103708744049072,1.378159523010254,1.718998670578003,2.355151891708374,3.406928062438965,4.164798259735107,6.250163555145264,8.462190628051758,14.548879623413086,21.554983139038086,57.31537628173828,1.3140381574630737
233,0.0,0.00013366490020416677,0.0003789261681959033,0.0006914641126058996,0.001292568282224238,0.0026276325806975365,0.004457960836589336,0.006842880509793758,0.009726440533995628,0.012729213573038578,0.014654680155217648,0.01660720817744732,0.021088331937789917,0.027379605919122696,0.03519716113805771,0.042750757187604904,0.056874584406614304,0.06843265891075134,0.09527112543582916,0.12082921713590622,0.1867784559726715,0.2403600513935089,0.300201952457428,0.42808419466018677,0.6552108526229858,1.022185206413269,1.3226490020751953,1.7216157913208008,2.367790937423706,3.3061280250549316,4.345740795135498,6.348505020141602,8.940632820129395,15.243803024291992,21.928125381469727,64.05840301513672,1.474747896194458
234,0.0,0.00012837615213356912,0.0003259552759118378,0.0005948810721747577,0.001153739751316607,0.0023483028635382652,0.004125418607145548,0.006382336840033531,0.00926582608371973,0.011999224312603474,0.013668188825249672,0.015523147769272327,0.01943960227072239,0.02623736299574375,0.0358511358499527,0.04436882585287094,0.06165001541376114,76.52069091796875,79.72868347167969,72.23475646972656,75.9837875366211,76.2834243774414,74.55438232421875,79.66107177734375,76.18693542480469,75.73833465576172,77.86156463623047,76.79944610595703,80.93276977539062,79.88597869873047,84.17744445800781,85.73152160644531,90.25394439697266,94.50924682617188,103.75450134277344,80.93529510498047,1.8968713283538818
235,0.0,0.00011065898434026167,0.00029022787930443883,0.0005277683958411217,0.0010313136735931039,0.0020003891550004482,0.0034205021802335978,0.005550812929868698,0.008166840299963951,0.010979069396853447,0.012644714675843716,0.014128083363175392,0.01781407929956913,0.02453518845140934,0.03383598476648331,0.041472963988780975,0.06193116679787636,0.07869178056716919,0.11426718533039093,0.14313434064388275,0.22124619781970978,0.2808894217014313,0.3351670801639557,0.47740694880485535,0.7397333383560181,1.0656094551086426,1.490186095237732,1.837390661239624,2.552198648452759,3.5192692279815674,4.341625213623047,6.404821395874023,8.952665328979492,13.448070526123047,19.93818473815918,46.62413787841797,1.0110076665878296
