,layer_1,layer_2,layer_3,layer_4,layer_5,layer_6,layer_7,layer_8,layer_9,layer_10,layer_11,layer_12,layer_13,layer_14,layer_15,layer_16,layer_17,layer_18,layer_19,layer_20,layer_21,layer_22,layer_23,layer_24,layer_25,layer_26,layer_27,layer_28,layer_29,layer_30,layer_31,layer_32,layer_33,layer_34,layer_35,layer_36,layer_37
0,0.0,0.004458680283278227,0.022684747353196144,0.06351544708013535,0.2073291689157486,0.5629145503044128,1.0794485807418823,11.504640579223633,11.266603469848633,11.968831062316895,13.016094207763672,13.246755599975586,14.290070533752441,18.379655838012695,18.65495491027832,22.09377098083496,22.77584457397461,21.339488983154297,25.20639419555664,24.3370304107666,32.084434509277344,35.88090896606445,34.499778747558594,45.53307342529297,60.35615921020508,110.76080322265625,129.88609313964844,176.8112335205078,202.19679260253906,308.06976318359375,369.28265380859375,560.0185546875,823.515625,1296.5133056640625,1698.4710693359375,4240.53564453125,127.84532928466797
1,0.0,0.003756680991500616,0.02019965462386608,0.053606078028678894,0.17674779891967773,0.4409351646900177,0.8723330497741699,10.944622039794922,10.797857284545898,11.849737167358398,12.430190086364746,14.068342208862305,13.691877365112305,15.713955879211426,18.33746910095215,17.03267478942871,19.046323776245117,19.2269344329834,23.597145080566406,21.83431053161621,28.792329788208008,31.59183692932129,31.84516143798828,44.65544891357422,63.494529724121094,101.8796615600586,129.04420471191406,158.25025939941406,187.3948211669922,292.018798828125,352.064208984375,530.0496215820312,761.8137817382812,1096.683349609375,1657.23095703125,3563.650634765625,101.52383422851562
2,0.0,0.004833243787288666,0.024676669389009476,0.07828161865472794,0.2566807270050049,0.558360755443573,1.2400752305984497,10.835025787353516,12.487412452697754,13.464781761169434,13.44990062713623,14.319082260131836,14.052301406860352,18.847118377685547,20.331279754638672,22.166648864746094,23.63680648803711,210.54531860351562,219.2432861328125,209.73216247558594,226.048095703125,234.461669921875,220.96498107910156,222.7347869873047,252.35906982421875,296.52545166015625,355.70458984375,371.2205810546875,415.00604248046875,477.277587890625,584.55615234375,825.775390625,1037.9686279296875,1364.7735595703125,1974.5147705078125,4421.18408203125,146.04823303222656
3,0.0,0.005027382634580135,0.025349881500005722,0.07780200242996216,0.2444409281015396,0.6854116916656494,1.2907545566558838,10.179211616516113,11.526277542114258,12.913469314575195,13.337852478027344,13.968367576599121,14.557875633239746,19.547657012939453,20.99636459350586,23.03594207763672,25.151939392089844,24.499130249023438,27.9525146484375,28.793212890625,33.524627685546875,35.56629180908203,38.30351638793945,50.09954071044922,71.83061981201172,121.11636352539062,153.33905029296875,202.53550720214844,280.27069091796875,352.0120849609375,453.080322265625,758.9671630859375,987.1444091796875,1465.2813720703125,1899.337646484375,4587.486328125,158.00169372558594
4,0.0,0.005555239971727133,0.02896844781935215,0.08759856224060059,0.26929131150245667,0.6813982129096985,1.3645517826080322,10.922896385192871,12.459775924682617,12.972539901733398,13.306160926818848,14.24372386932373,15.295516014099121,20.430326461791992,22.937957763671875,24.308979034423828,25.531234741210938,25.64335060119629,29.491806030273438,29.610904693603516,37.88761520385742,43.479942321777344,42.74178695678711,58.916900634765625,80.87261199951172,131.879638671875,179.69078063964844,205.2295684814453,271.75006103515625,379.0959167480469,465.02197265625,719.8017578125,1060.35546875,1548.454345703125,2047.5850830078125,5830.6484375,150.94937133789062
5,0.0,0.004238998983055353,0.018720252439379692,0.05920540168881416,0.18766359984874725,0.4438924491405487,0.8188837170600891,9.89498519897461,11.134848594665527,11.213154792785645,11.800555229187012,12.730344772338867,13.06580924987793,16.30575942993164,17.322166442871094,18.3326416015625,19.916046142578125,19.585296630859375,21.71710968017578,21.541606903076172,29.18833351135254,33.278114318847656,32.39152526855469,41.22988510131836,58.90623092651367,94.40043640136719,112.27771759033203,150.38232421875,201.28506469726562,312.3217468261719,322.1216125488281,563.4947509765625,744.2815551757812,1049.266845703125,1471.2843017578125,3618.9189453125,105.45789337158203
6,0.0,0.0040099904872477055,0.019879654049873352,0.061380255967378616,0.18852223455905914,0.49717405438423157,0.939936101436615,9.772287368774414,10.758293151855469,11.791624069213867,12.200328826904297,12.214452743530273,12.738182067871094,16.082624435424805,17.49350929260254,18.020275115966797,19.7138671875,568.503173828125,593.1045532226562,593.0650634765625,579.9035034179688,569.3809204101562,579.7207641601562,602.9852905273438,594.80078125,617.3716430664062,711.764404296875,660.2861328125,739.37109375,774.697998046875,902.4276733398438,1055.1480712890625,1294.103515625,1575.0972900390625,2037.8304443359375,3803.670166015625,103.41551208496094
7,0.0,0.005820359569042921,0.028898365795612335,0.09631612151861191,0.2812606394290924,0.7572205066680908,1.4301129579544067,10.47746753692627,12.30064868927002,13.221014022827148,14.207205772399902,15.098377227783203,15.830924987792969,20.272056579589844,23.485137939453125,25.473236083984375,25.93131446838379,208.41331481933594,197.9601287841797,193.2533721923828,201.93875122070312,209.2512969970703,198.55401611328125,235.5516357421875,247.6930389404297,293.0794372558594,339.18695068359375,380.3802795410156,458.3548278808594,556.8583984375,652.4808959960938,1001.1806640625,1321.4190673828125,1777.634033203125,2494.821533203125,5765.50341796875,184.80393981933594
8,0.0,0.006338108330965042,0.032141610980033875,0.09794175624847412,0.31422972679138184,0.7498551607131958,1.5589747428894043,10.70641803741455,12.583780288696289,13.745774269104004,13.533811569213867,15.874324798583984,15.502301216125488,22.12034797668457,24.616851806640625,23.637779235839844,25.761518478393555,2159.056396484375,2030.2379150390625,2408.871826171875,2110.36474609375,2097.210205078125,2273.220947265625,2186.821533203125,2242.70849609375,2230.9072265625,2263.1669921875,2405.324951171875,2514.19580078125,2628.096435546875,2614.104736328125,2925.59375,3175.4892578125,3544.182373046875,4410.90185546875,6023.3984375,187.60894775390625
9,0.0,0.004753034096211195,0.024900304153561592,0.0804242417216301,0.26751765608787537,0.6129140853881836,1.135575771331787,10.939436912536621,12.007485389709473,13.40818977355957,13.89062786102295,13.429505348205566,14.199243545532227,18.982524871826172,19.30802345275879,22.607637405395508,22.52857780456543,23.605262756347656,27.202213287353516,27.232080459594727,35.2476921081543,37.39151382446289,38.80998611450195,50.8228759765625,72.4233169555664,117.2502212524414,149.5149688720703,168.71310424804688,252.03646850585938,323.1649475097656,385.2555236816406,699.8577880859375,913.0653076171875,1349.0440673828125,1862.65234375,4648.7001953125,135.07481384277344
10,0.0,0.004816414322704077,0.024623699486255646,0.07458150386810303,0.25099071860313416,0.5996036529541016,1.1528149843215942,10.449085235595703,11.80272102355957,12.758955955505371,12.921549797058105,13.814903259277344,14.721295356750488,17.866226196289062,20.66982078552246,21.76219940185547,22.36433982849121,22.605031967163086,25.24436378479004,27.097991943359375,31.906482696533203,35.61650848388672,39.39260482788086,53.14395523071289,62.325252532958984,110.68578338623047,141.8339080810547,163.8881378173828,242.72744750976562,290.4040832519531,402.10968017578125,681.27783203125,894.1834106445312,1321.177490234375,1806.0140380859375,4422.90771484375,139.37411499023438
11,0.0,0.004839337430894375,0.024831512942910194,0.07907504588365555,0.2526530623435974,0.6539314389228821,1.2554141283035278,11.475447654724121,11.555949211120605,12.543336868286133,13.810154914855957,14.03000545501709,14.25634765625,19.518136978149414,20.321014404296875,22.291610717773438,21.706560134887695,1191.2930908203125,1180.7587890625,1121.3409423828125,1199.3779296875,1244.5743408203125,1254.518310546875,1132.83984375,1165.6907958984375,1366.891845703125,1353.2369384765625,1368.0323486328125,1451.007568359375,1428.665771484375,1497.93603515625,1978.6563720703125,2202.705078125,2734.713134765625,3108.66845703125,5234.25341796875,135.7925567626953
12,0.0,0.004745727404952049,0.024253226816654205,0.07489800453186035,0.2590923309326172,0.6153604984283447,1.0768039226531982,10.217225074768066,12.377331733703613,13.072752952575684,13.886215209960938,13.912615776062012,15.375184059143066,19.199588775634766,20.113325119018555,20.888912200927734,22.932992935180664,24.33037567138672,25.603418350219727,27.677597045898438,32.951141357421875,38.489845275878906,40.26982879638672,51.67234802246094,69.27076721191406,114.87844848632812,146.9758758544922,178.60751342773438,233.56280517578125,324.8836364746094,399.5295104980469,683.1077880859375,808.4563598632812,1351.232177734375,1860.4805908203125,4897.57421875,134.4627227783203
13,0.0,0.005034523084759712,0.02518749050796032,0.07742555439472198,0.25598952174186707,0.6677350401878357,1.180862307548523,10.864906311035156,11.773032188415527,12.632195472717285,13.19935417175293,13.905252456665039,15.31851863861084,18.891376495361328,20.448808670043945,21.597414016723633,23.063875198364258,146.1550750732422,146.5500030517578,150.4783477783203,151.80772399902344,159.02859497070312,153.00775146484375,169.53590393066406,184.82054138183594,238.9008331298828,265.13818359375,316.271484375,383.4067687988281,444.9977722167969,515.0463256835938,773.2537841796875,1024.6500244140625,1465.1812744140625,2004.3193359375,5267.96533203125,139.9893035888672
14,0.0,0.005523132625967264,0.02805745042860508,0.08563457429409027,0.2816123366355896,0.6990538835525513,1.222508430480957,11.451905250549316,12.4550199508667,12.563495635986328,13.802932739257812,14.054200172424316,16.128934860229492,18.15848159790039,21.380006790161133,23.376955032348633,22.98874282836914,156.91943359375,175.73753356933594,177.65911865234375,186.74171447753906,176.71743774414062,182.391845703125,202.2499542236328,223.11734008789062,279.63433837890625,320.6339416503906,335.5766906738281,423.3157043457031,531.9564208984375,577.904052734375,912.2494506835938,1178.6455078125,1854.7451171875,2312.099365234375,5300.99560546875,156.34898376464844
15,0.0,0.005858069751411676,0.03105386719107628,0.08931837975978851,0.3038640320301056,0.7083775997161865,1.2454485893249512,11.048247337341309,12.203577041625977,13.537030220031738,13.767298698425293,15.781719207763672,16.441160202026367,21.001516342163086,22.116641998291016,22.939661026000977,25.826473236083984,491.6657409667969,481.50604248046875,484.2921447753906,525.2959594726562,499.00958251953125,504.74261474609375,539.6929931640625,507.63934326171875,616.9518432617188,618.9775390625,665.5629272460938,724.2562866210938,788.79150390625,951.017333984375,1284.1495361328125,1462.2630615234375,1880.421875,2470.7470703125,5489.56005859375,174.63180541992188
16,0.0,0.005369296297430992,0.027327103540301323,0.0882488489151001,0.263004869222641,0.6465080976486206,1.296887993812561,10.308794975280762,11.477738380432129,13.153621673583984,13.86889362335205,14.536316871643066,14.829706192016602,19.148273468017578,20.04555320739746,22.43410873413086,23.902721405029297,29043.056640625,30288.609375,27455.326171875,28704.7890625,27833.59765625,28825.41796875,27903.8125,26930.701171875,26083.9609375,24988.169921875,22542.654296875,22627.845703125,23452.7109375,23098.017578125,22545.6953125,20509.41015625,20587.3984375,21012.51953125,4694.857421875,148.99176025390625
17,0.0,0.004195366986095905,0.02114938013255596,0.06184067577123642,0.1990823745727539,0.5216379761695862,0.9322100281715393,11.046250343322754,11.043594360351562,11.941733360290527,13.174553871154785,12.415185928344727,13.431864738464355,16.81489372253418,18.241477966308594,19.925395965576172,21.40435218811035,20.211946487426758,24.0250244140625,24.4578800201416,29.24344825744629,34.43975830078125,32.854305267333984,41.67972946166992,57.12196731567383,100.29737854003906,124.98833465576172,147.6201934814453,202.9549560546875,264.30810546875,360.3500061035156,548.27294921875,773.8947143554688,1112.507568359375,1485.4185791015625,3631.166259765625,102.56936645507812
18,0.0,0.005297812633216381,0.025827772915363312,0.07678330689668655,0.259237140417099,0.600124180316925,1.1924915313720703,10.672239303588867,12.535659790039062,12.737760543823242,13.299334526062012,13.938338279724121,14.3663911819458,18.708894729614258,22.121124267578125,22.463314056396484,22.142513275146484,23.369966506958008,27.18962287902832,27.282453536987305,34.858097076416016,39.70010757446289,38.81498718261719,55.06341552734375,81.73707580566406,122.39830780029297,148.0836639404297,203.2138671875,244.6707305908203,366.2818298339844,433.3143310546875,737.2891235351562,988.30029296875,1463.1851806640625,2154.24755859375,5086.12646484375,140.16099548339844
19,0.0,0.004615346901118755,0.023409416899085045,0.07564711570739746,0.23667265474796295,0.5691444277763367,1.0759661197662354,10.33726692199707,11.437540054321289,11.926414489746094,13.283905982971191,13.955275535583496,13.234256744384766,18.343063354492188,18.805301666259766,19.943973541259766,21.236021041870117,30592.650390625,32094.689453125,30884.42578125,29940.994140625,29279.716796875,29939.849609375,30833.611328125,31929.24609375,29216.115234375,28827.328125,27993.1875,27286.447265625,26761.625,25550.44140625,26035.658203125,23246.2578125,23392.63671875,24734.474609375,4514.279296875,140.7896270751953
20,0.0,0.00531079201027751,0.02760924957692623,0.08203856647014618,0.2509653568267822,0.6407049894332886,1.2683066129684448,9.999246597290039,11.730412483215332,11.406035423278809,13.5523099899292,13.92116928100586,15.036949157714844,19.448394775390625,20.57379150390625,22.849027633666992,24.38873291015625,516.9800415039062,487.43096923828125,502.8960876464844,503.762939453125,490.7766418457031,531.31005859375,511.89678955078125,527.8967895507812,585.5922241210938,591.8428955078125,686.5700073242188,715.6332397460938,822.7515869140625,868.8204956054688,1163.06494140625,1399.7093505859375,1764.6143798828125,2314.42626953125,4855.81640625,153.67034912109375
21,0.0,0.006284612230956554,0.033376529812812805,0.10375185310840607,0.34730812907218933,0.9104778170585632,1.5206754207611084,11.036971092224121,12.33043098449707,13.913939476013184,13.663064002990723,14.883305549621582,15.362624168395996,21.82136344909668,23.73553466796875,23.993942260742188,26.351818084716797,1124.1334228515625,1111.9295654296875,1070.290771484375,1162.9190673828125,1146.18603515625,1142.987548828125,1136.6929931640625,1149.967041015625,1247.1981201171875,1280.6527099609375,1318.31884765625,1361.8984375,1520.52734375,1579.8636474609375,1862.641845703125,2180.890625,2771.524658203125,3402.80419921875,6218.03173828125,174.4183807373047
22,0.0,0.005038089118897915,0.02696549892425537,0.08093705773353577,0.2675362527370453,0.6060465574264526,1.268201470375061,11.09175968170166,10.882078170776367,12.992504119873047,13.451098442077637,15.314088821411133,14.78349781036377,18.909637451171875,20.83561897277832,22.004728317260742,22.223188400268555,23.4459228515625,27.664440155029297,28.561172485351562,34.06699752807617,38.05990982055664,38.91832733154297,52.436710357666016,70.86955261230469,115.51155853271484,147.0223846435547,187.04039001464844,242.48516845703125,337.4068298339844,457.75909423828125,709.5961303710938,921.3148193359375,1347.601318359375,2109.95068359375,4492.7294921875,136.36351013183594
23,0.0,0.005179368890821934,0.029756365343928337,0.08813075721263885,0.29539960622787476,0.6879787445068359,1.3550918102264404,11.092804908752441,12.512426376342773,12.840677261352539,13.144828796386719,15.088665008544922,15.068438529968262,19.667070388793945,20.922067642211914,23.338470458984375,24.855205535888672,22605.81640625,23234.9375,22836.15625,23109.1328125,23916.865234375,22450.78515625,25126.27734375,23602.986328125,25229.560546875,22867.234375,23166.150390625,20382.685546875,20769.810546875,21844.1484375,20128.00390625,18911.740234375,19459.79296875,20362.25,5905.9443359375,161.47677612304688
24,0.0,0.003850853070616722,0.018393727019429207,0.05600994825363159,0.1759531944990158,0.4506305754184723,0.8457311391830444,9.988341331481934,10.738632202148438,11.808764457702637,12.34028148651123,13.03349494934082,12.829398155212402,16.55314064025879,16.641809463500977,17.18410873413086,18.196826934814453,19.481372833251953,22.185142517089844,21.178497314453125,27.72550392150879,29.661685943603516,31.013797760009766,40.62441635131836,53.158817291259766,85.64242553710938,112.4149398803711,132.10281372070312,185.73519897460938,246.98741149902344,299.7904968261719,508.2459716796875,713.384765625,1083.950927734375,1462.28125,3762.546630859375,95.81795501708984
25,0.0,0.0036301594227552414,0.018468251451849937,0.050446923822164536,0.14450731873512268,0.4251144528388977,0.7689145803451538,10.149666786193848,11.435302734375,12.41624927520752,12.684736251831055,11.910094261169434,13.105180740356445,15.055732727050781,16.247896194458008,16.966184616088867,18.062528610229492,16.33683967590332,20.2911376953125,19.20184326171875,26.375993728637695,28.252172470092773,30.7747859954834,38.888519287109375,54.378196716308594,86.5504379272461,104.42469787597656,138.58218383789062,175.1440887451172,234.85357666015625,301.8699035644531,463.2734680175781,664.9652099609375,934.2630615234375,1309.4066162109375,3302.438232421875,93.39805603027344
26,0.0,0.006830467376857996,0.033649589866399765,0.10746496915817261,0.32094189524650574,0.8122100234031677,1.5565438270568848,11.339611053466797,12.033465385437012,13.564712524414062,14.785928726196289,15.683131217956543,15.676383972167969,22.86310577392578,23.667068481445312,26.068880081176758,29.950267791748047,43.411800384521484,47.90622329711914,51.653297424316406,58.34394073486328,62.239593505859375,66.84829711914062,84.0186538696289,109.30313110351562,173.83677673339844,212.50770568847656,265.4369812011719,366.4655456542969,476.072998046875,645.8729858398438,986.691650390625,1380.0216064453125,1949.5517578125,2823.875,6818.9814453125,192.3988800048828
27,0.0,0.004923386964946985,0.02476661466062069,0.08884383738040924,0.24792127311229706,0.6717854142189026,1.2419862747192383,10.638901710510254,11.9375581741333,12.961357116699219,13.046724319458008,14.908645629882812,14.615778923034668,19.364397048950195,21.63914680480957,22.2908935546875,23.700149536132812,29577.17578125,28014.330078125,28565.09765625,29687.41796875,29430.115234375,29970.03515625,28369.19140625,29047.251953125,27910.36328125,27467.470703125,26962.759765625,27801.8046875,29298.466796875,25006.140625,23613.025390625,22811.181640625,21915.064453125,22406.87109375,5272.40234375,134.63514709472656
28,0.0,0.006882835645228624,0.03381817415356636,0.10747241228818893,0.3349514603614807,0.8103728294372559,1.5233211517333984,11.407485961914062,11.925126075744629,14.136110305786133,14.597161293029785,15.422586441040039,16.19143295288086,21.59787940979004,26.038379669189453,27.179357528686523,26.49465560913086,282.40252685546875,275.92156982421875,298.284912109375,295.86138916015625,308.04632568359375,297.9285583496094,323.2908630371094,364.251953125,388.76458740234375,429.2291259765625,493.1767272949219,571.7381591796875,677.6054077148438,831.456298828125,1120.389892578125,1448.7528076171875,2043.6456298828125,2630.873291015625,5715.46728515625,182.8360137939453
29,0.0,0.005270571913570166,0.027451444417238235,0.08119040727615356,0.26087984442710876,0.6222776174545288,1.216111660003662,10.765119552612305,11.490625381469727,12.987346649169922,12.766167640686035,13.853890419006348,14.514338493347168,19.36362648010254,22.135976791381836,22.922182083129883,25.798009872436523,26.49736785888672,27.73644256591797,29.007966995239258,35.863712310791016,40.82186508178711,42.51679992675781,54.99864959716797,74.43402099609375,118.27422332763672,144.59356689453125,179.697265625,264.10308837890625,324.7255554199219,418.85888671875,668.0723266601562,975.4540405273438,1390.1993408203125,1859.437255859375,4807.4150390625,161.8872528076172
30,0.0,0.005758224055171013,0.029912998899817467,0.09213979542255402,0.29330575466156006,0.701362669467926,1.3799834251403809,11.024931907653809,12.513764381408691,13.603650093078613,14.293121337890625,14.849761962890625,15.294686317443848,20.863645553588867,21.372262954711914,24.08295440673828,25.784725189208984,26.648578643798828,30.60527229309082,32.40257263183594,35.382537841796875,44.26240921020508,41.05471420288086,61.65095520019531,77.06968688964844,131.3401336669922,144.95416259765625,187.05426025390625,277.0992126464844,382.61700439453125,441.8335266113281,712.9324340820312,1015.3331909179688,1462.89453125,2190.46435546875,5401.64013671875,167.97837829589844
31,0.0,0.004220414441078901,0.021082919090986252,0.06766853481531143,0.20602944493293762,0.522226870059967,1.0011537075042725,10.651609420776367,11.343751907348633,13.195097923278809,12.7304105758667,13.014660835266113,12.985798835754395,17.448810577392578,19.049514770507812,19.96025276184082,21.79176139831543,24593.439453125,24135.107421875,25143.65625,24773.501953125,24411.2734375,24702.046875,24288.365234375,26731.78125,24882.216796875,24907.6171875,22076.412109375,23162.302734375,21583.705078125,19713.3671875,19797.4296875,19298.74609375,20908.517578125,19070.5625,3975.57470703125,108.96271514892578
32,0.0,0.00588765274733305,0.03137138485908508,0.09923440963029861,0.3050008714199066,0.7201240062713623,1.5098786354064941,10.989922523498535,11.875327110290527,12.829056739807129,13.410518646240234,15.102482795715332,15.159100532531738,20.21291160583496,23.971384048461914,25.12518882751465,25.89082908630371,230.74966430664062,228.2814483642578,214.07725524902344,227.7625732421875,244.85057067871094,244.35861206054688,249.0054931640625,294.1121520996094,362.7357177734375,364.3211975097656,422.65765380859375,520.6731567382812,616.7966918945312,693.69482421875,1053.592041015625,1415.7183837890625,2029.238037109375,2619.323974609375,6291.12841796875,187.76661682128906
33,0.0,0.0063460529781877995,0.030060147866606712,0.10069440305233002,0.30797523260116577,0.7823125123977661,1.3727610111236572,11.141725540161133,12.259014129638672,12.526782035827637,14.750279426574707,14.363717079162598,15.761026382446289,20.4531192779541,24.189083099365234,26.48833465576172,26.905298233032227,67.06519317626953,68.13227081298828,65.7017593383789,73.84481811523438,79.72811889648438,84.95115661621094,99.88019561767578,124.16435241699219,176.3599395751953,219.8987579345703,265.7105712890625,332.4512939453125,446.34844970703125,564.6541748046875,878.2650146484375,1139.3743896484375,1687.1871337890625,2406.23095703125,6220.580078125,177.267822265625
34,0.0,0.005903556942939758,0.0317574143409729,0.09927204996347427,0.3172222971916199,0.7991937398910522,1.4910341501235962,11.197982788085938,11.933053016662598,13.735982894897461,13.263789176940918,14.405340194702148,15.28589153289795,22.208982467651367,22.97791862487793,25.89537811279297,27.23874282836914,104.39144134521484,107.27313232421875,100.23119354248047,110.61563110351562,125.18730926513672,120.37789154052734,134.99000549316406,165.22789001464844,224.68551635742188,274.08251953125,312.4247131347656,370.8253173828125,481.385498046875,559.6030883789062,837.7578125,1255.252685546875,1859.016845703125,2563.361083984375,6381.94970703125,180.8018341064453
35,0.0,0.006297324318438768,0.03054659068584442,0.09934813529253006,0.33937814831733704,0.7921465635299683,1.411255955696106,11.881514549255371,11.628955841064453,13.788154602050781,14.031465530395508,15.194316864013672,16.4910831451416,20.92967987060547,23.26119613647461,24.75737953186035,26.460895538330078,55.88737106323242,53.63438415527344,61.064273834228516,70.01982879638672,78.4305419921875,76.29226684570312,90.85614776611328,119.24286651611328,178.63015747070312,213.60235595703125,252.1142578125,329.7657165527344,446.1833190917969,559.26416015625,867.6882934570312,1202.5050048828125,1834.7015380859375,2673.398193359375,6603.72509765625,177.1516571044922
36,0.0,0.007266225293278694,0.035969704389572144,0.11975142359733582,0.37371858954429626,0.881630539894104,1.708158016204834,11.793304443359375,13.172996520996094,14.556220054626465,14.32422924041748,14.891114234924316,16.366531372070312,24.012691497802734,25.96459197998047,27.94487190246582,29.988632202148438,736.17529296875,775.9028930664062,781.1697998046875,836.6779174804688,807.9786376953125,771.7906494140625,830.2119140625,875.9682006835938,942.427001953125,927.6956176757812,941.13427734375,1031.703369140625,1207.7777099609375,1272.9891357421875,1598.4295654296875,1933.961181640625,2632.71728515625,3278.58056640625,6384.390625,208.90025329589844
37,0.0,0.005144122522324324,0.025532178580760956,0.08194886893033981,0.24807405471801758,0.6673030257225037,1.2051345109939575,11.24642276763916,11.019180297851562,12.472838401794434,13.380974769592285,14.641207695007324,14.579156875610352,19.24199676513672,20.883670806884766,22.306354522705078,23.20182991027832,74.0418472290039,78.17266082763672,78.27484130859375,83.85393524169922,86.93212890625,90.35929870605469,100.38264465332031,116.79631805419922,176.72543334960938,188.3832244873047,245.96954345703125,292.29541015625,377.7734680175781,481.8151550292969,699.01416015625,1017.9793090820312,1367.4112548828125,2089.969970703125,4790.72705078125,153.58755493164062
38,0.0,0.004542042501270771,0.02251850627362728,0.0705145001411438,0.21344129741191864,0.56148362159729,1.0835838317871094,10.342598915100098,11.111907005310059,12.49428939819336,12.543147087097168,12.910148620605469,13.807988166809082,17.11368179321289,18.83661460876465,21.146493911743164,20.919410705566406,20.93258285522461,27.096555709838867,26.233692169189453,32.62227249145508,39.34257888793945,40.12800216674805,51.17652893066406,73.60737609863281,120.2322998046875,155.9769287109375,194.61834716796875,252.4722900390625,328.8839111328125,432.3800354003906,686.3723754882812,980.1891479492188,1452.6741943359375,1934.0826416015625,4139.87939453125,130.8105926513672
39,0.0,0.004184276331216097,0.02076742611825466,0.06175766512751579,0.20279166102409363,0.5000705122947693,0.9645740389823914,10.938455581665039,11.196457862854004,12.50319766998291,13.181584358215332,12.283275604248047,13.523362159729004,16.710140228271484,17.688480377197266,20.626583099365234,20.10908317565918,19.91621208190918,23.922487258911133,22.69518280029297,28.443429946899414,33.82526397705078,33.21632766723633,43.37236785888672,60.63554763793945,105.46245574951172,125.62300872802734,146.57888793945312,206.86375427246094,295.0785217285156,374.6982116699219,602.7140502929688,803.5288696289062,1206.0250244140625,1746.765380859375,3710.357421875,119.39142608642578
40,0.0,0.005625257734209299,0.029623979702591896,0.09066284447908401,0.2785515785217285,0.7171639204025269,1.5114771127700806,11.289288520812988,12.00902271270752,13.095473289489746,13.523509979248047,14.472484588623047,15.02776050567627,21.08729362487793,21.612943649291992,23.519763946533203,24.340932846069336,4072.5126953125,4036.9521484375,4074.01416015625,3842.07666015625,3941.657470703125,3775.941162109375,4034.416015625,3360.614990234375,3701.05078125,3308.4404296875,3286.05712890625,3151.5595703125,3089.363037109375,2793.146728515625,3304.99072265625,2927.180908203125,3283.5205078125,3628.4443359375,5786.26806640625,190.9768524169922
41,0.0,0.004406108055263758,0.022671356797218323,0.07284855842590332,0.22943539917469025,0.5093255043029785,1.0556094646453857,10.609702110290527,11.695135116577148,12.039484977722168,12.852581024169922,13.123281478881836,14.459467887878418,17.544015884399414,19.120738983154297,19.584575653076172,22.762388229370117,22831.478515625,23190.400390625,23699.548828125,22251.521484375,23360.880859375,22188.96484375,22094.125,20322.6484375,20737.525390625,20933.75390625,21417.3671875,20239.76171875,18952.892578125,19233.21875,16954.1796875,20880.1484375,17665.078125,17755.701171875,3965.70556640625,126.57781982421875
42,0.0,0.005465099588036537,0.028522184118628502,0.08812886476516724,0.3001701235771179,0.7237409353256226,1.2198840379714966,11.28585433959961,11.64854907989502,13.52723503112793,13.691611289978027,14.737601280212402,15.169554710388184,19.356992721557617,20.390596389770508,23.099504470825195,24.97205924987793,24.837966918945312,27.233959197998047,27.501218795776367,34.836978912353516,42.08921432495117,41.32923889160156,59.24925994873047,81.77713012695312,127.56575775146484,157.4317626953125,208.12322998046875,288.45855712890625,374.2478942871094,451.6033630371094,819.4615478515625,1116.862060546875,1573.214111328125,2231.649169921875,6169.53173828125,158.00306701660156
43,0.0,0.006012155208736658,0.03248262777924538,0.09560773521661758,0.33390486240386963,0.7963206171989441,1.439935564994812,11.728555679321289,12.295660972595215,13.348531723022461,13.867192268371582,15.001129150390625,15.10855770111084,20.430330276489258,22.22657012939453,23.650920867919922,26.039690017700195,348.6529541015625,334.9805603027344,359.6128234863281,365.83770751953125,338.76971435546875,327.26544189453125,378.6079406738281,414.8910827636719,425.7767028808594,473.0527648925781,504.67083740234375,604.5706176757812,710.346435546875,785.8687133789062,1144.53125,1427.23974609375,1936.8153076171875,2383.524169921875,5763.34033203125,199.68576049804688
44,0.0,0.0052611553110182285,0.0274423286318779,0.08965611457824707,0.277829110622406,0.663604736328125,1.2852033376693726,11.174056053161621,11.653646469116211,13.803537368774414,14.169846534729004,14.730782508850098,14.544975280761719,19.005563735961914,20.516407012939453,23.648691177368164,24.58565330505371,26366.1484375,27219.623046875,29212.466796875,26618.7734375,28051.509765625,26410.2109375,25580.568359375,25932.900390625,24195.6484375,24613.064453125,22837.08984375,24753.0859375,23504.345703125,22030.220703125,23809.0703125,21286.748046875,22567.61328125,20452.78125,5595.76953125,146.7229766845703
45,0.0,0.005345609039068222,0.029508279636502266,0.08308364450931549,0.30268368124961853,0.691648006439209,1.2794932126998901,11.110984802246094,12.092765808105469,12.903902053833008,14.057668685913086,14.988184928894043,14.733270645141602,19.819316864013672,20.76474952697754,23.05924415588379,24.63011360168457,23.616451263427734,27.84071159362793,28.720766067504883,36.81145477294922,40.50543212890625,42.95660400390625,57.97561264038086,76.62599182128906,133.44232177734375,164.04290771484375,216.55897521972656,303.2135314941406,376.5148620605469,513.092041015625,819.2335815429688,1082.5748291015625,1705.5494384765625,2273.535400390625,5105.8115234375,154.88185119628906
46,0.0,0.005765221547335386,0.028537992388010025,0.08266817033290863,0.2910107970237732,0.6591499447822571,1.3266853094100952,9.932709693908691,12.630352020263672,14.267495155334473,14.285290718078613,13.653399467468262,15.16824722290039,18.971797943115234,21.984176635742188,23.022750854492188,25.150875091552734,20891.1796875,19767.8125,20797.4921875,19913.896484375,20601.423828125,20398.611328125,19358.412109375,19878.150390625,21010.224609375,18915.419921875,17356.328125,18984.025390625,17893.400390625,16425.39453125,16289.974609375,16794.3984375,16313.6005859375,15155.046875,5234.34912109375,162.47181701660156
47,0.0,0.004212169907987118,0.022196754813194275,0.06332031637430191,0.19814589619636536,0.4715752601623535,0.9298298954963684,11.124873161315918,10.946170806884766,12.250946044921875,12.62703800201416,12.77785873413086,13.204977035522461,15.979365348815918,18.997352600097656,20.07756805419922,21.092405319213867,143.43316650390625,141.8668212890625,150.78904724121094,150.925537109375,147.4924774169922,163.52566528320312,166.6304473876953,194.33181762695312,231.20278930664062,245.54843139648438,271.16168212890625,329.0462646484375,404.95013427734375,433.8391418457031,646.44189453125,946.4998168945312,1158.080810546875,1632.2088623046875,4098.93798828125,126.45437622070312
48,0.0,0.00456964923068881,0.022456753998994827,0.069998599588871,0.22042764723300934,0.5706830620765686,1.0521814823150635,10.69699478149414,11.735457420349121,12.090662956237793,12.788965225219727,13.494222640991211,13.609657287597656,18.10498809814453,19.829133987426758,21.51366424560547,21.647083282470703,21.059734344482422,25.765514373779297,26.05243492126465,31.16621971130371,34.30610656738281,36.34596633911133,46.138580322265625,64.45366668701172,110.84477233886719,142.3250732421875,163.1091766357422,224.734130859375,310.1810607910156,370.046630859375,603.5625610351562,909.904296875,1195.266357421875,1792.2403564453125,4799.544921875,130.5664825439453
49,0.0,0.005913584027439356,0.0303049199283123,0.09280046820640564,0.31514742970466614,0.7508803009986877,1.3901273012161255,10.777691841125488,11.969021797180176,14.183908462524414,14.30196762084961,14.953537940979004,15.8500337600708,20.708568572998047,22.417892456054688,23.616107940673828,27.54825210571289,1983.8646240234375,2238.255615234375,2116.754150390625,2072.0576171875,2025.2042236328125,1746.945556640625,2104.580078125,1819.9952392578125,1955.5970458984375,1857.2484130859375,1869.2198486328125,1736.38916015625,1925.9490966796875,1733.304443359375,2023.0743408203125,2289.51708984375,2707.833740234375,3232.594482421875,6019.59521484375,173.75759887695312
50,0.0,0.0036187483929097652,0.017524266615509987,0.05379889905452728,0.15217016637325287,0.42692458629608154,0.8190557360649109,10.159785270690918,10.618207931518555,11.496928215026855,12.735357284545898,13.148625373840332,12.717303276062012,15.940495491027832,17.194782257080078,16.31441879272461,19.276506423950195,18.050119400024414,21.889657974243164,23.533597946166992,26.81337547302246,30.167455673217773,30.289365768432617,40.451026916503906,52.769798278808594,85.20386505126953,100.21117401123047,127.69697570800781,182.20652770996094,215.37265014648438,288.05523681640625,454.3365783691406,616.0947875976562,919.3317260742188,1281.5567626953125,3140.24658203125,94.59284210205078
51,0.0,0.005589015781879425,0.029896432533860207,0.09707280248403549,0.2897144854068756,0.7579249739646912,1.4981670379638672,10.426199913024902,12.355576515197754,12.838565826416016,14.65353012084961,15.014796257019043,15.82518482208252,19.57219123840332,22.945768356323242,25.321027755737305,26.514951705932617,47146.546875,44413.34765625,45372.5625,44758.953125,42716.921875,43194.2265625,42471.765625,41505.21875,40375.83203125,37998.14453125,39479.484375,40153.7421875,38124.27734375,37612.6640625,33852.76953125,32835.8671875,31027.875,28725.373046875,5331.67822265625,157.02066040039062
52,0.0,0.004689615685492754,0.02561451867222786,0.07805830985307693,0.2505996525287628,0.5589982271194458,1.1840122938156128,10.567086219787598,11.355491638183594,13.172794342041016,13.482464790344238,13.685534477233887,13.86923599243164,18.83989906311035,19.0826416015625,20.98780632019043,21.95196533203125,781.5164184570312,830.5839233398438,761.626708984375,697.3334350585938,805.97900390625,815.353271484375,679.1972045898438,690.1812744140625,669.08837890625,563.07421875,600.1299438476562,566.0823364257812,672.7662963867188,647.6629028320312,833.087890625,1086.41357421875,1399.8214111328125,2074.26611328125,5101.5927734375,151.65025329589844
53,0.0,0.0039503322914242744,0.01895514503121376,0.05562467500567436,0.17965614795684814,0.5036380887031555,0.8223384022712708,10.464760780334473,11.775151252746582,11.335616111755371,12.218680381774902,12.459632873535156,12.829392433166504,15.935879707336426,17.308801651000977,18.107759475708008,19.275480270385742,19.0954532623291,22.937829971313477,23.44806480407715,25.739376068115234,28.463104248046875,31.35429573059082,40.85669708251953,58.35849380493164,96.76533508300781,117.72806549072266,152.78468322753906,192.05747985839844,274.6510925292969,317.6317138671875,509.2176818847656,772.5078125,1101.237060546875,1539.576904296875,3591.586669921875,98.05023956298828
54,0.0,0.007511281408369541,0.04363945126533508,0.13780492544174194,0.43280720710754395,0.9794113039970398,1.9827849864959717,10.908845901489258,13.346375465393066,14.026785850524902,15.544231414794922,17.080402374267578,18.22027015686035,25.347816467285156,28.277708053588867,29.653499603271484,32.244544982910156,56.84075927734375,61.61310577392578,63.31526184082031,74.84024047851562,82.27982330322266,80.38687896728516,112.50816345214844,143.53793334960938,221.04563903808594,262.5706481933594,329.77825927734375,437.3583984375,569.6129760742188,699.1793823242188,1198.5015869140625,1628.6416015625,2343.994873046875,3209.770263671875,8861.1162109375,231.28257751464844
55,0.0,0.006639858242124319,0.03392892703413963,0.0948559045791626,0.30999183654785156,0.7472800612449646,1.5212761163711548,11.298242568969727,12.208024024963379,13.482707977294922,14.09716510772705,15.326603889465332,15.296915054321289,21.14683723449707,22.50838851928711,24.495216369628906,26.450302124023438,18687.888671875,18675.365234375,20502.7265625,20342.740234375,20045.873046875,19697.021484375,19835.98046875,19062.666015625,18652.685546875,17987.162109375,18836.03515625,17124.373046875,18353.205078125,15481.0390625,16054.46484375,14006.7763671875,14058.03125,15196.630859375,5643.64208984375,182.28956604003906
56,0.0,0.005322601180523634,0.0296165831387043,0.08637979626655579,0.28244251012802124,0.6810997724533081,1.3450884819030762,11.395413398742676,12.12346076965332,13.0109281539917,13.596282958984375,14.12906551361084,14.656888961791992,18.94805145263672,20.617082595825195,22.43214225769043,24.066606521606445,316.32135009765625,298.3397521972656,301.5062255859375,317.6604309082031,327.30615234375,303.7734680175781,336.3832092285156,353.8083190917969,374.5890808105469,450.4834289550781,469.9938659667969,531.4462890625,620.59716796875,749.4776611328125,1050.5677490234375,1285.9176025390625,1790.52783203125,2410.44140625,5299.46142578125,168.42071533203125
57,0.0,0.004502561874687672,0.0243686456233263,0.07158926874399185,0.2277037352323532,0.5701329708099365,1.078478217124939,10.661234855651855,11.056254386901855,12.857593536376953,12.718957901000977,13.864789962768555,13.594818115234375,18.04874610900879,18.848386764526367,20.806928634643555,21.872575759887695,27840.197265625,28677.05859375,27880.166015625,28195.19140625,28049.953125,27278.330078125,29824.12109375,26862.80078125,25982.4296875,25627.697265625,24813.65234375,23812.99609375,23732.8046875,23385.59765625,22462.951171875,21681.837890625,22145.32421875,21129.201171875,4314.09033203125,133.83078002929688
58,0.0,0.004464024677872658,0.023201726377010345,0.06727879494428635,0.20782612264156342,0.5647475719451904,1.1148287057876587,9.760305404663086,11.281780242919922,12.992758750915527,11.3726806640625,12.577824592590332,13.335947036743164,16.57827377319336,18.751691818237305,20.300064086914062,20.866121292114258,4474.46435546875,4615.2431640625,4428.01123046875,4725.10498046875,4288.8369140625,4839.29345703125,4511.8935546875,4445.76220703125,4883.02197265625,4636.099609375,5113.7890625,4830.7744140625,4705.0068359375,5111.1279296875,5172.94873046875,4763.39501953125,4894.943359375,5619.14453125,4310.30810546875,134.64581298828125
59,0.0,0.005797275807708502,0.029798218980431557,0.09742766618728638,0.30940213799476624,0.7664706110954285,1.524407148361206,11.228964805603027,12.215120315551758,14.177252769470215,13.77895450592041,15.446977615356445,16.183115005493164,21.114215850830078,23.637306213378906,25.70223617553711,27.826171875,28.114391326904297,34.052711486816406,32.75590896606445,39.346588134765625,46.29216766357422,46.16370391845703,60.45376968383789,94.98912811279297,149.36141967773438,178.7249298095703,233.92388916015625,352.7955017089844,461.347412109375,588.3403930664062,874.18505859375,1200.822021484375,1719.5811767578125,2546.662109375,6588.88232421875,191.76637268066406
60,0.0,0.005367409437894821,0.027037354186177254,0.07316771149635315,0.24216024577617645,0.629622220993042,1.236643671989441,10.176772117614746,11.366636276245117,12.794231414794922,13.401433944702148,13.729111671447754,14.195967674255371,18.46329689025879,19.40618324279785,21.916622161865234,24.350261688232422,29602.71875,30619.427734375,28579.42578125,28501.453125,30329.13671875,28612.75,29357.697265625,29681.578125,26877.07421875,29330.080078125,27178.3515625,28313.71484375,25020.0625,26574.66015625,24602.14453125,23801.75,22949.705078125,22004.146484375,4118.07568359375,137.63412475585938
61,0.0,0.006668407935649157,0.03478045016527176,0.09879208356142044,0.3406147062778473,0.8216486573219299,1.523072600364685,11.5546293258667,11.785807609558105,12.595782279968262,13.822799682617188,15.945412635803223,16.2591495513916,21.272554397583008,24.92117691040039,25.182083129882812,28.54352569580078,52.070072174072266,59.12900161743164,59.95773696899414,65.98194885253906,76.39800262451172,75.528076171875,92.86188507080078,118.5351791381836,181.60813903808594,213.17233276367188,279.5672607421875,365.6905517578125,496.59747314453125,574.5490112304688,1015.3582763671875,1204.5927734375,2021.268310546875,2639.966552734375,6609.595703125,195.4523162841797
62,0.0,0.004540427587926388,0.02573966234922409,0.07002284377813339,0.2383868545293808,0.6351025104522705,1.0350900888442993,10.650164604187012,11.507068634033203,11.98591136932373,12.470773696899414,13.756600379943848,13.671361923217773,18.45903205871582,20.09423065185547,21.78536033630371,23.006080627441406,39.03425216674805,43.59307098388672,42.1624870300293,47.53504943847656,53.68800735473633,52.49710464477539,65.48100280761719,80.91923522949219,132.12203979492188,153.74713134765625,190.5473175048828,259.940673828125,339.1825866699219,418.873046875,701.8013916015625,872.03564453125,1266.4827880859375,1853.8358154296875,4440.93017578125,114.92255401611328
63,0.0,0.007302689366042614,0.03806935250759125,0.12764574587345123,0.3955592215061188,0.9657585620880127,2.056126594543457,11.502191543579102,13.297277450561523,14.409187316894531,15.895488739013672,15.648865699768066,16.726802825927734,22.527639389038086,25.503915786743164,28.865690231323242,31.518877029418945,502.8962707519531,475.3414001464844,528.11328125,511.6798400878906,498.6260681152344,552.1360473632812,545.4256591796875,552.0393676757812,630.9236450195312,709.410400390625,736.94580078125,901.8712768554688,971.5792846679688,1066.3128662109375,1528.9947509765625,1939.7623291015625,2565.70361328125,3245.743896484375,7998.71142578125,218.6254119873047
64,0.0,0.005626530386507511,0.03082439862191677,0.089332215487957,0.3009612560272217,0.8029130101203918,1.550657868385315,11.360750198364258,11.463929176330566,13.709555625915527,14.690250396728516,14.471574783325195,15.15302848815918,21.508426666259766,22.300230026245117,24.64240837097168,27.208274841308594,12130.396484375,11871.99609375,13453.4794921875,12739.8212890625,12571.6953125,12055.2099609375,11072.5107421875,12248.6484375,11170.0908203125,11557.07421875,10410.5146484375,10301.5908203125,10832.7880859375,9230.2763671875,9665.4326171875,9081.171875,8876.486328125,9505.1669921875,5697.71435546875,174.6408233642578
65,0.0,0.004607143811881542,0.024237483739852905,0.07114456593990326,0.22490136325359344,0.6045064926147461,1.0637623071670532,9.824756622314453,11.577826499938965,12.682866096496582,13.07532787322998,13.082744598388672,14.103938102722168,16.667770385742188,18.093379974365234,19.019519805908203,21.95535659790039,21.6400203704834,24.87478256225586,26.427875518798828,30.57512855529785,34.96500778198242,36.7738151550293,46.12638473510742,65.84539031982422,109.56194305419922,133.9910430908203,163.67938232421875,218.09780883789062,304.0339660644531,390.4815673828125,605.8759765625,913.3703002929688,1247.0125732421875,1664.6871337890625,4062.361572265625,119.12786865234375
66,0.0,0.005285095423460007,0.02675030194222927,0.08103795349597931,0.2401403933763504,0.6014494299888611,1.1823056936264038,11.183730125427246,11.043612480163574,13.091751098632812,13.460247039794922,14.375125885009766,13.61983871459961,18.402183532714844,19.252981185913086,22.00113296508789,23.05403709411621,607.0440063476562,598.6968994140625,638.7001342773438,619.2866821289062,606.272216796875,593.9179077148438,660.9990844726562,685.8365478515625,622.5301513671875,738.6062622070312,749.0050659179688,790.1369018554688,895.5120849609375,958.0120239257812,1257.2320556640625,1402.8377685546875,1906.511962890625,2286.239013671875,5329.99755859375,156.70973205566406
67,0.0,0.004246518015861511,0.019914815202355385,0.06066759303212166,0.17628033459186554,0.47576069831848145,0.8657640814781189,10.88292407989502,11.787562370300293,12.161855697631836,11.713309288024902,12.712177276611328,13.218640327453613,17.319128036499023,18.013444900512695,18.26685905456543,19.335317611694336,19.655712127685547,22.738859176635742,23.606313705444336,29.6453800201416,31.958005905151367,33.08211898803711,45.09125900268555,63.97958755493164,100.2182388305664,136.9131622314453,168.40664672851562,217.27310180664062,300.5092468261719,386.4194030761719,595.67578125,857.6735229492188,1132.4886474609375,1652.96630859375,3561.974365234375,104.71595764160156
68,0.0,0.005831655114889145,0.030780278146266937,0.09130064398050308,0.3079542815685272,0.7389199733734131,1.4880070686340332,11.369524002075195,12.880192756652832,13.275668144226074,13.951814651489258,14.42392635345459,15.058688163757324,20.784257888793945,21.73270034790039,23.60355567932129,26.673826217651367,376.4176940917969,359.2243957519531,350.7094421386719,416.81964111328125,379.1931457519531,369.10101318359375,426.8621520996094,424.72027587890625,459.158447265625,517.6920166015625,580.63232421875,663.1056518554688,738.7010498046875,795.3921508789062,1115.3978271484375,1488.6749267578125,1965.5396728515625,2540.08447265625,6055.037109375,181.82791137695312
69,0.0,0.0058473143726587296,0.03349818289279938,0.09833108633756638,0.3000139892101288,0.7774009108543396,1.4981495141983032,11.527314186096191,12.368709564208984,14.498573303222656,15.314502716064453,15.805782318115234,16.045875549316406,21.28973960876465,24.53190040588379,26.00518035888672,27.199634552001953,12007.5341796875,12792.9150390625,12598.126953125,11863.9013671875,11562.15625,11998.892578125,13006.359375,12042.9609375,12228.720703125,12232.1318359375,11815.9423828125,11977.3447265625,13066.3310546875,12139.1845703125,13282.62109375,13602.076171875,13138.91015625,14043.8330078125,6028.85888671875,183.23135375976562
70,0.0,0.005240089725703001,0.02626572735607624,0.08197993785142899,0.24496957659721375,0.7175623178482056,1.164101004600525,11.169401168823242,12.285246849060059,13.095640182495117,13.640101432800293,14.036150932312012,14.21986198425293,19.096561431884766,21.129657745361328,21.916473388671875,24.474931716918945,10763.3408203125,10027.7919921875,10487.0693359375,9461.9462890625,10168.7763671875,9688.1181640625,9748.5986328125,9732.98828125,9868.7197265625,8340.9501953125,9012.0283203125,9122.94140625,8408.9990234375,8548.58203125,8248.3623046875,7102.34423828125,7252.51123046875,7133.0205078125,5114.8466796875,152.5575408935547
71,0.0,0.004963529296219349,0.024703508242964745,0.08306358009576797,0.2693518102169037,0.6893725991249084,1.2527803182601929,10.569272994995117,11.356258392333984,12.585821151733398,12.838871002197266,13.8200044631958,14.801186561584473,18.5053768157959,20.490957260131836,22.14678192138672,23.84320640563965,1873.4503173828125,1726.1807861328125,1895.8924560546875,1851.3460693359375,1754.303955078125,1825.9925537109375,1667.7601318359375,1633.9224853515625,1546.6998291015625,1537.616455078125,1527.5963134765625,1446.8831787109375,1331.0377197265625,1343.1260986328125,1497.3707275390625,1555.18603515625,1896.610107421875,2304.274658203125,4967.0634765625,149.1158905029297
72,0.0,0.004226050805300474,0.021974613890051842,0.060336045920848846,0.18947279453277588,0.4725821614265442,0.8430843949317932,10.540180206298828,11.094656944274902,12.100458145141602,12.219999313354492,13.427255630493164,13.105164527893066,17.068971633911133,18.651826858520508,19.484485626220703,19.362218856811523,20733.064453125,22456.80859375,21852.455078125,20982.4453125,19418.404296875,19793.740234375,20069.52734375,20612.896484375,17903.212890625,19822.392578125,18872.15625,17761.916015625,17875.109375,16205.4755859375,16541.318359375,16087.9873046875,15033.12109375,16202.8525390625,3932.527099609375,112.14768981933594
73,0.0,0.003956243861466646,0.019778868183493614,0.058054931461811066,0.18516696989536285,0.5049234628677368,0.93532794713974,10.6544771194458,11.294289588928223,11.795787811279297,12.887540817260742,13.598633766174316,12.835603713989258,16.840818405151367,18.058631896972656,19.540512084960938,20.606548309326172,15851.46484375,17148.828125,15827.6884765625,15500.29296875,15584.4267578125,16155.2763671875,15800.8984375,15482.3603515625,14977.4326171875,14485.73046875,14699.109375,14293.876953125,13040.130859375,12171.5869140625,11426.37109375,11829.4697265625,12235.1611328125,11547.3828125,3567.954833984375,111.7343521118164
74,0.0,0.005470113828778267,0.028216488659381866,0.08298330754041672,0.28079912066459656,0.6420099139213562,1.243508219718933,10.798982620239258,11.35920524597168,12.333281517028809,13.31623363494873,13.86050033569336,14.808097839355469,19.198230743408203,21.64834213256836,22.689105987548828,25.28837013244629,452.0959777832031,515.6329956054688,490.42083740234375,476.07403564453125,517.9116821289062,485.111572265625,538.2573852539062,528.8042602539062,556.5084838867188,591.0223999023438,668.6986694335938,743.87451171875,813.791259765625,884.380615234375,1193.25634765625,1393.4573974609375,1899.212890625,2518.57421875,5285.01123046875,153.3451385498047
75,0.0,0.005069677252322435,0.026729345321655273,0.0828324630856514,0.2805836796760559,0.689659595489502,1.1923662424087524,10.302029609680176,11.665457725524902,13.515280723571777,13.637587547302246,14.617647171020508,14.899569511413574,17.678625106811523,21.23179817199707,23.627342224121094,23.051984786987305,2165.05615234375,2349.22900390625,2161.290283203125,2300.487548828125,2417.687255859375,2163.268310546875,2090.93896484375,2303.47900390625,2205.66455078125,2277.625,2287.084228515625,2638.108642578125,2599.256591796875,2535.175048828125,2906.372802734375,3033.41357421875,3531.48828125,4339.767578125,5351.12646484375,167.4732208251953
76,0.0,0.00670813862234354,0.033174287527799606,0.10612546652555466,0.3372715413570404,0.7522487044334412,1.4368096590042114,11.139808654785156,12.893830299377441,13.762179374694824,14.2274169921875,15.91610050201416,17.252439498901367,22.111473083496094,26.090707778930664,27.206825256347656,29.51657485961914,7578.39501953125,7662.55322265625,7286.83544921875,8255.06640625,8294.353515625,8024.41455078125,7622.64794921875,7061.09130859375,7037.1015625,7477.97412109375,6761.2890625,6968.84619140625,6825.76416015625,6056.955078125,6243.6142578125,6087.408203125,6540.01953125,6419.45361328125,5948.8623046875,189.44337463378906
77,0.0,0.006081457249820232,0.032452963292598724,0.09827301651239395,0.3010263442993164,0.8020525574684143,1.361587643623352,10.753875732421875,12.023627281188965,12.699297904968262,14.130867958068848,15.940978050231934,15.925092697143555,20.317338943481445,22.05986785888672,25.350536346435547,27.552946090698242,984.5673828125,1034.2821044921875,1070.5748291015625,959.6650390625,1057.1319580078125,1020.2400512695312,1072.697509765625,1078.9217529296875,1154.0650634765625,1168.06103515625,1251.5872802734375,1332.6705322265625,1383.9625244140625,1461.6873779296875,1894.696044921875,2057.6943359375,2665.15771484375,3443.12158203125,5686.19140625,185.8748779296875
78,0.0,0.007381001953035593,0.042553745210170746,0.12705135345458984,0.41670864820480347,0.9692493081092834,1.8247448205947876,11.81382942199707,13.580811500549316,14.908740043640137,15.927083015441895,16.45161247253418,17.28849220275879,23.566652297973633,25.844038009643555,30.1224308013916,30.859487533569336,5730.99462890625,5787.947265625,5250.09228515625,5684.19921875,5341.95556640625,5248.138671875,5307.740234375,4641.08203125,5066.97509765625,4643.81201171875,4871.00341796875,4560.69384765625,4697.9990234375,4195.83642578125,4061.57421875,4588.67236328125,4727.5869140625,5598.96533203125,6234.833984375,240.0343017578125
79,0.0,0.005066025536507368,0.024827370420098305,0.08060211688280106,0.24120624363422394,0.5825124979019165,1.151485800743103,10.745381355285645,12.307039260864258,12.333905220031738,12.887452125549316,14.435866355895996,14.518869400024414,19.18625831604004,19.990718841552734,20.437740325927734,22.68651580810547,1750.734130859375,1754.0748291015625,1780.3997802734375,1740.5322265625,1782.474853515625,1648.8341064453125,1712.827880859375,1722.29248046875,1716.83349609375,1784.6309814453125,1986.7188720703125,1907.8438720703125,2006.218994140625,2086.02001953125,2250.066650390625,2752.729248046875,3132.738037109375,3672.127197265625,5464.5693359375,147.24606323242188
80,0.0,0.007495406549423933,0.042473215609788895,0.13406836986541748,0.4210417568683624,1.0771554708480835,1.9461205005645752,11.138373374938965,13.674694061279297,14.549625396728516,15.333789825439453,16.80718231201172,17.697980880737305,22.998119354248047,28.814682006835938,29.27288818359375,30.681560516357422,1885.0733642578125,1746.4638671875,1926.34912109375,1688.0367431640625,1623.386962890625,1737.5496826171875,1556.049560546875,1601.7298583984375,1718.3397216796875,1477.695556640625,1580.6131591796875,1775.1790771484375,1778.2391357421875,1919.648681640625,2286.064208984375,2779.588623046875,3427.276123046875,3797.822998046875,7025.603515625,245.83706665039062
81,0.0,0.005094271618872881,0.025668829679489136,0.07491523772478104,0.23114384710788727,0.6022785902023315,1.2193018198013306,10.948190689086914,11.319022178649902,12.791869163513184,12.95211410522461,14.749938011169434,14.897822380065918,19.727336883544922,20.923559188842773,22.200658798217773,24.902982711791992,22.77484893798828,27.312318801879883,27.793771743774414,35.007057189941406,39.50371170043945,38.56140899658203,53.2234001159668,81.5902099609375,126.33128356933594,154.52011108398438,195.72047424316406,271.8782043457031,349.2701721191406,476.8363037109375,706.6200561523438,1017.774658203125,1475.216064453125,2099.98193359375,4801.34619140625,163.8831329345703
82,0.0,0.004248534329235554,0.020688459277153015,0.060234736651182175,0.19663357734680176,0.5171167850494385,0.9651761651039124,10.213257789611816,11.708370208740234,12.352816581726074,13.390873908996582,14.23747444152832,13.790365219116211,18.14390754699707,19.17397689819336,19.776968002319336,19.521352767944336,20.620208740234375,24.687091827392578,22.204574584960938,28.93952178955078,31.68494987487793,31.385791778564453,45.1036262512207,58.60443115234375,96.15382385253906,127.64543151855469,144.2006378173828,203.38551330566406,261.095947265625,343.22637939453125,581.1510009765625,772.063232421875,1185.8250732421875,1391.8990478515625,3944.30322265625,111.84322357177734
83,0.0,0.004415422212332487,0.024381471797823906,0.06778010725975037,0.2084406167268753,0.5516703128814697,0.9905925989151001,10.638033866882324,10.92599105834961,11.784512519836426,12.828845977783203,12.419340133666992,14.060489654541016,17.218963623046875,19.356138229370117,20.098854064941406,21.341304779052734,22974.79296875,23270.548828125,22802.0,25818.87109375,21663.44921875,22525.43359375,22557.005859375,22855.841796875,20703.78125,23176.421875,21842.369140625,19968.248046875,21095.505859375,19327.30859375,18133.484375,17223.125,16813.064453125,19086.8359375,4575.56298828125,131.01824951171875
84,0.0,0.00488125067204237,0.02359764091670513,0.07545331120491028,0.2553561329841614,0.6164250373840332,1.144589900970459,11.371150016784668,11.452256202697754,12.72673511505127,13.684292793273926,13.958260536193848,14.444306373596191,19.15464210510254,20.881559371948242,21.189790725708008,22.311241149902344,906.16552734375,849.84814453125,828.7127685546875,850.2522583007812,865.11474609375,831.9911499023438,936.65869140625,972.3590698242188,958.814208984375,957.7214965820312,1018.2108154296875,1139.652587890625,1248.424072265625,1202.8973388671875,1445.107421875,1636.632080078125,2121.158447265625,2521.412109375,4766.83984375,139.3688507080078
85,0.0,0.00560131948441267,0.028399217873811722,0.08507194370031357,0.2821435034275055,0.7576144337654114,1.3291599750518799,9.546965599060059,12.597696304321289,12.586746215820312,13.46247386932373,14.12778377532959,14.88672161102295,20.433420181274414,22.496952056884766,25.2299861907959,27.294483184814453,39185.328125,36506.859375,37505.48828125,35848.2578125,36552.37890625,36423.05859375,38045.578125,39547.046875,36309.21875,35623.06640625,33842.83203125,32023.361328125,33426.3203125,29089.9609375,29801.431640625,28719.46484375,24346.6171875,25021.8359375,5764.2568359375,170.8145294189453
86,0.0,0.004847023170441389,0.023128174245357513,0.07294469326734543,0.2204323261976242,0.5242720246315002,1.0491973161697388,10.501110076904297,11.542059898376465,12.177790641784668,13.154791831970215,13.967031478881836,14.33212947845459,16.637042999267578,19.727388381958008,21.653316497802734,22.646568298339844,464.0704040527344,475.3970947265625,508.77484130859375,485.230712890625,493.01904296875,509.238525390625,552.310302734375,531.1932983398438,611.1539306640625,569.8611450195312,611.0438842773438,691.9795532226562,799.061767578125,880.6406860351562,1157.995849609375,1347.437744140625,1711.01953125,2329.966552734375,4425.53515625,142.0783233642578
87,0.0,0.007015755400061607,0.03860926255583763,0.11736612766981125,0.3753136098384857,0.8983574509620667,1.709989070892334,11.23600959777832,12.674467086791992,14.268941879272461,15.78382682800293,16.245052337646484,16.898544311523438,23.893434524536133,25.2651424407959,26.854076385498047,28.949901580810547,720.1735229492188,729.0338745117188,772.867431640625,736.987548828125,728.1243896484375,715.5424194335938,753.5900268554688,798.7498168945312,840.5504150390625,928.2232666015625,973.9842529296875,1054.418212890625,1189.6341552734375,1263.5345458984375,1632.322998046875,2117.80810546875,2527.797607421875,3131.196044921875,7061.22265625,221.50686645507812
88,0.0,0.005519963335245848,0.029805459082126617,0.08104992657899857,0.26986297965049744,0.6992136836051941,1.3335888385772705,11.769600868225098,11.91816520690918,12.784180641174316,12.978263854980469,14.681244850158691,14.824841499328613,19.743982315063477,20.7919979095459,23.14983367919922,25.71438980102539,543.7625122070312,612.3175048828125,631.514892578125,635.0896606445312,600.2750244140625,604.7450561523438,586.0646362304688,682.9337768554688,693.7536010742188,741.4306640625,788.8073120117188,845.2561645507812,955.2642822265625,1028.8792724609375,1346.9395751953125,1672.4930419921875,2013.003173828125,2860.155517578125,5779.13671875,170.3416748046875
89,0.0,0.0037137235049158335,0.016576366499066353,0.050873152911663055,0.16510827839374542,0.42455247044563293,0.7579347491264343,10.57653522491455,10.46993350982666,11.182391166687012,12.513702392578125,12.285626411437988,13.490766525268555,15.04382038116455,17.227596282958984,18.08452606201172,18.96165657043457,579.3292846679688,598.6471557617188,588.0165405273438,587.6871337890625,559.6109008789062,633.82080078125,629.1923828125,630.56298828125,665.8375244140625,666.08447265625,698.7926635742188,766.3515625,780.8892822265625,781.6717529296875,995.848388671875,1169.9183349609375,1374.7236328125,1757.526123046875,2765.204345703125,87.7607421875
90,0.0,0.005570480599999428,0.026220059022307396,0.08792506903409958,0.2861308753490448,0.6750614047050476,1.365378975868225,10.521095275878906,11.965353012084961,13.782855987548828,13.116040229797363,14.086993217468262,15.265430450439453,19.125629425048828,20.925865173339844,22.226806640625,22.74502182006836,5486.28271484375,5603.32568359375,5478.93408203125,5560.54541015625,5221.22900390625,5602.96923828125,5703.599609375,5183.91943359375,5233.345703125,4460.6171875,4792.3447265625,4551.63623046875,4617.4111328125,4062.189697265625,3706.568603515625,3678.653564453125,3995.666748046875,4580.1953125,4731.76806640625,158.08151245117188
91,0.0,0.004918653983622789,0.02717074751853943,0.07204843312501907,0.2602677345275879,0.6783352494239807,1.1213747262954712,10.853586196899414,11.853590965270996,12.717637062072754,12.765031814575195,14.073702812194824,14.440217018127441,18.307762145996094,20.36970329284668,20.96639633178711,23.64983367919922,27472.134765625,27876.509765625,29859.994140625,27007.751953125,28979.8125,27177.369140625,27253.048828125,26631.041015625,27725.0859375,27589.537109375,27098.509765625,25054.609375,25870.662109375,23376.056640625,22726.642578125,21431.1796875,23080.30859375,22447.8046875,5104.97119140625,145.1708221435547
92,0.0,0.0048125870525836945,0.024309121072292328,0.07370647042989731,0.24355897307395935,0.5920600891113281,1.0630769729614258,10.932096481323242,10.78126049041748,12.97152042388916,12.742701530456543,13.090348243713379,14.228521347045898,18.248727798461914,18.76690673828125,19.905668258666992,22.410703659057617,484.85931396484375,490.89190673828125,537.6340942382812,483.2713928222656,548.1517333984375,480.71771240234375,508.8752136230469,551.530029296875,602.7808837890625,562.2020263671875,679.5548095703125,725.3899536132812,800.3397216796875,939.9314575195312,1179.338134765625,1419.099609375,1892.5284423828125,2287.1396484375,5178.7255859375,148.6427764892578
93,0.0,0.005500165279954672,0.028222449123859406,0.09099948406219482,0.27432847023010254,0.6610859632492065,1.3173679113388062,11.480457305908203,12.666783332824707,13.926802635192871,13.859000205993652,14.918313026428223,14.956805229187012,20.885099411010742,22.94777488708496,23.45271110534668,26.629356384277344,283.77203369140625,264.46148681640625,274.5569152832031,297.1689453125,276.1817626953125,280.49224853515625,323.79302978515625,328.123779296875,395.53741455078125,397.5077209472656,450.0215148925781,545.2587890625,618.7839965820312,710.7957763671875,905.5408935546875,1274.7867431640625,1810.413818359375,2347.504150390625,5835.6318359375,150.95240783691406
94,0.0,0.004914932418614626,0.024564094841480255,0.07281989604234695,0.20563046634197235,0.5521173477172852,1.0796416997909546,9.96513557434082,11.781603813171387,12.562065124511719,13.360225677490234,13.208248138427734,14.088549613952637,18.765134811401367,18.907054901123047,20.73432159423828,23.449331283569336,32545.568359375,30315.6796875,29196.873046875,30542.669921875,33174.421875,30525.583984375,27647.83984375,30423.455078125,30124.35546875,29663.513671875,28560.296875,26487.986328125,25521.45703125,26606.09765625,27478.64453125,23866.056640625,23247.869140625,22022.46484375,4112.8017578125,133.7322540283203
95,0.0,0.004241744987666607,0.02190142497420311,0.0625959113240242,0.2000865638256073,0.47661781311035156,0.9236282110214233,11.16650676727295,11.166481018066406,11.87571907043457,13.002321243286133,13.849053382873535,13.912149429321289,16.37990379333496,17.933137893676758,18.193769454956055,20.91184425354004,18461.658203125,18246.705078125,19938.521484375,19197.59375,19346.41796875,18698.896484375,17655.060546875,18136.9296875,17705.908203125,17275.48828125,17443.208984375,14458.30078125,16305.21484375,15572.1728515625,14652.984375,14728.4228515625,14568.92578125,13256.7705078125,3944.8837890625,123.28114318847656
96,0.0,0.005901507567614317,0.03160589188337326,0.10899953544139862,0.35488682985305786,0.7787790298461914,1.5392922163009644,11.30385684967041,12.197331428527832,13.097333908081055,14.650028228759766,15.445958137512207,16.482398986816406,20.895788192749023,23.293285369873047,28.16482162475586,27.539005279541016,1145.655029296875,1239.881103515625,1218.6099853515625,1085.07958984375,1139.0694580078125,1063.420166015625,1152.337646484375,1086.364013671875,978.1385498046875,915.4899291992188,936.9847412109375,857.971923828125,917.5844116210938,894.2252807617188,1191.6895751953125,1403.5506591796875,2136.28857421875,2747.362548828125,7192.412109375,191.6075439453125
97,0.0,0.005041048862040043,0.025329232215881348,0.08148912340402603,0.23883745074272156,0.6242784857749939,1.1445496082305908,10.558156967163086,11.808793067932129,12.47708511352539,13.218783378601074,13.357938766479492,14.79212760925293,18.68442726135254,20.716121673583984,21.978042602539062,23.79381561279297,39.32197189331055,45.071144104003906,44.555442810058594,51.23684310913086,53.590213775634766,54.686214447021484,70.91197204589844,82.7527847290039,137.9029083251953,163.83282470703125,199.79087829589844,266.3325500488281,350.2771301269531,390.8318176269531,663.6777954101562,938.1724243164062,1290.2938232421875,1946.8902587890625,4915.7021484375,148.49044799804688
98,0.0,0.004188130609691143,0.020960373803973198,0.06999360769987106,0.2030196636915207,0.5399428009986877,1.0086333751678467,10.625510215759277,11.967053413391113,11.95102310180664,12.58265495300293,12.469647407531738,13.026915550231934,15.55493450164795,17.36444854736328,19.34233283996582,19.37179183959961,14090.890625,12879.216796875,13941.923828125,13993.087890625,13117.46484375,12592.4990234375,12964.1962890625,12994.6689453125,12874.29296875,11692.728515625,11631.779296875,10499.07421875,11044.517578125,10633.4853515625,10779.478515625,9824.94921875,10181.6650390625,9240.9384765625,4117.5556640625,117.81016540527344
99,0.0,0.005066694691777229,0.02489616535604,0.07598914206027985,0.24192927777767181,0.5931519269943237,1.2039611339569092,10.40866470336914,11.991572380065918,12.047463417053223,12.890447616577148,13.483068466186523,14.58946704864502,18.76064682006836,19.768661499023438,22.392824172973633,22.842626571655273,281.9886169433594,268.87908935546875,288.1288757324219,284.0850830078125,293.3668212890625,278.4073791503906,300.8846435546875,312.8971252441406,370.6348876953125,392.4759521484375,419.8250732421875,498.4836120605469,584.5196533203125,678.45703125,890.2526245117188,1170.819580078125,1495.2662353515625,2338.515625,4516.56494140625,146.3520965576172
100,0.0,0.0045270719565451145,0.023738835006952286,0.06930918991565704,0.22294889390468597,0.5872668027877808,1.0263973474502563,10.417203903198242,11.11642837524414,13.138823509216309,13.634685516357422,13.031831741333008,13.944985389709473,16.859758377075195,19.25198745727539,19.378833770751953,22.623199462890625,28074.95703125,25834.78515625,25424.91796875,26576.529296875,24301.6328125,24926.603515625,25574.0078125,25735.89453125,23937.484375,22452.568359375,24536.037109375,21927.837890625,23570.611328125,19945.09375,19577.46875,19762.748046875,19919.96875,18936.42578125,4465.1220703125,143.9220428466797
101,0.0,0.004199989605695009,0.020261580124497414,0.06143943965435028,0.1957349330186844,0.48454663157463074,0.9355801343917847,9.814927101135254,12.079766273498535,11.921299934387207,12.398824691772461,12.94692611694336,13.505986213684082,15.897504806518555,18.243032455444336,18.342823028564453,19.61640739440918,566.6475830078125,595.404052734375,649.7106323242188,614.142333984375,583.4591674804688,629.4605102539062,608.6014404296875,659.0127563476562,670.9791870117188,690.2205200195312,706.7440185546875,803.2411499023438,848.1456909179688,904.6260375976562,1189.73486328125,1375.4390869140625,1635.13134765625,2192.44677734375,3999.599853515625,122.47795867919922
102,0.0,0.0047429343685507774,0.02294502779841423,0.06779399514198303,0.23593097925186157,0.5437374711036682,1.0497838258743286,10.766545295715332,11.606094360351562,12.439391136169434,12.727059364318848,13.244656562805176,14.09937572479248,17.66748809814453,18.962505340576172,21.627056121826172,22.063581466674805,21.48832893371582,26.495933532714844,23.962501525878906,30.717466354370117,34.16583251953125,34.889915466308594,48.36038589477539,64.66681671142578,109.38153076171875,126.18930053710938,155.66220092773438,222.42648315429688,296.6430358886719,370.9534606933594,586.1204833984375,779.0452270507812,1230.3668212890625,1781.4183349609375,4624.40185546875,136.74351501464844
103,0.0,0.004763482138514519,0.023395348340272903,0.06778530031442642,0.2261837273836136,0.5991315245628357,0.9757710695266724,10.623948097229004,11.346151351928711,12.238262176513672,13.071090698242188,13.593727111816406,14.301484107971191,18.552520751953125,19.09333038330078,20.589881896972656,21.57872200012207,21.76080894470215,24.486164093017578,25.441341400146484,30.429075241088867,35.569034576416016,37.79163360595703,45.94984436035156,65.88301849365234,105.1217269897461,135.9250030517578,174.04330444335938,237.09866333007812,297.6614990234375,410.4146728515625,686.97216796875,913.5667724609375,1285.4990234375,1778.671142578125,4374.01025390625,136.86143493652344
104,0.0,0.006207593251019716,0.03626187890768051,0.10963860899209976,0.3276354670524597,0.8185688853263855,1.6719210147857666,11.437297821044922,12.673894882202148,14.235668182373047,14.469330787658691,15.406644821166992,15.931879997253418,21.39681053161621,23.55242156982422,24.7800350189209,27.905855178833008,523.9148559570312,554.2498779296875,514.1682739257812,539.375,567.2616577148438,530.1421508789062,535.901123046875,593.8673706054688,668.4676513671875,684.7986450195312,747.3181762695312,802.9124755859375,879.59423828125,1054.3990478515625,1367.235107421875,1700.2803955078125,2133.197509765625,3015.646484375,5864.7841796875,199.61199951171875
105,0.0,0.004161025397479534,0.02083430252969265,0.06520445644855499,0.20906385779380798,0.5375865697860718,0.9377233982086182,10.884744644165039,11.559041976928711,11.752768516540527,13.029805183410645,14.607253074645996,13.488834381103516,16.82373046875,17.575899124145508,19.317941665649414,21.36516571044922,75.5880355834961,72.24212646484375,78.8141098022461,78.23981475830078,85.82830810546875,85.40522003173828,102.88433074951172,121.52426147460938,149.7598876953125,192.72210693359375,215.45010375976562,259.20751953125,346.9398193359375,396.809814453125,646.3615112304688,814.7190551757812,1209.5823974609375,1818.8258056640625,4438.896484375,121.97706604003906
106,0.0,0.005427866242825985,0.027347316965460777,0.08243299275636673,0.2693038582801819,0.7080336213111877,1.268554449081421,10.854266166687012,11.680978775024414,12.84283447265625,13.112166404724121,14.679930686950684,14.145469665527344,19.425151824951172,20.680530548095703,23.457109451293945,23.856910705566406,122.15548706054688,123.55443572998047,126.72002410888672,133.8023223876953,137.76173400878906,134.81687927246094,155.75807189941406,166.4052276611328,226.90451049804688,255.0306854248047,292.671630859375,377.40338134765625,465.7530517578125,550.076171875,797.4653930664062,1118.9256591796875,1637.3245849609375,2126.22265625,5553.6240234375,167.1048583984375
107,0.0,0.006175532471388578,0.03493448346853256,0.10076549649238586,0.3006317913532257,0.8013472557067871,1.4881826639175415,11.758180618286133,12.359831809997559,12.442048072814941,14.31796932220459,14.723719596862793,15.500577926635742,20.80292320251465,21.904685974121094,23.829946517944336,27.126575469970703,588.1070556640625,652.2705688476562,563.5450439453125,620.2392578125,622.3541259765625,591.5238647460938,643.334716796875,659.180419921875,714.5932006835938,751.4769287109375,754.7952880859375,888.259521484375,1028.935791015625,1102.8359375,1407.252197265625,1682.79345703125,2294.95703125,3104.2275390625,6770.8701171875,182.5795440673828
108,0.0,0.0050473627634346485,0.02515532821416855,0.0844186320900917,0.24775680899620056,0.6083076000213623,1.0921626091003418,11.33158016204834,11.228168487548828,12.477712631225586,13.152530670166016,14.203248977661133,14.708229064941406,19.11980438232422,19.05817985534668,21.39870834350586,23.348411560058594,208.4414520263672,208.3565216064453,218.78875732421875,231.38719177246094,220.6268768310547,235.17738342285156,246.6070098876953,267.7796325683594,287.2815856933594,349.5909423828125,356.08404541015625,424.8353576660156,537.4874877929688,623.1931762695312,823.1480712890625,1148.564453125,1486.65283203125,2094.837646484375,4823.21240234375,147.4519500732422
109,0.0,0.00578998401761055,0.029491998255252838,0.08253836631774902,0.2845871150493622,0.6882413029670715,1.376837968826294,11.26103687286377,11.755796432495117,13.493319511413574,13.754615783691406,15.188743591308594,15.13829517364502,19.127866744995117,20.955848693847656,25.4332332611084,26.265989303588867,703.46142578125,748.1012573242188,671.7686767578125,748.8019409179688,726.2888793945312,672.4962768554688,744.3424072265625,796.6851196289062,855.7325439453125,862.6774291992188,968.402587890625,966.5316162109375,1023.1718139648438,1186.777587890625,1406.7357177734375,1769.61328125,2247.196044921875,2742.319091796875,6048.4931640625,167.23446655273438
110,0.0,0.004481973126530647,0.02149071916937828,0.062172792851924896,0.19265137612819672,0.48675447702407837,0.9024156928062439,10.635558128356934,10.831713676452637,12.010641098022461,13.350479125976562,13.778397560119629,13.652763366699219,17.327058792114258,18.791603088378906,19.612552642822266,21.137142181396484,21.351526260375977,23.450138092041016,26.08591651916504,31.21961784362793,33.54749298095703,33.91973114013672,47.963157653808594,62.457618713378906,106.916748046875,135.66725158691406,178.16510009765625,244.46875,320.5335693359375,400.4178466796875,614.8338012695312,1001.3640747070312,1337.414306640625,1700.0421142578125,3748.874267578125,115.69698333740234
111,0.0,0.004793654661625624,0.026057168841362,0.08219411224126816,0.26480957865715027,0.6372249126434326,1.1173300743103027,10.301546096801758,12.061857223510742,12.735654830932617,13.29163932800293,14.635551452636719,14.820671081542969,19.365718841552734,20.470556259155273,21.957937240600586,23.65291976928711,27.167766571044922,30.839048385620117,30.5181827545166,36.88799285888672,43.0407600402832,43.77528381347656,58.44587707519531,74.36053466796875,120.20956420898438,153.415283203125,188.5530242919922,254.5720672607422,337.2361145019531,450.4508361816406,673.623291015625,885.3670654296875,1313.9869384765625,1947.942138671875,5401.24609375,152.4156036376953
112,0.0,0.004388061817735434,0.02206350490450859,0.06230111047625542,0.19522057473659515,0.5084991455078125,0.9485366344451904,10.37343978881836,11.466543197631836,12.176523208618164,12.267570495605469,12.311239242553711,13.593913078308105,17.907190322875977,17.68227767944336,19.212614059448242,20.137306213378906,101.19062805175781,108.39447021484375,110.66740417480469,110.60087585449219,118.49186706542969,120.35953521728516,137.8201904296875,144.19515991210938,173.18203735351562,196.51051330566406,221.33828735351562,288.0047607421875,322.2565002441406,400.18914794921875,606.09326171875,841.7640380859375,1047.0584716796875,1643.7418212890625,4005.948486328125,120.7432861328125
113,0.0,0.00516434945166111,0.02619779482483864,0.08475279808044434,0.24275632202625275,0.5918493270874023,1.170667052268982,11.171893119812012,11.99525260925293,13.156002044677734,12.774087905883789,13.467209815979004,15.010751724243164,18.538524627685547,21.294445037841797,22.228618621826172,24.986732482910156,3207.0810546875,2777.607666015625,3102.82275390625,3079.3193359375,3005.265869140625,3137.931640625,3146.896484375,2942.113037109375,3009.789794921875,3031.634765625,2997.794189453125,3258.59716796875,3408.26904296875,3386.541748046875,3496.166259765625,3827.78515625,4376.35498046875,4882.7880859375,4802.8271484375,160.6426239013672
114,0.0,0.004741398151963949,0.02366800419986248,0.0700206458568573,0.21461261808872223,0.5428043603897095,1.1555655002593994,11.342056274414062,11.798528671264648,13.128756523132324,12.907926559448242,13.596488952636719,14.41922378540039,17.893400192260742,19.325529098510742,21.291231155395508,23.172122955322266,22.643943786621094,24.924163818359375,26.788684844970703,31.4962100982666,37.82155990600586,37.21723556518555,50.37522506713867,66.64289093017578,100.31461334228516,131.81260681152344,172.88320922851562,244.76731872558594,343.07318115234375,411.1144714355469,648.3181762695312,944.3137817382812,1376.2603759765625,1778.404541015625,4253.75439453125,137.27122497558594
115,0.0,0.004715317860245705,0.024023456498980522,0.07258433103561401,0.2140139788389206,0.5356274843215942,0.9892939925193787,10.342501640319824,12.08989429473877,12.500539779663086,13.820002555847168,14.168049812316895,14.082147598266602,17.810840606689453,18.83399772644043,20.544658660888672,21.56861114501953,1170.22509765625,1082.082275390625,1088.3631591796875,1221.891357421875,1066.7716064453125,1156.5914306640625,1162.8968505859375,1229.3394775390625,1256.6949462890625,1273.515869140625,1356.1488037109375,1267.4927978515625,1537.796875,1507.19482421875,1747.4503173828125,1905.8057861328125,2483.652587890625,2891.97265625,4767.89208984375,132.0106201171875
116,0.0,0.004262054804712534,0.020948734134435654,0.05844488739967346,0.19074968993663788,0.4765086770057678,0.9338111877441406,10.221233367919922,11.103797912597656,12.003914833068848,12.827725410461426,13.185846328735352,13.910438537597656,16.329608917236328,17.482736587524414,18.0550594329834,19.355770111083984,1812.0455322265625,1693.5250244140625,1874.2783203125,1731.3966064453125,1777.258544921875,1751.0997314453125,1804.0838623046875,1857.5654296875,1765.9345703125,1815.444580078125,1889.1405029296875,1927.7713623046875,1863.571044921875,1901.7305908203125,2345.572021484375,2374.861083984375,2600.301513671875,3269.2080078125,3683.035888671875,103.92242431640625
117,0.0,0.004542974755167961,0.02404378168284893,0.0690196081995964,0.22679762542247772,0.5620080828666687,1.0908873081207275,10.918950080871582,11.7646484375,12.586995124816895,13.620750427246094,13.430375099182129,13.521605491638184,17.08246612548828,18.817440032958984,20.21909523010254,20.588642120361328,336.49664306640625,351.5757751464844,314.5459289550781,353.3358154296875,366.2474060058594,346.8628234863281,364.5853271484375,374.8908386230469,421.755126953125,427.3249206542969,462.89508056640625,505.5250244140625,610.73291015625,659.1194458007812,918.25390625,1041.7864990234375,1513.7718505859375,2107.511962890625,4748.02880859375,128.15003967285156
118,0.0,0.0045745414681732655,0.022809578105807304,0.06901498883962631,0.2260078489780426,0.5673107504844666,1.041553258895874,10.20504379272461,11.915816307067871,12.096681594848633,13.222224235534668,12.881176948547363,13.43378734588623,17.951082229614258,18.42510986328125,20.57645034790039,22.628185272216797,703.2055053710938,749.171630859375,692.9846801757812,784.1426391601562,730.1126098632812,701.1259155273438,705.9899291992188,779.6887817382812,826.4434204101562,839.9069213867188,771.4257202148438,901.275146484375,966.4326782226562,1041.51123046875,1159.4300537109375,1525.521728515625,1732.8785400390625,2183.441650390625,3806.705322265625,123.25476837158203
119,0.0,0.0049376050010323524,0.025333408266305923,0.07587195187807083,0.23712420463562012,0.5974875092506409,1.0852974653244019,10.765240669250488,11.037334442138672,12.721457481384277,13.102485656738281,13.998769760131836,15.472793579101562,18.550886154174805,20.759429931640625,22.07318115234375,22.52533721923828,22.746719360351562,27.149337768554688,27.841190338134766,35.75888442993164,40.142852783203125,38.65353775024414,54.855865478515625,71.26091003417969,113.85198211669922,145.32054138183594,174.16009521484375,263.04046630859375,310.77020263671875,424.77581787109375,638.5219116210938,889.8388671875,1325.3533935546875,1784.0408935546875,4389.62158203125,133.3179931640625
120,0.0,0.005283117759972811,0.026510750874876976,0.08162551373243332,0.26279139518737793,0.7250887155532837,1.2253845930099487,10.481559753417969,11.734275817871094,13.283496856689453,13.566241264343262,14.726383209228516,14.297112464904785,19.784372329711914,20.27623748779297,24.139270782470703,25.379070281982422,707.5162963867188,660.8292846679688,676.8191528320312,640.9091796875,760.4100341796875,744.1669311523438,679.9046630859375,744.1919555664062,805.474853515625,849.7393188476562,897.6572875976562,939.6058959960938,976.8659057617188,1162.589111328125,1488.39111328125,1811.7139892578125,2142.4111328125,2764.295654296875,5452.89111328125,150.83517456054688
121,0.0,0.004875402431935072,0.02599468268454075,0.07356364279985428,0.24094998836517334,0.6026576161384583,1.2023128271102905,10.379178047180176,11.748825073242188,12.542819023132324,13.333312034606934,13.71944808959961,14.087651252746582,18.543500900268555,20.367401123046875,21.897232055664062,23.184139251708984,23.333498001098633,26.171022415161133,25.194581985473633,32.54074478149414,38.07282638549805,37.11255645751953,47.74140930175781,65.44110107421875,108.68013763427734,136.61825561523438,154.62091064453125,223.0431671142578,297.7967224121094,378.69073486328125,616.40625,762.5856323242188,1307.7720947265625,1685.7938232421875,4284.92919921875,137.19082641601562
122,0.0,0.005391539540141821,0.02853594534099102,0.09324737638235092,0.26025140285491943,0.7489088773727417,1.3673008680343628,10.708043098449707,12.704174041748047,13.031644821166992,14.21839714050293,14.265154838562012,15.425359725952148,20.029817581176758,22.40302085876465,22.742156982421875,25.63541603088379,2456.46728515625,2307.163818359375,2581.145751953125,2450.490478515625,2350.4150390625,2493.9990234375,2540.144775390625,2450.802001953125,2452.697265625,2422.169189453125,2649.59765625,2666.298583984375,2594.051025390625,2884.83203125,3305.43603515625,3397.04150390625,3962.290771484375,4529.0673828125,5544.873046875,163.6631317138672
123,0.0,0.005620231851935387,0.02631486766040325,0.09065017849206924,0.28003084659576416,0.694430947303772,1.3442078828811646,11.189911842346191,12.137140274047852,12.910223960876465,14.051652908325195,14.483235359191895,15.195023536682129,20.33978843688965,21.204204559326172,23.408634185791016,24.350343704223633,51.019569396972656,53.358028411865234,53.48583221435547,62.23401641845703,63.66511535644531,63.339332580566406,79.04928588867188,102.90660095214844,150.8047637939453,174.22879028320312,219.2501983642578,288.9290466308594,388.7096862792969,430.0142517089844,721.605712890625,1060.430908203125,1490.7530517578125,1966.3856201171875,5200.6455078125,150.3428192138672
124,0.0,0.005722991190850735,0.02822248637676239,0.09138479083776474,0.27075448632240295,0.6903119087219238,1.3540074825286865,11.123018264770508,12.194148063659668,12.225919723510742,13.264293670654297,14.272222518920898,14.817641258239746,19.608259201049805,21.232784271240234,22.176488876342773,24.789093017578125,2513.008544921875,2776.313720703125,2751.629150390625,2670.34765625,2823.881103515625,2637.114990234375,2671.115478515625,2964.63525390625,2523.12158203125,2554.849365234375,2698.391357421875,2841.892822265625,2594.99365234375,2626.358154296875,2883.45458984375,3177.760009765625,3593.1884765625,4256.48681640625,5933.298828125,169.227294921875
125,0.0,0.006703698541969061,0.03372681513428688,0.1126590445637703,0.3603285551071167,0.8892773985862732,1.5774940252304077,10.810572624206543,12.300422668457031,14.689138412475586,15.128898620605469,16.476926803588867,16.42978286743164,22.935239791870117,26.270647048950195,27.776399612426758,30.208919525146484,3009.34228515625,3199.889404296875,3200.374267578125,3156.840087890625,3319.335205078125,3167.98046875,2972.934814453125,3144.729248046875,2968.966064453125,3095.088134765625,2840.438720703125,2767.59423828125,2579.320556640625,2597.5986328125,2828.7783203125,2975.220703125,3239.7119140625,4092.80029296875,7302.52783203125,210.43218994140625
126,0.0,0.003919844515621662,0.020006652921438217,0.0571133978664875,0.17961359024047852,0.4809964895248413,0.8926270008087158,9.765729904174805,10.669252395629883,12.442696571350098,12.194479942321777,13.248404502868652,12.952471733093262,16.482126235961914,17.363481521606445,17.6322078704834,19.06032943725586,14719.9326171875,14124.978515625,15451.951171875,15428.1796875,15509.9267578125,14787.822265625,16722.69140625,16369.712890625,13738.7998046875,14940.1123046875,14902.4130859375,13636.32421875,13274.9765625,13430.8681640625,12826.96875,11994.306640625,11190.3984375,11869.44921875,3245.017578125,104.84352111816406
127,0.0,0.007738018874078989,0.04633161798119545,0.1389041244983673,0.4568360149860382,1.0426135063171387,1.8982491493225098,11.863788604736328,13.356261253356934,14.84492015838623,15.220791816711426,17.75905418395996,18.6068172454834,24.100915908813477,30.52931022644043,32.609127044677734,34.15048599243164,932.7232666015625,1119.8897705078125,1071.8631591796875,996.4063720703125,965.3591918945312,908.9537963867188,937.259765625,914.1741943359375,960.9066772460938,918.9970092773438,938.8836669921875,1014.2848510742188,1198.0347900390625,1236.4775390625,1633.122314453125,2092.670166015625,2677.27734375,3656.590576171875,8828.361328125,270.7716979980469
128,0.0,0.007743414957076311,0.03750066086649895,0.12894000113010406,0.4054238498210907,0.9459054470062256,1.831329345703125,10.973869323730469,12.996415138244629,15.036430358886719,14.71218204498291,16.014789581298828,16.861949920654297,24.68973731994629,25.914535522460938,30.35746192932129,29.726749420166016,624.4291381835938,656.6148681640625,650.4083862304688,640.7367553710938,655.3535766601562,688.66650390625,705.1201171875,717.582275390625,784.6530151367188,824.3875122070312,914.9490966796875,1002.6018676757812,1172.6158447265625,1313.9908447265625,1802.8201904296875,2209.485595703125,3018.97705078125,3672.460693359375,8297.91796875,232.5511474609375
129,0.0,0.005120943300426006,0.025244763121008873,0.07105487585067749,0.22989585995674133,0.6606559157371521,1.1791585683822632,11.071996688842773,12.052939414978027,13.732514381408691,12.895809173583984,13.982359886169434,14.870688438415527,18.515531539916992,18.27988624572754,21.907724380493164,22.045053482055664,21.855091094970703,25.93988800048828,25.679622650146484,33.368499755859375,36.87130355834961,38.30389404296875,51.52125549316406,73.44392395019531,117.23770904541016,147.6720733642578,183.04141235351562,254.43414306640625,338.091796875,428.8252868652344,711.6408081054688,1003.7863159179688,1441.00927734375,1946.51904296875,5016.82421875,154.5884552001953
130,0.0,0.005069916136562824,0.026056544855237007,0.07603099197149277,0.24269072711467743,0.6149189472198486,1.0427939891815186,11.181085586547852,11.517117500305176,12.867977142333984,12.76170539855957,14.72657585144043,14.161890983581543,18.636219024658203,20.707599639892578,22.57376480102539,23.255760192871094,230.92813110351562,219.03041076660156,218.30166625976562,226.57179260253906,227.82882690429688,227.1480712890625,255.7559814453125,278.7892761230469,315.18115234375,324.6304626464844,376.4569091796875,466.4789123535156,547.5800170898438,635.3912963867188,862.2122802734375,1100.8837890625,1540.103271484375,2249.56298828125,4764.06005859375,158.28611755371094
131,0.0,0.005643909797072411,0.02893832139670849,0.08740101754665375,0.28798988461494446,0.6902859210968018,1.4071424007415771,10.957841873168945,12.368314743041992,13.49999713897705,13.0064115524292,14.496061325073242,14.869588851928711,20.652820587158203,21.088672637939453,24.226367950439453,25.797807693481445,622.82080078125,590.4534301757812,603.9615478515625,618.1942749023438,647.2881469726562,624.1153564453125,582.8038940429688,649.6270751953125,645.657470703125,690.5935668945312,759.9766235351562,849.2764282226562,933.1891479492188,1040.7803955078125,1328.36962890625,1516.8863525390625,2096.152587890625,2529.276611328125,5533.81298828125,171.00022888183594
132,0.0,0.00482924235984683,0.022262146696448326,0.07592505216598511,0.23489943146705627,0.5784156918525696,1.0636099576950073,10.594901084899902,11.47578239440918,12.429228782653809,12.883477210998535,13.552284240722656,13.031673431396484,17.788524627685547,18.66227912902832,20.368215560913086,22.015228271484375,23049.80078125,25440.107421875,24140.54296875,23920.408203125,25381.802734375,23000.537109375,22794.8046875,22710.732421875,22519.63671875,23664.30078125,22298.423828125,21918.470703125,23031.677734375,22333.927734375,22826.9453125,20316.208984375,22485.59765625,20542.353515625,4405.05908203125,134.0634307861328
133,0.0,0.007676861248910427,0.042162392288446426,0.141204372048378,0.42494770884513855,1.1937357187271118,2.0136590003967285,12.474264144897461,13.210625648498535,14.79351806640625,15.758546829223633,17.562389373779297,18.004413604736328,27.09890365600586,28.335224151611328,31.26527976989746,32.29401779174805,1119.1116943359375,1211.33447265625,1147.67626953125,1138.0673828125,1121.3951416015625,1171.5003662109375,1152.84228515625,1262.1539306640625,1210.9783935546875,1374.5390625,1315.031005859375,1501.596923828125,1578.072021484375,1829.100341796875,2213.427734375,2768.933349609375,3083.29443359375,4115.91455078125,7459.71533203125,256.5457458496094
134,0.0,0.006254203617572784,0.031192133203148842,0.09054825454950333,0.2940831780433655,0.7358606457710266,1.4544068574905396,10.661188125610352,12.12914752960205,13.131584167480469,13.733175277709961,14.320127487182617,14.785396575927734,20.681127548217773,22.65973663330078,25.6437931060791,25.94745445251465,1592.83251953125,1836.8065185546875,1781.6881103515625,1664.788330078125,1666.809326171875,1837.3670654296875,1735.8853759765625,1736.692626953125,1933.954345703125,1872.107666015625,1981.59033203125,2049.2568359375,2287.584716796875,2319.595703125,2513.7412109375,2817.95751953125,3380.416015625,4097.91796875,5564.92626953125,180.1593017578125
135,0.0,0.005758128594607115,0.030142970383167267,0.09202646464109421,0.2890828251838684,0.7045333385467529,1.4053092002868652,10.702410697937012,11.687406539916992,13.267836570739746,14.015036582946777,14.653038024902344,15.180432319641113,19.637922286987305,23.211620330810547,22.766578674316406,24.138187408447266,181.91848754882812,196.12257385253906,193.56521606445312,205.4901123046875,217.9284210205078,211.8087615966797,209.33981323242188,249.0380401611328,299.81591796875,317.9820556640625,385.0486145019531,429.56890869140625,567.861328125,663.0003051757812,959.11376953125,1341.70361328125,1763.7735595703125,2265.68212890625,5593.15673828125,166.26866149902344
136,0.0,0.004829758778214455,0.02592989057302475,0.07892714440822601,0.2563869059085846,0.7239875197410583,1.2447798252105713,10.94423770904541,11.95988941192627,12.504231452941895,13.325056076049805,14.149603843688965,14.471380233764648,18.81403350830078,20.49667739868164,22.388137817382812,22.218647003173828,731.8692626953125,756.1987915039062,800.4850463867188,769.5327758789062,785.6879272460938,744.7639770507812,761.8221435546875,760.2319946289062,819.322021484375,855.6287841796875,988.2382202148438,954.9154052734375,1039.235107421875,1142.6552734375,1416.6041259765625,1652.61865234375,1941.1568603515625,2642.488037109375,4724.46240234375,139.60311889648438
137,0.0,0.0060969325713813305,0.028924573212862015,0.09693294763565063,0.3079545497894287,0.7628003358840942,1.4388738870620728,12.020057678222656,12.12570858001709,12.128984451293945,13.839488983154297,14.668983459472656,16.029495239257812,21.74768829345703,23.668697357177734,23.996984481811523,25.78070831298828,117.7884750366211,120.89502716064453,117.60182189941406,136.8677520751953,152.45545959472656,140.39840698242188,156.20367431640625,184.177978515625,253.82688903808594,265.5823974609375,324.2768859863281,391.6938171386719,491.9786682128906,623.0137939453125,893.5687866210938,1150.1112060546875,1681.423583984375,2454.51220703125,5636.40673828125,182.35462951660156
138,0.0,0.003657290246337652,0.017049534246325493,0.051966920495033264,0.15408013761043549,0.3913840651512146,0.7714561820030212,10.256531715393066,10.017117500305176,11.768597602844238,12.07111644744873,12.522963523864746,12.855389595031738,15.39944839477539,15.399606704711914,17.263492584228516,18.186914443969727,391.7056884765625,427.9587097167969,424.90380859375,398.60296630859375,449.14971923828125,410.366455078125,454.408447265625,446.9085693359375,425.4489440917969,487.5762023925781,528.6651611328125,586.1622314453125,600.8976440429688,684.2553100585938,832.0741577148438,971.2492065429688,1282.5225830078125,1599.83447265625,2725.5751953125,96.8606948852539
139,0.0,0.005236882250756025,0.027518674731254578,0.09897524118423462,0.27455881237983704,0.6945211291313171,1.4638572931289673,10.826300621032715,11.515230178833008,12.957662582397461,13.604227066040039,13.958843231201172,15.032635688781738,21.104421615600586,22.229938507080078,23.19660758972168,25.240379333496094,42.58714294433594,46.93086242675781,49.20095443725586,56.34630584716797,62.240821838378906,60.55528259277344,74.01254272460938,101.16512298583984,146.56007385253906,168.9497833251953,223.95657348632812,298.0450744628906,387.0179443359375,449.4735412597656,765.6143188476562,1116.749755859375,1509.967041015625,2239.57763671875,5457.72119140625,171.60400390625
140,0.0,0.0053159878589212894,0.029439875856041908,0.08755341917276382,0.26158344745635986,0.6586822271347046,1.1282278299331665,11.382760047912598,11.904205322265625,12.474266052246094,12.252631187438965,14.469200134277344,13.778727531433105,18.73720359802246,20.179161071777344,21.468402862548828,23.072797775268555,1983.3701171875,2203.91943359375,1957.091552734375,2005.458740234375,2051.238037109375,2198.074462890625,1956.43212890625,1957.8572998046875,2098.5615234375,2114.04248046875,2129.463134765625,2258.97509765625,2308.802490234375,2416.87451171875,2792.482177734375,3161.750732421875,3554.203857421875,3954.1162109375,5555.34326171875,162.91392517089844
141,0.0,0.00381525163538754,0.02041575312614441,0.06112771853804588,0.20635783672332764,0.5453423261642456,1.040631890296936,10.738442420959473,11.454460144042969,12.79660415649414,12.664907455444336,12.994787216186523,13.0171537399292,16.21442985534668,18.732444763183594,18.787988662719727,20.592082977294922,19.74675178527832,23.47041893005371,24.62134552001953,29.269607543945312,32.91779708862305,33.63029479980469,44.535152435302734,61.28960037231445,100.2870864868164,119.48978424072266,144.84388732910156,207.07293701171875,300.6508483886719,340.4351501464844,523.8636474609375,776.1161499023438,1158.2344970703125,1549.6634521484375,4325.6953125,107.74388885498047
142,0.0,0.003991706296801567,0.0190864410251379,0.05681753158569336,0.17810550332069397,0.476580411195755,0.9385191202163696,10.926701545715332,11.10571575164795,12.040709495544434,12.875123977661133,11.760851860046387,13.298916816711426,17.02548599243164,17.217405319213867,19.215354919433594,19.36542320251465,19.239961624145508,21.40919303894043,21.91714096069336,27.479305267333984,31.59674835205078,30.27815818786621,41.91336441040039,51.83222961425781,89.88275146484375,115.86448669433594,141.74819946289062,189.22242736816406,262.2884521484375,340.43988037109375,517.8694458007812,720.830078125,1118.078125,1393.7568359375,3444.79736328125,112.69408416748047
143,0.0,0.005537635181099176,0.030864108353853226,0.09025142341852188,0.2875373661518097,0.7121374607086182,1.352020025253296,10.69166088104248,12.071073532104492,13.722322463989258,14.345426559448242,14.906723022460938,15.60537052154541,21.467668533325195,21.621875762939453,22.722192764282227,24.320215225219727,122.60041046142578,124.74105072021484,121.98767852783203,134.136474609375,146.41873168945312,140.54888916015625,161.0731658935547,190.7681884765625,231.49542236328125,257.8420715332031,295.78204345703125,373.90228271484375,497.45751953125,606.3157348632812,875.0923461914062,1133.153076171875,1742.579345703125,2358.994140625,5893.53125,177.8766326904297
144,0.0,0.0039445385336875916,0.019171150401234627,0.05814923346042633,0.17413026094436646,0.46655750274658203,0.8025741577148438,11.01469612121582,10.816411018371582,12.160064697265625,12.828357696533203,12.469228744506836,13.749292373657227,17.722414016723633,16.880483627319336,18.04075050354004,18.599212646484375,18.453100204467773,22.23562240600586,22.53288459777832,28.53986167907715,31.04906463623047,30.935462951660156,40.84604263305664,57.505584716796875,95.92582702636719,110.1863784790039,134.8772735595703,197.17967224121094,246.71385192871094,339.26275634765625,517.5435180664062,721.4144897460938,1056.746826171875,1478.3489990234375,3409.67919921875,98.91041564941406
145,0.0,0.004337972961366177,0.02223900333046913,0.06670638173818588,0.21557894349098206,0.5277436375617981,1.0367742776870728,10.025283813476562,11.362870216369629,12.662725448608398,13.771961212158203,13.680213928222656,13.274090766906738,18.305662155151367,18.927053451538086,20.278072357177734,20.579059600830078,20.819602966308594,22.70428466796875,23.162492752075195,29.523101806640625,33.2498893737793,33.56439208984375,45.8741340637207,63.055145263671875,110.27062225341797,127.89494323730469,161.91989135742188,218.28269958496094,293.6824035644531,371.7038879394531,622.58447265625,890.4047241210938,1231.2684326171875,1835.0760498046875,4201.17626953125,124.8646469116211
146,0.0,0.004201555624604225,0.021840903908014297,0.06099305301904678,0.20206555724143982,0.545847475528717,1.0459871292114258,10.863494873046875,11.875823020935059,12.58582592010498,12.951568603515625,13.776541709899902,13.339953422546387,17.7742919921875,18.36836051940918,20.321985244750977,21.612741470336914,4244.119140625,4141.36767578125,4159.3056640625,3992.57958984375,4409.0517578125,3937.15576171875,3724.4296875,3546.08740234375,3572.297607421875,3288.2646484375,3463.80419921875,3356.383544921875,3096.663330078125,3195.778564453125,3128.020263671875,2943.617431640625,3197.025146484375,3532.48486328125,4327.4462890625,113.6122055053711
147,0.0,0.005306735634803772,0.028005335479974747,0.08179056644439697,0.274247944355011,0.6679279208183289,1.328540563583374,10.845625877380371,12.286417007446289,13.723723411560059,13.076971054077148,14.209222793579102,15.754420280456543,20.778430938720703,21.727527618408203,23.436697006225586,23.7479305267334,244.1323699951172,239.58729553222656,237.80136108398438,243.72579956054688,244.18331909179688,251.69349670410156,250.7251739501953,281.1468811035156,328.7396545410156,366.39300537109375,403.4346008300781,482.4915771484375,560.9636840820312,639.474609375,936.3334350585938,1221.206787109375,1726.33984375,2241.823486328125,5181.587890625,161.96185302734375
148,0.0,0.004535216838121414,0.02135925367474556,0.07562937587499619,0.22726720571517944,0.5835500359535217,1.0554124116897583,10.373929977416992,11.555998802185059,12.308965682983398,13.249736785888672,13.097086906433105,14.126334190368652,17.825345993041992,18.41687774658203,20.12670135498047,21.235660552978516,5729.7275390625,5549.6982421875,5328.0068359375,5700.2890625,5671.83447265625,5566.95947265625,5214.35546875,5278.8642578125,5193.46923828125,5230.37060546875,4925.1181640625,4414.451171875,4663.71826171875,4046.40869140625,3889.711181640625,3621.6171875,3888.943603515625,4107.34619140625,4371.42724609375,127.988037109375
149,0.0,0.006453606765717268,0.033696092665195465,0.11887624859809875,0.3758595287799835,0.9159986972808838,1.7748503684997559,11.837396621704102,12.11473274230957,13.99490737915039,15.549177169799805,15.54025650024414,16.063188552856445,22.284147262573242,25.9514102935791,27.866615295410156,28.384443283081055,372.89984130859375,388.7632751464844,362.05340576171875,371.98931884765625,397.1203918457031,406.4639892578125,416.0758361816406,431.1372985839844,500.0125732421875,533.8087768554688,646.0805053710938,682.8828735351562,758.79052734375,1022.6698608398438,1357.48828125,1767.440185546875,2225.048583984375,2929.91357421875,6389.44287109375,198.2639923095703
150,0.0,0.0059607671573758125,0.031564779579639435,0.0871831551194191,0.29013118147850037,0.8017647862434387,1.344590187072754,10.49082088470459,12.812596321105957,13.124297142028809,14.096653938293457,15.31682300567627,15.660211563110352,20.321125030517578,22.452735900878906,25.34125518798828,25.338851928710938,27.006853103637695,32.50102615356445,33.058868408203125,41.305686950683594,46.46401596069336,46.17770767211914,60.27296447753906,85.86078643798828,147.10662841796875,186.14022827148438,227.54324340820312,320.48590087890625,388.0927429199219,514.904541015625,853.6757202148438,1232.47216796875,1789.2279052734375,2350.324462890625,5623.30322265625,155.9241943359375
151,0.0,0.005162337329238653,0.027037128806114197,0.08443658798933029,0.2702808976173401,0.6691306233406067,1.2900031805038452,10.3453950881958,12.362587928771973,12.539533615112305,13.309172630310059,14.146098136901855,15.405272483825684,19.91421890258789,21.479419708251953,22.98292350769043,24.831680297851562,14153.2548828125,14365.2783203125,14726.4755859375,14542.3154296875,13862.900390625,14006.3466796875,14277.40625,14471.6259765625,13235.80078125,14783.1748046875,13844.4150390625,14831.4404296875,15501.306640625,13325.8681640625,14156.404296875,15662.37890625,14698.9716796875,15696.8310546875,5209.76904296875,150.02037048339844
152,0.0,0.004659595899283886,0.023180661723017693,0.07160991430282593,0.21813596785068512,0.5610692501068115,1.0450823307037354,10.528023719787598,11.705835342407227,12.9009370803833,13.106523513793945,13.092358589172363,13.608287811279297,17.41026496887207,18.970678329467773,19.714935302734375,21.010496139526367,21539.845703125,19635.560546875,19517.564453125,21231.1171875,19608.591796875,18545.388671875,20769.541015625,19110.71875,17638.94921875,19100.896484375,18493.84765625,19214.625,16286.28125,16973.12890625,16678.6796875,15542.5068359375,16825.998046875,14813.5478515625,4713.27734375,136.33038330078125
153,0.0,0.004895221907645464,0.02450055070221424,0.07612793147563934,0.24421271681785583,0.5966066122055054,1.1276328563690186,10.444209098815918,11.314637184143066,12.807290077209473,13.681077003479004,13.3573637008667,13.90096378326416,18.31519317626953,18.549156188964844,21.307844161987305,21.9971923828125,441.84991455078125,448.24005126953125,426.3362731933594,488.718505859375,504.7847595214844,483.07220458984375,472.7510681152344,485.2185363769531,579.5831298828125,549.9471435546875,592.4441528320312,674.267822265625,742.8927001953125,858.8650512695312,1080.2633056640625,1289.5782470703125,1805.7950439453125,2389.461669921875,4896.826171875,146.73541259765625
154,0.0,0.00552791403606534,0.029362857341766357,0.08943892270326614,0.3044250011444092,0.699767529964447,1.346739411354065,11.496829986572266,12.756542205810547,13.438435554504395,14.35745906829834,14.01007080078125,16.049360275268555,20.088132858276367,21.91358184814453,24.020156860351562,25.996122360229492,551.2430419921875,526.7801513671875,579.6251220703125,570.36083984375,558.2859497070312,582.2129516601562,551.25439453125,603.7407836914062,634.9364013671875,721.961669921875,739.8519287109375,841.5420532226562,870.1447143554688,965.50537109375,1253.534912109375,1503.3172607421875,1992.200439453125,2418.3427734375,5409.98583984375,161.5078887939453
155,0.0,0.005641185212880373,0.029002720490098,0.09040756523609161,0.2657012641429901,0.7140092849731445,1.4106886386871338,10.520529747009277,12.007676124572754,13.449647903442383,13.79443645477295,14.42866039276123,14.696785926818848,18.872379302978516,22.22097396850586,21.750595092773438,24.45712661743164,129.77012634277344,131.99136352539062,132.27587890625,135.24600219726562,141.59254455566406,143.6142578125,160.26397705078125,186.9617462158203,245.1276092529297,259.4147033691406,303.4588317871094,364.8599548339844,475.3499450683594,584.8184204101562,827.0894165039062,1138.688232421875,1678.1680908203125,2178.7255859375,5621.79931640625,168.71392822265625
156,0.0,0.013607908971607685,0.07603062689304352,0.24467015266418457,0.7885932326316833,1.9501664638519287,3.4577629566192627,14.068649291992188,16.244813919067383,20.248701095581055,21.95393180847168,24.177095413208008,25.158533096313477,39.7457275390625,46.02095031738281,48.46514892578125,55.74189376831055,1865.1693115234375,1699.5791015625,1589.871826171875,1761.9500732421875,1799.80126953125,1789.6719970703125,1793.07763671875,1877.8365478515625,2057.546142578125,2170.1162109375,2403.524169921875,2393.7705078125,3002.84814453125,2865.81103515625,4073.802490234375,5237.45751953125,6234.576171875,8034.4912109375,15632.2763671875,445.1532287597656
157,0.0,0.004345339257270098,0.022580845281481743,0.07180815190076828,0.22873064875602722,0.5891020894050598,1.0554537773132324,11.1032075881958,11.279291152954102,11.924654960632324,13.485053062438965,13.111988067626953,13.539194107055664,16.286827087402344,17.081296920776367,19.35588836669922,22.084245681762695,20.781356811523438,26.189119338989258,25.451745986938477,32.73738098144531,39.808040618896484,36.400020599365234,48.208927154541016,67.30792236328125,106.86477661132812,128.7942657470703,171.98574829101562,207.25787353515625,274.6994323730469,361.6673278808594,637.7642211914062,860.4530639648438,1206.6248779296875,1593.023193359375,4175.474609375,120.3226318359375
158,0.0,0.008482436649501324,0.0474548377096653,0.14086465537548065,0.4732584059238434,1.2966587543487549,2.115058660507202,11.993955612182617,13.708946228027344,16.02428436279297,16.64446258544922,17.331710815429688,19.04987144470215,28.311681747436523,33.15081787109375,34.976768493652344,36.35683822631836,46.611751556396484,52.88404083251953,56.88532638549805,66.3016586303711,73.10640716552734,72.43406677246094,111.26557159423828,132.34463500976562,230.62806701660156,281.9791564941406,372.5661926269531,502.3844909667969,609.8348388671875,762.4984130859375,1332.508056640625,1930.823486328125,2828.3466796875,3612.11474609375,9386.7568359375,279.7942199707031
159,0.0,0.00526325823739171,0.029818734154105186,0.09115612506866455,0.2915598154067993,0.741084098815918,1.3941311836242676,10.89523983001709,12.25866413116455,12.415228843688965,13.789463996887207,14.016057014465332,15.539997100830078,20.310876846313477,21.604793548583984,22.092578887939453,25.771085739135742,297.6936950683594,304.60845947265625,302.8293762207031,307.4120178222656,319.6047058105469,306.4010009765625,328.3725891113281,337.8970031738281,390.2823181152344,427.0537109375,476.1349182128906,558.998046875,631.9363403320312,738.7804565429688,1007.5742797851562,1320.622314453125,1667.5408935546875,2230.429931640625,5591.8984375,165.60256958007812
160,0.0,0.005429363343864679,0.02639474906027317,0.08924338221549988,0.29510921239852905,0.7138715982437134,1.3230804204940796,10.541929244995117,11.029644966125488,13.529273986816406,13.769006729125977,14.202625274658203,14.508728981018066,19.388343811035156,21.197969436645508,23.541704177856445,24.57204818725586,26027.892578125,27358.12109375,25446.107421875,22563.958984375,26841.58203125,25311.6015625,25348.9609375,25781.365234375,23806.8203125,24608.115234375,26655.923828125,22052.921875,21252.556640625,21854.03125,21181.802734375,20775.279296875,20455.08984375,21271.65625,5464.82421875,161.71119689941406
161,0.0,0.00510638440027833,0.02620275318622589,0.08014357089996338,0.2481159120798111,0.6283624172210693,1.0647636651992798,10.663416862487793,11.55666446685791,11.889692306518555,13.442816734313965,14.138527870178223,14.911620140075684,18.74932861328125,20.83931541442871,20.467004776000977,22.60049819946289,1273.6727294921875,1347.4820556640625,1249.2325439453125,1181.74658203125,1152.7286376953125,1202.599609375,1178.9383544921875,1360.1259765625,1271.5252685546875,1349.763916015625,1377.04052734375,1461.0909423828125,1503.27685546875,1635.296630859375,1852.520751953125,2233.83056640625,2507.6640625,3411.358642578125,5247.47216796875,154.6084442138672
162,0.0,0.007789445109665394,0.042544007301330566,0.13081508874893188,0.4127717614173889,1.0687509775161743,2.0291404724121094,12.144826889038086,13.185160636901855,14.721335411071777,16.564517974853516,16.772502899169922,18.23405647277832,26.845809936523438,28.541881561279297,31.466175079345703,34.6885986328125,334.6475830078125,330.26019287109375,309.04107666015625,332.2637634277344,332.5632019042969,348.76611328125,405.37774658203125,428.2330627441406,463.10882568359375,539.3790893554688,578.9000244140625,749.0669555664062,827.9386596679688,951.556640625,1385.4481201171875,1857.6138916015625,2633.187744140625,3286.936767578125,8054.0439453125,228.5459442138672
163,0.0,0.006401844322681427,0.03286951780319214,0.09495796263217926,0.30581822991371155,0.771226704120636,1.3191053867340088,11.176973342895508,12.357466697692871,13.388197898864746,13.736418724060059,14.866945266723633,15.198391914367676,20.885074615478516,24.076181411743164,25.24718475341797,27.517234802246094,529.3986206054688,540.8424072265625,514.7354736328125,517.7470092773438,595.1072387695312,516.4607543945312,549.3497924804688,537.8104248046875,655.1608276367188,654.0127563476562,689.214111328125,816.7582397460938,841.6796875,998.9946899414062,1306.021484375,1602.94384765625,2099.174072265625,2787.78369140625,6791.98291015625,184.48324584960938
164,0.0,0.005851441528648138,0.030417928472161293,0.08703233301639557,0.3080907166004181,0.7276592254638672,1.4939097166061401,10.559012413024902,12.524605751037598,13.083849906921387,14.166471481323242,15.55085277557373,15.56739330291748,20.191022872924805,21.941219329833984,23.250581741333008,26.243114471435547,231.8054656982422,250.1087646484375,264.1409606933594,254.0242919921875,266.6441345214844,235.9337615966797,290.01348876953125,298.3087158203125,336.7513732910156,370.5395202636719,419.312255859375,502.8674011230469,584.8202514648438,651.620361328125,992.5277709960938,1179.39453125,1788.1693115234375,2323.920166015625,5619.4033203125,175.54318237304688
165,0.0,0.004839200060814619,0.02585112303495407,0.07873314619064331,0.22910474240779877,0.6143606305122375,1.2046723365783691,10.507901191711426,11.05784797668457,12.797588348388672,12.94339656829834,13.71291732788086,14.8941068649292,18.064176559448242,19.031267166137695,20.57198143005371,21.459814071655273,22.47657012939453,26.030078887939453,24.88095474243164,31.230501174926758,35.155494689941406,36.48756408691406,52.275596618652344,69.91600799560547,105.14540100097656,131.0146942138672,164.3769989013672,235.60516357421875,323.0723876953125,384.4082946777344,659.8552856445312,860.4857177734375,1202.2503662109375,1614.6658935546875,4332.25927734375,137.2165985107422
166,0.0,0.0053039113990962505,0.02744503878057003,0.0798855796456337,0.25753891468048096,0.6564506888389587,1.1028550863265991,11.679496765136719,11.093781471252441,12.69835090637207,12.91211986541748,14.90247917175293,14.74514102935791,19.18409538269043,20.62468910217285,21.079023361206055,24.609989166259766,18594.48828125,18993.2890625,17658.115234375,20636.888671875,18090.224609375,18585.54296875,17469.287109375,18695.640625,15373.9912109375,17505.79296875,15253.2890625,16188.7080078125,15104.599609375,14467.9111328125,14466.8857421875,13150.1572265625,13605.15234375,13640.05078125,4648.01611328125,150.5723876953125
167,0.0,0.0052141668274998665,0.02825990505516529,0.08842862397432327,0.28136146068573,0.7466151714324951,1.3870608806610107,11.05482292175293,11.300064086914062,13.827371597290039,13.89907169342041,14.770545959472656,14.359515190124512,19.692991256713867,21.599092483520508,22.207731246948242,23.88030242919922,475.35394287109375,485.5040283203125,438.2837219238281,480.2167663574219,476.3166198730469,446.2283630371094,482.5924072265625,487.1047058105469,617.0423583984375,616.4562377929688,624.103759765625,726.84033203125,791.8040161132812,849.9520874023438,1177.69580078125,1438.9805908203125,1984.008056640625,2583.533203125,5881.7998046875,164.9668426513672
168,0.0,0.005093472544103861,0.02776169776916504,0.08145704865455627,0.2527012526988983,0.6239246129989624,1.2470862865447998,11.490675926208496,12.864250183105469,12.607969284057617,13.581963539123535,13.847952842712402,14.52267837524414,19.637794494628906,21.27619171142578,21.8402099609375,23.333309173583984,300.6833801269531,298.8944091796875,300.4933166503906,300.19049072265625,327.6015319824219,322.64813232421875,316.8442687988281,344.5206604003906,401.7246398925781,394.6905517578125,433.84246826171875,531.4030151367188,596.4231567382812,664.5432739257812,919.898681640625,1185.4180908203125,1582.734130859375,2005.5927734375,4811.54052734375,135.37124633789062
169,0.0,0.005701944697648287,0.029917201027274132,0.08762412518262863,0.26842036843299866,0.7036445736885071,1.2569513320922852,10.911195755004883,11.711678504943848,12.681428909301758,13.698139190673828,14.809684753417969,15.807575225830078,20.80527687072754,22.003528594970703,23.162654876708984,25.3238525390625,25.1157283782959,30.912443161010742,28.0992431640625,35.356056213378906,40.17461013793945,41.69811248779297,59.693416595458984,80.62409210205078,129.8101043701172,162.87010192871094,203.2806396484375,286.3333740234375,396.5059814453125,452.9400939941406,764.1446533203125,1101.9703369140625,1494.658203125,2161.662109375,5647.0517578125,169.09043884277344
170,0.0,0.004155341535806656,0.022775262594223022,0.06657855212688446,0.19929631054401398,0.4775044918060303,0.8996511697769165,10.440248489379883,12.031527519226074,12.713264465332031,12.628920555114746,13.796916007995605,12.517900466918945,16.97134780883789,18.707895278930664,19.440595626831055,20.697677612304688,16240.9091796875,17765.392578125,16760.5546875,15411.5205078125,17146.00390625,15776.1787109375,16418.3046875,15573.705078125,15399.4296875,14892.146484375,16121.3388671875,15085.6962890625,15676.451171875,13539.0244140625,12085.1689453125,13087.6669921875,12616.8427734375,12917.6005859375,4413.88427734375,123.59378051757812
171,0.0,0.006577396299690008,0.034780729562044144,0.10662654787302017,0.3063359260559082,0.8147780299186707,1.4768065214157104,10.311929702758789,12.420101165771484,13.294596672058105,14.233494758605957,14.93388843536377,16.173446655273438,22.2067813873291,22.908916473388672,25.39727020263672,27.702144622802734,268.8609313964844,255.05133056640625,264.3806457519531,259.8292541503906,282.070068359375,259.19134521484375,278.90057373046875,325.19952392578125,362.3241882324219,420.6216125488281,483.950927734375,546.904541015625,672.5169067382812,836.6320190429688,1197.9468994140625,1569.6571044921875,2203.406494140625,3019.344482421875,7069.69677734375,197.87173461914062
172,0.0,0.004085533786565065,0.020266087725758553,0.058998752385377884,0.17826370894908905,0.4730544686317444,0.8971385955810547,10.382342338562012,10.591058731079102,11.470670700073242,12.564072608947754,12.633241653442383,13.24384880065918,16.99092674255371,18.34122657775879,18.021041870117188,19.60694694519043,13340.34765625,15304.236328125,14156.7392578125,13171.830078125,13567.2666015625,12584.5107421875,14615.294921875,13583.2724609375,12482.5859375,13258.1630859375,12566.3203125,11360.7705078125,12469.109375,11377.4013671875,10559.96875,10489.7392578125,9889.3115234375,10242.998046875,3413.337890625,112.48905181884766
173,0.0,0.0050327228382229805,0.02765933983027935,0.07984019815921783,0.2741016447544098,0.6959251761436462,1.244437575340271,11.093709945678711,11.945476531982422,12.140684127807617,12.876279830932617,13.925971984863281,14.58369255065918,18.647321701049805,19.85605239868164,21.3303165435791,22.596481323242188,25065.90625,27003.79296875,25499.169921875,23706.212890625,25083.84765625,26080.10546875,25130.021484375,25434.732421875,23564.716796875,23844.15625,22901.337890625,23304.740234375,22180.712890625,20423.357421875,20139.705078125,19423.908203125,20375.236328125,19750.068359375,4900.765625,146.9546356201172
174,0.0,0.004010928329080343,0.020219996571540833,0.062168724834918976,0.18094593286514282,0.46561312675476074,0.8608996868133545,10.62631607055664,10.80087947845459,11.830938339233398,12.504140853881836,13.023542404174805,13.946070671081543,16.953594207763672,17.961708068847656,19.013914108276367,19.424379348754883,212.84278869628906,233.70252990722656,209.1501922607422,217.55616760253906,230.2711944580078,224.40664672851562,241.72389221191406,264.0326232910156,277.2562255859375,311.2958679199219,332.5595703125,393.2347717285156,470.0545349121094,495.6060485839844,735.7644653320312,974.3775634765625,1280.35888671875,1693.1793212890625,3807.444091796875,111.658447265625
175,0.0,0.005732345394790173,0.029252812266349792,0.08658838272094727,0.2835676968097687,0.790143609046936,1.2708148956298828,10.927068710327148,12.513354301452637,13.193750381469727,14.196086883544922,14.635250091552734,15.167455673217773,19.517318725585938,21.403928756713867,23.167348861694336,23.80682945251465,1670.8765869140625,1506.46923828125,1672.5823974609375,1478.6875,1656.7060546875,1650.249755859375,1576.371337890625,1516.393310546875,1515.464599609375,1748.786376953125,1741.8096923828125,1840.143310546875,1851.04248046875,1961.676025390625,2279.828125,2591.845703125,2840.511474609375,3577.851318359375,5788.1279296875,178.29534912109375
176,0.0,0.005201305728405714,0.025149673223495483,0.08222820609807968,0.2612854242324829,0.616323709487915,1.2681338787078857,10.99026870727539,11.796748161315918,12.236373901367188,13.805115699768066,14.132803916931152,14.605764389038086,19.048673629760742,20.999637603759766,21.753950119018555,23.26040267944336,150.48052978515625,173.83688354492188,159.6406707763672,178.99082946777344,189.84542846679688,174.81040954589844,203.49403381347656,217.26646423339844,269.89459228515625,285.9438171386719,331.7631530761719,405.20550537109375,498.1240234375,575.7614135742188,814.1005859375,1110.1158447265625,1637.296875,2231.0703125,5162.9140625,143.31613159179688
177,0.0,0.005299767944961786,0.02675078622996807,0.08917046338319778,0.27694928646087646,0.6987776756286621,1.243226408958435,10.609134674072266,10.983530044555664,12.204455375671387,13.52892017364502,14.56537914276123,15.09156608581543,19.37092399597168,20.944469451904297,23.696500778198242,24.176450729370117,182.30223083496094,188.17942810058594,200.56971740722656,191.49501037597656,206.02407836914062,205.81378173828125,229.05723571777344,246.59744262695312,277.1465148925781,323.83013916015625,354.9643859863281,434.2038269042969,520.5645751953125,594.090087890625,931.7825927734375,1176.45654296875,1706.8408203125,2224.31298828125,5382.53369140625,143.24681091308594
178,0.0,0.004859674721956253,0.024502523243427277,0.08056166768074036,0.24352654814720154,0.6345534920692444,1.2089003324508667,11.046553611755371,11.310029983520508,12.71691608428955,13.211986541748047,13.886149406433105,14.261700630187988,19.084062576293945,20.33424186706543,22.364946365356445,23.643583297729492,990.20703125,1005.247314453125,960.0089721679688,996.2880859375,917.7351684570312,920.0526123046875,951.0992431640625,1032.7637939453125,1026.7899169921875,1073.90771484375,1086.257080078125,1172.11865234375,1238.65673828125,1408.9906005859375,1619.76318359375,1962.86865234375,2341.78466796875,2939.623291015625,5053.0947265625,138.18414306640625
179,0.0,0.003979681059718132,0.021696127951145172,0.06674209982156754,0.1995140165090561,0.4946941137313843,0.9548078775405884,9.60811996459961,11.570005416870117,12.389360427856445,12.851101875305176,12.656702041625977,13.552164077758789,16.954185485839844,17.069908142089844,18.70270347595215,20.10245704650879,19.34160614013672,23.547536849975586,23.987735748291016,29.229780197143555,30.741470336914062,32.06923294067383,43.56834411621094,62.465492248535156,93.9142837524414,110.9908676147461,146.7489471435547,200.49368286132812,269.3433837890625,326.1201477050781,534.8071899414062,749.696044921875,1060.3853759765625,1541.1015625,3622.240478515625,99.5606460571289
180,0.0,0.004689004272222519,0.024958563968539238,0.07421316206455231,0.242383673787117,0.6266829967498779,1.0615825653076172,10.252098083496094,11.444480895996094,12.729981422424316,12.853609085083008,14.628142356872559,14.725213050842285,18.667606353759766,20.560455322265625,20.65900421142578,22.78973388671875,470.6309509277344,494.66864013671875,506.7589416503906,499.9504089355469,497.5421447753906,502.7088317871094,513.345703125,489.1014099121094,550.8510131835938,610.2988891601562,646.904296875,712.7090454101562,754.6439208984375,865.4124755859375,1071.9493408203125,1206.364013671875,1786.67431640625,2239.198486328125,4112.83251953125,128.37991333007812
181,0.0,0.006573866121470928,0.032920122146606445,0.10106067359447479,0.32105669379234314,0.8410311937332153,1.5823713541030884,10.763686180114746,12.1769380569458,13.790364265441895,14.839052200317383,14.686983108520508,16.949058532714844,22.41982650756836,23.42681312561035,25.760908126831055,26.545183181762695,741.123046875,768.44873046875,706.4013671875,792.8566284179688,845.7499389648438,747.0283813476562,809.59375,853.352294921875,931.3914794921875,922.017578125,946.894775390625,1103.5645751953125,1190.09228515625,1327.860107421875,1668.4794921875,2094.067626953125,2589.36083984375,3445.79931640625,6647.53173828125,210.89022827148438
182,0.0,0.004982107784599066,0.024356571957468987,0.07046040147542953,0.2351592481136322,0.5974658727645874,1.0956906080245972,10.400640487670898,11.377537727355957,12.575060844421387,13.043976783752441,12.991560935974121,14.596920013427734,18.485458374023438,20.11529541015625,20.711029052734375,22.58157730102539,1043.7232666015625,1106.040283203125,1080.8814697265625,1132.529052734375,1103.4451904296875,1089.5867919921875,1233.9075927734375,1113.0120849609375,1211.1282958984375,1206.5325927734375,1189.41455078125,1384.4080810546875,1372.4951171875,1588.4248046875,1833.6861572265625,2046.0667724609375,2352.59130859375,3028.9716796875,5111.060546875,138.51107788085938
183,0.0,0.004973175004124641,0.0247520562261343,0.0879879742860794,0.2757188379764557,0.6690838932991028,1.3084670305252075,10.305083274841309,12.301026344299316,13.023862838745117,13.897786140441895,13.562552452087402,14.84833812713623,19.08154296875,19.940692901611328,24.295316696166992,23.342370986938477,3755.6591796875,3543.9482421875,3375.247314453125,3649.8916015625,3616.0234375,3500.103271484375,3652.667236328125,3688.48876953125,3541.475341796875,3738.5419921875,3725.8271484375,3839.32958984375,3879.97021484375,3792.301513671875,4361.49169921875,4542.4365234375,4890.60791015625,5418.244140625,5189.92822265625,152.33035278320312
184,0.0,0.005370697472244501,0.025817865505814552,0.08263861387968063,0.25851964950561523,0.6938583850860596,1.2832773923873901,10.75858211517334,11.46717643737793,13.214288711547852,12.503157615661621,13.962039947509766,14.470637321472168,19.06526756286621,21.129043579101562,23.21245765686035,23.064970016479492,26899.64453125,27833.876953125,26618.1015625,29366.10546875,26523.95703125,27352.802734375,26504.15234375,26448.24609375,26552.58203125,24528.037109375,25267.353515625,26005.8828125,23899.763671875,23119.123046875,21908.62890625,21478.01953125,21484.5859375,19673.40234375,5361.814453125,162.7974090576172
185,0.0,0.004105952102690935,0.021217526867985725,0.06419911235570908,0.21404479444026947,0.5542611479759216,1.0443145036697388,10.531524658203125,11.498950004577637,12.294615745544434,12.981545448303223,13.734726905822754,14.046991348266602,16.06424331665039,19.102447509765625,20.431188583374023,21.832735061645508,21.1533203125,24.022632598876953,24.2105712890625,32.56605911254883,36.107200622558594,36.63908767700195,46.51340866088867,62.80154037475586,102.9488754272461,128.32901000976562,165.55531311035156,227.87136840820312,285.0496520996094,356.5967712402344,608.6669921875,886.586181640625,1353.9329833984375,1725.775390625,4031.241943359375,118.80408477783203
186,0.0,0.006767781917005777,0.0351083017885685,0.11467186361551285,0.33837953209877014,0.886168897151947,1.6983126401901245,11.00035572052002,11.84221363067627,14.076088905334473,14.718779563903809,16.361928939819336,16.326257705688477,22.49830436706543,26.407564163208008,26.26604461669922,28.551603317260742,88.93408203125,95.63426971435547,97.94059753417969,105.22883605957031,112.29679107666016,110.57698822021484,130.7287139892578,162.58673095703125,215.38124084472656,246.0102996826172,311.78271484375,410.285888671875,482.1802978515625,649.8167724609375,962.4244995117188,1422.3985595703125,2041.3607177734375,2689.744384765625,6266.84130859375,200.6476287841797
187,0.0,0.004695619456470013,0.02328237146139145,0.06703740358352661,0.2292785346508026,0.5643517374992371,1.037839412689209,10.45659065246582,11.500426292419434,12.0670166015625,13.056777954101562,13.751944541931152,14.419557571411133,17.56344985961914,19.590328216552734,21.630699157714844,21.693172454833984,21.437528610229492,25.811969757080078,26.243986129760742,31.26449966430664,36.784507751464844,35.90536880493164,45.29819107055664,62.07660675048828,104.52835845947266,133.35635375976562,171.8886260986328,216.4306182861328,308.63946533203125,372.9781188964844,597.1248779296875,910.4171752929688,1172.107421875,1710.9139404296875,4083.967529296875,121.86592864990234
188,0.0,0.003921578638255596,0.017889397218823433,0.05455495044589043,0.16605225205421448,0.40652012825012207,0.8044323921203613,9.611991882324219,11.04003620147705,11.285618782043457,12.606401443481445,12.402771949768066,13.89907169342041,16.15785026550293,17.069927215576172,18.355323791503906,18.348922729492188,17.81285858154297,21.721086502075195,22.945133209228516,27.961750030517578,31.69424057006836,31.391969680786133,41.54356384277344,52.7255973815918,91.64765930175781,109.11710357666016,128.8395538330078,177.44601440429688,245.64895629882812,316.3163757324219,510.7295227050781,708.0511474609375,933.1151733398438,1294.017578125,3042.19873046875,105.45639038085938
189,0.0,0.004624109715223312,0.02366582676768303,0.0669696256518364,0.2320573776960373,0.5410280823707581,1.0488042831420898,11.536340713500977,10.813199996948242,12.394806861877441,13.680371284484863,13.692889213562012,13.975069046020508,17.463903427124023,18.764039993286133,20.158489227294922,22.97100067138672,22.300556182861328,24.872426986694336,25.682504653930664,30.36362648010254,34.26759719848633,36.323463439941406,44.83588409423828,57.463623046875,105.96031188964844,122.12931823730469,157.9742889404297,213.83995056152344,284.2462158203125,367.5382385253906,637.3248901367188,780.1207885742188,1285.5303955078125,1672.2506103515625,4089.53369140625,118.7407455444336
190,0.0,0.005165336187928915,0.026255741715431213,0.0765988826751709,0.23539908230304718,0.5738499760627747,1.1592367887496948,10.480744361877441,12.11512565612793,12.490191459655762,13.567625999450684,13.403482437133789,13.971622467041016,18.727996826171875,20.81174659729004,21.83034896850586,25.591352462768555,33.21359634399414,36.25148391723633,38.2886962890625,43.87602615356445,48.232276916503906,49.48326873779297,64.6686019897461,79.78153228759766,127.22109985351562,161.2544403076172,196.55587768554688,248.19039916992188,334.0337219238281,415.3512878417969,709.8648071289062,969.0325317382812,1420.811279296875,1814.9490966796875,4948.6005859375,152.61351013183594
191,0.0,0.004426071420311928,0.023141758516430855,0.07410772144794464,0.21629059314727783,0.5655986070632935,1.0420461893081665,10.16961669921875,12.29015827178955,11.752317428588867,12.824408531188965,13.2749605178833,13.307989120483398,18.659120559692383,18.414125442504883,20.083587646484375,21.573883056640625,1687.779541015625,1496.110595703125,1594.335205078125,1659.465087890625,1597.940673828125,1453.3956298828125,1671.453857421875,1796.3731689453125,1607.565673828125,1938.8011474609375,1812.665283203125,1909.7130126953125,1823.6595458984375,1959.7003173828125,2119.68798828125,2325.798828125,2666.736328125,3187.14404296875,4008.74462890625,129.09359741210938
192,0.0,0.003750386880710721,0.01772509142756462,0.054935045540332794,0.19694598019123077,0.49360591173171997,0.840219259262085,10.212470054626465,11.42031478881836,12.313883781433105,12.834410667419434,12.709440231323242,13.52665901184082,16.13968849182129,17.410860061645508,18.625539779663086,19.489564895629883,19.39348602294922,20.318336486816406,23.549962997436523,26.87918472290039,30.831226348876953,29.15565299987793,37.68042755126953,53.4307861328125,84.05624389648438,102.68084716796875,146.81512451171875,186.14010620117188,244.26019287109375,317.6600036621094,523.0340576171875,735.1325073242188,997.0784912109375,1358.563232421875,3343.258056640625,105.51206970214844
193,0.0,0.008501654490828514,0.042424485087394714,0.14414194226264954,0.4411710202693939,1.1385403871536255,2.1593666076660156,11.950066566467285,13.68232250213623,15.358651161193848,16.758886337280273,17.1575984954834,19.07437515258789,26.912254333496094,29.73249053955078,31.306964874267578,33.48896026611328,27164.14453125,27585.046875,28196.841796875,27112.94921875,27554.91015625,26562.138671875,27388.27734375,26460.41796875,30426.685546875,27197.78125,26463.865234375,25966.6328125,25095.4296875,25673.541015625,24242.26953125,24491.513671875,24222.708984375,22664.009765625,9611.1826171875,273.9898376464844
194,0.0,0.004076566081494093,0.020379982888698578,0.058940645307302475,0.18310467898845673,0.4749763309955597,0.8512395024299622,9.364583015441895,11.021059036254883,12.287936210632324,12.38175106048584,12.392906188964844,14.060291290283203,16.78798484802246,18.16361427307129,18.61635971069336,18.080265045166016,368.1963195800781,334.9344787597656,358.40032958984375,369.79766845703125,339.10687255859375,380.7405700683594,361.1513366699219,376.1709289550781,420.3578186035156,435.5658874511719,495.0931396484375,564.5547485351562,585.0592651367188,640.7716674804688,870.2776489257812,1110.483154296875,1494.4842529296875,1764.0738525390625,3669.4501953125,108.88467407226562
195,0.0,0.004969100002199411,0.024483399465680122,0.07857603579759598,0.2472885549068451,0.596147894859314,1.2002578973770142,10.497963905334473,11.296723365783691,12.411595344543457,13.88011360168457,15.016704559326172,14.483896255493164,17.853256225585938,20.30803680419922,21.496427536010742,23.020334243774414,175.9239959716797,185.59542846679688,190.99688720703125,205.91746520996094,204.5215606689453,205.3274688720703,207.8135986328125,245.77310180664062,270.16400146484375,318.5310974121094,344.0886535644531,408.3809509277344,505.0423889160156,549.33740234375,821.1937866210938,1098.13037109375,1491.57373046875,2049.708984375,5100.205078125,144.15940856933594
196,0.0,0.0048181223683059216,0.0231376513838768,0.07558555155992508,0.23874863982200623,0.6188216805458069,1.02003014087677,10.681422233581543,11.521919250488281,13.03459644317627,13.179919242858887,13.462565422058105,14.094593048095703,17.74721908569336,20.275400161743164,19.994489669799805,21.84415626525879,21.196699142456055,26.165035247802734,24.302818298339844,32.09754180908203,37.64021301269531,37.21961212158203,50.165000915527344,65.73065948486328,112.56098937988281,135.28440856933594,162.76625061035156,237.1055908203125,321.2371520996094,374.6790771484375,624.1978759765625,888.4129638671875,1231.419189453125,1784.030029296875,4350.0361328125,130.1569061279297
197,0.0,0.005883064586669207,0.03146667778491974,0.09427466988563538,0.29894039034843445,0.7742812633514404,1.4611356258392334,9.847299575805664,12.132152557373047,12.87471866607666,13.20091438293457,14.89423942565918,15.304421424865723,21.496400833129883,22.591787338256836,24.36612319946289,25.14975357055664,109.28911590576172,117.57160949707031,121.57522583007812,128.3287811279297,127.67316436767578,128.31932067871094,151.05715942382812,179.86988830566406,233.4744415283203,274.4940185546875,322.3954772949219,384.0881652832031,495.0960998535156,658.1644287109375,980.4105224609375,1267.7711181640625,1975.0137939453125,2444.60791015625,5978.30126953125,175.9757843017578
198,0.0,0.004326780326664448,0.02232516184449196,0.07152557373046875,0.2072809338569641,0.5829099416732788,1.012593150138855,10.23874282836914,10.88322925567627,12.203577041625977,13.611479759216309,13.159893989562988,12.996891021728516,17.718852996826172,19.04051971435547,20.610254287719727,20.904815673828125,11572.6923828125,11558.83203125,10666.1923828125,11456.958984375,10939.9423828125,10513.9775390625,11624.6015625,10721.546875,10630.58203125,12134.642578125,11066.4169921875,11030.5009765625,11109.2685546875,11648.0654296875,11513.7822265625,11795.8525390625,12093.06640625,12899.9599609375,4837.0478515625,146.40640258789062
199,0.0,0.004660430364310741,0.023517485707998276,0.07324779033660889,0.21955989301204681,0.5612966418266296,1.0738505125045776,10.648094177246094,11.68224048614502,12.333189964294434,13.16219711303711,14.75821590423584,14.622764587402344,18.585262298583984,19.323139190673828,22.156095504760742,21.17896270751953,28072.048828125,26421.390625,25417.30859375,30708.333984375,25324.94140625,28183.01953125,27429.294921875,25642.392578125,24850.587890625,25387.9375,26996.12890625,23804.61328125,25501.5859375,23696.830078125,21934.044921875,21999.87890625,20044.75390625,22536.212890625,4752.96826171875,130.61529541015625
200,0.0,0.0042250691913068295,0.022163026034832,0.06556234508752823,0.21415361762046814,0.5371628403663635,0.9651047587394714,10.696351051330566,11.296213150024414,12.711104393005371,12.21565055847168,13.086225509643555,13.332649230957031,17.382856369018555,18.451141357421875,18.94797706604004,20.65179443359375,21.081661224365234,23.925098419189453,27.206125259399414,30.258848190307617,34.768218994140625,35.524078369140625,41.92311096191406,58.93439865112305,101.37125396728516,123.51336669921875,149.1544189453125,196.54934692382812,264.497314453125,333.3677062988281,546.197021484375,719.6116943359375,1076.3291015625,1563.146728515625,3988.019287109375,127.13929748535156
201,0.0,0.004959176294505596,0.02535236068069935,0.07407110929489136,0.24461686611175537,0.6243301033973694,1.130785346031189,10.471434593200684,11.520315170288086,12.820047378540039,13.655597686767578,13.5458345413208,14.126266479492188,18.44502067565918,21.28672218322754,22.039165496826172,22.720720291137695,21774.20703125,22565.666015625,21748.775390625,21978.79296875,21822.98046875,21742.671875,23043.404296875,21474.96875,20225.16015625,19256.880859375,21200.580078125,20325.5703125,19997.017578125,19014.66796875,17470.001953125,17313.48046875,16960.91015625,17643.720703125,4307.1533203125,130.59230041503906
202,0.0,0.005669174715876579,0.02864503301680088,0.0951211154460907,0.301021546125412,0.6994996070861816,1.458817481994629,10.712295532226562,12.090764045715332,13.794295310974121,13.779247283935547,13.592430114746094,15.208386421203613,21.52945899963379,22.251314163208008,23.278995513916016,24.39671516418457,60.02886962890625,64.82675170898438,66.21685028076172,78.74794006347656,79.53284454345703,81.4521255493164,95.0743637084961,115.8008041381836,170.95204162597656,206.3664093017578,240.24339294433594,325.7679443359375,408.6044006347656,494.5100402832031,763.2048950195312,1076.852783203125,1455.3323974609375,2058.82421875,5119.81494140625,165.82704162597656
203,0.0,0.005616414360702038,0.028547700494527817,0.08874332159757614,0.2909351885318756,0.7949361801147461,1.2588386535644531,10.633990287780762,11.433682441711426,13.478886604309082,14.233328819274902,14.52446174621582,14.672394752502441,19.822032928466797,22.899044036865234,24.848224639892578,26.773847579956055,10710.3876953125,10744.0625,11204.5068359375,11062.47265625,10369.2265625,10201.5283203125,10278.5068359375,9827.30078125,9857.775390625,9864.462890625,9509.1044921875,8296.123046875,9242.390625,8452.3896484375,8072.4755859375,7374.67431640625,7733.44140625,8007.33544921875,6387.18310546875,178.75694274902344
204,0.0,0.005981309339404106,0.032591503113508224,0.10109735280275345,0.31888532638549805,0.8189079761505127,1.5385141372680664,11.497629165649414,11.865920066833496,13.242514610290527,14.936095237731934,14.894586563110352,15.907244682312012,22.84162139892578,23.76263999938965,26.17256736755371,27.402711868286133,760.7083740234375,669.2432861328125,734.2220458984375,698.1441040039062,776.8111572265625,797.1495361328125,798.742431640625,774.3710327148438,807.3970336914062,863.7772827148438,867.499267578125,975.9407348632812,1176.38671875,1253.3865966796875,1458.0289306640625,1859.333251953125,2393.703369140625,2948.93505859375,6290.24169921875,175.12396240234375
205,0.0,0.004275060724467039,0.021280065178871155,0.06974121183156967,0.20913366973400116,0.5590488910675049,1.0377401113510132,10.135626792907715,11.800127983093262,12.357989311218262,12.271824836730957,12.69623851776123,13.469110488891602,16.890838623046875,16.730573654174805,18.610477447509766,20.359285354614258,68.8823013305664,76.48824310302734,69.95682525634766,83.58116912841797,83.25237274169922,83.87293243408203,96.7742691040039,113.8675308227539,153.3238525390625,190.40216064453125,212.63339233398438,275.2688903808594,359.3456115722656,403.9881591796875,651.0985107421875,839.3931274414062,1260.6431884765625,1665.5028076171875,4643.63330078125,124.14714813232422
206,0.0,0.004885319620370865,0.026042452082037926,0.07845090329647064,0.23433396220207214,0.6547996997833252,1.160556674003601,10.60802936553955,11.013537406921387,12.581275939941406,14.061860084533691,14.422325134277344,14.426048278808594,18.82318878173828,20.30368995666504,21.93944549560547,25.86779022216797,496.2863464355469,482.83245849609375,537.8438110351562,526.170166015625,567.1740112304688,551.8626098632812,563.9192504882812,560.201171875,591.536376953125,628.184326171875,656.7975463867188,760.5859985351562,803.3062744140625,883.2273559570312,1118.2740478515625,1372.1146240234375,1771.67578125,2325.962646484375,5059.44140625,145.51663208007812
207,0.0,0.004109736531972885,0.02060430683195591,0.06487482041120529,0.20813585817813873,0.5529724955558777,1.0756616592407227,10.515215873718262,11.987998962402344,12.080079078674316,13.442851066589355,13.153729438781738,14.273998260498047,16.765640258789062,19.428524017333984,19.68132209777832,21.059402465820312,447.53582763671875,443.9222717285156,491.64031982421875,500.2723693847656,448.0379333496094,481.33477783203125,510.4555969238281,511.3695373535156,581.4354248046875,568.9757690429688,562.9093627929688,681.18505859375,716.4909057617188,783.8543701171875,989.29150390625,1252.1209716796875,1513.85888671875,2022.64013671875,4279.25732421875,110.88301086425781
208,0.0,0.00506445812061429,0.027705388143658638,0.07666324079036713,0.2721170485019684,0.6852251291275024,1.2318432331085205,10.849258422851562,11.806636810302734,12.34186840057373,13.197537422180176,13.223661422729492,14.932555198669434,18.86918067932129,20.86705207824707,21.420509338378906,23.806049346923828,385.13995361328125,348.7252502441406,375.7790222167969,395.69879150390625,369.543701171875,374.2095031738281,384.265625,393.9253234863281,460.26434326171875,504.26953125,566.6033935546875,578.3697509765625,712.8458862304688,759.0347900390625,1056.169921875,1266.667236328125,1526.4803466796875,2260.584716796875,4711.4892578125,155.54937744140625
209,0.0,0.0041567375883460045,0.02208055928349495,0.06280484050512314,0.2093711942434311,0.5173539519309998,0.9985418915748596,9.76425838470459,10.53886604309082,12.791770935058594,12.319192886352539,13.28687572479248,13.534276008605957,17.06601333618164,16.969919204711914,18.287687301635742,21.2141170501709,2198.106201171875,2153.815185546875,2047.844970703125,2213.881591796875,2227.724853515625,2187.0771484375,2174.45654296875,2179.717529296875,2188.28955078125,2305.11962890625,2129.344482421875,2271.068115234375,2367.036865234375,2292.820556640625,2625.84228515625,2912.45068359375,3160.74755859375,3495.185546875,4049.154541015625,115.51477813720703
210,0.0,0.004875577054917812,0.02493623085319996,0.07475615292787552,0.23871582746505737,0.5831518173217773,1.1415677070617676,10.728608131408691,11.60456371307373,12.611053466796875,13.190463066101074,13.258867263793945,13.182989120483398,17.35616111755371,20.148136138916016,21.307125091552734,21.745418548583984,2246.05322265625,2058.839111328125,2162.609130859375,2219.61865234375,2119.918701171875,2086.334716796875,2259.921875,2412.50537109375,2329.54931640625,2283.591552734375,2254.511962890625,2366.623291015625,2566.125732421875,2601.111083984375,2865.300048828125,3086.45068359375,3483.97412109375,4025.8779296875,4675.34033203125,137.27391052246094
211,0.0,0.005811270792037249,0.0300089530646801,0.09879233688116074,0.3122691214084625,0.7665639519691467,1.4341365098953247,11.539051055908203,12.768379211425781,13.913311958312988,14.890068054199219,14.969057083129883,15.47504997253418,20.70192527770996,23.152570724487305,24.98598861694336,26.037321090698242,25.737958908081055,30.40139389038086,32.10496520996094,37.00372314453125,42.83612060546875,43.868221282958984,55.52021408081055,76.65316772460938,126.28986358642578,159.03616333007812,207.67294311523438,289.6534423828125,410.1528015136719,514.498779296875,801.08056640625,1150.1075439453125,1618.685546875,2278.695068359375,5701.03564453125,165.01123046875
212,0.0,0.005332321859896183,0.02876424975693226,0.09303848445415497,0.2576717734336853,0.7316819429397583,1.2872185707092285,10.328539848327637,12.390467643737793,13.035940170288086,13.513959884643555,13.537484169006348,14.813312530517578,19.621021270751953,21.703548431396484,23.337661743164062,23.831777572631836,140.2700958251953,142.3569793701172,134.05551147460938,142.88986206054688,157.06419372558594,159.21751403808594,169.52767944335938,194.2987518310547,232.03343200683594,276.52044677734375,302.9695129394531,391.3742980957031,447.6034240722656,559.27294921875,860.9766845703125,1105.51953125,1516.620849609375,2200.043212890625,5562.80712890625,154.21080017089844
213,0.0,0.004584232345223427,0.02302617020905018,0.06466405093669891,0.20051515102386475,0.5929422378540039,1.054978847503662,10.036177635192871,11.505022048950195,12.015174865722656,12.491677284240723,12.90219783782959,13.819940567016602,18.010238647460938,18.90695571899414,19.92416000366211,21.155925750732422,21.330764770507812,24.393938064575195,24.90027618408203,32.45391845703125,34.83314895629883,36.711612701416016,45.63080596923828,65.10270690917969,104.46752166748047,131.5498046875,161.28720092773438,227.9829559326172,309.5600280761719,353.62359619140625,662.279541015625,838.3990478515625,1257.8837890625,1724.150634765625,4445.23486328125,120.06111145019531
214,0.0,0.005428565666079521,0.02650098316371441,0.08310204744338989,0.27075934410095215,0.6776268482208252,1.3190739154815674,11.580930709838867,12.379491806030273,13.06341552734375,14.041858673095703,14.081117630004883,14.934951782226562,19.149263381958008,21.693336486816406,22.79654884338379,23.387453079223633,29.604616165161133,32.76716232299805,31.83710289001465,37.89870834350586,44.7210693359375,44.949066162109375,62.361080169677734,82.72314453125,131.12864685058594,171.11239624023438,213.64198303222656,281.32781982421875,379.7846984863281,470.7040100097656,769.6317749023438,1077.5662841796875,1475.158203125,2158.110595703125,5591.3271484375,160.88710021972656
215,0.0,0.005218608304858208,0.025619156658649445,0.07881241291761398,0.2750726342201233,0.6607499122619629,1.2404361963272095,11.515281677246094,11.492393493652344,12.725693702697754,12.948991775512695,13.862071990966797,14.055109977722168,18.80788803100586,19.783676147460938,20.597942352294922,22.346843719482422,129.6698455810547,130.4303741455078,123.17498779296875,133.3541717529297,134.7084197998047,129.3387908935547,156.55776977539062,172.5478057861328,215.75079345703125,253.65306091308594,276.5375061035156,345.1615295410156,424.4781188964844,529.836669921875,738.8390502929688,1063.2518310546875,1485.625,2162.20166015625,4990.44189453125,158.44004821777344
216,0.0,0.006726166233420372,0.03570305183529854,0.10770129412412643,0.3489033281803131,0.8746446371078491,1.5536389350891113,11.51623821258545,12.210429191589355,13.817651748657227,15.428661346435547,16.46898078918457,16.194671630859375,21.523258209228516,24.627676010131836,24.946489334106445,29.677509307861328,32.54249572753906,37.50272750854492,37.94530487060547,45.7242546081543,54.96760177612305,51.65321350097656,69.03495788574219,98.76669311523438,153.56622314453125,183.87979125976562,223.84510803222656,315.5980224609375,430.5575866699219,535.1203002929688,916.3984985351562,1231.7613525390625,1811.1170654296875,2179.236572265625,5847.76708984375,179.5276641845703
217,0.0,0.0056985593400895596,0.028862079605460167,0.08502756059169769,0.26580795645713806,0.7033126354217529,1.2814232110977173,11.332377433776855,11.836857795715332,13.692410469055176,13.95937442779541,14.847375869750977,15.546530723571777,20.220874786376953,20.853504180908203,23.045982360839844,24.745738983154297,460.4056091308594,476.18121337890625,453.7435302734375,465.0207214355469,440.8778381347656,469.40185546875,519.2831420898438,519.86962890625,541.5928955078125,606.0716552734375,611.50634765625,729.3858642578125,801.2890625,842.4608764648438,1235.1649169921875,1485.5185546875,2069.5107421875,2647.66455078125,5663.361328125,175.86154174804688
218,0.0,0.004131719470024109,0.02018834464251995,0.05935667082667351,0.19482170045375824,0.4884071350097656,0.967261791229248,10.205638885498047,10.352066993713379,12.353211402893066,12.575885772705078,13.11263370513916,13.683819770812988,16.84915542602539,17.325786590576172,19.693544387817383,20.510438919067383,19.604965209960938,22.762542724609375,24.154367446899414,28.216686248779297,31.418743133544922,30.996234893798828,42.14707946777344,56.33528518676758,95.0467758178711,117.37706756591797,147.41262817382812,192.65072631835938,259.6670837402344,320.0694580078125,497.33380126953125,726.6410522460938,1042.8702392578125,1657.373779296875,4072.83740234375,111.03543090820312
219,0.0,0.005261234939098358,0.02924179658293724,0.08431150019168854,0.2644246220588684,0.6546997427940369,1.2124302387237549,10.981465339660645,11.551603317260742,13.098011016845703,13.577658653259277,13.612068176269531,14.794392585754395,18.536582946777344,20.096317291259766,22.895923614501953,23.979684829711914,5648.92041015625,5891.9892578125,5629.42431640625,5967.3779296875,5616.568359375,5912.35498046875,6213.26708984375,5382.66015625,5271.15380859375,5121.50341796875,4785.455078125,4767.619140625,4925.07958984375,4552.494140625,4429.8896484375,4493.36962890625,5228.26513671875,5192.87744140625,5452.42822265625,152.99319458007812
220,0.0,0.005673626437783241,0.027303412556648254,0.09243475645780563,0.2975923717021942,0.7152055501937866,1.3136330842971802,11.351487159729004,11.908920288085938,12.709407806396484,12.62934684753418,14.969050407409668,14.958600044250488,19.639833450317383,21.100133895874023,23.243206024169922,23.60479736328125,16190.2412109375,14913.4345703125,16023.0712890625,15339.9189453125,14544.0517578125,14577.6142578125,13194.29296875,13723.052734375,15527.560546875,14222.07421875,13115.7373046875,12611.302734375,13504.7529296875,12032.01171875,12369.4296875,11244.3681640625,11201.7763671875,11630.044921875,5417.06884765625,154.87399291992188
221,0.0,0.005445497576147318,0.027170130982995033,0.08467947691679001,0.2820589244365692,0.6798626780509949,1.2213526964187622,11.164590835571289,12.036685943603516,12.320564270019531,13.398216247558594,13.848475456237793,14.651105880737305,18.862457275390625,20.55036735534668,22.36478614807129,23.7952938079834,247.67881774902344,228.16729736328125,237.7108612060547,258.3936462402344,274.9825134277344,274.81500244140625,270.89227294921875,274.7483215332031,335.1542663574219,351.6167297363281,398.21807861328125,452.37353515625,536.17578125,604.8700561523438,915.5196533203125,1191.3038330078125,1621.79833984375,2243.791259765625,4921.9111328125,155.69447326660156
222,0.0,0.005102026741951704,0.02579876035451889,0.08204031735658646,0.26864221692085266,0.6918745636940002,1.2905784845352173,10.458473205566406,12.063131332397461,12.910399436950684,13.947983741760254,14.127769470214844,15.621830940246582,20.050430297851562,21.52145767211914,21.862855911254883,23.367040634155273,573.1107788085938,583.1865234375,580.1160888671875,612.626220703125,639.5122680664062,606.2011108398438,636.8675537109375,645.466552734375,720.7484741210938,734.5231323242188,789.99267578125,855.1358642578125,994.0744018554688,1063.0679931640625,1400.0008544921875,1714.1871337890625,2354.71728515625,2851.21728515625,6000.361328125,173.8209228515625
223,0.0,0.005686591379344463,0.03183368220925331,0.09239589422941208,0.3131404519081116,0.7166435718536377,1.4659383296966553,11.417126655578613,11.843644142150879,13.34001636505127,13.206377983093262,14.050735473632812,15.649834632873535,20.996253967285156,23.555137634277344,24.711820602416992,26.699918746948242,19473.400390625,20049.591796875,19958.90625,20605.79296875,19535.076171875,19437.3203125,18062.900390625,18523.13671875,19214.541015625,17862.6328125,18312.1640625,16356.791015625,19174.552734375,16842.9921875,15272.96484375,14171.61328125,16705.48046875,15025.615234375,5935.87646484375,181.85311889648438
224,0.0,0.0059170909225940704,0.02937590517103672,0.1033676341176033,0.295467734336853,0.779620885848999,1.5112124681472778,10.557229042053223,12.305410385131836,13.173303604125977,14.093057632446289,14.203197479248047,15.253637313842773,20.478357315063477,22.293989181518555,25.65392303466797,26.50692367553711,105.09764862060547,118.1178207397461,107.44334411621094,118.13716125488281,123.49851989746094,121.5268325805664,137.77825927734375,158.10923767089844,213.870361328125,247.51913452148438,295.56793212890625,392.4404602050781,453.0622863769531,589.001708984375,898.1649780273438,1163.9501953125,1703.526123046875,2354.608642578125,6041.88720703125,178.78114318847656
225,0.0,0.004486246965825558,0.02214265614748001,0.06823379546403885,0.2328297197818756,0.6107757687568665,1.1918303966522217,10.26822280883789,11.667778968811035,12.995945930480957,13.055837631225586,13.474382400512695,13.939584732055664,17.49054718017578,19.391260147094727,20.313907623291016,20.908933639526367,28441.107421875,26792.990234375,26960.521484375,28055.064453125,27392.369140625,25278.0,27162.052734375,27153.884765625,27031.29296875,24418.568359375,25796.50390625,24210.8671875,24084.2578125,23266.37890625,22673.689453125,20388.240234375,20619.455078125,20165.17578125,4467.03369140625,126.42282104492188
226,0.0,0.004743780009448528,0.02602495811879635,0.08223471790552139,0.23949547111988068,0.5904636383056641,1.0339304208755493,10.868368148803711,11.311315536499023,12.971574783325195,13.431137084960938,12.634075164794922,14.482620239257812,18.249481201171875,19.007436752319336,21.44186019897461,22.19538688659668,387.2742004394531,391.4520263671875,412.98687744140625,432.10797119140625,420.2499084472656,418.80718994140625,406.82659912109375,429.20166015625,492.048583984375,500.1785888671875,541.0369262695312,612.7911376953125,730.86572265625,771.7376708984375,983.8051147460938,1320.559326171875,1741.8927001953125,2306.705078125,5084.6630859375,154.92185974121094
227,0.0,0.00429622083902359,0.022119536995887756,0.06930617243051529,0.21440903842449188,0.5435473918914795,1.048890233039856,10.605157852172852,11.65497875213623,12.608392715454102,12.93620777130127,13.918808937072754,13.761188507080078,17.907243728637695,19.181900024414062,20.052127838134766,21.425548553466797,21.283607482910156,22.93374252319336,24.97770118713379,31.721614837646484,35.27629852294922,35.146854400634766,48.5075798034668,67.5630874633789,105.67534637451172,118.54154968261719,150.10218811035156,210.8040008544922,298.6470031738281,345.7143249511719,580.9049682617188,775.7601318359375,1098.2020263671875,1640.6568603515625,3864.12109375,111.47891235351562
228,0.0,0.005510010756552219,0.028849076479673386,0.0814356729388237,0.25886398553848267,0.6545454263687134,1.302112340927124,11.093688011169434,11.305553436279297,13.013596534729004,13.925154685974121,14.542940139770508,15.078268051147461,18.526987075805664,21.1883487701416,21.30036735534668,22.413969039916992,11280.302734375,11670.0185546875,11570.919921875,11253.37109375,11691.81640625,10818.2060546875,10630.5029296875,11171.8447265625,10220.765625,9903.24609375,10330.6708984375,9754.328125,9395.2294921875,9786.650390625,8745.66015625,8658.646484375,8768.580078125,8231.5849609375,5407.671875,154.59840393066406
229,0.0,0.0036277181934565306,0.01822218857705593,0.04914780706167221,0.1521778404712677,0.4272582530975342,0.8553805947303772,10.12818431854248,11.655332565307617,11.758522033691406,11.984586715698242,12.76099681854248,12.560108184814453,14.568714141845703,16.941144943237305,17.77117347717285,19.055644989013672,31797.0,33058.1875,32570.255859375,30568.296875,30077.916015625,29589.5859375,30441.78515625,30784.392578125,30608.796875,30897.90625,29975.865234375,26609.60546875,28422.564453125,26491.16015625,24699.212890625,23404.228515625,24785.82421875,24441.537109375,3034.454833984375,96.23255157470703
230,0.0,0.005058251786977053,0.02621474862098694,0.08142789453268051,0.25029680132865906,0.645813524723053,1.1729387044906616,10.806235313415527,11.311426162719727,13.521231651306152,12.62387752532959,13.994086265563965,14.508322715759277,18.055118560791016,20.292522430419922,21.671749114990234,23.229551315307617,41.43376159667969,45.48200607299805,44.01016616821289,50.16489791870117,53.23143768310547,56.028995513916016,71.27726745605469,93.6722640991211,134.46310424804688,161.41761779785156,214.7528533935547,262.8623352050781,355.9803771972656,451.7886047363281,680.7894897460938,918.1411743164062,1340.43505859375,1898.833251953125,5159.73046875,136.88397216796875
231,0.0,0.004998782183974981,0.025871727615594864,0.08214747905731201,0.2657264471054077,0.6578948497772217,1.278880000114441,10.511810302734375,12.684476852416992,12.342232704162598,13.570371627807617,12.85944938659668,14.356668472290039,19.731706619262695,20.22907257080078,23.3294620513916,23.803321838378906,455.9222717285156,468.6826477050781,454.9463195800781,481.3948974609375,490.6365966796875,459.7547607421875,497.0115051269531,537.7176513671875,635.5059204101562,616.7425537109375,673.88818359375,726.80029296875,806.2274169921875,923.270263671875,1238.059814453125,1493.9486083984375,1918.770263671875,2450.237060546875,5342.197265625,156.35342407226562
232,0.0,0.005076338071376085,0.02448115684092045,0.08576942980289459,0.2631382644176483,0.658595621585846,1.16603684425354,10.268291473388672,12.084611892700195,12.051692008972168,13.151161193847656,14.022911071777344,13.831141471862793,18.78352928161621,20.20651626586914,22.637510299682617,24.34882926940918,8867.6650390625,9254.3759765625,9971.9453125,9525.416015625,8372.2978515625,8723.7265625,8747.1240234375,8956.732421875,8029.71630859375,8201.2626953125,8831.9833984375,8437.9306640625,7502.3232421875,7810.53515625,7192.3046875,6945.63232421875,6376.869140625,6584.5380859375,4191.44482421875,153.68972778320312
233,0.0,0.005394880194216967,0.028756946325302124,0.09644302725791931,0.29442211985588074,0.7023642659187317,1.2712602615356445,10.449137687683105,11.60218620300293,13.34389591217041,14.401991844177246,14.55557632446289,14.436809539794922,21.084325790405273,21.41328239440918,24.58354377746582,25.696950912475586,23.125486373901367,29.589290618896484,30.95133399963379,37.027305603027344,42.53480529785156,42.155189514160156,56.85462951660156,80.66792297363281,137.213134765625,161.28126525878906,218.79248046875,286.7825012207031,407.8727111816406,499.7192687988281,823.867431640625,1159.739501953125,1595.2506103515625,2128.38916015625,5357.19384765625,167.43690490722656
234,0.0,0.004762813914567232,0.025795646011829376,0.07735112309455872,0.23855987191200256,0.6452220678329468,1.239808201789856,10.528098106384277,11.377068519592285,12.485967636108398,13.28318977355957,13.497974395751953,14.70635986328125,18.361047744750977,20.100536346435547,20.429973602294922,22.380712509155273,30524.12890625,30087.21484375,32093.935546875,30246.05078125,29612.365234375,29821.794921875,29090.361328125,26402.48046875,27294.236328125,26476.14453125,27766.060546875,26158.88671875,26953.640625,27165.265625,24517.24609375,23906.42578125,21209.44140625,23385.140625,4917.8115234375,141.78768920898438
235,0.0,0.003654604544863105,0.017165882512927055,0.05180996283888817,0.17275391519069672,0.4125801622867584,0.77371746301651,10.557035446166992,11.503320693969727,11.611162185668945,12.648516654968262,12.913220405578613,13.23551082611084,16.48814582824707,16.13939666748047,18.26341438293457,18.469736099243164,18.42500114440918,22.098373413085938,23.547115325927734,26.518091201782227,29.9057559967041,30.93105697631836,39.343204498291016,50.50106430053711,86.30672454833984,104.82096099853516,126.31541442871094,171.49810791015625,223.08470153808594,295.5927734375,428.1162109375,629.2447509765625,874.74267578125,1171.2137451171875,2755.70458984375,90.4136962890625
