,layer_1,layer_2,layer_3,layer_4,layer_5,layer_6,layer_7,layer_8,layer_9,layer_10,layer_11,layer_12,layer_13,layer_14,layer_15,layer_16,layer_17,layer_18,layer_19,layer_20,layer_21,layer_22,layer_23,layer_24,layer_25,layer_26,layer_27,layer_28,layer_29,layer_30,layer_31,layer_32,layer_33,layer_34,layer_35,layer_36,layer_37
0,0.0,0.0001138340012403205,0.0003088282828684896,0.0005951960920356214,0.001143804402090609,0.002281244145706296,0.003790650749579072,4.0844950675964355,4.4979472160339355,4.333456516265869,4.622286796569824,4.384708404541016,4.4694108963012695,4.376371383666992,4.4428863525390625,3.904501438140869,4.362105846405029,4.48972225189209,4.817653656005859,4.587732791900635,5.125570774078369,4.8195390701293945,5.019620418548584,5.266355991363525,5.210286617279053,5.7143683433532715,6.0438947677612305,6.786106109619141,7.748115539550781,8.27431583404541,8.886627197265625,10.53552532196045,12.917096138000488,18.276079177856445,24.883359909057617,54.02530288696289,1.1441682577133179
1,0.0,0.00010485699021955952,0.0002748362021520734,0.0005488902679644525,0.001050229067914188,0.002066348446533084,0.0035778686869889498,4.276686668395996,4.106436252593994,4.078562259674072,4.049508571624756,4.321646690368652,4.206462860107422,4.23582649230957,4.578511714935303,4.164145469665527,4.392796993255615,4.597054481506348,4.907033443450928,5.077871799468994,4.912861347198486,4.610135078430176,5.36082649230957,5.21167516708374,5.508854866027832,5.753149509429932,6.230000972747803,6.804713726043701,7.420094013214111,8.078476905822754,9.89151668548584,11.153580665588379,13.503151893615723,18.605243682861328,24.48575210571289,51.16852951049805,1.2361674308776855
2,0.0,0.0001280817377846688,0.0003486261994112283,0.0006667823763564229,0.0012561787152662873,0.0025105311069637537,0.004181112628430128,4.171770095825195,4.432287693023682,4.159770965576172,4.042071342468262,4.237653732299805,4.141330242156982,4.114358425140381,4.214841842651367,4.27380895614624,4.172956943511963,39.585689544677734,42.126304626464844,40.07693099975586,42.08448028564453,44.270320892333984,45.54113006591797,43.50090789794922,41.23861312866211,42.930938720703125,41.411800384521484,43.2481803894043,41.535465240478516,43.27440643310547,45.437477111816406,49.16425323486328,49.15064239501953,55.579795837402344,60.07906723022461,54.08694839477539,1.2694429159164429
3,0.0,0.00012813383364118636,0.00033031904604285955,0.000651717244181782,0.0012570912949740887,0.0025767083279788494,0.004246147349476814,4.410157203674316,4.357489109039307,4.154388427734375,4.205729007720947,4.44568395614624,4.137505531311035,4.075173377990723,4.135761260986328,4.299540042877197,4.33494758605957,4.934299945831299,4.842372417449951,4.886189937591553,4.988144397735596,4.969834327697754,5.0560479164123535,5.007694244384766,5.152690887451172,5.765831470489502,6.088345050811768,6.428499221801758,7.30855131149292,8.159116744995117,8.91452407836914,10.602313041687012,13.0819091796875,19.0952205657959,26.31682586669922,61.79912185668945,1.5363978147506714
4,0.0,0.00013676278467755765,0.0003691135789267719,0.0007161296089179814,0.0013681731652468443,0.002767689060419798,0.0045287334360182285,4.037479877471924,4.388254165649414,4.253537178039551,4.366365432739258,4.365960597991943,4.428384780883789,4.380992412567139,4.212345123291016,4.005998611450195,4.348297595977783,4.976223945617676,4.708996295928955,4.695361614227295,4.872228622436523,5.212594985961914,5.104374885559082,5.0612874031066895,5.399266242980957,5.806052207946777,5.921421051025391,6.46608304977417,7.498376846313477,8.490503311157227,9.416343688964844,12.284043312072754,14.546516418457031,20.658235549926758,30.824871063232422,91.43309783935547,2.2279679775238037
5,0.0,0.00011770309356506914,0.00030063826125115156,0.0005785757675766945,0.0010937863262370229,0.00207778112962842,0.003477563615888357,4.425699234008789,4.466526508331299,4.176056861877441,4.314544200897217,4.398024559020996,4.633793354034424,4.1824493408203125,4.431691646575928,4.226386070251465,4.488203048706055,5.105482578277588,5.19970178604126,4.72880220413208,4.913366317749023,5.014647960662842,5.419773578643799,5.248606204986572,5.31587028503418,5.757113933563232,6.449173450469971,6.358464241027832,6.889107704162598,8.252097129821777,8.788445472717285,11.099007606506348,12.794096946716309,18.635122299194336,25.09528350830078,53.906455993652344,1.1770991086959839
6,0.0,0.00011179536522831768,0.0003083335468545556,0.0005806614062748849,0.0010542740346863866,0.002085745334625244,0.003451105672866106,3.853644609451294,4.361779689788818,4.064404010772705,4.254297256469727,4.4398322105407715,4.222756385803223,4.644765377044678,4.079921722412109,4.115583419799805,4.161764144897461,13.299295425415039,14.150898933410645,13.473297119140625,12.671473503112793,13.11888599395752,13.033503532409668,14.29212474822998,13.6231689453125,14.942695617675781,15.075723648071289,15.614461898803711,16.140941619873047,16.598575592041016,16.956233978271484,20.06199836730957,21.981945037841797,28.05056381225586,35.995635986328125,61.52947235107422,1.3429514169692993
7,0.0,0.00013666517043020576,0.00038329200469888747,0.0007024190854281187,0.0012792571214959025,0.002560686320066452,0.004245092626661062,4.421206951141357,4.144863128662109,4.430849075317383,4.399894714355469,4.498602867126465,4.255650520324707,4.542984485626221,4.262142658233643,4.346988677978516,4.267826080322266,83.26932525634766,83.94916534423828,91.13737487792969,89.55783081054688,83.21028900146484,86.43392944335938,86.32080078125,85.62094116210938,86.67279052734375,82.24557495117188,88.10468292236328,86.62321472167969,85.5274887084961,90.35356903076172,96.30198669433594,90.1146011352539,107.86189270019531,109.65888214111328,98.57780456542969,2.074737548828125
8,0.0,0.0001481788494857028,0.00039527969784103334,0.0007441792986355722,0.0013822605833411217,0.0028706961311399937,0.00462613208219409,4.190768241882324,4.065577030181885,4.417149543762207,3.960822105407715,4.424920082092285,4.088756561279297,4.275030136108398,3.917271614074707,4.3758416175842285,4.2891716957092285,9.02182388305664,9.667010307312012,9.744609832763672,9.395483016967773,9.510910987854004,9.871600151062012,9.550121307373047,10.50383472442627,11.015439987182617,11.310338973999023,10.57433795928955,12.3340482711792,13.41384506225586,13.960362434387207,16.150094985961914,18.563779830932617,26.84317970275879,34.72343826293945,84.60739135742188,1.943075180053711
9,0.0,0.00012601609341800213,0.00033266781247220933,0.0006334989448077977,0.0012924488401040435,0.002704914193600416,0.004493292421102524,4.7853684425354,4.229804515838623,4.3487420082092285,4.041700839996338,4.50988245010376,4.323181629180908,4.376703262329102,4.255337238311768,4.242948532104492,4.126513957977295,4.460481643676758,4.796442031860352,4.949132919311523,4.510429859161377,4.663634300231934,4.8266448974609375,5.26715612411499,5.21270227432251,5.8734235763549805,6.253645896911621,6.326380252838135,7.148860454559326,8.261301040649414,9.028914451599121,11.129085540771484,13.141703605651855,19.124181747436523,26.348358154296875,64.13153839111328,1.400126338005066
10,0.0,0.00012395776866469532,0.00032559927785769105,0.0006295913481153548,0.0011842962121590972,0.002466850681230426,0.004283509682863951,4.230585098266602,4.150333404541016,4.577695846557617,4.150982856750488,4.4667558670043945,4.004104137420654,3.87294602394104,4.330442428588867,4.386730194091797,4.410671710968018,4.362758636474609,4.956314563751221,5.1572346687316895,4.848981857299805,5.082900524139404,4.824631214141846,4.739989280700684,5.644221782684326,5.80576753616333,6.128936767578125,6.274071216583252,6.992030620574951,7.6819634437561035,8.886162757873535,10.50321102142334,12.775999069213867,17.86198616027832,23.742568969726562,46.695526123046875,1.0698150396347046
11,0.0,0.00011957029346376657,0.00031915618455968797,0.0006173512083478272,0.0011997163528576493,0.0024473939556628466,0.004117564298212528,4.192619800567627,4.340742588043213,4.217827796936035,4.318943500518799,4.430466651916504,4.342972755432129,4.498477458953857,4.246556758880615,4.485317707061768,4.450932025909424,13.16922664642334,14.73513126373291,14.131117820739746,14.909159660339355,14.21170425415039,13.901495933532715,15.484020233154297,14.761587142944336,13.539637565612793,15.816023826599121,15.865509033203125,16.17707061767578,16.78843879699707,17.937856674194336,19.650306701660156,22.880657196044922,26.526958465576172,32.75676345825195,45.44538116455078,1.0235950946807861
12,0.0,0.00012738126679323614,0.00035616758395917714,0.0006972057744860649,0.0012964342022314668,0.0024803567212074995,0.00403226213529706,4.4879584312438965,4.170010089874268,4.472227573394775,4.363554000854492,4.285009384155273,3.978266716003418,4.462759971618652,4.5398173332214355,4.143904685974121,4.222961902618408,4.518865585327148,4.827332973480225,4.771734237670898,4.974211692810059,4.9320831298828125,4.7751593589782715,5.255512237548828,5.863637924194336,5.996038436889648,6.079359531402588,6.192783355712891,7.131789207458496,8.012916564941406,8.664336204528809,10.733282089233398,13.013678550720215,17.80658531188965,23.7393856048584,54.04106140136719,1.1880708932876587
13,0.0,0.00012280228838790208,0.00032851609284989536,0.0006394257652573287,0.0012435626704245806,0.00254217442125082,0.004322490189224482,4.3752217292785645,3.900873899459839,4.384657859802246,4.406482696533203,4.412088871002197,4.355363368988037,4.3325724601745605,4.856154441833496,4.246553897857666,4.286980628967285,22.01973533630371,19.456100463867188,19.491195678710938,18.885528564453125,19.725849151611328,20.23253631591797,20.663358688354492,20.18409538269043,20.73859405517578,20.47829818725586,20.182172775268555,22.81608009338379,23.840103149414062,23.198360443115234,27.96308708190918,28.852680206298828,35.56352615356445,44.40650177001953,78.89606475830078,1.7594407796859741
14,0.0,0.00012506163329817355,0.0003211250004824251,0.0006101954495534301,0.001256972667761147,0.002559313550591469,0.00426134467124939,4.2454609870910645,4.4060139656066895,4.37249231338501,3.9309282302856445,4.137237548828125,4.166869640350342,4.128983497619629,4.29226541519165,4.122538089752197,4.372847080230713,15.236671447753906,13.534711837768555,13.16697883605957,12.78482723236084,14.358270645141602,13.390413284301758,13.03016185760498,14.094966888427734,14.661372184753418,15.278470039367676,15.105892181396484,15.236096382141113,16.250732421875,17.451061248779297,18.660036087036133,22.1691837310791,26.55500602722168,32.984344482421875,61.4560661315918,1.4952707290649414
15,0.0,0.00013413248234428465,0.0003221379593014717,0.000650155998300761,0.0013092253357172012,0.002546064555644989,0.004355936776846647,4.864377975463867,4.261527061462402,4.125637054443359,4.125364303588867,4.192806720733643,4.322890281677246,4.1097612380981445,4.529695510864258,4.230845928192139,4.264265537261963,20.966428756713867,21.004955291748047,20.777103424072266,20.365859985351562,20.60870361328125,20.43706703186035,20.905004501342773,20.903993606567383,21.039011001586914,23.57532501220703,22.00687026977539,25.280141830444336,25.347232818603516,26.81357192993164,27.785640716552734,29.928508758544922,35.83871841430664,43.284759521484375,56.771728515625,1.2909473180770874
16,0.0,0.00014023481344338506,0.0003502035397104919,0.0007098805508576334,0.001318613300099969,0.0024997564032673836,0.004039629828184843,4.411579132080078,4.289541721343994,4.193138122558594,4.390675067901611,4.090383052825928,4.225329399108887,4.635043621063232,4.2522149085998535,4.083163738250732,4.352104187011719,5.752544403076172,5.6547627449035645,6.017926216125488,5.922693729400635,5.83988094329834,5.994625091552734,6.0135817527771,6.600887298583984,6.364931583404541,7.122539520263672,7.590226173400879,7.9270219802856445,8.652748107910156,9.717168807983398,11.805253028869629,13.811066627502441,19.700908660888672,25.859912872314453,61.591487884521484,1.3656154870986938
17,0.0,0.00011874889605678618,0.0003363886789884418,0.000642747210804373,0.0011549509363248944,0.0021856981329619884,0.003698992542922497,4.486209392547607,4.007301330566406,4.293332099914551,4.27235746383667,4.114278316497803,4.456715106964111,4.1469902992248535,4.260226726531982,4.312710285186768,4.419104099273682,4.870667457580566,4.853703498840332,5.141889572143555,4.993454456329346,5.040808200836182,5.103017330169678,4.987037658691406,5.52687931060791,5.875860214233398,6.2424163818359375,6.417601108551025,6.8676438331604,7.665260314941406,9.093291282653809,10.925984382629395,13.205939292907715,18.19137954711914,24.051923751831055,46.335411071777344,1.0789545774459839
18,0.0,0.00013711012434214354,0.0004175609501544386,0.0007315286784432828,0.0013255700469017029,0.0025177113711833954,0.004187361802905798,4.021646499633789,4.576252460479736,3.9871673583984375,4.125781059265137,4.243117332458496,4.2596330642700195,4.029160976409912,4.0837788581848145,4.243565082550049,4.523990631103516,4.602604866027832,4.935342788696289,5.033448696136475,5.361609935760498,4.9573283195495605,5.112135887145996,5.193307399749756,5.625313758850098,5.940661907196045,6.122581481933594,6.4480671882629395,6.970831394195557,7.7670488357543945,9.020277976989746,10.894035339355469,13.351649284362793,18.503625869750977,24.70095443725586,59.21675109863281,1.3374993801116943
19,0.0,0.00011451029422460124,0.0003465383779257536,0.0007337828283198178,0.0012791460612788796,0.002477745758369565,0.004073610994964838,4.6929521560668945,4.590229511260986,4.41322660446167,4.714834213256836,4.033360481262207,4.177520751953125,4.42155122756958,4.612082481384277,4.392106533050537,4.2186760902404785,8.380500793457031,8.098559379577637,7.999940872192383,7.984404563903809,7.808807849884033,8.494060516357422,8.447033882141113,8.126749992370605,9.433588027954102,9.605733871459961,10.524741172790527,10.213279724121094,10.926565170288086,11.496338844299316,14.732617378234863,15.402076721191406,22.435888290405273,30.419065475463867,65.72108459472656,1.4974596500396729
20,0.0,0.00013218239473644644,0.0003361550043337047,0.000644359621219337,0.0012901239097118378,0.0025178224314004183,0.0041983528062701225,4.143254280090332,4.028621196746826,4.479512691497803,4.451024055480957,4.408176898956299,4.038938522338867,4.054932594299316,4.666288375854492,4.440093040466309,4.054128170013428,13.089295387268066,13.57213306427002,13.757681846618652,14.248111724853516,14.578049659729004,14.046194076538086,15.172465324401855,14.524256706237793,14.684908866882324,16.42142677307129,15.085243225097656,17.088844299316406,18.863792419433594,18.078283309936523,20.75875473022461,24.775711059570312,28.926942825317383,37.91120529174805,60.369300842285156,1.3482213020324707
21,0.0,0.0001377139415126294,0.00034445637720637023,0.0006776993395760655,0.001346500706858933,0.0025801025331020355,0.004302945453673601,4.341311454772949,4.140854358673096,4.345926761627197,4.273400783538818,4.552559852600098,4.3317670822143555,4.251985549926758,4.338289260864258,4.488802909851074,4.249726295471191,103.17436218261719,98.39395904541016,112.80541229248047,100.73776245117188,101.63531494140625,108.74625396728516,105.52842712402344,102.33348846435547,94.22332000732422,106.59720611572266,103.05904388427734,102.10689544677734,110.2732925415039,111.67739868164062,106.70028686523438,105.88863372802734,104.57138061523438,131.43698120117188,60.329586029052734,1.1630935668945312
22,0.0,0.0001294495159527287,0.00033944935421459377,0.0006799803231842816,0.0012817190727218986,0.0026144995354115963,0.004366277251392603,4.1075592041015625,4.518472671508789,4.183749675750732,4.358652591705322,4.381025791168213,4.367064476013184,4.433735370635986,3.9768402576446533,4.14322566986084,4.224384784698486,4.454516887664795,4.851062774658203,4.8143696784973145,4.603288173675537,5.3337483406066895,4.796455383300781,5.227859020233154,5.302647113800049,5.538112640380859,6.2195353507995605,6.328653812408447,7.146790504455566,8.127004623413086,8.999822616577148,10.732072830200195,13.325860023498535,20.93532943725586,28.514192581176758,68.27774047851562,1.4801818132400513
23,0.0,0.00013821625907439739,0.00037566438550129533,0.0006963054183870554,0.0013395093847066164,0.0027248936239629984,0.004502210766077042,4.038085460662842,4.111652851104736,4.265895843505859,4.380899906158447,4.1839447021484375,4.213479518890381,4.184408187866211,4.087888717651367,4.369191646575928,4.569051742553711,24198.478515625,22330.193359375,24241.1875,25800.505859375,24774.921875,23008.197265625,24082.857421875,24609.07421875,22716.095703125,20710.087890625,21743.1640625,20947.552734375,20965.5390625,19308.712890625,18655.748046875,20157.61328125,16506.955078125,15849.6826171875,86.3777084350586,2.084364414215088
24,0.0,0.00010571309394435957,0.00026824005180969834,0.0005283051286824048,0.0010183957638218999,0.00202824710868299,0.0034773957449942827,4.0115461349487305,4.249553203582764,4.20256233215332,3.834674119949341,4.52485466003418,4.30059814453125,4.016175746917725,4.43199348449707,4.0546698570251465,4.084412097930908,4.9895782470703125,4.852553367614746,4.784277439117432,4.9160685539245605,5.092720031738281,5.443654537200928,5.357707500457764,5.392238616943359,5.956252574920654,5.9774932861328125,6.654995441436768,6.930753231048584,7.685959815979004,9.217512130737305,10.672588348388672,13.37077522277832,17.391775131225586,25.08417320251465,47.33823776245117,1.0289734601974487
25,0.0,0.0001034803717629984,0.0002484445576556027,0.0005088956677354872,0.0009948316728696227,0.0019185695564374328,0.003154388163238764,4.379531383514404,4.2940192222595215,4.187318325042725,4.3259429931640625,4.476080417633057,4.352298259735107,4.0816650390625,4.283272743225098,4.366040229797363,4.491706371307373,4.647829532623291,4.718227863311768,5.437814712524414,4.6223039627075195,5.453912258148193,5.164323806762695,5.244664669036865,5.525479793548584,5.998485565185547,6.2395853996276855,6.681629180908203,7.641394138336182,8.227170944213867,9.438246726989746,11.848151206970215,14.560426712036133,20.027008056640625,29.403823852539062,71.57760620117188,1.5006848573684692
26,0.0,0.0001446657843189314,0.00039831639151088893,0.0008127604960463941,0.0015224494272843003,0.00282027549110353,0.004536796826869249,4.20250940322876,4.397446155548096,4.149119853973389,4.352916717529297,4.414952754974365,4.274560928344727,4.292235851287842,4.1964240074157715,4.3595805168151855,4.215183258056641,4.797811985015869,4.3818511962890625,5.230234622955322,5.10986852645874,5.438503742218018,4.974164009094238,5.154582977294922,5.9566192626953125,5.999048233032227,6.618124485015869,7.560964107513428,8.501166343688965,9.72446346282959,11.160832405090332,14.44878101348877,17.878602981567383,29.7713680267334,44.388572692871094,128.96864318847656,3.062835454940796
27,0.0,0.00011919390817638487,0.00031196142663247883,0.0006323789712041616,0.001223828410729766,0.0024901072029024363,0.004142350051552057,4.317225933074951,4.104644298553467,4.182180404663086,4.321508407592773,3.903406858444214,4.434289455413818,4.372575283050537,4.578538417816162,4.289393424987793,4.587676048278809,5.8779096603393555,5.7285871505737305,6.267289638519287,6.260249137878418,5.701094150543213,6.365302085876465,6.143711566925049,6.125376224517822,6.6638593673706055,7.35781192779541,7.524495601654053,8.33880615234375,9.506185531616211,10.094660758972168,12.399333953857422,14.477618217468262,21.77214241027832,29.97827911376953,74.45516204833984,1.605236530303955
28,0.0,0.00015915937547106296,0.0003975557629019022,0.0007517746998928487,0.0014314670115709305,0.002847645664587617,0.00471960473805666,4.043137550354004,4.616090297698975,4.339150428771973,4.107881546020508,4.29615592956543,3.997911214828491,4.3691558837890625,4.258213043212891,4.219651699066162,4.1989288330078125,20.150531768798828,22.27324676513672,20.26750373840332,21.640548706054688,20.631526947021484,20.657251358032227,23.253469467163086,22.336824417114258,23.081478118896484,23.569334030151367,22.614042282104492,21.787057876586914,24.536060333251953,26.483373641967773,27.63008689880371,29.05263900756836,36.63068771362305,42.34599304199219,67.74866485595703,1.5950461626052856
29,0.0,0.0001373911800328642,0.0003540730394888669,0.0006722843972966075,0.0013477139873430133,0.002685231389477849,0.004401414655148983,4.547610759735107,4.445333003997803,4.597721576690674,4.441976070404053,4.199850559234619,4.07520866394043,3.7593555450439453,4.389957427978516,4.210568428039551,4.2825608253479,4.92684268951416,4.751093864440918,4.8773393630981445,4.879987716674805,5.0817718505859375,4.900595188140869,5.036319732666016,5.287826061248779,5.68316650390625,5.708276271820068,6.270558834075928,7.116837024688721,8.371828079223633,8.723867416381836,10.982128143310547,13.138504981994629,19.695390701293945,26.02219581604004,63.33657455444336,1.4636493921279907
30,0.0,0.00013541193038690835,0.0003725561546161771,0.000752759980969131,0.001393598155118525,0.0026140313129872084,0.004356106277555227,4.1730265617370605,4.274582386016846,4.355690002441406,4.080377101898193,4.553310871124268,4.10465145111084,4.371542453765869,4.313623428344727,4.334568500518799,4.484765529632568,4.906681060791016,4.74622917175293,5.196193695068359,4.863949298858643,5.056358337402344,5.0024518966674805,5.479014873504639,5.782214164733887,5.905637741088867,6.252275466918945,6.704457759857178,7.452790260314941,8.171112060546875,9.072139739990234,11.105571746826172,13.52698040008545,20.098527908325195,29.318235397338867,93.93701934814453,2.2232553958892822
31,0.0,0.00011028525477740914,0.00030552834505215287,0.0005775414174422622,0.001088770222850144,0.0022571063600480556,0.0038603385910391808,4.4838151931762695,4.231109619140625,4.482138633728027,4.321675777435303,4.330514430999756,4.306432723999023,4.180351734161377,4.001121520996094,4.40878438949585,4.205073356628418,27.25846290588379,31.031919479370117,32.140079498291016,31.0145320892334,29.209186553955078,30.952028274536133,32.64104080200195,29.53605079650879,31.5452880859375,32.572898864746094,31.221298217773438,31.70717430114746,34.992000579833984,33.93877410888672,35.60269546508789,37.82310485839844,46.48997116088867,48.803287506103516,48.87330627441406,1.0234112739562988
32,0.0,0.0001414688304066658,0.00039980802102945745,0.0008031455799937248,0.0015157578745856881,0.0028849393129348755,0.004706266801804304,4.150686740875244,4.290874004364014,4.058241367340088,4.307398319244385,4.259890079498291,4.617855548858643,4.3110480308532715,4.098361492156982,4.271877288818359,4.543774604797363,5.630258083343506,5.557154655456543,5.773848056793213,6.111239433288574,5.757485389709473,5.931490421295166,6.0116753578186035,6.67888879776001,6.555965423583984,7.2097673416137695,7.402909755706787,8.078669548034668,8.783988952636719,9.660345077514648,11.951176643371582,13.934134483337402,20.05427360534668,27.91375160217285,62.46857452392578,1.4076677560806274
33,0.0,0.00014354204176925123,0.0003635793109424412,0.0007303646998479962,0.0013697396498173475,0.002625851659104228,0.0044164955615997314,4.45582914352417,4.204565525054932,4.431353569030762,3.9380948543548584,4.239382743835449,4.497476100921631,4.35518741607666,4.20028829574585,4.131864547729492,4.2195353507995605,664.55712890625,597.4569091796875,562.5230712890625,574.9931640625,558.9591674804688,600.674560546875,641.7957153320312,615.2070922851562,585.0836791992188,587.226318359375,563.884765625,606.4002685546875,632.40087890625,557.5891723632812,598.5167846679688,585.7467041015625,580.6950073242188,607.0945434570312,56.72194290161133,1.189563274383545
34,0.0,0.00013987367856316268,0.00036688533145934343,0.0006831637583673,0.0013387106591835618,0.002695969305932522,0.004560284782201052,4.0208845138549805,4.349197864532471,4.264923095703125,4.116659164428711,3.878368854522705,4.181933403015137,4.187407493591309,3.9880523681640625,4.392688751220703,4.717157363891602,5.537775993347168,5.58018159866333,5.743021011352539,5.8504743576049805,5.794107913970947,5.860623836517334,6.523554801940918,6.44616174697876,6.338327407836914,6.727853775024414,6.940500259399414,7.4176926612854,8.878173828125,9.34199047088623,11.661907196044922,13.950196266174316,20.14618682861328,26.646486282348633,58.38215637207031,1.394294023513794
35,0.0,0.00014284024655353278,0.00036818094667978585,0.000694560818374157,0.001398411812260747,0.002758136484771967,0.004567520227283239,4.2222981452941895,4.207043647766113,4.223954200744629,4.231222629547119,4.59324836730957,4.527158260345459,4.34966516494751,4.142115116119385,4.585111141204834,4.129138946533203,5.349782943725586,6.197447299957275,5.902444362640381,6.509842872619629,6.15736198425293,6.514031887054443,6.136133193969727,6.454840660095215,6.7896623611450195,7.9667510986328125,7.663507461547852,8.158692359924316,9.252425193786621,10.225447654724121,12.444846153259277,14.904809951782227,20.506317138671875,27.126794815063477,66.94218444824219,1.6746388673782349
36,0.0,0.00016592997417319566,0.0004284885071683675,0.0008061849512159824,0.0014612897066399455,0.0029732321854680777,0.004958644043654203,4.405940055847168,4.581878662109375,4.490431785583496,4.351596832275391,4.201489448547363,4.25160551071167,4.214776515960693,4.52424430847168,4.499478816986084,4.386110782623291,5.845799922943115,5.844545364379883,6.427379608154297,6.523128986358643,6.665536403656006,5.708599090576172,6.2685346603393555,6.089367389678955,7.1134114265441895,7.425798416137695,7.893052101135254,7.478931903839111,9.56350040435791,10.403033256530762,12.185945510864258,14.881932258605957,21.518911361694336,28.5245418548584,75.35972595214844,1.663949966430664
37,0.0,0.0001329861843260005,0.0003453842655289918,0.0007247445755638182,0.0013366752536967397,0.002402832033112645,0.003951847553253174,4.280904293060303,4.204982757568359,4.37744140625,4.580511093139648,4.458357334136963,4.238880157470703,4.428778648376465,4.210367202758789,3.7554893493652344,4.292230606079102,5.951050758361816,5.750365734100342,6.101842403411865,6.218649387359619,6.15675163269043,6.056128978729248,6.070520877838135,7.0091447830200195,6.744014739990234,7.258217811584473,7.992697715759277,8.604830741882324,9.422917366027832,10.452276229858398,11.992151260375977,14.656790733337402,19.431888580322266,27.480308532714844,56.843875885009766,1.2461377382278442
38,0.0,0.00012670745491050184,0.00035234380629844964,0.0006904412875883281,0.0012413653312250972,0.002420316683128476,0.004018521402031183,4.327974319458008,4.259759902954102,4.05102014541626,4.0895538330078125,4.211719989776611,4.321315288543701,4.1642937660217285,4.57607364654541,4.097172737121582,4.339022159576416,4.899826526641846,4.467843055725098,5.179052829742432,5.104144096374512,4.922550201416016,5.105102062225342,5.185696125030518,5.343645095825195,5.514699459075928,5.6581525802612305,6.789212226867676,7.152024745941162,8.104890823364258,8.681266784667969,11.112971305847168,13.240766525268555,17.989360809326172,26.11646270751953,58.38711929321289,1.2695012092590332
39,0.0,0.00011554265802260488,0.0002957266988232732,0.000557972292881459,0.0011010341113433242,0.0021919580176472664,0.003651051316410303,4.1467719078063965,4.447535037994385,4.344058513641357,4.315719127655029,4.479219913482666,3.8866453170776367,4.502878189086914,4.286965847015381,4.293961048126221,4.234511375427246,5.329583644866943,4.99408483505249,4.557966232299805,4.88036584854126,5.1368279457092285,5.060685634613037,5.676732063293457,5.428680896759033,6.064228057861328,5.920775890350342,6.359615802764893,7.415621280670166,8.247686386108398,9.277046203613281,11.581229209899902,13.303895950317383,19.43767547607422,27.811588287353516,58.26088333129883,1.3709721565246582
40,0.0,0.00013264687731862068,0.0003490490198601037,0.0007491058204323053,0.0014001834206283092,0.0027677433099597692,0.004530750680714846,4.225461006164551,4.607201099395752,4.3221049308776855,4.2252302169799805,4.22747278213501,4.093804359436035,4.178358554840088,4.278146743774414,4.517800807952881,4.23736047744751,584.7974243164062,588.9837646484375,550.3187866210938,583.4805297851562,572.2002563476562,527.3729858398438,589.0826416015625,612.3104248046875,563.2758178710938,571.751220703125,580.091796875,526.11474609375,597.9898681640625,562.474365234375,557.9519653320312,611.1994018554688,549.0480346679688,606.4683837890625,110.86569213867188,2.4971508979797363
41,0.0,0.00011648405052255839,0.00030188329401426017,0.0006157765747047961,0.0011706732911989093,0.0023232109379023314,0.0038971875328570604,4.212104797363281,4.498664379119873,4.363959312438965,4.16015625,4.629777431488037,3.985551118850708,4.081319332122803,4.177069664001465,4.490734100341797,4.571404933929443,4.7473955154418945,4.612442493438721,4.939975261688232,4.980544090270996,4.970168113708496,5.155874252319336,5.138976573944092,5.221325397491455,5.610286235809326,6.352297306060791,5.827581405639648,7.083822250366211,7.541583061218262,8.758410453796387,10.339275360107422,12.229427337646484,17.69036865234375,22.598617553710938,49.20718002319336,1.0506807565689087
42,0.0,0.0001333557884208858,0.00033032745704986155,0.0006547508528456092,0.0012840555282309651,0.0026841971557587385,0.004464000929147005,4.424691677093506,4.475663185119629,4.2869648933410645,4.102802276611328,3.9665002822875977,4.4380645751953125,4.42705774307251,4.454098701477051,4.2986650466918945,4.206132888793945,4.481301307678223,5.196846961975098,4.645430088043213,5.125463008880615,5.1628313064575195,5.195117473602295,5.131471633911133,5.38541841506958,5.649353504180908,5.88914680480957,6.63902473449707,7.013027667999268,7.834053039550781,9.275432586669922,10.904155731201172,13.090909004211426,20.648340225219727,29.274545669555664,81.93405151367188,1.7183279991149902
43,0.0,0.00014781091886106879,0.0003727136936504394,0.0007157353102229536,0.001383412629365921,0.0027254638262093067,0.004499759525060654,3.8776028156280518,3.859807014465332,4.470562934875488,4.27924919128418,4.4191484451293945,4.356257915496826,4.074622631072998,4.180909156799316,4.493991374969482,4.230216979980469,14.111953735351562,15.597031593322754,13.147743225097656,14.480626106262207,15.399502754211426,13.846654891967773,14.675359725952148,14.199480056762695,14.1028413772583,15.588075637817383,15.25607681274414,15.228760719299316,17.062122344970703,18.453500747680664,19.167591094970703,20.75189208984375,27.025169372558594,33.17815399169922,54.67302703857422,1.2878633737564087
44,0.0,0.0001329297956544906,0.0003286701103206724,0.0006501920288428664,0.0012563086347654462,0.002596314297989011,0.004350895062088966,4.4987287521362305,4.8040852546691895,4.169797897338867,4.6871232986450195,4.483598709106445,4.446225643157959,4.30187463760376,4.394147872924805,4.412456035614014,4.290680885314941,5.792843818664551,6.049575328826904,5.910305976867676,6.166445732116699,5.908583164215088,6.114356517791748,6.508023262023926,6.362520694732666,7.172481060028076,6.967477798461914,7.851870536804199,8.123541831970215,9.034279823303223,9.682106018066406,12.348443984985352,14.63823127746582,20.933746337890625,28.036373138427734,72.17259979248047,1.7646819353103638
45,0.0,0.00013421085895970464,0.0003516835568007082,0.0006829690537415445,0.0013036716263741255,0.002548069227486849,0.004211643245071173,4.56210470199585,4.228184700012207,4.243208408355713,4.371533393859863,4.150790214538574,4.341470718383789,4.1837477684021,4.360194683074951,4.415639877319336,4.742719650268555,5.063807010650635,5.372676849365234,4.6239824295043945,4.48114013671875,5.2465949058532715,5.105442523956299,5.258541107177734,5.263162136077881,5.981189727783203,6.674129962921143,6.885194778442383,7.480283260345459,9.109057426452637,9.751917839050293,12.412006378173828,14.908973693847656,23.07939910888672,32.79268264770508,81.27128601074219,2.027066946029663
46,0.0,0.00013901054626330733,0.0003523936029523611,0.000688904314301908,0.001312290783971548,0.0025921810884028673,0.004237722605466843,4.170004844665527,4.264871120452881,4.126525402069092,4.121551036834717,3.990532875061035,4.289252758026123,4.175439357757568,4.130197525024414,4.2827467918396,4.420079231262207,30.812288284301758,31.51887321472168,31.917495727539062,31.60671043395996,31.11239242553711,29.49662971496582,31.395950317382812,31.0806827545166,33.10344314575195,34.39054870605469,33.14604187011719,32.58826446533203,33.820579528808594,34.938995361328125,37.18022155761719,36.722572326660156,44.96038055419922,49.92442321777344,53.58341598510742,1.3627735376358032
47,0.0,0.00010793637193273753,0.00030941126169636846,0.0006003282614983618,0.0011181781301274896,0.0021530729718506336,0.0036440929397940636,4.124512672424316,4.227813243865967,4.35968542098999,4.050453186035156,4.331576347351074,4.180231094360352,4.441901683807373,4.047847270965576,4.261593341827393,4.090338230133057,348.4322814941406,333.4052734375,364.2030029296875,343.5938720703125,354.93023681640625,334.6954040527344,359.3239440917969,339.5735168457031,353.0809020996094,341.8519592285156,321.8075256347656,323.3833312988281,332.6857604980469,355.98529052734375,356.8091125488281,361.3372802734375,369.96337890625,368.2432556152344,63.01398849487305,1.337212085723877
48,0.0,0.00011555706441868097,0.00027732871240004897,0.0005790428840555251,0.0011193609097972512,0.0022894125431776047,0.00389422127045691,4.180923938751221,3.922576904296875,4.118859767913818,4.508039951324463,4.060087203979492,4.002593994140625,4.302137851715088,4.206236362457275,4.270545959472656,4.2975664138793945,4.973407745361328,4.664070129394531,5.147490501403809,4.838813781738281,5.149807929992676,5.125927448272705,5.43208122253418,5.679112434387207,5.442733287811279,6.67742395401001,6.9135003089904785,7.871982574462891,8.487279891967773,9.652047157287598,11.737606048583984,13.865750312805176,21.47470474243164,31.5413761138916,95.62300872802734,1.958243727684021
49,0.0,0.000146342848893255,0.00038314866833388805,0.0007039415067993104,0.0013846246292814612,0.002712450223043561,0.004441368859261274,4.170763969421387,3.9563283920288086,4.215853691101074,4.395025253295898,4.511580467224121,4.379209995269775,4.101248264312744,4.228601932525635,4.438039779663086,4.409266948699951,5.864322662353516,6.111635208129883,5.832614421844482,5.74869966506958,5.717486381530762,6.662620544433594,6.012823104858398,6.457039833068848,6.555662155151367,6.855008125305176,7.270662784576416,7.816607475280762,8.5770902633667,9.917397499084473,11.993924140930176,14.03565502166748,20.303979873657227,26.515649795532227,67.70317840576172,1.4066582918167114
50,0.0,0.00010293062950950116,0.00027902479632757604,0.0005477059166878462,0.0010202637640759349,0.0019704527221620083,0.003389124060049653,4.495758056640625,4.355770587921143,4.246860980987549,4.2140278816223145,3.971909284591675,4.494811058044434,4.38094425201416,4.678463935852051,4.129339218139648,4.213047981262207,4.602879047393799,4.9032368659973145,4.781307697296143,5.106133460998535,5.376140117645264,5.193312644958496,5.214653015136719,5.5479230880737305,5.7263264656066895,5.760495185852051,6.640779495239258,7.1501054763793945,7.842060089111328,8.828722953796387,10.643720626831055,13.086080551147461,17.20823860168457,23.74333381652832,47.05311965942383,1.0403809547424316
51,0.0,0.0001339211594313383,0.0003480715095065534,0.0006602202192880213,0.0012667645933106542,0.002622701460495591,0.004406946245580912,4.233175277709961,4.221202373504639,4.269743919372559,4.076150894165039,4.095765113830566,4.207611560821533,3.9812276363372803,3.824169158935547,4.204697132110596,4.4871907234191895,97.69224548339844,96.75577545166016,101.52005004882812,108.54752349853516,103.98723602294922,100.81327056884766,103.53678894042969,104.86930847167969,99.19673919677734,108.47818756103516,100.63664245605469,113.81388854980469,105.04764556884766,112.48675537109375,106.78736877441406,109.18873596191406,112.48017883300781,129.3611297607422,83.84595489501953,1.9974784851074219
52,0.0,0.00011686495417961851,0.0003236392803955823,0.0006530514219775796,0.0012543110642582178,0.0024754346814006567,0.0041167545132339,4.236812114715576,4.050737380981445,4.161436557769775,4.1739182472229,4.024216175079346,4.302012920379639,4.026708602905273,4.7217864990234375,3.9925332069396973,4.419674873352051,670.1278686523438,744.9119873046875,713.1770629882812,670.4268798828125,736.8209228515625,693.6990966796875,594.6962890625,528.2493896484375,468.9691467285156,393.501953125,365.67840576171875,327.11163330078125,283.19476318359375,257.3177795410156,164.48838806152344,110.69197082519531,99.09526062011719,81.67765045166016,64.73175048828125,1.4577451944351196
53,0.0,0.00010730518988566473,0.0002852509787771851,0.0005556608666665852,0.0010670085903257132,0.002090721158310771,0.003636744571849704,4.174726963043213,3.881486177444458,4.091486930847168,4.220267295837402,4.177233695983887,4.243829250335693,4.163625717163086,4.450632572174072,3.917097806930542,4.053006172180176,4.978755474090576,5.067202568054199,4.8389787673950195,4.718766689300537,4.979067802429199,5.272809028625488,5.314556121826172,5.471863746643066,5.687126159667969,6.368912220001221,6.435823440551758,7.1252875328063965,7.943597316741943,9.141715049743652,11.24486255645752,13.852133750915527,19.061674118041992,25.051435470581055,51.81986999511719,1.1243058443069458
54,0.0,0.00016546569531783462,0.0004649607290048152,0.0009999482426792383,0.0017015779158100486,0.0033642302732914686,0.005223781801760197,1.0474720001220703,1.0426262617111206,1.1010984182357788,1.0706905126571655,0.9963628053665161,1.0795913934707642,1.1073161363601685,1.0724118947982788,1.0866223573684692,1.1054390668869019,15267.0791015625,15299.21875,14320.849609375,13993.87890625,13744.1103515625,14792.689453125,13601.9140625,13526.787109375,14114.0087890625,13319.1826171875,11370.869140625,10930.734375,11798.5234375,10143.29296875,10273.732421875,10097.4453125,9531.9228515625,8499.3994140625,104.63601684570312,2.9899373054504395
55,0.0,0.00014027606812305748,0.0003608574334066361,0.0006767639424651861,0.0013495335588231683,0.0027234540320932865,0.004491436295211315,4.228427410125732,4.4222941398620605,4.577899932861328,4.421309471130371,4.15225076675415,4.436513900756836,4.421278953552246,4.44627571105957,4.645195484161377,4.171523094177246,34640.36328125,35260.578125,34649.09375,37254.90625,32714.26953125,34963.2265625,34149.71875,31023.224609375,31126.265625,32371.59765625,31046.353515625,33606.921875,31299.060546875,28476.353515625,25698.916015625,24619.09375,23356.853515625,21021.912109375,66.22052001953125,1.3527971506118774
56,0.0,0.00012826491729356349,0.0003462892200332135,0.0006481058080680668,0.001293209264986217,0.002627904061228037,0.004512003157287836,4.047116279602051,4.191774845123291,4.045170307159424,4.344586372375488,4.433139324188232,4.134654998779297,4.257755279541016,4.237996578216553,4.244536399841309,4.348535537719727,54.06322479248047,51.967201232910156,52.626731872558594,54.55885314941406,54.054229736328125,52.24553298950195,51.558738708496094,52.03169631958008,52.93562698364258,55.69622039794922,56.800804138183594,54.962188720703125,59.57655715942383,56.316627502441406,60.42485427856445,61.56214141845703,70.55899047851562,80.9083480834961,75.22340393066406,1.773301362991333
57,0.0,0.00012121508189011365,0.0003217466583009809,0.0006169542321003973,0.001172865740954876,0.0023594610393047333,0.003881685435771942,4.355738639831543,4.145604133605957,4.0468268394470215,4.332845687866211,4.459205150604248,4.280025959014893,4.1527862548828125,4.68991756439209,4.10641622543335,4.11040735244751,31.310670852661133,30.514747619628906,31.651288986206055,29.707399368286133,29.726665496826172,29.948713302612305,30.163429260253906,30.050825119018555,31.143354415893555,28.860380172729492,32.680667877197266,31.719911575317383,29.81986427307129,32.51759719848633,38.4311637878418,37.7497444152832,43.860286712646484,51.675838470458984,48.761688232421875,1.219534993171692
58,0.0,0.00011514655489008874,0.00029091740725561976,0.0005622642347589135,0.0011070951586589217,0.0022290630731731653,0.003812009934335947,4.125118732452393,4.52907657623291,3.6749680042266846,4.5171051025390625,4.15419864654541,4.3322014808654785,4.23991584777832,4.083237171173096,4.141079425811768,4.416224002838135,5749.3955078125,6284.3935546875,6349.59619140625,6183.89306640625,6013.32568359375,6023.70068359375,6131.0244140625,6027.70849609375,6760.400390625,6061.0302734375,6161.2470703125,6283.83349609375,5818.75537109375,6104.47705078125,5947.2138671875,5650.26318359375,5750.86328125,5838.09423828125,62.01533889770508,1.4729342460632324
59,0.0,0.00013572450552601367,0.0003613314183894545,0.0007155947969295084,0.0014070605393499136,0.0029114719945937395,0.004841705784201622,4.366822242736816,4.4576568603515625,3.9432389736175537,3.8427369594573975,4.2517499923706055,4.3437066078186035,4.217840194702148,4.646912097930908,4.229131698608398,4.212494373321533,4.921246528625488,5.2032084465026855,4.929861545562744,4.866461753845215,4.66689920425415,5.186905384063721,5.316973686218262,5.323849678039551,5.802292823791504,5.994047164916992,6.341012001037598,6.851332187652588,8.179079055786133,9.181731224060059,10.774506568908691,13.283710479736328,18.841611862182617,26.321943283081055,69.5456314086914,1.6908683776855469
60,0.0,0.0001468577393097803,0.00040295423241332173,0.0007436907617375255,0.001360138296149671,0.0027292228769510984,0.004469755571335554,4.241677284240723,4.05068302154541,4.61037540435791,4.635718822479248,4.527773857116699,4.322340965270996,4.061017990112305,4.2632036209106445,4.211015224456787,4.399455547332764,5.626675128936768,5.761512756347656,6.171739101409912,5.905976295471191,5.842017650604248,6.28797721862793,5.7773518562316895,6.823301792144775,6.554505825042725,6.87948751449585,7.206159591674805,8.148810386657715,8.681079864501953,9.816265106201172,11.39762020111084,13.290122032165527,17.672805786132812,23.604036331176758,46.70286178588867,1.116461992263794
61,0.0,0.00015082101162988693,0.0004063149099238217,0.000782765680924058,0.0014553033979609609,0.0028792074881494045,0.004673462361097336,4.101942539215088,4.146058559417725,4.257828712463379,4.532471656799316,4.058957576751709,3.9028818607330322,4.258913516998291,4.204292297363281,4.403162479400635,4.511687278747559,8.881306648254395,8.67131519317627,8.880990982055664,7.887509346008301,9.237224578857422,9.181792259216309,8.838594436645508,8.758234977722168,10.04452896118164,10.746678352355957,10.201871871948242,11.202322006225586,12.709782600402832,14.106690406799316,16.524906158447266,18.701133728027344,31.00126075744629,42.14318084716797,133.4115753173828,3.3349170684814453
62,0.0,0.0001129557058447972,0.0002982750884257257,0.0005863548722118139,0.0011101574636995792,0.0022017648443579674,0.0037814220413565636,4.1668477058410645,4.2347798347473145,4.548005104064941,4.305610656738281,4.290769577026367,4.09714937210083,4.433037281036377,4.5097222328186035,4.26629114151001,3.937065601348877,6.176433086395264,5.472655296325684,5.744279384613037,5.536801815032959,5.97515869140625,5.567400932312012,6.293793678283691,6.008918762207031,6.490123271942139,6.889357566833496,7.277480602264404,8.31882095336914,9.880426406860352,10.497004508972168,13.024910926818848,15.015323638916016,22.026548385620117,28.276939392089844,62.30903625488281,1.538130760192871
63,0.0,0.00016166023851837963,0.00044175758375786245,0.0008275465224869549,0.0015949938679113984,0.0032262541353702545,0.005419629160314798,1.0721276998519897,1.084343433380127,1.026534080505371,1.1710643768310547,1.1463913917541504,1.0635247230529785,1.0802507400512695,1.0528388023376465,1.0960092544555664,1.173631191253662,25.71162223815918,26.04517364501953,23.61191177368164,25.493953704833984,25.934919357299805,27.1697940826416,25.43001365661621,25.609079360961914,29.54283332824707,26.218555450439453,25.91591453552246,30.46613121032715,31.498538970947266,31.971113204956055,31.823558807373047,38.9571533203125,44.03425598144531,58.06456756591797,113.3873519897461,2.70082688331604
64,0.0,0.00013558096543420106,0.0003561484336387366,0.0006663721869699657,0.0013575584162026644,0.002681768499314785,0.0045330277644097805,4.220861434936523,4.316274166107178,4.395237922668457,4.166476726531982,4.351299285888672,4.144545078277588,4.3620171546936035,4.080478668212891,4.42311954498291,4.288370132446289,113.19597625732422,104.07145690917969,106.81404876708984,107.24833679199219,95.11454772949219,103.42045593261719,94.9828109741211,108.01858520507812,106.47052764892578,103.92207336425781,99.45722961425781,100.14396667480469,106.51481628417969,107.06990051269531,107.0791015625,109.91239166259766,122.15925598144531,127.37879943847656,44.762672424316406,1.067757248878479
65,0.0,0.00012703845277428627,0.0003326815494801849,0.0006398708210326731,0.0012888145865872502,0.002429210115224123,0.004013038706034422,4.3418731689453125,4.3140387535095215,4.419849872589111,4.455009937286377,4.181997776031494,4.210326194763184,3.9322710037231445,4.418448448181152,4.411118030548096,4.305182456970215,5.0820088386535645,5.038815498352051,5.029036521911621,5.17383337020874,5.238898277282715,5.0760087966918945,5.201552391052246,5.496501445770264,6.201146125793457,6.218068599700928,6.233152389526367,7.281375408172607,8.094645500183105,8.695416450500488,10.679100036621094,13.384140968322754,18.846303939819336,25.865352630615234,63.172119140625,1.299931526184082
66,0.0,0.00012325606076046824,0.0003140216285828501,0.0006252545863389969,0.0011651659151539207,0.002277220832183957,0.0038719340227544308,4.436094760894775,4.2493577003479,4.137163162231445,4.222888946533203,4.335904121398926,3.907179832458496,4.3445963859558105,4.337567329406738,4.10033655166626,4.870062828063965,13.808026313781738,14.822729110717773,14.905750274658203,13.998055458068848,14.273374557495117,14.407974243164062,13.56659984588623,14.214381217956543,14.399653434753418,14.559197425842285,16.25213623046875,16.958572387695312,17.379043579101562,18.19107437133789,20.543567657470703,23.899885177612305,28.944595336914062,38.69350814819336,78.9970474243164,1.783103108406067
67,0.0,0.00010813387052621692,0.0002958276018034667,0.0005745315575040877,0.0010671993950381875,0.0020647714845836163,0.0034821711014956236,4.433922290802002,4.267739295959473,4.265796184539795,4.242415428161621,4.339265823364258,4.213017463684082,4.4277520179748535,4.265332221984863,4.6063642501831055,3.995344877243042,4.984555244445801,4.788332939147949,4.877687931060791,4.8360724449157715,5.2345123291015625,4.940388202667236,5.1406049728393555,5.515525817871094,5.944056034088135,6.085241317749023,6.7118120193481445,7.37092924118042,8.199300765991211,9.043279647827148,12.0184326171875,13.710243225097656,20.65520477294922,28.547636032104492,60.86167526245117,1.4919605255126953
68,0.0,0.00012932484969496727,0.00033808298758231103,0.0006479560397565365,0.001299413270317018,0.0026149586774408817,0.004371868446469307,3.889608144760132,4.284572124481201,4.077256679534912,4.31402063369751,3.998363971710205,4.088359832763672,4.432010173797607,4.221218109130859,4.261458396911621,4.354902267456055,29.46005630493164,30.01302146911621,31.271404266357422,28.33663558959961,28.551095962524414,30.79120445251465,27.132783889770508,32.428470611572266,29.48529052734375,33.25657653808594,27.853086471557617,33.26662063598633,31.33005142211914,35.00075912475586,36.55131530761719,39.65306854248047,44.0674934387207,54.64890670776367,102.49503326416016,2.727360963821411
69,0.0,0.00013945125101599842,0.0003653288586065173,0.0006973721319809556,0.0013558538630604744,0.0027116634882986546,0.0045131538063287735,4.158229351043701,4.384932994842529,4.054803371429443,4.270753383636475,4.485285758972168,4.160735607147217,4.48886251449585,4.288191795349121,4.334667205810547,4.151970863342285,13.010494232177734,13.770086288452148,12.931376457214355,12.207945823669434,13.371274948120117,13.55224895477295,13.900100708007812,12.447572708129883,14.201509475708008,14.354907989501953,15.157870292663574,14.533614158630371,17.484336853027344,17.374698638916016,19.309688568115234,22.05463218688965,26.4606990814209,34.224937438964844,69.89958953857422,1.703201413154602
70,0.0,0.0001290098443860188,0.0003322146076243371,0.000663480837829411,0.0012281821109354496,0.002368841553106904,0.004040810279548168,4.609862804412842,4.332580089569092,4.443634510040283,4.405886650085449,4.340357780456543,4.461040019989014,4.184129238128662,3.940641403198242,4.384151458740234,4.563070297241211,6.064682960510254,5.892437934875488,5.481958389282227,5.890543460845947,5.869955062866211,6.155544281005859,5.9356207847595215,6.421853065490723,6.867894649505615,7.646949291229248,7.948495388031006,7.876121520996094,8.810257911682129,9.837782859802246,11.701057434082031,13.765480041503906,18.679668426513672,24.489620208740234,42.40016174316406,0.998691737651825
71,0.0,0.00012250641884747893,0.0003199698985554278,0.0006208134582266212,0.0013108465354889631,0.002581049222499132,0.00438991654664278,4.347676753997803,4.238114356994629,4.121685028076172,3.995866298675537,4.671480178833008,4.131401062011719,4.330907821655273,4.217949867248535,4.234655857086182,4.427850723266602,1337.374267578125,1293.1256103515625,1261.1895751953125,1295.36572265625,1287.5528564453125,1384.32421875,1195.288330078125,1253.2750244140625,1409.750244140625,1304.2633056640625,1316.7420654296875,1274.5443115234375,1282.50830078125,1393.3509521484375,1320.99658203125,1189.7337646484375,1364.42529296875,1146.5833740234375,57.98595428466797,1.4978611469268799
72,0.0,0.00011292719864286482,0.0003317603259347379,0.0006231498555280268,0.0011351167922839522,0.0021668276749551296,0.003593741450458765,4.232473850250244,4.209888458251953,4.028334617614746,4.38602876663208,4.128788948059082,4.677098751068115,4.347530364990234,4.386310577392578,4.005064964294434,4.270591735839844,21125.62109375,21775.181640625,20443.248046875,21072.572265625,20128.8203125,21102.6328125,21601.546875,19053.724609375,18554.40625,19627.6171875,19907.59375,17736.009765625,18779.009765625,16611.10546875,15342.4951171875,16013.9990234375,13688.91796875,13234.83203125,57.796260833740234,1.2085654735565186
73,0.0,0.00010681724961614236,0.00027756820782087743,0.0005585114704445004,0.001050272025167942,0.0020471401512622833,0.0034195866901427507,4.130687713623047,4.280689716339111,3.9007985591888428,4.075497150421143,4.7855753898620605,3.9947669506073,4.411890029907227,4.282849311828613,4.158228397369385,4.07582950592041,4.693332195281982,5.3254499435424805,4.489983558654785,5.020405292510986,5.129888534545898,5.062935829162598,5.179801940917969,5.326192855834961,5.66774320602417,6.558326721191406,6.342844009399414,6.9373955726623535,7.8670334815979,8.753141403198242,10.562896728515625,12.546965599060059,16.03449821472168,20.491247177124023,34.5352668762207,0.7152261137962341
74,0.0,0.00013705961464438587,0.00033237089519388974,0.0006503176991827786,0.0012598459143191576,0.0024969768710434437,0.004066069144755602,4.229245185852051,4.2182769775390625,4.332066535949707,4.092741012573242,4.085855484008789,3.874241828918457,4.205652236938477,4.266047954559326,4.243424892425537,4.323116779327393,5.907865524291992,5.910831451416016,5.42639684677124,5.704833984375,5.706396579742432,5.576554775238037,5.7777228355407715,6.644111633300781,6.452981948852539,6.650935649871826,7.401813507080078,7.894901752471924,8.70678424835205,9.762208938598633,11.695785522460938,13.792235374450684,18.988201141357422,26.60523796081543,64.77193450927734,1.4170794486999512
75,0.0,0.00012510173837654293,0.000332324649207294,0.0006549652898684144,0.001276617287658155,0.002589753596112132,0.004507665988057852,4.136440753936768,4.171021461486816,4.111384868621826,4.203523635864258,4.182721138000488,4.2531023025512695,4.2066569328308105,4.078500270843506,4.2348127365112305,4.660726547241211,12.73918628692627,13.267115592956543,13.276512145996094,14.235541343688965,13.727761268615723,13.016324996948242,14.205170631408691,13.372541427612305,15.163573265075684,14.314204216003418,15.0672025680542,15.082368850708008,17.555234909057617,17.50259780883789,19.057004928588867,20.17044448852539,24.98573112487793,31.4408016204834,49.14485549926758,1.0700836181640625
76,0.0,0.00017996711540035903,0.0004972385941073298,0.0009244364337064326,0.0017464276170358062,0.0034352208022028208,0.005556987598538399,4.377766132354736,4.074645042419434,3.892725944519043,4.286526679992676,4.366511821746826,4.330662250518799,4.345152854919434,4.57113790512085,4.611958980560303,4.465644359588623,9.520028114318848,9.113767623901367,8.559844017028809,9.34134292602539,9.531604766845703,9.569258689880371,9.5287446975708,9.786783218383789,11.470973014831543,11.35027027130127,12.28278636932373,12.480156898498535,14.133121490478516,14.728011131286621,18.152847290039062,20.863147735595703,32.85698699951172,43.90635299682617,133.8339385986328,3.6424098014831543
77,0.0,0.00014247260696720332,0.0003712005272973329,0.0007509006536565721,0.0014037679648026824,0.0027477527037262917,0.004548662342131138,4.390434741973877,4.055943012237549,4.541018962860107,4.505071640014648,4.4436798095703125,4.137486934661865,4.344415664672852,4.371159076690674,4.334403038024902,4.487303733825684,13.306391716003418,12.260299682617188,14.542326927185059,13.909843444824219,14.66350269317627,13.444401741027832,13.793924331665039,14.545110702514648,15.150127410888672,15.10937786102295,14.458163261413574,15.53841495513916,15.853179931640625,15.805030822753906,17.4857120513916,20.218605041503906,24.798789978027344,29.60355567932129,43.06010818481445,0.8983115553855896
78,0.0,0.00016280637646559626,0.000460980721982196,0.0008988867048174143,0.0016312297666445374,0.0032126600854098797,0.005079226568341255,4.355104923248291,4.091601371765137,4.097446441650391,3.851513147354126,4.474173545837402,4.022960662841797,4.031286239624023,4.284876823425293,4.248517990112305,4.404577732086182,14.184803009033203,13.74271011352539,13.238360404968262,12.94434928894043,13.731627464294434,13.64419174194336,14.89312744140625,15.0968599319458,16.05133056640625,14.6138277053833,15.644853591918945,17.68140411376953,16.947425842285156,18.392414093017578,20.155593872070312,22.31316566467285,26.952177047729492,33.5438117980957,44.29508972167969,1.1220349073410034
79,0.0,0.00012696678459178656,0.0003253431059420109,0.0006199517520144582,0.001204877276904881,0.0024124847259372473,0.004100828897207975,4.332509994506836,4.558216094970703,4.271131992340088,4.220553874969482,4.203256130218506,4.4351091384887695,4.252713680267334,4.1614909172058105,4.236209392547607,3.723135232925415,50.71522903442383,53.190643310546875,52.771446228027344,50.554534912109375,51.63953399658203,54.91917419433594,54.21421813964844,56.67054748535156,50.904624938964844,51.38713073730469,56.82138442993164,56.62601852416992,55.00115966796875,55.362056732177734,59.86422348022461,59.28001022338867,69.68380737304688,80.03890228271484,92.30073547363281,2.1258385181427
80,0.0,0.0001702100707916543,0.00045461999252438545,0.0008805763791315258,0.0017508052987977862,0.0034094855654984713,0.005608927924185991,1.1028618812561035,1.0488731861114502,1.1218225955963135,1.132045030593872,1.1283787488937378,1.0720683336257935,1.1626781225204468,1.1898945569992065,1.0789552927017212,1.1968557834625244,5.345925807952881,5.202980995178223,5.766618728637695,5.684898853302002,5.609504222869873,5.85048770904541,5.847992420196533,5.927423000335693,6.920468330383301,7.25133752822876,7.474473476409912,8.389877319335938,9.625418663024902,11.532818794250488,14.099262237548828,15.603245735168457,25.628747940063477,34.36747741699219,78.08966064453125,1.9788404703140259
81,0.0,0.00013376763672567904,0.00034194745239801705,0.0006562137859873474,0.0012271972373127937,0.002426375402137637,0.004016102757304907,3.9192097187042236,4.223614692687988,4.432778358459473,4.475213050842285,4.243411540985107,4.488179683685303,4.308588981628418,4.287430286407471,4.28015661239624,4.334751129150391,4.9385905265808105,4.781586170196533,4.856432914733887,4.9704976081848145,4.960251808166504,5.448609352111816,5.32930850982666,5.52166223526001,5.437197208404541,5.9377923011779785,6.522486686706543,7.033627510070801,8.262146949768066,8.906160354614258,11.737497329711914,13.258576393127441,18.977632522583008,27.462434768676758,74.33432006835938,1.575459361076355
82,0.0,0.0001194140495499596,0.000297586084343493,0.0006092910189181566,0.0011267998488619924,0.002221975475549698,0.0037071772385388613,4.046458721160889,4.4137773513793945,4.1680192947387695,4.337932586669922,4.539928913116455,4.319537162780762,4.357247829437256,4.2542724609375,4.449214458465576,3.9466354846954346,4.758399486541748,4.788158893585205,4.789705753326416,4.656799793243408,5.138473987579346,5.389908313751221,4.951777458190918,5.674428939819336,5.718427658081055,6.068724155426025,6.078304767608643,7.4348554611206055,8.128950119018555,9.000842094421387,11.132781982421875,13.859322547912598,18.746673583984375,27.465070724487305,65.26701354980469,1.4388142824172974
83,0.0,0.00010612506594043225,0.000287172180833295,0.00059695536037907,0.0011163735762238503,0.0021883193403482437,0.0035785024520009756,3.888357639312744,4.355062961578369,3.989133596420288,4.38272762298584,4.491840362548828,4.380507469177246,4.542184352874756,4.1594438552856445,4.66872501373291,3.980452060699463,4.671672821044922,5.028075218200684,4.871192932128906,4.98951530456543,4.964911460876465,5.291023254394531,5.2301530838012695,5.583529472351074,5.846850872039795,6.411032676696777,6.52569055557251,7.541290283203125,8.063279151916504,8.930949211120605,11.308151245117188,13.140775680541992,18.422016143798828,26.082698822021484,61.965797424316406,1.5332021713256836
84,0.0,0.00011661887401714921,0.00030442181741818786,0.0005911014159210026,0.0011725598014891148,0.002367036882787943,0.003925883676856756,4.258354187011719,4.5982513427734375,4.305630683898926,4.134499549865723,4.284081935882568,3.99816632270813,4.256704330444336,4.545618057250977,4.5039191246032715,4.27536153793335,30.831649780273438,28.69843101501465,27.63254737854004,28.777076721191406,30.768396377563477,30.147096633911133,29.148414611816406,29.496662139892578,29.022754669189453,31.727590560913086,30.232091903686523,31.634235382080078,33.553340911865234,31.752391815185547,35.11902618408203,37.333251953125,44.47597885131836,55.447418212890625,69.38371276855469,1.6311134099960327
85,0.0,0.00013209566532168537,0.0003341916890349239,0.0006466430495493114,0.0012539339950308204,0.002540876157581806,0.004278822336345911,3.9607598781585693,4.252172470092773,4.225225925445557,3.985809803009033,4.337587833404541,4.301100730895996,4.485918045043945,4.015962600708008,4.189741134643555,4.266712665557861,17.956802368164062,17.737878799438477,17.693105697631836,16.867351531982422,17.027706146240234,17.697715759277344,17.81077003479004,16.887359619140625,19.587623596191406,19.56853675842285,18.334699630737305,19.71626853942871,23.198331832885742,22.15608787536621,27.566478729248047,26.19802474975586,32.88190841674805,42.5046272277832,73.24556732177734,1.6517078876495361
86,0.0,0.00013274277443997562,0.0003331433981657028,0.0006507131038233638,0.0012288647703826427,0.002393231028690934,0.003914297558367252,4.320957183837891,4.317076206207275,4.466790676116943,4.615989685058594,4.3952107429504395,4.227998733520508,4.189263820648193,4.607761383056641,4.335027694702148,4.350261688232422,9117.73828125,9483.9873046875,8592.7216796875,9006.8603515625,8834.65234375,9097.728515625,8397.09765625,8874.736328125,9056.181640625,8909.892578125,8765.9853515625,9152.546875,8549.0341796875,8029.17822265625,7821.3984375,6937.46484375,6274.05322265625,6310.96044921875,73.06671142578125,1.8217999935150146
87,0.0,0.00016743398737162352,0.00044272842933423817,0.0009010023204609752,0.00159763777628541,0.0030752525199204683,0.005010753404349089,4.144309043884277,3.9310147762298584,4.2522687911987305,4.401622295379639,3.96115779876709,4.192592144012451,4.291022777557373,4.305841445922852,3.9878361225128174,4.1146721839904785,8.799101829528809,8.677958488464355,8.133482933044434,8.220236778259277,8.325496673583984,8.764135360717773,8.260015487670898,9.043890953063965,9.219501495361328,9.833916664123535,10.786232948303223,10.867609977722168,12.612356185913086,13.072612762451172,15.52763557434082,17.363086700439453,22.319196701049805,28.697383880615234,52.04471969604492,1.4611865282058716
88,0.0,0.00013159072841517627,0.0003477937716525048,0.0006821724236942828,0.0012833515647798777,0.0025110121350735426,0.004202652722597122,4.2383270263671875,4.334294319152832,4.093299865722656,4.080626010894775,4.006054878234863,4.33295202255249,4.448737621307373,4.5836181640625,4.561537265777588,4.440886497497559,6.066610813140869,5.900078296661377,5.577800273895264,5.7638068199157715,5.635692119598389,5.573461055755615,5.844911575317383,6.354869365692139,7.135087490081787,6.9027814865112305,7.244844436645508,7.776182174682617,9.496156692504883,11.004532814025879,12.989109992980957,15.639852523803711,22.58681297302246,31.620241165161133,85.05282592773438,1.7849825620651245
89,0.0,0.00010615224164212123,0.00028016872238367796,0.0005594175891019404,0.0010348070645704865,0.001971909310668707,0.0032485618721693754,4.201565742492676,4.007175922393799,4.444570064544678,4.112362384796143,3.953033208847046,3.960188388824463,4.210008144378662,4.074011325836182,4.459371089935303,4.079989433288574,13.924534797668457,14.140849113464355,14.008087158203125,14.102209091186523,14.306729316711426,14.884618759155273,14.601753234863281,14.255586624145508,14.437402725219727,16.2767276763916,16.373044967651367,16.268224716186523,16.35223960876465,19.594938278198242,21.698339462280273,26.61486053466797,30.292282104492188,36.89847946166992,45.632957458496094,1.0060149431228638
90,0.0,0.00013022155326325446,0.0003368865291122347,0.0006465931655839086,0.0013260344276204705,0.002716255374252796,0.0046957070007920265,4.198517799377441,4.39436149597168,4.189368724822998,4.442486763000488,4.378572463989258,4.337523460388184,4.225466251373291,4.250674247741699,4.476466655731201,4.429496765136719,5.191391944885254,4.807001113891602,4.814605236053467,4.958408832550049,4.793842792510986,5.161162376403809,5.359869956970215,5.329416275024414,5.717739582061768,5.924714088439941,6.317450523376465,6.713678359985352,7.712583541870117,8.899346351623535,10.345888137817383,12.898102760314941,17.770931243896484,23.48611831665039,50.327701568603516,1.1676396131515503
91,0.0,0.00012070966477040201,0.00030840979889035225,0.00062842684565112,0.0011858069337904453,0.0023790469858795404,0.0040064710192382336,4.152120113372803,4.267770767211914,4.535354137420654,4.210816383361816,3.924661159515381,4.351974964141846,4.07397985458374,4.046244144439697,4.288502216339111,4.193236827850342,426.79693603515625,431.3021240234375,416.28076171875,428.3504333496094,454.81964111328125,404.683837890625,436.3595275878906,433.5608215332031,408.8109130859375,456.94757080078125,449.0579528808594,436.1979675292969,460.8706359863281,460.4961242675781,448.9478759765625,440.49249267578125,442.6290283203125,491.5968322753906,104.84101867675781,2.2695586681365967
92,0.0,0.0001189463582704775,0.0003095110587310046,0.0006016392726451159,0.0011613215319812298,0.0023170162457972765,0.0038867141120135784,4.429806709289551,4.046386241912842,4.3491435050964355,4.171229839324951,4.45155668258667,4.559689998626709,4.096603870391846,4.334888935089111,4.572033405303955,3.907845973968506,14.29725456237793,14.472043991088867,13.881688117980957,14.518166542053223,15.057938575744629,14.158166885375977,15.131380081176758,14.314420700073242,15.038651466369629,15.58346939086914,16.653078079223633,16.60625648498535,18.499500274658203,18.122461318969727,20.74977684020996,22.895185470581055,31.174232482910156,39.28547668457031,85.05660247802734,2.0401344299316406
93,0.0,0.0001316707202931866,0.00036299810744822025,0.000718326133210212,0.0014121283311396837,0.002691479865461588,0.004434570670127869,4.7735066413879395,4.384098052978516,4.3941545486450195,4.371387004852295,4.099539279937744,4.566401481628418,4.1251935958862305,4.470693588256836,4.071070194244385,4.303879261016846,20.710172653198242,19.390121459960938,21.341083526611328,18.89549446105957,21.437641143798828,19.50775909423828,19.062402725219727,22.115966796875,22.650962829589844,20.630203247070312,22.38714599609375,21.543676376342773,23.910720825195312,24.530317306518555,26.544235229492188,28.408885955810547,32.086055755615234,40.9611701965332,59.13239288330078,1.2563636302947998
94,0.0,0.00014027039287611842,0.00039841473335400224,0.0007695879321545362,0.0013816788559779525,0.00260379770770669,0.004270590841770172,4.493783473968506,4.205992698669434,3.905655860900879,4.237292766571045,4.096721649169922,4.216212272644043,4.118710994720459,4.437167167663574,4.369765281677246,4.22236967086792,53.75503158569336,52.513004302978516,48.74771499633789,48.62745666503906,52.08671951293945,54.92885208129883,50.31491470336914,52.67610549926758,57.15949249267578,55.21077346801758,52.51633834838867,58.32943344116211,56.075408935546875,55.59033966064453,55.67377471923828,59.413516998291016,64.86306762695312,72.92372131347656,57.103267669677734,1.3800162076950073
95,0.0,0.00010784067126223817,0.00028649813611991704,0.0005829475121572614,0.001063890173099935,0.0020789983682334423,0.003616128582507372,4.091536045074463,4.396440505981445,4.204062461853027,4.1990814208984375,3.8623132705688477,4.335052967071533,3.959484100341797,4.1870198249816895,4.450776100158691,4.288769721984863,4.681243419647217,4.994766712188721,4.832828521728516,4.66007137298584,5.216888904571533,5.657417297363281,5.7119550704956055,5.6823410987854,6.028799533843994,6.027338027954102,6.705860614776611,7.656886100769043,8.33740520477295,9.375406265258789,11.441774368286133,12.863707542419434,19.953907012939453,27.584653854370117,69.862548828125,1.4129232168197632
96,0.0,0.0001389940152876079,0.00035543859121389687,0.0006886521587148309,0.0013542965753003955,0.0028119427151978016,0.004709299188107252,4.132344722747803,4.240303993225098,4.357404708862305,4.109464645385742,4.244211673736572,4.097713947296143,4.060644149780273,4.387068271636963,3.8841099739074707,4.630191802978516,2127.510009765625,2098.547119140625,1964.2890625,2054.54541015625,2163.6552734375,1982.640869140625,2044.29931640625,2153.62255859375,2125.30517578125,2130.26806640625,1958.1973876953125,1985.16796875,2153.091796875,2096.164794921875,2083.43212890625,1895.1888427734375,1978.4503173828125,1786.1146240234375,98.89775848388672,2.5832982063293457
97,0.0,0.00012697858619503677,0.0003080631431657821,0.0006062755710445344,0.001214145333506167,0.0023746206425130367,0.003966647665947676,4.163464069366455,3.885442018508911,4.249168872833252,4.2577667236328125,4.318998336791992,4.123997688293457,4.3240485191345215,4.455139636993408,4.628587245941162,4.482386589050293,51.580867767333984,49.85844039916992,49.388885498046875,50.94488525390625,52.37654495239258,52.19646453857422,46.069759368896484,56.38881301879883,49.604793548583984,52.769107818603516,55.23168182373047,51.40366744995117,56.93813705444336,57.539676666259766,63.29885482788086,62.93547439575195,66.63362121582031,76.83687591552734,71.34625244140625,1.4975645542144775
98,0.0,0.00011519302643137053,0.0002826534037012607,0.0005846857093274593,0.0010902880458161235,0.002149646170437336,0.0035464351531118155,4.025197982788086,4.319154739379883,4.534462928771973,4.657932281494141,4.42069673538208,4.1134843826293945,4.52164888381958,4.1774773597717285,4.011943817138672,4.22907829284668,40.820831298828125,41.16306686401367,39.830440521240234,41.108402252197266,41.83787536621094,39.221717834472656,40.099666595458984,40.63255310058594,42.5306396484375,39.853660583496094,41.09316635131836,44.79305648803711,44.44831848144531,48.38789367675781,49.039573669433594,48.81514358520508,54.72676086425781,62.14741134643555,52.104183197021484,1.0899289846420288
99,0.0,0.00013442119234241545,0.0003399574488867074,0.0006480018491856754,0.0012146718800067902,0.002407596679404378,0.004049344919621944,4.589946269989014,4.512495517730713,4.329004287719727,4.205296993255615,4.370311737060547,4.188573360443115,4.352245330810547,4.216001510620117,4.048214435577393,4.30526876449585,40.07840347290039,42.698486328125,40.778324127197266,41.127220153808594,42.519439697265625,41.08309555053711,42.85436248779297,40.39118194580078,41.16252517700195,43.29982376098633,42.407928466796875,41.814971923828125,40.155982971191406,45.144710540771484,49.457237243652344,47.02070617675781,57.319278717041016,66.92328643798828,53.87674331665039,1.3500032424926758
100,0.0,0.00011567144247237593,0.0002996180846821517,0.0006201823125593364,0.0011660007294267416,0.0022897187154740095,0.0038321276661008596,4.3519287109375,4.3619585037231445,4.512209892272949,4.040406703948975,3.8426480293273926,4.245087623596191,4.161374092102051,4.59721565246582,4.110164165496826,4.610001087188721,8.828670501708984,9.063533782958984,8.99202823638916,9.313179969787598,8.974377632141113,8.833418846130371,9.958025932312012,9.483181953430176,9.477998733520508,10.198735237121582,10.838422775268555,11.564111709594727,12.345934867858887,13.47070026397705,14.899493217468262,17.314687728881836,24.100553512573242,30.95413589477539,65.31487274169922,1.5117850303649902
101,0.0,0.00011619085853453726,0.00031062416383065283,0.0005953706568107009,0.0011077080853283405,0.0021768780425190926,0.0036256040912121534,4.175209045410156,4.535820960998535,4.118806838989258,3.9921212196350098,4.183969020843506,4.54273796081543,4.76055383682251,4.420157432556152,4.206137657165527,4.595095157623291,29.950157165527344,28.480854034423828,30.476682662963867,30.504180908203125,29.887353897094727,29.669906616210938,31.539016723632812,31.762737274169922,31.38610076904297,32.519309997558594,33.61189270019531,30.636798858642578,32.399532318115234,36.009437561035156,36.16118240356445,37.95035934448242,44.732582092285156,55.4577522277832,73.47945404052734,1.742517352104187
102,0.0,0.00012376952508930117,0.0003110131074208766,0.0006906742346473038,0.0012906211195513606,0.002469104714691639,0.004050384741276503,4.109396457672119,4.568562984466553,4.2633056640625,4.12563943862915,4.09840726852417,4.139638900756836,4.161313056945801,4.145993232727051,4.296444892883301,4.592400550842285,4.801151752471924,5.110208034515381,4.851927757263184,5.1736297607421875,4.864171981811523,5.2480549812316895,5.258269786834717,5.268848896026611,5.568498134613037,5.967979907989502,6.275502681732178,7.542728900909424,7.742222309112549,9.060356140136719,10.829902648925781,11.831258773803711,16.63652801513672,20.867347717285156,34.97587585449219,0.8500919342041016
103,0.0,0.00012732790492009372,0.00034682065597735345,0.0007231105118989944,0.0013309589121490717,0.002491979394108057,0.004024066962301731,3.946476936340332,4.1878485679626465,4.163688659667969,4.0706787109375,3.8616437911987305,4.407445430755615,4.489872455596924,4.449991703033447,4.712887763977051,4.321803092956543,4.52537727355957,5.110793113708496,4.730397701263428,4.785479545593262,5.2650322914123535,4.948403358459473,5.049248695373535,5.560575485229492,5.881814956665039,6.0710368156433105,6.354565620422363,6.751875400543213,7.617461681365967,9.076868057250977,10.848348617553711,12.552059173583984,18.926851272583008,25.26732063293457,61.60017776489258,1.4162964820861816
104,0.0,0.00014667905634269118,0.0003828925546258688,0.0007544312393292785,0.001467662863433361,0.002848539501428604,0.004640056751668453,3.9396204948425293,4.110579967498779,4.046483516693115,4.4106340408325195,4.262520790100098,4.215084075927734,4.5115180015563965,4.53550910949707,4.466979503631592,4.31743860244751,13.908207893371582,12.715201377868652,14.523280143737793,13.170372009277344,13.6843843460083,14.426486015319824,15.065816879272461,14.384126663208008,14.207436561584473,15.100476264953613,14.969032287597656,15.962753295898438,17.868305206298828,17.536897659301758,20.092214584350586,22.46441078186035,26.84209442138672,34.027976989746094,58.66431427001953,1.368499517440796
105,0.0,0.0001060061767930165,0.00026663311291486025,0.0005302999634295702,0.0010627653682604432,0.00206759013235569,0.0034318664111196995,4.345136642456055,4.5170440673828125,4.14088773727417,4.287992477416992,4.290701866149902,4.427403450012207,4.176078796386719,4.5283002853393555,4.173594951629639,4.221461772918701,26.169979095458984,31.273988723754883,29.062572479248047,30.655065536499023,29.562511444091797,31.067623138427734,31.615510940551758,30.996551513671875,35.23004913330078,31.392614364624023,31.112812042236328,30.59078598022461,33.30306625366211,33.5450553894043,36.84901809692383,38.09306335449219,42.592227935791016,50.185123443603516,51.125091552734375,1.1607431173324585
106,0.0,0.0001272674126084894,0.00034547143150120974,0.0006854274543002248,0.0013231233460828662,0.0025377594865858555,0.004226261284202337,4.2964959144592285,4.43496036529541,4.5458664894104,4.488740921020508,4.421615123748779,4.728402614593506,4.394092082977295,4.326601505279541,4.1553754806518555,4.302709579467773,20.424375534057617,19.319717407226562,19.55175018310547,21.314165115356445,20.205408096313477,21.1008358001709,22.014453887939453,21.758426666259766,21.946849822998047,23.22831916809082,21.943742752075195,22.666189193725586,22.64126968383789,24.928808212280273,24.75792694091797,29.528520584106445,35.013458251953125,42.05770492553711,68.25564575195312,1.5119807720184326
107,0.0,0.00014118898252490908,0.00036101770820096135,0.000696420727763325,0.001417244435288012,0.002733807312324643,0.0044633992947638035,3.9717087745666504,4.140284538269043,4.519008636474609,4.3623785972595215,4.729001045227051,4.07289981842041,4.172765254974365,3.9902021884918213,4.077024936676025,4.033346652984619,1789.045166015625,2032.3260498046875,1909.70166015625,1791.3311767578125,1949.6356201171875,1860.28466796875,1875.4703369140625,1871.32666015625,1943.7996826171875,1850.6260986328125,1946.3343505859375,1771.1978759765625,1784.351806640625,1905.5762939453125,2118.4169921875,1939.671142578125,1801.07861328125,1814.5977783203125,78.85031127929688,1.7599549293518066
108,0.0,0.00011744663788704202,0.0003267329593654722,0.0006281451787799597,0.0011848934227600694,0.0023343488574028015,0.0040547801181674,4.149524688720703,4.229184627532959,4.0700883865356445,4.40540885925293,4.045156955718994,4.241413116455078,4.3463945388793945,4.359027862548828,3.8646340370178223,4.381250381469727,19.11936378479004,20.175434112548828,19.880712509155273,20.82965850830078,21.937150955200195,21.546892166137695,20.9788818359375,20.167692184448242,21.826356887817383,22.32368278503418,22.16543960571289,21.83967399597168,25.51898956298828,25.259340286254883,27.300222396850586,30.600793838500977,34.365440368652344,42.14426040649414,58.56370544433594,1.2801377773284912
109,0.0,0.00013919870252721012,0.0003543189086485654,0.0006996755837462842,0.001315136207267642,0.002493147039785981,0.004095904529094696,4.251986026763916,4.06623649597168,4.052333354949951,4.37661075592041,4.28441047668457,4.541177749633789,4.125441074371338,4.302239418029785,4.375603199005127,4.773688793182373,13.949012756347656,13.326075553894043,13.053510665893555,13.853384971618652,13.602636337280273,14.168085098266602,14.713444709777832,14.612434387207031,13.609013557434082,15.988421440124512,15.656238555908203,16.256797790527344,17.53853988647461,19.292024612426758,21.036052703857422,23.78342628479004,32.08432388305664,42.401519775390625,89.69794464111328,2.095273971557617
110,0.0,0.00012139495083829388,0.000318085280014202,0.0006051931413821876,0.001193575095385313,0.0022425753995776176,0.0036518846172839403,4.444890975952148,4.150613307952881,4.384840965270996,3.8311879634857178,4.269588470458984,4.192838668823242,4.462917804718018,4.1342878341674805,4.401051044464111,4.387408256530762,4.977936744689941,4.753503322601318,4.949841022491455,4.619645595550537,4.9141106605529785,5.310250282287598,5.1448469161987305,5.463668346405029,5.452155590057373,5.97066593170166,6.942591190338135,7.359405994415283,7.927271366119385,9.416150093078613,11.610865592956543,13.712346076965332,20.079145431518555,28.481197357177734,64.61396789550781,1.3763731718063354
111,0.0,0.000123962017823942,0.0003111197438556701,0.0006154762813821435,0.0011884865816682577,0.0023874021135270596,0.003977776970714331,4.284595966339111,4.327276706695557,4.401522636413574,4.270266056060791,4.208659648895264,4.463932514190674,4.32706356048584,4.392187595367432,4.519427299499512,4.3464131355285645,30.48929214477539,29.52037239074707,28.61155891418457,30.892528533935547,29.958526611328125,28.9360408782959,31.0636043548584,33.0523681640625,32.090789794921875,32.982051849365234,31.665876388549805,33.264286041259766,33.74537658691406,35.482093811035156,37.81963348388672,39.216392517089844,45.02320861816406,49.44045639038086,57.250118255615234,1.388246774673462
112,0.0,0.00011341721256030723,0.00032338639721274376,0.0006051291711628437,0.0010981104569509625,0.0022099087946116924,0.0037382880691438913,4.240246295928955,4.3197197914123535,4.3942131996154785,4.300880432128906,4.237987518310547,4.101046085357666,4.104240894317627,4.301630973815918,4.071198463439941,4.547350883483887,30.419612884521484,28.106712341308594,29.639368057250977,29.435955047607422,30.207889556884766,30.317180633544922,32.51842498779297,32.22853469848633,31.448083877563477,33.66957473754883,31.77888298034668,30.937732696533203,35.97941589355469,37.574493408203125,36.345096588134766,39.16119384765625,46.88386154174805,53.54790115356445,46.28140640258789,1.0494534969329834
113,0.0,0.00013585788838099688,0.0003456937847658992,0.0006909047369845212,0.0012515818234533072,0.0024565248750150204,0.00404572207480669,4.0472822189331055,3.934173583984375,3.831883192062378,4.364466190338135,4.172481536865234,4.405211448669434,4.293172836303711,4.2689595222473145,4.438886642456055,4.354620456695557,4.646101951599121,4.825146198272705,5.0350823402404785,5.053587436676025,5.161148548126221,5.159076690673828,5.268624305725098,5.7225518226623535,5.906208515167236,6.218682765960693,6.403916835784912,7.907164573669434,8.585856437683105,9.36241626739502,11.677669525146484,13.844154357910156,21.923812866210938,33.072086334228516,98.17671966552734,2.261970281600952
114,0.0,0.00012820580741390586,0.0003166755195707083,0.0006321280379779637,0.0012004270683974028,0.0023607383482158184,0.003930884413421154,4.406936168670654,4.109337329864502,4.514285564422607,3.977571725845337,4.366827487945557,3.880707263946533,4.301281452178955,4.242358684539795,4.20017147064209,4.0283660888671875,4.682675838470459,5.056022644042969,5.107962131500244,5.065718173980713,5.132345199584961,5.416041851043701,5.052499294281006,5.562604904174805,5.796963214874268,6.124492168426514,6.668889999389648,7.352293491363525,8.024958610534668,8.967191696166992,11.232450485229492,13.547429084777832,19.29823875427246,26.627349853515625,61.88494873046875,1.2541197538375854
115,0.0,0.00011646853818092495,0.00027850933838635683,0.0005949580809101462,0.0011068013263866305,0.0021249933633953333,0.0035235926043242216,4.420520305633545,4.414190769195557,4.351315498352051,4.444031238555908,4.086062431335449,4.339750289916992,4.321043491363525,4.151334285736084,4.208282947540283,4.55457067489624,19.146059036254883,20.876331329345703,20.596193313598633,20.39131736755371,22.740514755249023,21.49835777282715,21.030210494995117,23.068710327148438,20.357492446899414,23.33687973022461,23.043521881103516,23.589462280273438,23.919837951660156,23.848522186279297,25.91096305847168,29.628707885742188,36.073482513427734,42.46240997314453,63.15650177001953,1.3242202997207642
116,0.0,0.00011744136281777173,0.00029300732421688735,0.0006151698180474341,0.0011284283827990294,0.002109535736963153,0.0034661414101719856,4.221617221832275,4.510959148406982,4.763105392456055,4.64035177230835,4.75635290145874,4.4056196212768555,4.200639724731445,4.186457633972168,4.7924346923828125,4.17665958404541,13.679375648498535,14.016914367675781,14.128795623779297,13.519530296325684,14.327481269836426,14.399585723876953,14.912951469421387,14.318109512329102,14.970979690551758,15.257362365722656,15.911210060119629,16.72783088684082,19.395414352416992,19.423690795898438,21.50554084777832,23.076871871948242,30.447185516357422,37.640228271484375,54.69786071777344,1.152944564819336
117,0.0,0.0001117606443585828,0.0002712217392399907,0.0005568647757172585,0.0010894415900111198,0.0021279947832226753,0.003547603264451027,4.226447105407715,4.615217208862305,4.169223785400391,4.131633758544922,4.075965404510498,4.135257244110107,4.593233585357666,4.311071395874023,4.295567512512207,4.001866817474365,21.21619987487793,19.15768051147461,20.24050521850586,20.95758628845215,19.54425048828125,19.023006439208984,19.622514724731445,20.0045166015625,20.44626235961914,20.786998748779297,20.986848831176758,23.36982536315918,23.614044189453125,24.245040893554688,25.371850967407227,28.646717071533203,34.373477935791016,41.450721740722656,54.37156677246094,1.2222954034805298
118,0.0,0.00011365125101292506,0.00029074150370433927,0.0005778739578090608,0.0011367936385795474,0.0022514616139233112,0.003669023746624589,4.338192462921143,4.53522253036499,4.1302666664123535,4.502618312835693,4.3174943923950195,4.224249362945557,4.314488410949707,4.157558917999268,3.9085118770599365,4.625941753387451,13.655961990356445,14.03750991821289,13.187789916992188,14.131158828735352,14.138477325439453,13.380168914794922,15.554146766662598,15.83597183227539,14.324413299560547,15.793588638305664,16.02714729309082,15.655656814575195,18.18667984008789,17.990161895751953,21.38714599609375,23.01471519470215,27.990028381347656,33.29838943481445,51.324066162109375,1.1622357368469238
119,0.0,0.00012744705600198358,0.0003168544208165258,0.0006266719428822398,0.0012273036409169436,0.0024795164354145527,0.00419058371335268,4.551430702209473,4.090173721313477,4.415831565856934,4.188439846038818,4.514200210571289,3.984914541244507,4.2272515296936035,4.288024425506592,4.554933071136475,4.3808183670043945,26556.63671875,28645.884765625,29543.40234375,28478.345703125,27213.044921875,29449.44921875,28500.9765625,29241.2578125,28829.689453125,27034.55859375,24451.81640625,25219.046875,24377.48828125,24054.515625,22637.9609375,20889.064453125,22967.0859375,20463.0859375,54.923194885253906,0.9849055409431458
120,0.0,0.0001310670340899378,0.0003330828621983528,0.0007167519652284682,0.001313453889451921,0.0025726233143359423,0.0042902324348688126,4.121547222137451,4.483310222625732,4.396212100982666,4.414746284484863,4.274496078491211,4.411345958709717,4.280745506286621,4.549987316131592,4.261908531188965,4.589157581329346,15.026557922363281,13.320488929748535,13.633959770202637,12.63154125213623,13.531249046325684,13.478360176086426,14.112285614013672,13.458168983459473,14.476705551147461,14.5233736038208,14.818180084228516,16.1931095123291,16.54208755493164,17.33782196044922,19.79305648803711,21.88272476196289,30.388317108154297,40.31941604614258,77.47210693359375,2.1263325214385986
121,0.0,0.00012892512313555926,0.00031629420118406415,0.0007031923742033541,0.001324547571130097,0.0025146938860416412,0.004148921463638544,4.520068168640137,4.029000282287598,4.384520530700684,4.542870998382568,4.367401123046875,4.3213653564453125,4.186199188232422,4.471447467803955,4.3540825843811035,4.41478967666626,4.7603373527526855,4.644209861755371,4.800881385803223,4.864111423492432,5.062232494354248,5.2486891746521,5.158018589019775,5.540736675262451,5.686010837554932,6.206791400909424,6.047258377075195,7.180947780609131,8.277551651000977,8.788272857666016,10.711984634399414,12.71412467956543,17.96959114074707,23.89537811279297,55.67473220825195,1.1568059921264648
122,0.0,0.00013942226360086352,0.00033240517950616777,0.0006437313859350979,0.0012675204779952765,0.0024285006802529097,0.004089766647666693,3.9914093017578125,4.071536540985107,4.3658127784729,4.627509593963623,4.138367176055908,3.9238810539245605,4.330190658569336,4.442399501800537,4.410806655883789,4.356136322021484,15.473213195800781,14.164566993713379,14.398605346679688,14.344294548034668,14.591347694396973,14.870352745056152,15.49415111541748,15.630121231079102,15.126256942749023,14.758749008178711,15.997200012207031,16.41257095336914,16.89855194091797,17.996810913085938,20.4539852142334,22.67747688293457,26.755720138549805,33.38367462158203,60.81184387207031,1.4824434518814087
123,0.0,0.00012484041508287191,0.00033428645110689104,0.0006656928453594446,0.0012693728785961866,0.002538736443966627,0.004270258359611034,4.361589431762695,4.3996262550354,4.143094062805176,4.478477954864502,4.263261795043945,4.534206390380859,4.254130840301514,4.377551555633545,4.283339023590088,4.164610385894775,5.813999176025391,5.915947914123535,5.585594177246094,5.953560829162598,5.590483665466309,5.3930559158325195,5.642012596130371,6.328542232513428,6.540491580963135,7.316117763519287,7.599628448486328,8.79345703125,9.624056816101074,10.724316596984863,13.110492706298828,15.98422908782959,24.520675659179688,35.59868621826172,110.66061401367188,2.2241780757904053
124,0.0,0.00012863654410466552,0.0003704968257807195,0.0007678032270632684,0.0013844294007867575,0.0027198661118745804,0.004468145780265331,4.516395092010498,4.303866386413574,4.311496734619141,4.261877059936523,4.33553409576416,4.368395805358887,4.1087117195129395,4.102527141571045,4.072887420654297,4.3468780517578125,5.734367370605469,5.945993900299072,6.264708042144775,6.065454483032227,6.281224727630615,6.060449600219727,5.754760265350342,6.433866500854492,6.935917377471924,6.60160493850708,7.410730838775635,8.012785911560059,8.933518409729004,9.621964454650879,12.50512981414795,14.826057434082031,21.958467483520508,29.523693084716797,75.28968811035156,1.7503150701522827
125,0.0,0.00015158213500399143,0.0003827159234788269,0.0007757995626889169,0.0015046880580484867,0.0029991355258971453,0.004913972690701485,4.192240238189697,4.279962062835693,4.011532306671143,4.242710113525391,4.194153308868408,4.5287041664123535,4.057962894439697,4.257667064666748,4.181601524353027,4.393102645874023,5.9855217933654785,6.376382827758789,5.879011154174805,5.460810661315918,6.372604846954346,5.956030368804932,6.766507148742676,6.281606674194336,7.340364456176758,6.944539546966553,7.43585205078125,8.168709754943848,9.451996803283691,10.032463073730469,11.727193832397461,14.208334922790527,21.548290252685547,31.64042854309082,71.10948944091797,1.7619776725769043
126,0.0,0.00011035462375730276,0.0002800349029712379,0.0005483915447257459,0.001027422957122326,0.001987315248697996,0.0032889768481254578,4.647644519805908,4.202310085296631,4.279987335205078,4.310154438018799,4.163308620452881,4.144172191619873,4.288111686706543,4.074347019195557,4.444358825683594,4.32680606842041,4.916751384735107,4.731052875518799,4.868950366973877,4.73679780960083,4.801001071929932,4.719358444213867,5.420969009399414,5.524829864501953,5.853525638580322,6.128759860992432,6.750092506408691,7.280536651611328,8.184110641479492,9.475202560424805,11.63524341583252,13.989592552185059,20.764589309692383,28.74340057373047,59.547969818115234,1.244884967803955
127,0.0,0.00017734507855493575,0.0005290795234031975,0.0010583377443253994,0.001861676573753357,0.0035167390014976263,0.005540102254599333,1.0049628019332886,1.0336689949035645,1.0638924837112427,1.0537461042404175,1.0299334526062012,1.0882478952407837,1.100656270980835,1.0554077625274658,1.0939407348632812,1.2084968090057373,1.3891372680664062,1.439454197883606,1.4673917293548584,1.4685041904449463,1.5657012462615967,1.562314510345459,1.7945330142974854,2.0158324241638184,2.3959240913391113,2.7086188793182373,3.274686813354492,3.9745521545410156,5.051547527313232,6.009215354919434,8.442056655883789,10.470808029174805,18.07881736755371,26.831907272338867,96.2292709350586,2.7620410919189453
128,0.0,0.00016369762306567281,0.00045102773583494127,0.0008781644282862544,0.001586030819453299,0.003033202374354005,0.0049619246274232864,3.8871610164642334,4.268932819366455,4.462186813354492,4.268105506896973,4.501615524291992,4.253608703613281,4.037728309631348,4.371760845184326,4.523868560791016,4.335409641265869,30.183107376098633,30.671255111694336,29.76443099975586,30.331483840942383,31.693496704101562,30.66695785522461,30.249242782592773,29.384599685668945,32.52251434326172,34.77025604248047,31.820220947265625,31.68968391418457,35.828861236572266,33.7511100769043,37.64474105834961,39.7214241027832,45.8164176940918,55.26412582397461,93.17009735107422,2.6873412132263184
129,0.0,0.0001232771173818037,0.0003148890391457826,0.0006148184766061604,0.0011502825655043125,0.0023119570687413216,0.003996255341917276,4.356966018676758,4.238874435424805,3.927020788192749,4.300296306610107,4.165689945220947,4.092060089111328,4.37893009185791,4.29229736328125,4.518394947052002,4.519153594970703,4.585168361663818,4.713771820068359,5.0002923011779785,5.134612560272217,4.935887336730957,4.873589038848877,5.029149055480957,5.2206807136535645,5.615043640136719,5.956563949584961,6.07504415512085,6.7950053215026855,8.060338020324707,8.367668151855469,10.581620216369629,12.900094032287598,16.833919525146484,23.398435592651367,49.54309844970703,1.1736161708831787
130,0.0,0.00013042647333350033,0.0003538466989994049,0.0006926193018443882,0.0012838041875511408,0.00248321914114058,0.00408259779214859,3.975343704223633,4.227121829986572,4.2304368019104,4.4172515869140625,4.316788196563721,4.417912483215332,4.043799877166748,4.458428382873535,4.302048683166504,4.76637601852417,13.538981437683105,13.202691078186035,14.231712341308594,13.23923397064209,13.446189880371094,14.189866065979004,13.896100044250488,14.103370666503906,15.347922325134277,15.268305778503418,15.736808776855469,15.7936429977417,18.62350845336914,19.521818161010742,23.12099266052246,26.13715362548828,33.70023727416992,41.85713577270508,96.6765365600586,2.3151252269744873
131,0.0,0.00014088281022850424,0.0003703097754623741,0.0007693062070757151,0.0013789403019472957,0.0026503168046474457,0.004358635284006596,3.96291184425354,4.072088718414307,4.273696422576904,4.297088146209717,4.434556484222412,4.244741439819336,4.385435581207275,4.231241226196289,4.492358684539795,4.2695488929748535,13.909954071044922,14.784119606018066,15.174598693847656,14.753334999084473,14.906801223754883,14.44332504272461,14.339727401733398,14.864568710327148,15.463879585266113,14.747297286987305,15.035534858703613,16.071666717529297,17.510759353637695,17.698774337768555,20.0523681640625,23.380992889404297,31.39283561706543,38.2462043762207,66.9374008178711,1.444701075553894
132,0.0,0.00011473923223093152,0.0002984758175443858,0.0005816390039399266,0.0011517752427607775,0.0022774916142225266,0.003839741460978985,4.314913272857666,4.203737735748291,4.400500297546387,3.6048409938812256,4.2492241859436035,4.424482345581055,4.1514811515808105,4.04287576675415,4.219194412231445,4.109199523925781,9.525894165039062,8.022658348083496,9.033754348754883,8.992778778076172,9.429277420043945,8.331618309020996,9.209943771362305,9.256367683410645,10.007530212402344,10.99289608001709,10.485971450805664,11.719900131225586,11.620115280151367,12.450834274291992,14.803993225097656,16.73465347290039,21.138202667236328,26.068769454956055,41.34960174560547,0.9874575138092041
133,0.0,0.00016566208796575665,0.0005032477783970535,0.0010088138515129685,0.0018296875059604645,0.0033952288795262575,0.005331381224095821,1.0020898580551147,1.0735381841659546,1.1137657165527344,1.0786916017532349,1.066088318824768,1.107254981994629,1.1286636590957642,1.134026288986206,1.1347577571868896,1.1326130628585815,2.5474400520324707,2.2383244037628174,2.464479684829712,2.5892951488494873,2.6864614486694336,2.6104183197021484,2.752587080001831,3.1086902618408203,3.5198092460632324,3.748847723007202,4.148819446563721,4.722107410430908,5.717677116394043,7.100124359130859,8.869406700134277,11.094768524169922,16.601696014404297,22.403030395507812,53.7360954284668,1.5094627141952515
134,0.0,0.0001507477427367121,0.0003910244849976152,0.0007479253108613193,0.0014249179512262344,0.002744982484728098,0.004522014409303665,4.269725799560547,4.350100994110107,4.09290885925293,4.290072441101074,4.428144931793213,4.167934894561768,4.4677886962890625,4.29238224029541,4.4049482345581055,4.311010837554932,27.062049865722656,28.10641098022461,31.499027252197266,31.239234924316406,29.502897262573242,25.862285614013672,27.812023162841797,30.86290740966797,28.35243034362793,31.828384399414062,31.068063735961914,32.12467575073242,31.95203971862793,32.07859802246094,36.54979705810547,38.048072814941406,44.2673225402832,52.43595504760742,68.90087890625,1.5508983135223389
135,0.0,0.00013704616867471486,0.00035440715146251023,0.000732261803932488,0.0014171171933412552,0.002648524474352598,0.004238797351717949,4.143852233886719,4.062964916229248,4.113321304321289,5.013042449951172,4.5564775466918945,4.2555365562438965,4.399843215942383,4.129142761230469,4.065177917480469,4.199990272521973,30.79823112487793,28.44318962097168,29.881189346313477,29.89105224609375,30.847949981689453,30.98769760131836,27.92479133605957,31.225990295410156,31.1782283782959,28.73248291015625,32.34201431274414,30.259984970092773,33.85886001586914,33.780330657958984,36.638580322265625,38.89112854003906,43.69160079956055,52.35032653808594,63.54134750366211,1.3985539674758911
136,0.0,0.00011455330968601629,0.0003075922140851617,0.000604154949542135,0.0011790692806243896,0.002422051504254341,0.004173746332526207,4.129140853881836,4.029002666473389,4.232573509216309,4.045543670654297,3.918926477432251,4.334437370300293,4.336394309997559,4.426913738250732,4.55847692489624,4.079326152801514,14.266172409057617,14.955081939697266,14.266035079956055,14.47925090789795,14.298529624938965,14.956588745117188,14.629920959472656,14.097553253173828,14.397733688354492,15.059088706970215,15.57894229888916,15.756750106811523,16.322425842285156,18.091981887817383,20.48946762084961,21.35042381286621,27.264163970947266,34.66340255737305,65.73836517333984,1.5326346158981323
137,0.0,0.0001424436632078141,0.0003455724217928946,0.0007550197187811136,0.0013909005792811513,0.002781068906188011,0.004546121694147587,4.304501533508301,4.600661754608154,4.2790422439575195,4.084107398986816,4.06558084487915,4.232330799102783,4.628499984741211,3.955251932144165,4.293087005615234,4.160817623138428,6.722614765167236,7.136138439178467,6.802130699157715,7.659085273742676,6.7516889572143555,7.12347412109375,7.292081356048584,8.024275779724121,7.398867607116699,8.719314575195312,9.11670207977295,10.384858131408691,11.072354316711426,12.908851623535156,16.510723114013672,19.306602478027344,29.1566104888916,41.364009857177734,96.08890533447266,2.7916154861450195
138,0.0,0.00010464509250596166,0.000264883681666106,0.0005487922462634742,0.001005294150672853,0.002019357867538929,0.003334200708195567,3.985438585281372,3.984090566635132,4.258850574493408,4.3950934410095215,4.2896904945373535,4.4624128341674805,4.457836627960205,4.253063678741455,4.433616638183594,4.380888938903809,9.171602249145508,8.125397682189941,8.481988906860352,8.485391616821289,8.066658020019531,8.542191505432129,9.449102401733398,9.382526397705078,9.659637451171875,9.984125137329102,10.199292182922363,10.93245792388916,11.82168960571289,13.684431076049805,15.010342597961426,17.428586959838867,22.395605087280273,28.18071174621582,49.05485153198242,0.9503672122955322
139,0.0,0.00013172737089917064,0.00033756729681044817,0.0006805239827372134,0.0013100150972604752,0.0026754438877105713,0.004431367851793766,4.255346775054932,4.500937461853027,4.162027835845947,4.410858631134033,4.231831073760986,4.351734638214111,4.4005608558654785,4.395689487457275,4.311523914337158,4.226390838623047,5.908580303192139,5.954034805297852,5.78845739364624,5.941129684448242,6.146924018859863,5.631563663482666,6.049793720245361,6.567152500152588,7.158063888549805,6.959654331207275,7.798279285430908,8.028831481933594,8.813420295715332,9.388413429260254,11.739559173583984,13.206814765930176,18.312118530273438,24.648595809936523,59.03632736206055,1.3472352027893066
140,0.0,0.00012402409629430622,0.00031755591044202447,0.000611448660492897,0.0011764229275286198,0.002350209280848503,0.003958414308726788,4.254132270812988,3.826571226119995,4.431069374084473,4.253810882568359,4.335513114929199,4.189416408538818,4.250922679901123,4.324102878570557,4.35106086730957,4.197831630706787,8.783740997314453,9.298084259033203,9.518217086791992,9.170816421508789,9.029132843017578,8.889345169067383,8.640572547912598,9.219990730285645,9.29747486114502,9.91598892211914,10.572522163391113,10.86326789855957,12.666204452514648,13.82761001586914,15.957459449768066,17.658620834350586,23.077308654785156,31.686817169189453,60.91373825073242,1.5315996408462524
141,0.0,0.00010839811147889122,0.0002712838177103549,0.0005635271081700921,0.0011031805770471692,0.0022772150114178658,0.0038521206006407738,4.289380073547363,4.60786247253418,4.260244369506836,4.403642177581787,4.568183898925781,4.467371463775635,4.196396827697754,4.616367340087891,4.4879150390625,4.199492931365967,4.736194610595703,4.767272472381592,5.001310348510742,4.422121524810791,4.868198871612549,5.134903430938721,5.1978654861450195,5.475020885467529,5.708475589752197,6.0094990730285645,6.319450378417969,7.1908721923828125,7.421613693237305,8.770071029663086,10.614386558532715,13.218369483947754,16.605854034423828,23.10987663269043,47.713253021240234,0.9235801696777344
142,0.0,0.00011312630522297695,0.0002959775156341493,0.0005517926765605807,0.0010338451247662306,0.0020016005728393793,0.003389471210539341,4.441976547241211,3.867943525314331,4.269030570983887,4.340076446533203,4.156250476837158,4.303739070892334,4.278981685638428,4.3573408126831055,4.571509838104248,4.520677089691162,4.641238212585449,4.7058539390563965,5.103931903839111,4.665656089782715,4.938742637634277,5.047492980957031,5.415010929107666,5.190071105957031,6.043056964874268,6.080477714538574,6.943209171295166,7.0846662521362305,7.846508026123047,8.726446151733398,11.214062690734863,12.970996856689453,17.58560562133789,24.986669540405273,50.038360595703125,1.2873393297195435
143,0.0,0.0001312926906393841,0.0003648113051895052,0.0007331317756325006,0.0013962098164483905,0.0027291926089674234,0.004407028667628765,4.318721294403076,4.062050819396973,4.463840007781982,4.372413158416748,3.9920003414154053,4.29391622543335,4.704266548156738,4.3506975173950195,4.452791213989258,4.349282264709473,6.210638999938965,5.801095485687256,5.993238925933838,5.973207950592041,5.996894359588623,5.983458518981934,6.061286449432373,6.226019859313965,6.323685646057129,7.082413196563721,7.395254135131836,8.289194107055664,8.287031173706055,9.65216064453125,10.727375984191895,14.195018768310547,18.047388076782227,23.578840255737305,49.663612365722656,1.2349988222122192
144,0.0,0.00010874251165660098,0.00029888542485423386,0.0005551417707465589,0.001063887495547533,0.0021132517140358686,0.003500379854813218,4.144883155822754,4.218489646911621,3.8331754207611084,4.343667030334473,4.104831695556641,4.373283863067627,4.1534929275512695,4.39669942855835,4.2659592628479,4.269420146942139,5.176544189453125,5.621475696563721,4.790771007537842,4.58405876159668,4.720910549163818,5.224909782409668,5.43928337097168,5.47635555267334,5.7369608879089355,6.413606643676758,6.664504528045654,7.077617168426514,7.951562404632568,8.931511878967285,11.056524276733398,13.162087440490723,17.488910675048828,24.86134910583496,47.62234878540039,1.3053970336914062
145,0.0,0.00011906078725587577,0.00032758075394667685,0.0006192777655087411,0.0011748851975426078,0.0023902487009763718,0.0040839253924787045,4.146951675415039,4.097935676574707,4.246136665344238,4.296119213104248,4.435158729553223,4.3519062995910645,4.223910331726074,4.1164631843566895,4.313320636749268,4.240493297576904,4.955985069274902,4.7903008460998535,4.918607711791992,5.484340667724609,5.086504936218262,5.053483486175537,5.367473602294922,5.493472099304199,5.745924949645996,6.1011552810668945,6.688811779022217,7.039447784423828,8.097148895263672,8.848664283752441,11.372725486755371,13.276325225830078,19.11288833618164,26.380956649780273,58.54513168334961,1.2414404153823853
146,0.0,0.00010883975483011454,0.0002931293856818229,0.0005722972564399242,0.0010996003402397037,0.002114818897098303,0.0035522282123565674,3.8509483337402344,4.279186725616455,4.188511848449707,4.330413341522217,4.140567779541016,4.441859722137451,4.48036527633667,4.293066501617432,4.17350959777832,4.383209228515625,4.842223167419434,5.002432823181152,4.804535865783691,4.957099914550781,4.894847869873047,4.79150390625,5.051962375640869,5.117164134979248,5.5341997146606445,6.287942886352539,6.396887302398682,7.030780792236328,8.050310134887695,9.430437088012695,11.15819263458252,13.05322551727295,18.316688537597656,25.440832138061523,58.58327865600586,1.2400892972946167
147,0.0,0.00013967440463602543,0.00034735939698293805,0.0006650516297668219,0.0013007341185584664,0.002630851464346051,0.00444168271496892,4.423859596252441,3.867662191390991,4.440120220184326,4.165290832519531,3.7967140674591064,4.376968860626221,4.401847839355469,4.286331653594971,4.305705547332764,4.711662292480469,48.872230529785156,50.8580436706543,48.2447624206543,51.0286979675293,49.37527084350586,49.41759490966797,49.937679290771484,52.804290771484375,45.30082321166992,51.427879333496094,56.200767517089844,53.48466491699219,55.19438171386719,52.41400909423828,51.33312225341797,54.82661819458008,62.319602966308594,73.18299102783203,83.46385955810547,2.0689001083374023
148,0.0,0.00011073045607190579,0.00028552341973409057,0.0005415958585217595,0.00108964997343719,0.0021700679790228605,0.0037856337148696184,4.31734037399292,4.070826053619385,4.0856032371521,4.276344299316406,4.518725872039795,4.628212928771973,4.305178165435791,4.208849906921387,3.9524128437042236,3.9432477951049805,54.4128532409668,51.28597640991211,53.103519439697266,54.07094192504883,53.864837646484375,55.4905891418457,55.290096282958984,52.782615661621094,52.630088806152344,56.01577377319336,52.921878814697266,54.75585174560547,56.284095764160156,56.2427864074707,59.76138687133789,63.4359245300293,63.94287109375,70.21395874023438,52.827857971191406,1.2012611627578735
149,0.0,0.00016818953736219555,0.00044418906327337027,0.0008807879057712853,0.001697456813417375,0.003329694736748934,0.00553450221195817,4.516369819641113,3.944610834121704,4.267567157745361,4.3774847984313965,4.249973773956299,4.484360694885254,4.409189701080322,4.131576061248779,4.430472373962402,4.558237075805664,4.947362422943115,4.715843677520752,5.30858039855957,4.940301895141602,5.346220970153809,5.394258499145508,5.090516567230225,5.610823631286621,5.740917682647705,6.555225849151611,6.530946731567383,7.435085773468018,8.133943557739258,9.588225364685059,11.937423706054688,14.898201942443848,20.852367401123047,30.356990814208984,86.8220443725586,1.7942434549331665
150,0.0,0.0001588312879903242,0.0004393025010358542,0.0008178808493539691,0.0015113671543076634,0.0030413810163736343,0.004952858202159405,4.39910888671875,4.325123310089111,4.402802467346191,4.225983619689941,4.472437381744385,4.294793128967285,4.610326290130615,4.383718013763428,4.01012659072876,4.182101726531982,4.911199569702148,5.043619155883789,5.099460601806641,5.128312587738037,5.456780433654785,5.439648628234863,5.126812934875488,5.955018997192383,5.911068439483643,6.351744174957275,6.654508113861084,7.3021745681762695,8.78182315826416,9.423850059509277,12.079580307006836,14.212248802185059,20.70644760131836,30.140430450439453,74.36763000488281,1.7247251272201538
151,0.0,0.00012639437045436352,0.0003571651759557426,0.000680729397572577,0.0013263673754408956,0.002572721568867564,0.0043985312804579735,4.136314868927002,4.04915714263916,4.064725399017334,4.299027442932129,4.284946441650391,4.2361555099487305,3.9773311614990234,4.4119062423706055,4.245595455169678,4.537411212921143,1139.5985107421875,1171.7735595703125,1106.78857421875,1124.2615966796875,1048.6961669921875,1068.205078125,1051.98291015625,1024.3426513671875,903.112060546875,857.2045288085938,720.9878540039062,710.4376831054688,555.9210815429688,485.39019775390625,441.751708984375,310.486572265625,223.8680419921875,175.40203857421875,60.41154098510742,1.286751627922058
152,0.0,0.0001272874796995893,0.0003282649558968842,0.0006694459589198232,0.0012451577931642532,0.0023680459707975388,0.003858625888824463,4.320125579833984,4.677799224853516,4.386744976043701,4.201981067657471,4.351334095001221,4.418127059936523,4.253325939178467,4.230094909667969,4.543402671813965,4.355438709259033,4.929083824157715,4.832931041717529,4.760594367980957,5.595495700836182,5.168652534484863,5.061337947845459,5.571267604827881,5.337857723236084,6.097766876220703,6.076198577880859,6.922504425048828,7.810771465301514,8.553616523742676,9.635150909423828,11.837912559509277,14.448908805847168,22.69026756286621,33.15474319458008,87.36475372314453,1.6953338384628296
153,0.0,0.00012163400970166549,0.00033963247551582754,0.0006409903871826828,0.0011829929426312447,0.0023528842721134424,0.0038644513115286827,4.359576225280762,4.416235446929932,4.370144844055176,4.540777683258057,4.203376770019531,4.468502521514893,4.470117568969727,4.286789417266846,4.218577861785889,4.323666095733643,32.45662307739258,31.148805618286133,31.83740997314453,30.071977615356445,29.190195083618164,31.267841339111328,32.765872955322266,29.70330238342285,28.719209671020508,30.495615005493164,32.648136138916016,31.982919692993164,34.832496643066406,31.65185546875,37.005794525146484,40.377620697021484,44.11570358276367,53.20635223388672,67.00745391845703,1.7839452028274536
154,0.0,0.00013015771401114762,0.00037513734423555434,0.0006909231306053698,0.0013904334045946598,0.002822820097208023,0.004726712591946125,4.159810543060303,4.136789798736572,4.2908220291137695,4.350092887878418,4.248185634613037,4.134338855743408,4.246016979217529,4.3802971839904785,4.1238226890563965,4.5055084228515625,6.4317779541015625,5.475351810455322,5.720088958740234,6.29882287979126,5.532830715179443,6.437344074249268,6.360677242279053,6.744715213775635,7.184854507446289,7.010135173797607,7.336272239685059,7.792893886566162,8.873993873596191,9.723645210266113,12.002969741821289,14.28612232208252,18.548246383666992,24.522262573242188,51.08123016357422,1.1786423921585083
155,0.0,0.00013810893869958818,0.0003328960156068206,0.0006424970924854279,0.0012644833186641335,0.0025562020018696785,0.004263969603925943,4.3030500411987305,4.249438285827637,4.106525421142578,4.285121917724609,4.5431599617004395,4.072544574737549,4.246502876281738,4.221724987030029,4.251003742218018,4.308027267456055,31.65018081665039,28.75837516784668,31.442138671875,28.535348892211914,30.60776710510254,30.209087371826172,29.165239334106445,30.868938446044922,28.738304138183594,33.311119079589844,29.362730026245117,32.297454833984375,32.758174896240234,34.25941848754883,39.63560485839844,39.76942825317383,44.881126403808594,52.53459548950195,82.64582824707031,1.9859464168548584
156,0.0,0.0002260836772620678,0.0006463865865953267,0.0012736034113913774,0.002295719226822257,0.004289000295102596,0.006964115425944328,4.587115287780762,4.537297248840332,4.326450347900391,4.299657821655273,4.791787624359131,4.087911128997803,4.463861465454102,4.145476818084717,4.351159572601318,4.424880027770996,9.135519981384277,9.714540481567383,9.76970386505127,9.38117790222168,9.703744888305664,9.368958473205566,9.10984992980957,10.233038902282715,10.064435005187988,11.215590476989746,11.36965560913086,12.04824447631836,13.656566619873047,15.62465763092041,19.74660301208496,21.611618041992188,40.73482131958008,55.39589309692383,167.16250610351562,3.729843854904175
157,0.0,0.00012729949958156794,0.00035619473783299327,0.0006768490420654416,0.001236668205820024,0.0023601006250828505,0.003937696572393179,4.366549015045166,4.4374213218688965,4.196169853210449,4.532346725463867,3.8513360023498535,3.910050630569458,3.8951549530029297,4.362148284912109,4.296238422393799,4.201227188110352,4.344836711883545,4.904549598693848,4.984675884246826,4.745824337005615,5.127224445343018,5.194730281829834,5.089432716369629,5.665689945220947,5.471924304962158,5.866347789764404,6.339611053466797,7.608479976654053,8.324952125549316,9.068675994873047,11.495226860046387,13.45930004119873,21.003223419189453,30.446212768554688,68.04430389404297,1.3928163051605225
158,0.0,0.00018687073315959424,0.00046851870138198137,0.0009690806618891656,0.001820110366679728,0.003489141818135977,0.0057609714567661285,4.299689769744873,4.12947416305542,4.361193656921387,4.813900470733643,4.314369201660156,4.357182025909424,4.03270149230957,4.242045879364014,4.291818618774414,4.192983150482178,4.665503025054932,4.551353454589844,4.820282936096191,5.0820441246032715,5.15962028503418,5.277447700500488,4.9437642097473145,5.648907661437988,5.932980537414551,6.520325660705566,6.808597087860107,7.948383331298828,9.147761344909668,10.167464256286621,12.625870704650879,15.712794303894043,25.352916717529297,34.782325744628906,119.91223907470703,2.5903279781341553
159,0.0,0.00013680422853212804,0.000370260066119954,0.0007357066497206688,0.001318757189437747,0.0026836819015443325,0.0044060018844902515,4.099274158477783,3.9961161613464355,4.0914998054504395,4.4188408851623535,4.208858966827393,4.403297424316406,4.304129123687744,4.239910125732422,4.397476673126221,4.414911270141602,13.163277626037598,15.367053985595703,14.00058650970459,14.403815269470215,14.853300094604492,13.80075740814209,14.28090763092041,14.63945484161377,15.126303672790527,15.521828651428223,16.55947494506836,15.225394248962402,17.26058006286621,17.90015411376953,22.332120895385742,22.264659881591797,31.290624618530273,39.51126480102539,78.39962768554688,1.9426974058151245
160,0.0,0.0001336734858341515,0.0003474144614301622,0.0007258721743710339,0.0013354062102735043,0.0026836409233510494,0.0045358603820204735,3.980900526046753,4.201521873474121,4.160913944244385,4.391080379486084,3.9014909267425537,4.370096683502197,4.221351146697998,4.322174072265625,4.093391418457031,4.441397190093994,5.902797222137451,5.926302433013916,5.538827896118164,6.068569660186768,6.071811199188232,5.836979866027832,6.494427680969238,6.352912425994873,6.501376628875732,6.993503570556641,7.629143714904785,8.062498092651367,9.332258224487305,10.10185718536377,11.792494773864746,13.963197708129883,18.606164932250977,24.947078704833984,48.7624397277832,1.0421664714813232
161,0.0,0.00012652194709517062,0.0003368297475390136,0.0006800892879255116,0.0012598626781255007,0.0023951870389282703,0.003939558751881123,4.141654968261719,4.267688274383545,4.206058502197266,4.369775772094727,4.021118640899658,4.270742416381836,4.130542278289795,4.263333797454834,4.161893844604492,4.506382465362549,3585.71630859375,3196.630615234375,3393.2431640625,3123.573486328125,3326.009765625,3234.688720703125,3512.091552734375,3037.296142578125,3059.43359375,2587.25927734375,2543.7880859375,2340.940673828125,2377.037109375,1900.2830810546875,1791.70947265625,1537.0291748046875,1502.31298828125,1262.859619140625,100.70414733886719,2.259709596633911
162,0.0,0.0001635156077099964,0.0004529448924586177,0.000913408410269767,0.0017165889730677009,0.0032962679397314787,0.005325426813215017,1.0505876541137695,1.1175628900527954,0.969092071056366,1.0045956373214722,1.0379444360733032,1.0588290691375732,1.0301703214645386,1.05881667137146,1.1574968099594116,1.1612180471420288,43.98370361328125,53.127952575683594,49.58467483520508,48.175472259521484,54.93257141113281,48.655242919921875,50.803836822509766,50.01289367675781,52.16648864746094,50.321502685546875,52.197532653808594,53.86631393432617,55.08757400512695,53.54732131958008,59.669334411621094,56.645790100097656,70.08621215820312,77.59937286376953,71.12747192382812,2.0802876949310303
163,0.0,0.00014372137957252562,0.0003728507144842297,0.0006951583782210946,0.0013088429113849998,0.0025711585767567158,0.00424580043181777,4.448212146759033,4.3626885414123535,4.7952728271484375,4.411022663116455,4.15358829498291,4.482575416564941,4.049483776092529,4.42331075668335,4.228063583374023,4.076194763183594,8.930578231811523,8.217988967895508,9.021556854248047,9.032306671142578,8.479881286621094,8.540184020996094,9.101584434509277,9.650012016296387,9.702423095703125,10.19503116607666,10.289664268493652,12.1731595993042,12.161518096923828,13.726619720458984,15.454777717590332,18.20998191833496,25.245084762573242,34.834129333496094,100.10405731201172,2.5187857151031494
164,0.0,0.00014162198931444436,0.0003832779766526073,0.0007374408305622637,0.001410257420502603,0.002799769164994359,0.00464262068271637,4.293178081512451,4.2693586349487305,4.376829147338867,3.9332525730133057,3.983721971511841,3.955577850341797,4.211345672607422,4.3451948165893555,4.49831485748291,4.502270698547363,9.592281341552734,8.64418888092041,9.057662010192871,8.61661148071289,9.584945678710938,9.649819374084473,8.981254577636719,9.036576271057129,9.817121505737305,9.836297035217285,10.495487213134766,11.369145393371582,11.950216293334961,11.892599105834961,14.609393119812012,16.518896102905273,21.584095001220703,29.474767684936523,60.589962005615234,1.326493740081787
165,0.0,0.00011453049228293821,0.0003055626293644309,0.0005955072119832039,0.0011351872235536575,0.0022925788071006536,0.0038075007032603025,3.9825401306152344,4.20188045501709,4.272834300994873,4.413458347320557,4.322078227996826,4.147879123687744,4.2651896476745605,4.1615166664123535,4.354714870452881,4.189301490783691,4.517199516296387,4.827871322631836,4.854274749755859,4.842528343200684,4.969860553741455,5.062747478485107,5.3444504737854,5.778244495391846,5.768213748931885,6.386380195617676,6.5466084480285645,6.719205379486084,8.130720138549805,9.068954467773438,10.9734468460083,13.050812721252441,18.65241241455078,25.429868698120117,58.91365051269531,1.4471139907836914
166,0.0,0.0001249396736966446,0.00035459481296129525,0.000659391051158309,0.0012282297248020768,0.002450484549626708,0.004138966090977192,4.076243877410889,4.155271530151367,4.185242652893066,4.222148418426514,4.246204376220703,4.137115478515625,4.2952728271484375,4.756371021270752,4.693359375,4.337066650390625,4.447329044342041,5.260720252990723,4.943748950958252,4.544933319091797,4.999028205871582,5.066887378692627,5.183266639709473,5.210043430328369,5.925802230834961,6.011470794677734,6.613879680633545,7.14674711227417,8.168234825134277,8.988447189331055,10.922293663024902,13.49077033996582,18.69150161743164,25.6232967376709,58.190391540527344,1.3205124139785767
167,0.0,0.00012538918235804886,0.00032717789872549474,0.0007084369426593184,0.0013587690191343427,0.0026269678492099047,0.0044062272645533085,4.326492786407471,4.033351898193359,4.485357761383057,3.874014377593994,4.035154342651367,4.821139812469482,4.296733856201172,4.240020751953125,4.31881856918335,4.855020523071289,19.847423553466797,20.87542724609375,21.92801284790039,20.88241195678711,20.742555618286133,21.378774642944336,23.959142684936523,21.00270652770996,22.63627815246582,22.290294647216797,23.887107849121094,24.30373191833496,25.36373519897461,27.493022918701172,28.546274185180664,28.573652267456055,38.26728439331055,45.765838623046875,78.38410186767578,1.689151644706726
168,0.0,0.00012551044346764684,0.00030874021467752755,0.0006446725456044078,0.0012692962773144245,0.0024669666308909655,0.004053458571434021,4.261520862579346,4.218484401702881,3.8887534141540527,4.075634479522705,4.062573432922363,4.588888168334961,4.2365922927856445,4.104944705963135,4.245476245880127,4.137678146362305,27.822607040405273,28.667156219482422,29.2406063079834,28.986328125,27.463972091674805,29.105754852294922,27.9110050201416,27.981996536254883,28.962360382080078,31.60712432861328,29.34967613220215,31.309049606323242,31.173934936523438,33.07282638549805,37.11382293701172,33.56727981567383,42.53815841674805,50.96739196777344,52.78266906738281,1.1716408729553223
169,0.0,0.00013438303722068667,0.0003657130291685462,0.0007403980125673115,0.0013462527422234416,0.0027652117423713207,0.0045264591462910175,4.084506988525391,4.3751983642578125,4.195517539978027,4.402022361755371,4.27338981628418,4.355072498321533,4.107645034790039,4.187396049499512,4.522007942199707,4.259382247924805,29.944133758544922,29.801198959350586,27.021820068359375,27.345582962036133,28.890432357788086,30.566621780395508,28.463098526000977,28.106000900268555,29.7080078125,28.52642250061035,29.93123435974121,32.36470031738281,30.419614791870117,32.44060516357422,31.808185577392578,37.31791305541992,40.67829132080078,50.45783996582031,60.80326843261719,1.414124608039856
170,0.0,0.00011061654367949814,0.00027955014957115054,0.0005515608936548233,0.0010982180247083306,0.002134728943929076,0.0036012690979987383,3.9983832836151123,4.215816497802734,4.334383487701416,4.449435710906982,4.337825298309326,4.256283283233643,4.1824164390563965,4.263729095458984,4.3984375,4.31145715713501,4.908668518066406,4.8433380126953125,5.048567771911621,5.522181510925293,4.906642436981201,5.419134140014648,5.40730094909668,5.3901753425598145,6.105820655822754,6.226157188415527,6.939050197601318,7.476046562194824,8.578618049621582,9.230578422546387,11.85283374786377,14.056906700134277,21.09620475769043,30.495651245117188,77.8274154663086,1.9853026866912842
171,0.0,0.00015414443623740226,0.0004061736981384456,0.0008060589316301048,0.0014433839824050665,0.0027486036997288465,0.00448868190869689,4.0742974281311035,4.055690765380859,4.329136848449707,4.338690757751465,4.365372180938721,4.249727249145508,4.3135504722595215,4.170046806335449,4.601964950561523,4.697596073150635,22.110105514526367,20.712541580200195,19.922300338745117,21.09137535095215,22.191009521484375,21.742130279541016,22.081192016601562,22.320125579833984,22.63536834716797,22.82618522644043,22.73554801940918,23.675735473632812,25.086727142333984,27.226728439331055,28.762378692626953,32.70065689086914,46.37252426147461,63.454837799072266,143.17120361328125,3.57212233543396
172,0.0,0.00011148022895213217,0.0003154358419124037,0.0006082557374611497,0.0010800182353705168,0.0021182813216000795,0.0035543569829314947,4.068118095397949,4.419864654541016,4.470030307769775,4.377229690551758,4.2145586013793945,4.319397449493408,4.324982643127441,4.258225917816162,4.451690673828125,4.040131092071533,4.765443325042725,4.953122138977051,4.695959568023682,4.789590835571289,5.323333740234375,5.043853759765625,5.396674156188965,5.221736431121826,5.677733898162842,5.817802906036377,6.170966625213623,7.302006244659424,7.758739471435547,8.295829772949219,10.64982795715332,12.478869438171387,16.532766342163086,23.579748153686523,46.11647415161133,0.9981337189674377
173,0.0,0.00013181370741222054,0.00033015524968504906,0.0006338643142953515,0.0012079630978405476,0.0024391203187406063,0.004148736596107483,4.319112300872803,4.2019853591918945,3.951733112335205,4.096339225769043,4.330911159515381,3.9468209743499756,4.327780246734619,4.2747344970703125,4.2210469245910645,4.175222873687744,8.588193893432617,9.27001953125,9.336701393127441,9.064082145690918,8.836343765258789,8.901152610778809,9.176045417785645,9.521466255187988,10.48769474029541,10.463661193847656,10.452877044677734,11.177119255065918,12.450496673583984,13.036059379577637,15.53890323638916,17.06324577331543,22.496885299682617,29.100358963012695,56.0756950378418,1.3642009496688843
174,0.0,0.0001079020876204595,0.00026715692365542054,0.0005291090346872807,0.001018886105157435,0.0019509553676471114,0.0032723690383136272,4.339496612548828,4.165867328643799,4.419264316558838,4.049077033996582,4.180995464324951,4.179934501647949,3.8973684310913086,4.442502975463867,4.145052909851074,4.189455509185791,13.858965873718262,13.6760892868042,13.129252433776855,13.62730884552002,13.484447479248047,12.851588249206543,14.350285530090332,13.610125541687012,13.753140449523926,14.030119895935059,13.888208389282227,14.966346740722656,16.686416625976562,16.5217342376709,19.545242309570312,21.727434158325195,26.478656768798828,32.335968017578125,47.62639236450195,0.9787204265594482
175,0.0,0.00013157905777916312,0.0003455041442066431,0.0006789661711081862,0.0012949308147653937,0.002542604226619005,0.004251641221344471,4.100352764129639,4.246743202209473,4.742359638214111,4.689918041229248,4.329803943634033,4.4943928718566895,4.331744194030762,4.146356582641602,4.258054733276367,4.393891334533691,5.734688758850098,5.892289638519287,5.761916160583496,5.958656311035156,6.438569068908691,6.209708213806152,7.111056804656982,6.542577743530273,6.726869583129883,7.699623107910156,7.611729621887207,8.578986167907715,9.662782669067383,10.825973510742188,12.649494171142578,15.509822845458984,24.991798400878906,32.863670349121094,90.63784790039062,2.1556732654571533
176,0.0,0.00012204738595755771,0.00032268211361952126,0.0006392509676516056,0.0012290114536881447,0.002552882768213749,0.004255575593560934,4.421397686004639,4.2067766189575195,4.0663018226623535,4.449656009674072,4.247629642486572,4.448403358459473,4.253729343414307,4.222040176391602,4.391475677490234,4.4164299964904785,19.839012145996094,20.34165382385254,20.52480125427246,19.010406494140625,18.916980743408203,18.85435676574707,20.70087242126465,20.434085845947266,20.51585578918457,21.473228454589844,23.285110473632812,21.89267349243164,22.126821517944336,24.124950408935547,27.11789894104004,28.985063552856445,37.551116943359375,45.0570182800293,77.92797088623047,1.775755763053894
177,0.0,0.0001220133199240081,0.00030097394483163953,0.0006213928572833538,0.0011827730340883136,0.0023824383970350027,0.0040127430111169815,4.105026721954346,4.085079669952393,4.271629333496094,4.406998634338379,4.282707691192627,4.43324613571167,4.251219749450684,4.312361717224121,4.147101402282715,4.3207688331604,14.058932304382324,13.652467727661133,14.512077331542969,12.91895580291748,13.41940689086914,13.604741096496582,13.734012603759766,13.206746101379395,13.898550033569336,14.507433891296387,15.229413032531738,15.270421981811523,15.40394401550293,17.16966438293457,19.178844451904297,20.774282455444336,27.864116668701172,31.145048141479492,47.73944854736328,1.0789589881896973
178,0.0,0.00012189755216240883,0.0003226543194614351,0.0006193882436491549,0.0011707056546583772,0.002449524588882923,0.004203978925943375,4.133406639099121,3.964238166809082,4.251232624053955,4.271831035614014,4.28406286239624,4.311842441558838,4.104073524475098,4.155370235443115,4.298094272613525,4.461025714874268,31.059043884277344,26.92389488220215,30.606700897216797,30.16985511779785,28.75839614868164,28.09218406677246,29.539209365844727,30.003141403198242,31.727632522583008,27.935571670532227,30.734634399414062,31.21335220336914,30.053468704223633,32.51292037963867,33.15594482421875,38.32963562011719,42.301979064941406,50.39107894897461,64.27400207519531,1.224470615386963
179,0.0,0.00011055162758566439,0.00030261397478170693,0.0005941710551269352,0.0011177911655977368,0.002187885344028473,0.003650053171440959,4.184037685394287,3.998251438140869,4.17829704284668,4.449003219604492,4.612721920013428,4.4829864501953125,4.582109451293945,4.212464809417725,4.348049163818359,4.454374313354492,4.644492149353027,4.62100887298584,4.932309627532959,4.77595329284668,4.766229629516602,4.878879070281982,5.327775955200195,5.257137775421143,5.592010021209717,6.262292385101318,7.017480850219727,7.107643127441406,8.05456256866455,8.72842788696289,11.140904426574707,13.394018173217773,18.489463806152344,25.505380630493164,56.212528228759766,1.1927611827850342
180,0.0,0.00012958257866557688,0.00032963789999485016,0.0006586555973626673,0.001239590928889811,0.0024730092845857143,0.0040735239163041115,4.460358619689941,4.58008337020874,4.144105434417725,4.584512710571289,4.232327461242676,4.336333274841309,4.560364246368408,4.452685832977295,4.038528919219971,4.2679877281188965,22.450895309448242,18.54474449157715,19.784685134887695,19.674102783203125,20.259485244750977,19.530731201171875,19.00796890258789,22.33462142944336,20.08344078063965,21.58622932434082,20.468093872070312,21.90503692626953,23.55766487121582,23.379880905151367,26.04368019104004,26.564876556396484,34.549137115478516,41.29917526245117,62.32789993286133,1.4406604766845703
181,0.0,0.0001429887197446078,0.0003810796479228884,0.0006986840744502842,0.00134143210016191,0.0026916542556136847,0.0045260172337293625,4.081480026245117,3.9188292026519775,3.949843406677246,4.524828910827637,4.501010417938232,4.439791202545166,4.147670269012451,4.173736572265625,4.309107780456543,4.393270015716553,4.824916362762451,4.356483459472656,4.9648213386535645,4.894984722137451,5.093308925628662,5.304610729217529,4.989200115203857,5.627359390258789,6.24533224105835,6.42936372756958,6.560347080230713,7.610118389129639,8.862736701965332,10.458099365234375,12.384649276733398,15.483536720275879,25.895112991333008,35.52287673950195,103.60356140136719,2.7727694511413574
182,0.0,0.00012938612780999392,0.00030892426730133593,0.0006048775394447148,0.0011566198663786054,0.0022577925119549036,0.0037712666671723127,4.377403736114502,4.101350784301758,4.561439514160156,4.684624195098877,4.432354927062988,4.472591876983643,4.2069902420043945,4.356044292449951,4.420527458190918,4.381441593170166,5.01620626449585,4.833301544189453,4.766484260559082,5.012588024139404,5.219124794006348,5.314638137817383,5.199284553527832,5.475327491760254,5.82352876663208,5.782446384429932,6.153088092803955,7.225539207458496,8.05834674835205,9.409912109375,11.286102294921875,13.74615478515625,19.62775230407715,27.694726943969727,65.0486831665039,1.5925278663635254
183,0.0,0.00012476998381316662,0.0003128770040348172,0.0006240479997359216,0.0012407754547894,0.0025113599840551615,0.004137151874601841,4.105748176574707,3.9607298374176025,4.545563697814941,4.144354343414307,4.451308250427246,4.02441930770874,4.280311584472656,4.546889781951904,4.133699417114258,4.492985248565674,13.247615814208984,14.48600959777832,14.530401229858398,13.947822570800781,13.739422798156738,13.338258743286133,14.800451278686523,14.20146369934082,13.465418815612793,13.54814338684082,15.611330032348633,17.20416259765625,17.259536743164062,18.12038803100586,19.47477912902832,23.054567337036133,28.99675941467285,36.934303283691406,69.37287902832031,1.3573267459869385
184,0.0,0.00012673473975155503,0.0003366272139828652,0.000650930218398571,0.0012494425754994154,0.002473043045029044,0.004225467797368765,4.305030345916748,3.9973888397216797,4.217371463775635,4.103759288787842,4.241988658905029,4.450812816619873,4.284146785736084,4.2442474365234375,4.246573448181152,4.081065654754639,17.531747817993164,19.437360763549805,19.50755500793457,19.84357452392578,19.890655517578125,19.374629974365234,19.75562858581543,22.18436050415039,21.34146499633789,22.131929397583008,21.118427276611328,22.73563003540039,21.786941528320312,23.71198081970215,24.7973690032959,26.873287200927734,33.40031433105469,40.4960823059082,59.65156555175781,1.3496121168136597
185,0.0,0.00011247266957070678,0.000298995990306139,0.0005883135017938912,0.0011460685636848211,0.0022462017368525267,0.003815961303189397,4.339500427246094,4.636113166809082,4.220278263092041,3.9848413467407227,4.245177745819092,4.061893939971924,4.469571590423584,4.439293384552002,4.4392523765563965,4.362809658050537,5.1014275550842285,4.742711067199707,4.624229907989502,5.664970874786377,5.215256690979004,4.817111015319824,4.895975589752197,5.814509868621826,5.499381065368652,6.105459690093994,6.374599933624268,6.860020160675049,8.175891876220703,9.261351585388184,10.990730285644531,13.671158790588379,19.619434356689453,28.72831153869629,69.75794219970703,1.5146350860595703
186,0.0,0.00014509788888972253,0.00039615019340999424,0.0008211724925786257,0.0014940407127141953,0.0028805299662053585,0.004791996441781521,4.303407669067383,4.61000919342041,4.685024738311768,4.370654106140137,4.161750316619873,4.334780693054199,4.325965881347656,4.52929162979126,4.344101905822754,4.082211017608643,42.782535552978516,44.028594970703125,40.340030670166016,42.68543243408203,44.210487365722656,40.640228271484375,42.153587341308594,36.366729736328125,43.242279052734375,42.485374450683594,46.069297790527344,41.196868896484375,46.962486267089844,43.81890106201172,44.21138381958008,52.61023712158203,56.00954055786133,59.9659309387207,64.03158569335938,1.3103755712509155
187,0.0,0.00012516806600615382,0.00031732357456348836,0.0006050266092643142,0.0011307783424854279,0.002311656018719077,0.0038341828621923923,3.9794557094573975,4.191389560699463,4.117626190185547,4.448937892913818,4.058186054229736,4.32069730758667,4.1503586769104,4.169707775115967,4.452672958374023,4.432306289672852,4.854756832122803,4.7513251304626465,4.838469982147217,5.281867980957031,5.205097675323486,5.066664695739746,5.044284343719482,4.942065238952637,6.038944244384766,6.190968036651611,6.406753063201904,7.0589799880981445,7.60797119140625,8.386796951293945,10.238519668579102,12.359885215759277,17.236635208129883,23.84217643737793,47.456844329833984,0.9695706367492676
188,0.0,0.00011696730507537723,0.00031153939198702574,0.0005946183810010552,0.0011252901749685407,0.002247848082333803,0.00374162127263844,4.294206142425537,4.38818359375,4.315495491027832,4.093276023864746,4.511199951171875,4.405978679656982,4.421697616577148,3.953293800354004,4.49733829498291,3.9594099521636963,4.8663763999938965,4.765670299530029,5.093410491943359,4.824882507324219,4.832947731018066,4.873556613922119,5.343504905700684,5.913827419281006,6.058640003204346,6.207483768463135,6.7772650718688965,7.6493425369262695,8.58565902709961,9.720711708068848,12.285500526428223,13.772127151489258,20.696523666381836,29.162750244140625,61.03960037231445,1.3298784494400024
189,0.0,0.00012339231034275144,0.0003257825446780771,0.000615845259744674,0.0011874525807797909,0.002374806208536029,0.003968941047787666,4.0761919021606445,4.065613746643066,4.599063396453857,4.052592754364014,4.32711935043335,4.182064533233643,4.123856544494629,4.850824356079102,4.586996078491211,4.360087871551514,4.91874885559082,4.904170513153076,5.1205525398254395,5.078227996826172,4.846123695373535,5.005184650421143,5.029009819030762,5.810528755187988,6.00126314163208,6.06227970123291,6.4940714836120605,7.619256496429443,7.800381183624268,8.806598663330078,11.168135643005371,13.171002388000488,17.861894607543945,24.969297409057617,54.63421630859375,1.20963454246521
190,0.0,0.00012754887575283647,0.0003434068930801004,0.0006422367296181619,0.0012061430606991053,0.0024355812929570675,0.004065497312694788,4.410563945770264,4.223800182342529,4.358081340789795,4.218507289886475,4.348291397094727,3.8788092136383057,4.187893867492676,4.6060380935668945,4.360405921936035,4.4186320304870605,8.523571014404297,8.207088470458984,9.7489652633667,7.981698036193848,8.913801193237305,8.574264526367188,8.898724555969238,9.446659088134766,9.64774227142334,9.584630012512207,10.486835479736328,10.217689514160156,11.456818580627441,12.628549575805664,15.097841262817383,17.190282821655273,22.21916389465332,30.17737579345703,75.55989074707031,1.7368546724319458
191,0.0,0.00011518027895363048,0.00029733640258200467,0.0005813989555463195,0.0011141746072098613,0.002216553781181574,0.0038830263074487448,4.185942649841309,4.423017978668213,4.433621406555176,4.1222686767578125,4.042311191558838,4.286509990692139,4.198485851287842,4.242619514465332,3.9270637035369873,4.351864337921143,21.013559341430664,21.55238914489746,21.027692794799805,19.65384292602539,22.07782554626465,21.158016204833984,19.79807472229004,22.658588409423828,20.193645477294922,22.423492431640625,22.863985061645508,21.20423126220703,24.41181755065918,24.381986618041992,26.037479400634766,28.39666175842285,36.88185501098633,43.290321350097656,64.44308471679688,1.7022873163223267
192,0.0,0.00010449979163240641,0.00028863706393167377,0.0005582869052886963,0.001059929607436061,0.0021168554667383432,0.003570997854694724,4.480047702789307,4.137927055358887,4.223846912384033,4.548723220825195,4.015209674835205,4.683797836303711,4.345752716064453,4.379630088806152,4.132256507873535,4.271223545074463,4.978472709655762,4.502388000488281,4.844905376434326,4.866581916809082,4.913844108581543,5.341917991638184,5.090762138366699,5.295479774475098,5.623760223388672,6.273016452789307,6.696966171264648,6.958355903625488,8.09614086151123,9.09978199005127,11.31902027130127,13.100607872009277,18.048219680786133,25.018400192260742,53.71779251098633,1.1190680265426636
193,0.0,0.00018180592451244593,0.000507973600178957,0.0009297978831455112,0.0017719470197334886,0.0033327399287372828,0.0052932552061975,1.0390243530273438,1.0452483892440796,1.0020358562469482,1.0623164176940918,1.0905539989471436,1.027941346168518,1.1524403095245361,1.1213185787200928,1.0511269569396973,1.0710206031799316,5.433555603027344,5.333931922912598,5.289695739746094,5.4535722732543945,5.240221977233887,5.301794528961182,5.113277435302734,5.567256927490234,5.842170238494873,6.650320053100586,6.777396202087402,7.556448459625244,9.06240177154541,10.018606185913086,11.907469749450684,14.676217079162598,23.98036766052246,33.249019622802734,100.40724182128906,2.2250919342041016
194,0.0,0.00011818987695733085,0.0002841647365130484,0.0005803412059322,0.001080340938642621,0.0020240116864442825,0.0034146036487072706,4.0168657302856445,4.1678147315979,4.133603096008301,4.17386531829834,4.150092124938965,4.288735389709473,3.8708536624908447,4.18935489654541,4.102280139923096,3.802049398422241,29.76454734802246,29.887418746948242,31.703161239624023,28.57621955871582,29.974943161010742,30.125272750854492,31.507431030273438,32.42955017089844,30.691997528076172,32.03630065917969,31.722036361694336,33.05733871459961,34.389869689941406,33.94689178466797,35.511592864990234,39.671607971191406,47.40829849243164,51.9007682800293,55.827850341796875,1.415945053100586
195,0.0,0.00011884497507708147,0.00030403229175135493,0.0006062404136173427,0.001180437859147787,0.0023589206393808126,0.004010757431387901,4.341890335083008,4.2414679527282715,4.554455757141113,4.284726619720459,4.481008052825928,4.007035255432129,4.293303489685059,4.446969985961914,3.985568046569824,4.377701282501221,20.06379508972168,20.907835006713867,19.94281005859375,22.877384185791016,21.919879913330078,22.283796310424805,22.3092041015625,20.7878360748291,21.898637771606445,21.606067657470703,22.4239444732666,22.697996139526367,24.120357513427734,24.9707088470459,27.71782112121582,28.78026008605957,35.95433807373047,40.91856384277344,70.3219223022461,1.6286615133285522
196,0.0,0.00012535921996459365,0.000313638593070209,0.000605691340751946,0.0011545675806701183,0.002302106935530901,0.003889980725944042,4.603000164031982,4.3417816162109375,4.446486949920654,4.474830150604248,4.343286514282227,4.0772318840026855,4.402307987213135,3.9773969650268555,4.3591084480285645,3.934776544570923,4.408090114593506,4.8474650382995605,5.126747131347656,5.005515098571777,5.061103343963623,4.7216477394104,4.795496463775635,5.196284770965576,5.5494279861450195,5.897078037261963,6.59553861618042,7.095755100250244,7.675583362579346,8.23699951171875,10.708769798278809,12.53777027130127,17.862516403198242,24.038341522216797,51.38682174682617,1.091052532196045
197,0.0,0.00014133789227344096,0.0003932594263460487,0.0007458321051672101,0.0013672449858859181,0.0027244077064096928,0.004423981066793203,4.203211784362793,4.301149845123291,3.9884746074676514,4.245540142059326,4.223665237426758,3.936781644821167,4.271928310394287,4.2026543617248535,4.347883701324463,4.378311634063721,8.812752723693848,8.287921905517578,8.58782958984375,7.975962162017822,8.596345901489258,8.919133186340332,9.400425910949707,8.84019947052002,9.02054500579834,9.376104354858398,10.20344066619873,10.602499008178711,11.958797454833984,13.442827224731445,15.432273864746094,18.0544376373291,25.76582145690918,33.87373352050781,80.57911682128906,1.9953429698944092
198,0.0,0.00011271909170318395,0.00030232378048822284,0.0005853691254742444,0.0011510555632412434,0.002251196652650833,0.003809477901086211,3.979947328567505,4.626301288604736,4.188225746154785,4.455238342285156,4.440790176391602,3.993180990219116,4.390313625335693,4.486873149871826,4.116769790649414,4.2399396896362305,8.945818901062012,8.900223731994629,8.755592346191406,8.753374099731445,9.011808395385742,8.920186996459961,9.682964324951172,8.875078201293945,9.712453842163086,9.737568855285645,10.835488319396973,11.159346580505371,12.853233337402344,13.513989448547363,15.423258781433105,17.106399536132812,25.214298248291016,33.359283447265625,76.42977142333984,1.772318720817566
199,0.0,0.00011834428732981905,0.0003153287398163229,0.000598615559283644,0.0011700752656906843,0.0023429531138390303,0.004019465297460556,4.354752063751221,4.333582878112793,4.546788215637207,4.0353569984436035,4.207516670227051,4.300475597381592,4.472245693206787,4.463768005371094,4.527254104614258,4.184377193450928,13.678829193115234,13.306906700134277,12.87265682220459,13.422807693481445,13.444051742553711,13.705429077148438,14.505653381347656,14.525764465332031,14.244182586669922,13.935473442077637,15.712709426879883,15.649518013000488,16.53928565979004,18.032222747802734,19.491222381591797,21.292516708374023,27.738073348999023,35.151851654052734,65.52693939208984,1.6074087619781494
200,0.0,0.00011015784548362717,0.0003017173148691654,0.0005854481714777648,0.0011188193457201123,0.0022324430756270885,0.003801545361056924,3.923311471939087,4.422362327575684,4.350630283355713,4.224536418914795,4.7231221199035645,4.25552225112915,4.239367485046387,4.103270053863525,4.205054759979248,4.347756385803223,30.201658248901367,28.564828872680664,30.57491111755371,31.467002868652344,28.46703338623047,29.136430740356445,31.724149703979492,31.026151657104492,30.6811580657959,30.815011978149414,32.4687385559082,33.79576110839844,35.47224807739258,34.46213150024414,38.14643096923828,37.88703918457031,44.28327941894531,52.60208511352539,64.43866729736328,1.3867969512939453
201,0.0,0.00012602785136550665,0.00036423542769625783,0.0006765616708435118,0.0012648357078433037,0.00252651609480381,0.004209508188068867,4.280753135681152,4.159842491149902,4.414679050445557,4.409613132476807,4.1838579177856445,4.030181884765625,4.230376243591309,4.128951549530029,4.439685821533203,4.3585920333862305,5.181304931640625,5.120797634124756,4.6680402755737305,4.8848958015441895,4.679501056671143,4.958074569702148,5.148452281951904,5.79929780960083,5.726237773895264,6.337192535400391,6.462441921234131,7.174178123474121,7.946802139282227,9.402244567871094,11.029557228088379,13.531148910522461,18.76014518737793,25.9106388092041,61.478721618652344,1.3111937046051025
202,0.0,0.0001383720082230866,0.0003439911815803498,0.0007155424682423472,0.0013470378471538424,0.002554504666477442,0.004221664741635323,4.3089680671691895,4.209906578063965,4.260370254516602,4.397693634033203,4.18708610534668,4.4415283203125,4.231344699859619,4.135260105133057,4.155756950378418,4.0059943199157715,38.158935546875,37.219242095947266,40.989139556884766,38.73362731933594,36.96531295776367,38.15366744995117,39.28744888305664,42.879180908203125,39.365535736083984,40.474063873291016,40.027217864990234,41.139060974121094,45.729103088378906,46.527896881103516,46.809818267822266,47.04960250854492,54.509124755859375,61.18720626831055,60.801692962646484,1.3437811136245728
203,0.0,0.0001353910774923861,0.00033531556255184114,0.0006859917775727808,0.0013199326349422336,0.0026347909588366747,0.004386747721582651,4.124457359313965,4.1825103759765625,4.31754207611084,3.927116632461548,4.119453430175781,3.812945604324341,4.275313377380371,4.229111194610596,4.382770538330078,4.31609582901001,5.584872245788574,6.132543087005615,5.411044120788574,5.886480331420898,6.1016693115234375,6.119340896606445,6.0593743324279785,6.742480754852295,6.734801769256592,7.10826301574707,7.662032604217529,9.020658493041992,10.191154479980469,10.684293746948242,13.566319465637207,17.333797454833984,27.852256774902344,41.810604095458984,138.1858367919922,3.495187759399414
204,0.0,0.00014557904796674848,0.00037937695742584765,0.0007561249658465385,0.0013843365013599396,0.002640862250700593,0.004392622038722038,4.292351245880127,4.2299699783325195,4.442841529846191,4.306789398193359,4.475858688354492,4.193629264831543,4.37375020980835,4.275502681732178,4.062894344329834,4.2582807540893555,22.43468475341797,19.625980377197266,18.99612808227539,21.278348922729492,18.726375579833984,21.839500427246094,20.845470428466797,21.616933822631836,21.165884017944336,20.417896270751953,21.827381134033203,20.487491607666016,23.411184310913086,25.399673461914062,27.487323760986328,28.63391876220703,31.698020935058594,40.275691986083984,59.13908767700195,1.3970915079116821
205,0.0,0.00011191048542968929,0.00031222691177390516,0.0005944261210970581,0.0011443586554378271,0.0022152955643832684,0.003789198352023959,4.005490303039551,4.559548854827881,3.9909043312072754,4.3941650390625,4.046345233917236,4.126974582672119,4.308707237243652,3.8595430850982666,4.490288734436035,4.345855236053467,6.193636894226074,6.565295219421387,5.756758689880371,6.444887638092041,6.4337263107299805,7.119129180908203,5.684266567230225,6.220485210418701,6.710359573364258,7.320607662200928,8.086934089660645,9.014902114868164,9.509808540344238,10.416278839111328,12.728116989135742,14.474411010742188,20.006065368652344,26.295528411865234,53.25691604614258,1.2456529140472412
206,0.0,0.0001194848955492489,0.0003012757224496454,0.0005994048551656306,0.0011656625429168344,0.002367038745433092,0.004027324728667736,4.198184967041016,4.287002086639404,4.068243980407715,4.27996301651001,4.282343864440918,4.314322471618652,4.50703763961792,3.972468137741089,3.9850821495056152,4.154636859893799,8.592437744140625,8.984439849853516,7.9777960777282715,9.507506370544434,9.841336250305176,9.251416206359863,8.749579429626465,9.542571067810059,10.012389183044434,9.555326461791992,10.310296058654785,11.623703956604004,12.41517448425293,13.264336585998535,14.98019027709961,17.01163101196289,22.18596839904785,29.208412170410156,61.18928909301758,1.504704475402832
207,0.0,0.00010805703641381115,0.00031020803726278245,0.0006002145237289369,0.0011195038678124547,0.0022191572934389114,0.0037617699708789587,4.324455261230469,4.157490253448486,4.123278617858887,4.3707709312438965,4.5071563720703125,4.094171524047852,4.219560623168945,4.286772727966309,4.4788312911987305,4.433424949645996,42.83685302734375,40.98664855957031,40.309268951416016,40.35780715942383,44.526145935058594,39.992828369140625,41.8313102722168,42.5899543762207,40.52668380737305,40.74939727783203,41.856258392333984,42.883399963378906,44.8038444519043,48.77946472167969,44.24394607543945,48.326839447021484,54.061683654785156,64.8920669555664,65.58840942382812,1.3761472702026367
208,0.0,0.00011836097110062838,0.0003071080718655139,0.0006002262234687805,0.0011894985800608993,0.002481329021975398,0.0041369060054421425,3.8299155235290527,4.359567165374756,4.303424835205078,4.278594970703125,4.490949630737305,3.9132397174835205,4.126827716827393,4.4449944496154785,3.9647200107574463,4.159758567810059,20.347431182861328,20.069299697875977,20.81923484802246,22.129322052001953,21.61641502380371,21.093751907348633,22.339324951171875,20.227169036865234,21.576255798339844,21.42439842224121,22.70659637451172,23.559663772583008,22.263263702392578,24.098949432373047,24.80091094970703,28.28115463256836,34.31705093383789,40.762542724609375,49.8790168762207,1.1329489946365356
209,0.0,0.00011008427100023255,0.0002568275376688689,0.0005290399421937764,0.0010601532412692904,0.0020541043486446142,0.0035360814072191715,4.368636131286621,4.420890808105469,4.160451412200928,4.342080116271973,4.225476264953613,4.397444248199463,4.531856536865234,4.436305046081543,4.202668190002441,4.423810958862305,611.0744018554688,639.7355346679688,650.6524047851562,577.2652587890625,638.8529052734375,565.3011474609375,559.3395385742188,467.9118347167969,469.49774169921875,451.100830078125,403.42138671875,387.4899597167969,327.6748962402344,305.0982666015625,284.072265625,268.52880859375,281.5697326660156,238.57644653320312,66.5903091430664,1.3874932527542114
210,0.0,0.00012658131890930235,0.00032088853185996413,0.0006126294028945267,0.0011985526653006673,0.002302333014085889,0.0037701274268329144,4.3721184730529785,4.197244167327881,4.253515720367432,4.368283271789551,3.9953978061676025,4.3003997802734375,4.283011436462402,4.068946838378906,4.172950744628906,4.629588603973389,75.93394470214844,73.289794921875,74.72734832763672,76.11174011230469,78.10069274902344,79.66130065917969,75.4861068725586,79.85127258300781,78.46958923339844,76.92887878417969,89.41405487060547,81.02716827392578,82.19026184082031,85.74897003173828,91.26153564453125,88.40144348144531,98.13057708740234,99.5919418334961,81.80323028564453,1.8540476560592651
211,0.0,0.00013591274910140783,0.00034188071731477976,0.0006874472601339221,0.001329650986008346,0.0027449321933090687,0.0046394760720431805,4.434987545013428,4.169612884521484,4.506886005401611,4.310753345489502,4.179083347320557,4.232234954833984,4.45316743850708,4.348488807678223,4.229835033416748,4.076448917388916,4.551541328430176,4.935494422912598,4.800219535827637,4.69873571395874,4.877461910247803,4.87368106842041,5.099661827087402,5.767791271209717,5.638119220733643,6.562182903289795,6.42046594619751,7.253053665161133,8.349143981933594,9.41419792175293,11.523863792419434,13.715289115905762,21.129314422607422,28.735557556152344,78.65364074707031,1.7802096605300903
212,0.0,0.0001336789719061926,0.0003618884948082268,0.0007027737447060645,0.0013315624091774225,0.0027016045060008764,0.004426522646099329,4.154864311218262,4.51039981842041,3.947110652923584,4.1046552658081055,4.4132161140441895,4.310899257659912,4.24155330657959,4.359908103942871,4.18283748626709,4.354034423828125,29.715055465698242,29.795682907104492,30.289209365844727,28.135833740234375,29.97207260131836,29.906221389770508,30.73023223876953,28.846384048461914,33.803367614746094,28.251285552978516,33.37711715698242,32.41841125488281,32.66464614868164,34.459922790527344,38.76181411743164,40.7497444152832,44.893104553222656,56.60340118408203,74.97770690917969,1.895838975906372
213,0.0,0.00010778012801893055,0.0003201321524102241,0.0006043015164323151,0.001135566970333457,0.0022009415552020073,0.003626470686867833,4.054220199584961,4.042914390563965,4.306632995605469,4.203690528869629,4.093377113342285,4.567922115325928,4.3046441078186035,4.475740432739258,4.260485649108887,4.488544940948486,4.861808776855469,4.899839401245117,5.264700889587402,5.0656843185424805,4.974132061004639,5.0399065017700195,5.005692005157471,5.283317565917969,5.7891316413879395,5.993080139160156,6.393999099731445,7.540838241577148,7.970001220703125,8.919107437133789,11.234354019165039,13.023597717285156,19.35483169555664,26.015174865722656,61.89057159423828,1.3405240774154663
214,0.0,0.0001341656461590901,0.0003712554171215743,0.0006840394926257432,0.0013056719908490777,0.0026071437168866396,0.004442703444510698,4.391088962554932,4.255697727203369,4.275280475616455,4.391003131866455,4.154335975646973,4.070767879486084,4.201419353485107,4.233633995056152,4.266476154327393,4.155664443969727,20.812036514282227,20.381004333496094,20.652055740356445,20.90793800354004,19.646461486816406,20.426103591918945,21.23130989074707,23.048460006713867,22.877044677734375,23.900171279907227,21.492870330810547,22.691286087036133,23.9940128326416,24.225351333618164,26.87013816833496,29.658409118652344,35.62723159790039,44.390472412109375,75.04354858398438,1.4323056936264038
215,0.0,0.00012495256669353694,0.0003150758275296539,0.0006450820947065949,0.00116444518789649,0.0023295332212001085,0.00395206967368722,4.2813191413879395,4.315871238708496,4.192236423492432,4.327681064605713,4.072922229766846,4.389547348022461,4.043576240539551,4.208235740661621,4.278996467590332,4.393679141998291,52.64863204956055,55.31621170043945,54.7209587097168,56.53800964355469,52.29863739013672,50.570037841796875,51.57722854614258,51.59710693359375,57.34747314453125,55.377159118652344,54.807289123535156,54.96388244628906,53.1331787109375,56.2556266784668,62.981361389160156,61.62736129760742,68.63430786132812,74.26834106445312,64.82963562011719,1.231278896331787
216,0.0,0.00015132487169466913,0.00041260005673393607,0.0008247175719588995,0.0015398183604702353,0.002960657235234976,0.004863939248025417,4.481052875518799,4.210196495056152,4.5491204261779785,4.362537860870361,4.290679931640625,4.523488998413086,4.160902976989746,4.486393928527832,4.239393711090088,4.36829137802124,22.103681564331055,20.435165405273438,20.74888038635254,21.310054779052734,20.69443130493164,22.060222625732422,20.439546585083008,21.67371940612793,21.571903228759766,19.761856079101562,21.825565338134766,22.058109283447266,23.428531646728516,24.30315589904785,25.994665145874023,27.460079193115234,33.20437240600586,38.034053802490234,51.03764343261719,1.1453628540039062
217,0.0,0.00014077166269998997,0.0004260264977347106,0.0007937014452181756,0.0013983148382976651,0.002755547408014536,0.004477475304156542,4.262940883636475,4.1721720695495605,4.498217582702637,4.143380641937256,4.588656425476074,4.128026008605957,4.508386135101318,4.400753974914551,4.390487194061279,4.4639739990234375,14.120038032531738,14.795059204101562,14.209879875183105,14.092464447021484,15.13117790222168,14.427568435668945,13.670430183410645,14.294905662536621,14.915629386901855,15.08355712890625,15.677350044250488,16.64215087890625,18.651641845703125,18.268648147583008,20.720245361328125,24.279285430908203,30.483858108520508,40.296627044677734,98.54178619384766,2.476217031478882
218,0.0,0.00011546334280865267,0.000289864867227152,0.0005641217576339841,0.00108921411447227,0.0021221949718892574,0.0036655759904533625,4.277111053466797,4.117585182189941,4.111904621124268,4.450599670410156,3.9088640213012695,4.1612868309021,3.854936122894287,4.352257251739502,4.103880405426025,4.396372318267822,4.8971266746521,4.954603672027588,5.107688903808594,4.611064434051514,4.866493225097656,5.331681728363037,4.789205074310303,5.465625286102295,6.042756080627441,6.171606540679932,6.432626724243164,7.57295560836792,8.452765464782715,9.15096664428711,10.9706449508667,13.157584190368652,18.584848403930664,26.5721378326416,56.717926025390625,1.1558873653411865
219,0.0,0.00012703938409686089,0.000325983070069924,0.0006608060793951154,0.0013397217262536287,0.002556130988523364,0.004289531148970127,4.248523712158203,4.376891613006592,4.349625110626221,4.084875583648682,4.384607791900635,4.246222972869873,4.486496448516846,4.050744533538818,4.216501235961914,4.853405475616455,6.130466938018799,5.979696750640869,5.705345153808594,5.942972660064697,6.09106969833374,5.83465576171875,5.847416877746582,6.829092025756836,6.937565803527832,7.212907791137695,7.464931011199951,8.766687393188477,8.772308349609375,10.095152854919434,11.6640625,14.502731323242188,18.70870590209961,25.0966739654541,49.296836853027344,0.9763011336326599
220,0.0,0.00013844184286426753,0.0003692073514685035,0.0006884609465487301,0.0012826431775465608,0.0025626590941101313,0.004200370982289314,4.356746196746826,4.370782375335693,4.539701461791992,4.102590084075928,4.239168643951416,4.068244934082031,4.03924036026001,4.474806308746338,4.2993645668029785,4.143612384796143,146.655517578125,138.42691040039062,146.12757873535156,138.4561767578125,143.68026733398438,135.30101013183594,136.7818145751953,137.6477813720703,133.6421661376953,142.7840118408203,133.6013641357422,144.9931182861328,146.302001953125,142.82872009277344,152.548095703125,143.27316284179688,152.9866180419922,160.37997436523438,61.248207092285156,1.4097596406936646
221,0.0,0.00012361747212707996,0.000318538659485057,0.0006287620635703206,0.0011988583719357848,0.0024587330408394337,0.004176590591669083,3.9720299243927,3.9133665561676025,4.518402099609375,4.6000590324401855,4.4535346031188965,4.275148868560791,4.338133811950684,4.585341453552246,4.242717742919922,4.109555721282959,20.521711349487305,22.549806594848633,20.460586547851562,22.294475555419922,19.68642807006836,20.190311431884766,21.166034698486328,21.045841217041016,21.53628158569336,22.67523765563965,24.35130500793457,23.414196014404297,25.766746520996094,25.511995315551758,26.561161041259766,29.769630432128906,35.687705993652344,44.542564392089844,72.48393249511719,1.6627193689346313
222,0.0,0.0001235907693626359,0.00032839211053214967,0.0006274761981330812,0.0012120751198381186,0.002485477365553379,0.00427244184538722,3.930717945098877,4.452618598937988,4.018241882324219,4.249845504760742,4.4587931632995605,4.655571937561035,4.21817684173584,4.04762601852417,3.944143295288086,4.620888710021973,29.828521728515625,28.637662887573242,29.23685646057129,29.062280654907227,28.816280364990234,30.42827796936035,28.129602432250977,30.922990798950195,31.504592895507812,29.691814422607422,30.330833435058594,30.9100284576416,31.559553146362305,32.383705139160156,35.144309997558594,39.30173110961914,46.7570915222168,55.701332092285156,108.14641571044922,2.668327569961548
223,0.0,0.00013123675307724625,0.0003570410772226751,0.0006658746278844774,0.0012887852499261498,0.0026266095228493214,0.0043158759362995625,4.348154544830322,4.338034152984619,4.004544258117676,4.073122024536133,4.327241897583008,4.404400825500488,4.115246295928955,4.186454772949219,4.328630447387695,4.146426200866699,4.7929277420043945,5.009862422943115,4.842060565948486,4.710684299468994,4.887571334838867,5.2423224449157715,5.410768032073975,5.129094123840332,5.625819206237793,6.074844837188721,6.171972274780273,7.206871509552002,7.868493556976318,8.587090492248535,10.693693161010742,13.297737121582031,19.649391174316406,26.89076042175293,75.94590759277344,1.76226007938385
224,0.0,0.00012905306357424706,0.00034760014386847615,0.0006758880335837603,0.001283759600482881,0.0026407416444271803,0.004504731390625238,4.142218112945557,4.4524760246276855,4.0022759437561035,4.306560516357422,4.47923469543457,4.414127349853516,4.44807243347168,4.372056484222412,4.391125202178955,4.618039131164551,40.4393424987793,37.9583854675293,39.11418533325195,39.70451354980469,38.095603942871094,39.076087951660156,42.96165084838867,37.803646087646484,41.13256072998047,42.35208511352539,44.852088928222656,42.17823028564453,40.496978759765625,45.62715148925781,46.444183349609375,48.7497444152832,52.78095626831055,66.66246032714844,80.91653442382812,2.0736687183380127
225,0.0,0.00011336957686580718,0.0002824373950716108,0.0005697783781215549,0.0011085253208875656,0.002186414087191224,0.0037958177272230387,4.269420146942139,4.233305931091309,4.375271797180176,4.096927642822266,4.406200408935547,4.365478038787842,4.32132625579834,4.46741247177124,4.2418365478515625,4.519249439239502,13.400229454040527,12.893610000610352,13.511993408203125,12.378212928771973,13.109840393066406,13.585553169250488,13.585161209106445,12.95309066772461,13.883607864379883,14.006635665893555,14.731245040893555,15.623146057128906,16.118793487548828,17.797828674316406,19.47772789001465,21.355588912963867,25.425180435180664,33.84619140625,55.17621994018555,1.2103030681610107
226,0.0,0.00011275916040176526,0.00030944880563765764,0.0006062923348508775,0.0011277688900008798,0.0022639918606728315,0.00386309833265841,3.799329996109009,4.514994144439697,4.138348579406738,4.188199996948242,4.0967302322387695,4.186264514923096,4.2422308921813965,4.2001543045043945,4.2427520751953125,4.095643043518066,67.93704986572266,68.14879608154297,69.33969116210938,64.26232147216797,67.62969207763672,68.46825408935547,65.26976776123047,72.05420684814453,64.63764953613281,66.58582305908203,69.85379791259766,71.3326644897461,70.52864837646484,70.99420166015625,74.12203979492188,75.19800567626953,82.75740814208984,88.79383087158203,53.732601165771484,1.3450435400009155
227,0.0,0.00012635158782359213,0.00031032791594043374,0.0006373762153089046,0.001211771508678794,0.00239266618154943,0.003986820112913847,4.212419509887695,4.0455474853515625,4.22439432144165,4.045635223388672,4.206389904022217,4.372958660125732,3.819066047668457,3.999457597732544,4.155505180358887,4.833510875701904,5.105691909790039,4.927929401397705,4.873127460479736,5.191761493682861,4.843523025512695,5.190946578979492,5.177520751953125,5.6074628829956055,5.943321228027344,6.291570663452148,6.51121711730957,7.3512492179870605,8.473735809326172,9.242493629455566,10.8726806640625,13.895030975341797,19.270383834838867,25.714344024658203,59.237548828125,1.2993189096450806
228,0.0,0.000125256905448623,0.00032737990841269493,0.0007046022801660001,0.001338026486337185,0.0026235608384013176,0.004256127402186394,4.367667198181152,4.500457286834717,4.152200222015381,3.9836080074310303,4.286662578582764,4.204072952270508,4.284101963043213,4.276725769042969,4.248629093170166,4.246325492858887,865.5177612304688,960.2048950195312,903.8089599609375,865.0518188476562,851.0524291992188,851.6534423828125,846.2476806640625,906.398193359375,890.992431640625,883.6541748046875,904.82080078125,856.9859008789062,905.943603515625,877.3079223632812,837.1761474609375,927.6925659179688,870.5355834960938,907.711669921875,66.9898910522461,1.7506927251815796
229,0.0,9.982525079976767e-05,0.0002676348085515201,0.00053581059910357,0.000975381990429014,0.0018935218686237931,0.003235785523429513,4.126972198486328,4.112859725952148,4.427353858947754,4.341949462890625,4.121190547943115,4.197144985198975,4.301995754241943,3.871116876602173,4.15516996383667,4.162596702575684,20.767908096313477,23.78473663330078,22.168333053588867,23.762374877929688,22.260189056396484,22.066070556640625,23.6815242767334,24.9570369720459,23.42711639404297,24.52638816833496,23.768585205078125,27.312442779541016,28.053482055664062,27.578022003173828,30.619543075561523,31.059852600097656,36.52908706665039,41.98455047607422,58.528724670410156,1.2576030492782593
230,0.0,0.00011991165956715122,0.00031498909811489284,0.0006260750233195722,0.0011857917997986078,0.0023213026579469442,0.003878776915371418,4.438101291656494,4.247779369354248,3.9840967655181885,3.9376184940338135,4.5030012130737305,4.183765888214111,4.532009124755859,3.936994791030884,4.205493450164795,4.1214447021484375,51.96519088745117,55.7392578125,55.88875961303711,54.62859344482422,54.5019416809082,55.12361526489258,50.5858268737793,55.70759582519531,54.782264709472656,57.392364501953125,60.56675338745117,55.380470275878906,52.88106155395508,58.322452545166016,64.84730529785156,64.00041198730469,71.89955139160156,73.0801773071289,80.15474700927734,1.8672822713851929
231,0.0,0.00012965190398972481,0.00032619546982459724,0.0006370901828631759,0.0012188435066491365,0.0023761065676808357,0.0039291526190936565,4.037003993988037,4.569015979766846,4.213217735290527,4.3118743896484375,4.432889938354492,4.198884010314941,4.241816997528076,4.118237018585205,4.388180732727051,4.036351680755615,50.726470947265625,51.74931716918945,55.207191467285156,50.49945831298828,53.591861724853516,51.4545783996582,51.64221954345703,56.702701568603516,53.94826889038086,55.92290115356445,57.663360595703125,56.86992645263672,55.1138916015625,59.93967819213867,60.71516036987305,64.95186614990234,68.6377182006836,74.35610961914062,53.43759536743164,1.1788508892059326
232,0.0,0.00013403168122749776,0.00038852670695632696,0.0007437015883624554,0.0013918941840529442,0.002592648146674037,0.004253713879734278,4.434076309204102,4.678314685821533,4.205766677856445,4.212329864501953,4.388803005218506,4.387279987335205,4.336492538452148,4.594213962554932,4.332721710205078,4.073509216308594,4.905938625335693,5.000735759735107,4.715541362762451,4.94861364364624,5.143619537353516,5.267618179321289,4.832678318023682,5.574245452880859,6.196872234344482,6.215056896209717,6.926621437072754,7.112581253051758,8.095565795898438,9.2482271194458,11.200119972229004,13.602139472961426,18.15898323059082,25.838918685913086,56.94615173339844,1.3287928104400635
233,0.0,0.0001337254943791777,0.00038922519888728857,0.0007035533781163394,0.0013127073179930449,0.0026662226300686598,0.0045318761840462685,4.1406025886535645,4.5483174324035645,4.213871479034424,4.3848090171813965,4.033461093902588,4.388271808624268,4.330948352813721,4.295741558074951,4.641641139984131,4.294742584228516,5.13919734954834,4.707684516906738,5.0536370277404785,5.184649467468262,4.9887800216674805,5.0164899826049805,5.4691548347473145,5.420934677124023,6.164912223815918,6.307248115539551,6.503535270690918,7.231851577758789,7.9405412673950195,9.031639099121094,11.560735702514648,12.89905071258545,19.347017288208008,26.304582595825195,65.20701599121094,1.375806450843811
234,0.0,0.00012860819697380066,0.0003254758776165545,0.0006251955637708306,0.0011804683599621058,0.0023991246707737446,0.004070502705872059,4.348013401031494,4.353984355926514,4.053922653198242,3.9873435497283936,4.525899410247803,4.586794853210449,4.3926777839660645,4.118589878082275,4.243311882019043,4.103176593780518,134.75802612304688,132.78591918945312,140.3759307861328,124.1791000366211,139.8603057861328,145.1669158935547,137.15859985351562,134.1366424560547,130.74156188964844,129.57260131835938,132.93185424804688,137.29653930664062,141.08523559570312,140.06533813476562,143.52149963378906,143.0438232421875,149.3682861328125,165.31765747070312,84.4192886352539,2.1380693912506104
235,0.0,0.00010792262037284672,0.0002741226344369352,0.0005378856440074742,0.0010310900397598743,0.002037889091297984,0.003410544479265809,3.985945224761963,3.7504703998565674,4.254080295562744,4.384963035583496,4.260566711425781,4.031510353088379,3.865224838256836,4.4490966796875,4.306454181671143,4.4459309577941895,4.798985481262207,4.719975471496582,4.926216125488281,4.8453474044799805,5.517480850219727,5.172809600830078,5.548343181610107,5.4604668617248535,5.990668296813965,6.513311862945557,6.880644798278809,7.114027500152588,8.27128791809082,9.221933364868164,11.225569725036621,13.061542510986328,17.580278396606445,23.757461547851562,46.75543212890625,0.97311931848526
