,layer_1,layer_2,layer_3,layer_4,layer_5,layer_6,layer_7,layer_8,layer_9,layer_10,layer_11,layer_12,layer_13,layer_14,layer_15,layer_16,layer_17,layer_18,layer_19,layer_20,layer_21,layer_22,layer_23,layer_24,layer_25,layer_26,layer_27,layer_28,layer_29,layer_30,layer_31,layer_32,layer_33,layer_34,layer_35,layer_36,layer_37
0,0.0,8.489398896927014e-05,0.0002257593732792884,0.0004877873871009797,0.0009101503528654575,0.0017776761669665575,0.002961075631901622,4.280387878417969,4.548693656921387,4.1722283363342285,4.626888275146484,4.181461811065674,4.258230686187744,4.331762313842773,4.184423446655273,4.312052249908447,4.442814826965332,4.769606113433838,4.490118503570557,4.8956780433654785,4.976163387298584,4.61108922958374,5.337123870849609,5.106712341308594,5.194743633270264,5.783224105834961,5.419680595397949,6.076411247253418,6.8491010665893555,7.431299686431885,8.407222747802734,9.869873046875,12.202574729919434,15.64396858215332,19.545743942260742,27.498748779296875,0.4043268859386444
1,0.0,7.569837907794863e-05,0.0002112476504407823,0.00046232203021645546,0.000835781276691705,0.0016140862135216594,0.0027186707593500614,4.298199653625488,4.370907306671143,4.318286418914795,4.385827541351318,4.170874118804932,4.326651096343994,4.347377300262451,4.1702117919921875,4.4620208740234375,4.200743675231934,4.549543380737305,4.798569202423096,4.663506984710693,5.0750813484191895,4.976764678955078,4.977696418762207,5.184550762176514,5.218591690063477,5.338223934173584,5.747631072998047,6.037301540374756,6.977025508880615,7.792020797729492,8.734857559204102,10.302728652954102,12.246413230895996,15.589431762695312,20.118144989013672,30.652708053588867,0.43891066312789917
2,0.0,9.619251068215817e-05,0.00027233411674387753,0.0005725036025978625,0.0010178610682487488,0.001977343112230301,0.003327996237203479,4.188929080963135,4.36040735244751,4.237400531768799,4.2155022621154785,4.62628698348999,4.096248149871826,4.21225643157959,4.576659202575684,4.505556106567383,3.9908554553985596,21.844345092773438,21.75176429748535,22.985185623168945,21.419511795043945,20.133337020874023,20.347652435302734,20.306318283081055,19.729450225830078,20.093366622924805,21.173809051513672,22.730440139770508,22.91923713684082,21.899005889892578,24.399900436401367,27.342653274536133,28.416135787963867,32.59467697143555,36.73402404785156,30.19049835205078,0.4347304403781891
3,0.0,9.808962204260752e-05,0.0002691927074920386,0.0005609593936242163,0.0010209463071078062,0.002051696414127946,0.0033871829509735107,4.338425159454346,4.546659469604492,4.047109603881836,4.2624287605285645,4.2415266036987305,4.522241115570068,4.332851409912109,4.401154041290283,4.073557376861572,4.097685813903809,4.737271308898926,4.892826557159424,4.58843994140625,4.777052879333496,4.876078128814697,5.018564224243164,4.998712539672852,5.432281494140625,5.376072406768799,5.949316501617432,6.209545612335205,6.777198791503906,7.850556373596191,8.478718757629395,9.908401489257812,11.531938552856445,15.538895606994629,19.79682159423828,29.65079689025879,0.3820936977863312
4,0.0,0.00010605827992549166,0.0002758490445557982,0.0005584061145782471,0.0010777395218610764,0.002143716439604759,0.0036051480565220118,4.155985355377197,3.938633441925049,4.443673133850098,4.277848243713379,4.1834635734558105,4.202160358428955,4.342572212219238,4.192763328552246,4.4145941734313965,4.2943196296691895,4.846817970275879,5.142441749572754,5.00520133972168,4.839389801025391,5.074653625488281,4.864226818084717,5.0969085693359375,5.441248893737793,5.287972450256348,6.008669376373291,6.076871871948242,7.053721904754639,8.154511451721191,8.412775039672852,10.665578842163086,12.470163345336914,16.3673095703125,21.124704360961914,33.214107513427734,0.5265299081802368
5,0.0,8.096369856502861e-05,0.000222463917452842,0.00048632518155500293,0.0008760339114814997,0.0016293777152895927,0.0027105147019028664,3.9057650566101074,4.437352657318115,4.084043979644775,4.235062599182129,4.372223854064941,4.358048439025879,4.082259178161621,4.068734169006348,4.440772533416748,4.296383380889893,4.721908092498779,4.713595867156982,4.734938621520996,4.579403400421143,4.608740329742432,5.287033557891846,5.451866149902344,5.180525302886963,5.2600998878479,6.142230987548828,6.145133972167969,7.203615665435791,7.759809970855713,8.249649047851562,10.002416610717773,12.245819091796875,15.231508255004883,19.520387649536133,28.745635986328125,0.42659077048301697
6,0.0,7.643615390406922e-05,0.00021535133419092745,0.00045156481792218983,0.0008395825861953199,0.0015549390809610486,0.0025844851043075323,4.203206539154053,4.323964595794678,4.092006206512451,4.446802139282227,4.218677043914795,4.586038589477539,4.2454094886779785,4.357280254364014,4.502928733825684,4.558376312255859,8.545660972595215,8.980844497680664,7.9155402183532715,9.31342887878418,9.188794136047363,9.388954162597656,9.973939895629883,9.24929141998291,9.648873329162598,9.686114311218262,10.775060653686523,10.942533493041992,12.598381042480469,13.091267585754395,13.894586563110352,16.519912719726562,19.95263671875,24.504438400268555,32.92721939086914,0.4948636293411255
7,0.0,0.00010268187907058746,0.00027066984330303967,0.0005566852050833404,0.001026319107040763,0.0020104304421693087,0.0033761269878596067,3.9910812377929688,4.158717155456543,4.3885908126831055,4.226837158203125,4.113609790802002,3.941997528076172,4.331482887268066,4.559319496154785,4.377856731414795,4.15410852432251,5.389834880828857,5.774917125701904,5.974580764770508,5.867336750030518,5.607828617095947,6.075169563293457,6.205081462860107,6.199040412902832,6.427789211273193,6.997680187225342,7.408328533172607,8.020648002624512,8.848896980285645,9.904143333435059,11.447930335998535,14.718768119812012,18.469436645507812,23.914623260498047,39.960540771484375,0.5719646215438843
8,0.0,0.00010935676255030558,0.00030124338809400797,0.0006002114387229085,0.0011437998618930578,0.0022226946894079447,0.003723149886354804,4.206931114196777,4.427546977996826,4.003222465515137,4.441955089569092,4.136420249938965,4.427825927734375,4.482190132141113,4.48759126663208,4.567969799041748,4.026211738586426,5.644340991973877,5.748006343841553,5.378513813018799,5.876396179199219,5.990712642669678,6.022287368774414,6.296111583709717,6.548826217651367,6.373505592346191,6.763690948486328,7.074820518493652,8.083073616027832,9.140360832214355,9.95122241973877,11.976330757141113,13.415453910827637,17.558265686035156,24.131298065185547,36.86570358276367,0.5252218246459961
9,0.0,9.642333316151053e-05,0.00025388950598426163,0.000549083692021668,0.0010329768992960453,0.0020740109030157328,0.0034610372968018055,4.227449417114258,4.222238063812256,4.123274803161621,4.517759323120117,4.504329204559326,4.294492244720459,4.116274356842041,4.1360859870910645,4.294358253479004,4.418956279754639,4.746268272399902,4.649643421173096,4.756896495819092,5.221067428588867,4.851235866546631,4.9733195304870605,5.484716892242432,5.2792277336120605,5.43560791015625,5.496702194213867,6.001620292663574,7.076263904571533,7.520514965057373,8.692516326904297,10.086041450500488,12.241620063781738,16.089752197265625,20.458614349365234,31.38268280029297,0.40157026052474976
10,0.0,9.363050776300952e-05,0.0002395750634605065,0.0005161423468962312,0.0009606786770746112,0.0019247892778366804,0.0033171207178384066,4.4411702156066895,4.225579261779785,4.255685329437256,4.226794719696045,4.430574417114258,4.316531658172607,4.591680526733398,4.520679950714111,4.26608943939209,4.134774684906006,4.991024971008301,4.946235656738281,5.049880504608154,4.722483158111572,4.977083683013916,5.095734596252441,5.380363941192627,5.195565223693848,5.415263652801514,5.808707237243652,6.043514251708984,6.8046555519104,7.831615447998047,8.30516242980957,10.212535858154297,11.98413372039795,16.098705291748047,20.021268844604492,29.050838470458984,0.37459492683410645
11,0.0,8.843948307912797e-05,0.0002486513403709978,0.0005275063449516892,0.0010086029069498181,0.001976737752556801,0.0032359149772673845,4.343046188354492,4.212784290313721,4.461614608764648,3.8013768196105957,4.417727947235107,4.180568695068359,4.222052097320557,4.237593173980713,4.2066121101379395,4.5660295486450195,13.649978637695312,14.490557670593262,13.537651062011719,13.24984359741211,14.290226936340332,13.239004135131836,13.253582000732422,14.043269157409668,14.13769817352295,15.510579109191895,15.520846366882324,15.426048278808594,17.57686424255371,17.939165115356445,19.214282989501953,22.204614639282227,25.404003143310547,30.46409034729004,30.707141876220703,0.40145906805992126
12,0.0,9.628913539927453e-05,0.00025836616987362504,0.0005639040609821677,0.001010202569887042,0.0019371055532246828,0.003185182809829712,4.407111644744873,4.052151203155518,4.117307662963867,4.185979843139648,4.480325222015381,4.368097305297852,3.943467378616333,4.540149211883545,4.139933109283447,4.273563861846924,4.8933234214782715,4.7439141273498535,4.756908416748047,4.9833292961120605,4.824550151824951,5.252387523651123,5.207526683807373,5.770889759063721,5.504736423492432,6.137162208557129,6.339852333068848,6.881354808807373,7.613757133483887,8.477344512939453,10.007242202758789,12.779354095458984,16.50107192993164,20.66008758544922,30.70656394958496,0.39773523807525635
13,0.0,9.392676292918622e-05,0.0002598227874841541,0.0005530351772904396,0.0010356047423556447,0.0020090925972908735,0.0033460836857557297,4.355584144592285,4.299057483673096,4.283770561218262,4.124490261077881,3.877506732940674,4.329806804656982,4.60916805267334,4.302652359008789,4.475584030151367,4.1366682052612305,14.256719589233398,14.844264030456543,14.000985145568848,12.472607612609863,14.681170463562012,15.037357330322266,13.662278175354004,15.10835075378418,15.163649559020996,16.022024154663086,15.418344497680664,15.894071578979492,16.16914176940918,17.42800521850586,18.738866806030273,21.558547973632812,25.9859619140625,32.27967071533203,36.5787353515625,0.5004804134368896
14,0.0,9.386402962263674e-05,0.00025346866459585726,0.0005433885380625725,0.0009997014421969652,0.001930240192450583,0.0032497106585651636,4.367668151855469,4.410909175872803,4.144560813903809,4.221364498138428,4.292334079742432,4.511516094207764,4.4203362464904785,4.363112926483154,4.3692169189453125,4.333578109741211,5.760124206542969,5.29808235168457,5.447544574737549,5.5763397216796875,5.928555488586426,5.803574562072754,5.6527099609375,6.4332380294799805,6.2814836502075195,6.698623180389404,6.937180042266846,7.508395671844482,8.261981010437012,9.562357902526855,11.24753189086914,13.47793197631836,17.786657333374023,21.900903701782227,33.466251373291016,0.47102871537208557
15,0.0,0.00010299191490048543,0.00027875398518517613,0.000551205244846642,0.0010347445495426655,0.001963431015610695,0.0033034326042979956,4.425112724304199,4.384429454803467,4.390443801879883,4.020129203796387,4.0689167976379395,4.0500946044921875,4.142024040222168,4.1419572830200195,4.259315490722656,5.062058925628662,14.18523120880127,13.40958309173584,14.631780624389648,13.72995662689209,13.931939125061035,13.699834823608398,15.446765899658203,14.735309600830078,15.486305236816406,15.05252456665039,14.344961166381836,16.084335327148438,16.669872283935547,18.135257720947266,21.30394172668457,22.255373001098633,25.69841957092285,29.599702835083008,31.545745849609375,0.4330367147922516
16,0.0,0.00010152186587220058,0.00027992227114737034,0.0006159933982416987,0.0010863585630431771,0.0019515457097440958,0.003174799494445324,4.630073547363281,4.14405632019043,4.138394832611084,4.539517402648926,4.421840667724609,3.8707292079925537,4.353446006774902,4.094546318054199,4.264046669006348,4.647080421447754,14.277883529663086,14.501771926879883,14.360671043395996,14.066619873046875,13.907803535461426,14.227290153503418,14.110672950744629,15.115266799926758,14.258336067199707,15.283055305480957,15.757801055908203,15.322464942932129,15.78326416015625,17.85097312927246,18.883785247802734,21.47727394104004,23.026485443115234,27.88005256652832,30.39004898071289,0.42866814136505127
17,0.0,8.437806536676362e-05,0.0002440811658743769,0.0005096226232126355,0.0009477727580815554,0.001750798663124442,0.0028494426514953375,4.5593647956848145,3.719130754470825,4.459782123565674,4.2034149169921875,4.420275688171387,4.291896343231201,4.205144882202148,4.001568794250488,4.812143802642822,4.345613956451416,4.905076503753662,4.735926151275635,4.848968029022217,4.673861503601074,4.950555801391602,5.070833683013916,5.149638652801514,5.379899024963379,5.602326393127441,5.697124004364014,6.407451629638672,7.00307559967041,7.78847599029541,8.294981002807617,10.673866271972656,12.019152641296387,15.079707145690918,19.195777893066406,27.87816047668457,0.39499181509017944
18,0.0,9.972370025934651e-05,0.0002810432342812419,0.0005594843532890081,0.0010454343864694238,0.001986489165574312,0.0033690722193568945,4.515333652496338,4.170632839202881,4.249088287353516,4.075051307678223,4.436196327209473,4.270392417907715,4.178271770477295,4.161009788513184,4.522961616516113,3.792282819747925,4.876370906829834,4.902683258056641,4.750371932983398,5.051826477050781,4.722878456115723,5.0544023513793945,5.113773822784424,5.337532043457031,5.376094818115234,6.0368123054504395,6.435913562774658,6.862008094787598,7.596376419067383,8.401106834411621,10.369805335998535,12.323092460632324,15.656022071838379,20.217132568359375,30.30178451538086,0.43837177753448486
19,0.0,8.585370233049616e-05,0.00026077486108988523,0.0005520910490304232,0.000960915582254529,0.0018282238161191344,0.00302886706776917,4.0164875984191895,4.441905975341797,4.193892002105713,4.293300151824951,4.140711784362793,4.183010101318359,4.460882186889648,4.437533378601074,4.3770294189453125,4.470034599304199,279.5052490234375,229.65628051757812,238.59158325195312,235.9805450439453,217.64329528808594,231.68460083007812,224.1478729248047,241.64727783203125,233.2249755859375,240.22042846679688,248.80967712402344,236.57957458496094,245.46298217773438,257.2308349609375,235.13560485839844,230.84344482421875,240.1220703125,268.9970703125,33.2074089050293,0.49334535002708435
20,0.0,9.855552343651652e-05,0.00026027532294392586,0.0005464995629154146,0.0010093004675582051,0.001908941543661058,0.00319838710129261,4.306621551513672,4.469996452331543,4.136687755584717,3.906360626220703,4.361964702606201,4.146193504333496,4.349424839019775,4.222231388092041,4.395411968231201,4.485551357269287,8.944701194763184,9.2313871383667,9.061058044433594,8.907331466674805,8.655390739440918,8.365803718566895,10.283154487609863,9.015523910522461,9.434652328491211,10.353426933288574,10.653908729553223,10.513469696044922,11.674756050109863,12.947073936462402,15.451394081115723,16.991844177246094,20.997949600219727,25.510013580322266,30.70171356201172,0.42642250657081604
21,0.0,0.00010191361070610583,0.00027281075017526746,0.0005743735237047076,0.0010364506160840392,0.002061911392956972,0.0034039923921227455,4.163486957550049,4.235349178314209,4.200954914093018,4.296130180358887,4.405852794647217,3.9585602283477783,3.9943952560424805,4.348165035247803,4.205496311187744,4.3245463371276855,9.250398635864258,8.574728012084961,8.937965393066406,8.485919952392578,9.318718910217285,8.296476364135742,8.605026245117188,9.057089805603027,9.651627540588379,10.248414993286133,10.441954612731934,11.28173542022705,12.717391014099121,12.782075881958008,14.673291206359863,16.941787719726562,21.05214500427246,25.234588623046875,32.89605712890625,0.4373317062854767
22,0.0,9.839733684202656e-05,0.00027797280927188694,0.0005632617976516485,0.0010650831973180175,0.002116991439834237,0.0035001866053789854,4.173381328582764,4.211641788482666,4.512812614440918,4.638239860534668,4.220292568206787,4.5159912109375,4.0442352294921875,4.189380168914795,3.548372507095337,4.2631611824035645,4.585398197174072,4.880882263183594,4.652788162231445,4.901587009429932,5.2049713134765625,4.751886367797852,5.592599868774414,5.270401477813721,5.557065963745117,6.045433044433594,5.914226055145264,7.165836334228516,7.6940813064575195,8.24769401550293,10.239168167114258,12.273115158081055,15.890703201293945,20.352197647094727,34.36322021484375,0.5088226795196533
23,0.0,0.00010276737157255411,0.00026677013374865055,0.000543640402611345,0.001029843813739717,0.002010408788919449,0.0033750992733985186,4.331557750701904,4.288441181182861,3.7758922576904297,4.276785373687744,4.204200267791748,4.4153361320495605,4.233386039733887,4.464086055755615,4.625465393066406,4.2544426918029785,26576.314453125,25578.146484375,24808.59765625,24194.81640625,26114.46484375,25001.42578125,24329.75390625,25332.404296875,24510.99609375,22365.51953125,20845.853515625,21405.056640625,19263.408203125,20346.541015625,20405.822265625,18930.400390625,19233.314453125,18076.248046875,41.58599853515625,0.5795826315879822
24,0.0,7.731375808361918e-05,0.00021607993403449655,0.0004677887773141265,0.0008276617154479027,0.0015847466420382261,0.0026258882135152817,4.117191791534424,4.610142707824707,4.409330368041992,4.259024620056152,4.150874614715576,4.347744941711426,4.514752388000488,4.210875034332275,4.524625778198242,4.586758136749268,4.6066389083862305,4.6484904289245605,4.7733988761901855,4.835789680480957,5.13441276550293,5.378093242645264,5.2358927726745605,4.993965148925781,5.225366592407227,5.938467025756836,6.538828372955322,6.864291191101074,7.597439765930176,8.75469970703125,9.89094352722168,11.653424263000488,15.354426383972168,20.011524200439453,28.953052520751953,0.39913490414619446
25,0.0,7.042709330562502e-05,0.0001931416627485305,0.00042389912414364517,0.0007802533218637109,0.0014417794300243258,0.0024217278696596622,4.0848588943481445,4.074594497680664,4.336535453796387,4.162790298461914,4.067261695861816,4.124872207641602,4.537837028503418,4.139801979064941,4.40644645690918,4.396517276763916,4.83286714553833,4.6175031661987305,4.778533935546875,5.008703231811523,5.198757171630859,4.705605983734131,4.983062744140625,5.197832107543945,5.307008743286133,5.992889404296875,6.8042755126953125,7.161733627319336,7.807366371154785,9.154598236083984,10.513379096984863,12.441917419433594,16.191051483154297,20.780309677124023,32.388973236083984,0.5106205940246582
26,0.0,0.0001106873678509146,0.0003026735212188214,0.0006151580018922687,0.0011715996079146862,0.0021832906641066074,0.0035802465863525867,4.413246154785156,4.099023818969727,4.356929302215576,4.401849269866943,4.120843887329102,4.00199031829834,4.152795314788818,4.212995529174805,4.027162551879883,4.284134864807129,8.802250862121582,9.536699295043945,9.421527862548828,8.775146484375,9.224853515625,10.065032958984375,9.088287353515625,9.957019805908203,10.29782485961914,10.671916007995605,11.818196296691895,12.5453519821167,14.033726692199707,14.25825309753418,16.323877334594727,20.056367874145508,25.695262908935547,31.620256423950195,54.569175720214844,0.854464590549469
27,0.0,8.688926754985005e-05,0.0002371100417803973,0.0005205083289183676,0.0009348732419312,0.0018611517734825611,0.003255052026361227,4.132361888885498,4.554657936096191,4.229885101318359,4.132102012634277,4.045385360717773,4.416656494140625,4.362842082977295,4.114576816558838,4.415127277374268,4.1867218017578125,4.722650527954102,4.760651111602783,4.678138256072998,4.7145795822143555,4.831453323364258,5.156728744506836,5.2169671058654785,5.501686096191406,5.549238681793213,5.85015869140625,6.071695804595947,6.477852821350098,7.989533424377441,8.791576385498047,10.300971031188965,12.878402709960938,16.104433059692383,20.617259979248047,33.53252410888672,0.5158697366714478
28,0.0,0.00011764242663048208,0.00031572539592161775,0.0006566987140104175,0.0011886830907315016,0.0022915303707122803,0.003795004915446043,4.265900135040283,3.985269546508789,3.7990734577178955,4.384548187255859,4.0686163902282715,3.9427995681762695,4.3004937171936035,4.100527763366699,4.234792232513428,4.306354522705078,5.951305866241455,5.799771785736084,5.988030433654785,6.284411430358887,5.832391738891602,5.474592208862305,6.1582560539245605,5.923239231109619,6.693464279174805,7.048659801483154,7.112523555755615,7.69688081741333,8.817976951599121,9.65120792388916,11.786018371582031,13.12722110748291,17.14850425720215,22.627553939819336,35.839080810546875,0.5264167189598083
29,0.0,0.00010290862701367587,0.0002821509260684252,0.0005811673472635448,0.0011480042012408376,0.002153809182345867,0.0034992066211998463,3.9588491916656494,3.878190517425537,4.188838005065918,4.401487350463867,4.145881175994873,4.056705474853516,4.535368919372559,4.769407749176025,4.044427871704102,4.495259761810303,4.730422496795654,4.886972904205322,4.642179012298584,5.1351118087768555,5.140355110168457,4.8194122314453125,4.961390495300293,5.221414089202881,5.51259708404541,5.7227325439453125,6.039821624755859,7.020534515380859,7.514464855194092,8.516881942749023,10.42824649810791,12.593940734863281,16.36625099182129,20.9525089263916,33.614742279052734,0.44774502515792847
30,0.0,9.736607171362266e-05,0.00026524276472628117,0.0005574196693487465,0.0010581801179796457,0.0020124674774706364,0.0033154799602925777,4.389125823974609,4.509983062744141,4.271369457244873,4.155266761779785,4.499068260192871,4.474610328674316,4.3666510581970215,4.370716094970703,4.500250816345215,4.281031608581543,5.043797969818115,4.6223883628845215,5.0189104080200195,5.06032133102417,5.168821334838867,5.150930881500244,4.910863876342773,5.510544300079346,5.671629428863525,5.871627330780029,6.7616472244262695,6.802709102630615,7.8492913246154785,9.22754192352295,10.589673042297363,12.29383659362793,16.57953643798828,21.8387508392334,37.1731071472168,0.4990413784980774
31,0.0,8.137178519973531e-05,0.00023269325902219862,0.0004874645092058927,0.0008571193902753294,0.0017346169333904982,0.002908136695623398,4.472162246704102,4.304347038269043,4.427838325500488,4.193707466125488,4.202715873718262,4.207810878753662,4.349984645843506,4.621680736541748,4.136824131011963,4.160272598266602,9.6391019821167,9.065117835998535,8.432307243347168,8.450098991394043,8.813453674316406,9.486032485961914,9.869027137756348,9.379331588745117,10.492741584777832,9.077768325805664,10.470020294189453,11.64560604095459,11.713024139404297,12.259708404541016,14.078530311584473,16.67626190185547,20.36530876159668,22.745149612426758,28.89383888244629,0.37016311287879944
32,0.0,0.00010799472511280328,0.0002858363732229918,0.0006716477801091969,0.0012341184774413705,0.0023541839327663183,0.0038175194058567286,4.1442179679870605,4.118850231170654,4.350757598876953,4.3652825355529785,4.202975749969482,4.171177864074707,4.311088562011719,4.5732526779174805,4.193068027496338,4.4788818359375,4.750864505767822,4.569300174713135,5.116255283355713,4.7449798583984375,4.598465919494629,4.831349849700928,5.1218695640563965,4.871743679046631,5.364937782287598,5.821183681488037,6.022922039031982,6.7670793533325195,7.45959997177124,8.429425239562988,10.036911964416504,12.022758483886719,16.298370361328125,20.677766799926758,33.17706298828125,0.42577019333839417
33,0.0,0.00011211529636057094,0.00029357249150052667,0.0005800530198030174,0.0011132600484415889,0.0021138142328709364,0.0035123126581311226,3.762080192565918,4.296037197113037,4.141979217529297,4.233918190002441,4.531616687774658,4.240098476409912,4.104228973388672,4.0826263427734375,4.4389190673828125,4.429523944854736,8.645835876464844,8.26783561706543,8.829111099243164,8.696191787719727,8.789591789245605,9.094269752502441,9.446878433227539,8.442802429199219,9.061779975891113,9.25090503692627,9.939340591430664,10.782576560974121,11.926994323730469,12.48420524597168,13.997907638549805,16.25298309326172,20.09552764892578,25.922290802001953,33.9864387512207,0.4738822877407074
34,0.0,0.00010613154881866649,0.0002849558659363538,0.0005786491674371064,0.0010857080342248082,0.002126798965036869,0.003634413005784154,3.8212473392486572,4.36134672164917,4.332219123840332,4.383668899536133,4.55666446685791,4.243471622467041,4.372294902801514,4.327173233032227,4.3128252029418945,4.39392614364624,5.97052526473999,5.851380825042725,5.6876220703125,5.528501987457275,5.5676703453063965,5.9347944259643555,6.249072551727295,5.996850967407227,6.534071445465088,6.900328636169434,7.19401216506958,7.4545722007751465,8.896838188171387,9.214442253112793,11.210226058959961,13.69454574584961,17.672000885009766,22.18335723876953,35.64385223388672,0.5085065364837646
35,0.0,0.00010533728345762938,0.0002993983798660338,0.0005831786547787488,0.0010868990793824196,0.0021136070135980844,0.0035498421639204025,4.142105579376221,4.13402795791626,4.223546028137207,4.612228870391846,4.3802714347839355,4.234054088592529,4.313177108764648,3.9781036376953125,4.445275783538818,4.150582313537598,5.696253776550293,6.063756465911865,6.249318599700928,6.250936985015869,6.036672115325928,5.922339916229248,6.235015869140625,6.267485618591309,6.622860431671143,7.019266128540039,7.2079949378967285,7.725229263305664,8.798490524291992,9.976335525512695,11.490015983581543,13.682374954223633,18.104494094848633,22.411630630493164,33.996360778808594,0.5307912826538086
36,0.0,0.00012274805339984596,0.00032996907248161733,0.0006857163971289992,0.0012280815280973911,0.002416902920231223,0.004027608782052994,3.944058895111084,4.702966213226318,4.025909900665283,4.064464569091797,4.279148578643799,4.214341163635254,4.569202423095703,4.115811347961426,4.169591903686523,4.292913436889648,66.38825225830078,73.97618865966797,71.05885314941406,69.6142349243164,64.44570922851562,72.49336242675781,70.28829956054688,69.26748657226562,69.62191009521484,64.11664581298828,70.27522277832031,74.53095245361328,73.53651428222656,72.92133331298828,77.13907623291016,79.28898620605469,83.31956481933594,81.35944366455078,37.049163818359375,0.45502468943595886
37,0.0,9.39991296036169e-05,0.000275833357591182,0.0005890204338356853,0.0010211385088041425,0.0018887970363721251,0.0031644804403185844,3.929161548614502,3.87445330619812,4.45736837387085,4.5464396476745605,3.9543027877807617,4.134363174438477,4.378120422363281,3.913302421569824,4.237957000732422,4.435651779174805,6.4000139236450195,5.7395219802856445,5.808712482452393,5.9361772537231445,6.358447074890137,5.679929733276367,5.610988616943359,6.311535835266113,6.692986488342285,6.661718845367432,6.965219974517822,7.937847137451172,8.714187622070312,9.59595012664795,11.089399337768555,13.950942039489746,16.821697235107422,22.236135482788086,31.268125534057617,0.4079197347164154
38,0.0,9.203801164403558e-05,0.00025304401060566306,0.000540955807082355,0.0009541901526972651,0.0019032205455005169,0.0031350275967270136,4.284670829772949,4.340508937835693,4.458668231964111,4.034773349761963,4.520867824554443,4.1621623039245605,4.379395484924316,4.049244403839111,4.073586463928223,4.179742336273193,4.8523173332214355,4.753758430480957,5.02878999710083,5.388326644897461,4.8003339767456055,5.106809616088867,4.887948513031006,5.404869556427002,5.685279846191406,5.873556137084961,6.243793487548828,7.150482177734375,7.6219072341918945,8.778413772583008,10.673565864562988,12.062542915344238,15.943981170654297,20.056262969970703,30.049257278442383,0.4438782334327698
39,0.0,8.743940270505846e-05,0.00022709979384671897,0.0004989749868400395,0.0008756413008086383,0.001721834996715188,0.0028713648207485676,4.1074018478393555,4.258013725280762,3.9816040992736816,4.384102821350098,4.626083850860596,4.700596809387207,4.775604724884033,4.200940132141113,4.28172492980957,4.289762020111084,4.863697052001953,4.645242691040039,5.130486488342285,4.612844467163086,5.260657787322998,4.92928409576416,4.980913162231445,5.507998943328857,6.003603935241699,6.0298380851745605,6.276001930236816,7.2506303787231445,7.885916709899902,8.220516204833984,10.116950035095215,12.573234558105469,16.54717254638672,20.886493682861328,32.08155822753906,0.45951321721076965
40,0.0,0.00010143976396648213,0.00025823022588156164,0.0005479055689647794,0.001017314032651484,0.0020285563077777624,0.003463223809376359,3.977097272872925,3.8170197010040283,4.260005950927734,4.044222831726074,4.36585807800293,4.287097930908203,4.621902942657471,4.293485164642334,4.0753631591796875,4.320188045501709,2262.8154296875,2312.876708984375,2346.10302734375,2483.445556640625,2176.7841796875,2275.3740234375,2290.928466796875,2356.30615234375,2267.267822265625,2291.95849609375,2144.203125,2185.07958984375,2341.787109375,2214.460205078125,1946.9368896484375,2089.938720703125,1886.2745361328125,1815.6884765625,48.3001594543457,0.7064540982246399
41,0.0,8.495021029375494e-05,0.00023574680380988866,0.0004978679935447872,0.0009023027960211039,0.0016844049096107483,0.0028249802999198437,4.232287406921387,4.622277736663818,4.0714592933654785,4.2664618492126465,4.209620475769043,4.502152919769287,4.308298587799072,4.350371360778809,4.359698295593262,4.085466384887695,4.93007755279541,4.3384857177734375,5.158507823944092,4.609160423278809,4.9956865310668945,5.16945219039917,5.011713027954102,5.519249439239502,5.565551280975342,5.650890827178955,6.449678421020508,6.983117580413818,7.338419437408447,8.76189136505127,9.578445434570312,12.332527160644531,15.881438255310059,19.996994018554688,28.81730842590332,0.391051322221756
42,0.0,0.00010123913671122864,0.00026522387634031475,0.0005479361861944199,0.0009936133865267038,0.0020385400857776403,0.003486023982986808,4.330480575561523,4.433251857757568,4.6414642333984375,4.012096405029297,3.9360854625701904,4.1634016036987305,4.469090461730957,4.3444647789001465,4.534615993499756,4.265015125274658,5.021900653839111,4.85732364654541,4.52766227722168,4.870136260986328,4.87357759475708,4.628109455108643,5.18706750869751,5.768955230712891,5.656104564666748,6.0974321365356445,6.35648250579834,7.130642414093018,8.086365699768066,8.742000579833984,10.866473197937012,13.158953666687012,17.111793518066406,22.288179397583008,37.156333923339844,0.5236623883247375
43,0.0,0.00011374955647625029,0.0002983880112878978,0.0005957219982519746,0.0010991136077791452,0.002105183433741331,0.003532844129949808,3.9716553688049316,4.184922695159912,4.4784746170043945,4.047296047210693,4.198261737823486,4.258590221405029,4.409125328063965,4.632951259613037,4.3224358558654785,4.07981014251709,5.672194480895996,6.0602803230285645,5.748049259185791,5.851247310638428,5.666832447052002,5.642034530639648,5.885119915008545,6.432789325714111,6.426699638366699,6.463898181915283,6.966894626617432,7.514925003051758,8.228707313537598,9.09436321258545,11.07797908782959,13.335052490234375,16.916011810302734,21.42629623413086,31.01879119873047,0.43325507640838623
44,0.0,9.696011693449691e-05,0.0002554406237322837,0.0005232688272371888,0.0009780459804460406,0.001966375857591629,0.0033952181693166494,4.221486568450928,4.480832099914551,4.366482257843018,4.217320919036865,4.1791300773620605,4.405360698699951,4.59408712387085,4.310933589935303,4.005588531494141,4.442184925079346,31.759294509887695,30.01711082458496,33.5589485168457,31.460790634155273,30.999149322509766,27.90276527404785,30.0242862701416,29.05194664001465,31.489107131958008,32.96940612792969,30.284360885620117,31.466726303100586,31.987083435058594,31.950407028198242,35.1241340637207,38.3773193359375,40.96727752685547,46.79022979736328,33.043922424316406,0.49315887689590454
45,0.0,0.00010052705329144374,0.00027800031239166856,0.0005422320100478828,0.0010353322140872478,0.001926679746247828,0.0032243605237454176,4.073160171508789,4.560748100280762,4.358097076416016,4.483273506164551,3.9704654216766357,4.49709415435791,3.934992790222168,4.632532119750977,4.355273723602295,4.240144729614258,4.775973796844482,5.166270732879639,4.683305740356445,5.08590030670166,4.636973857879639,4.559323787689209,5.303656101226807,5.167634010314941,6.145201683044434,6.340567588806152,6.330007076263428,7.372561931610107,7.929948806762695,8.793359756469727,11.283500671386719,12.579288482666016,17.398473739624023,22.175779342651367,40.97425079345703,0.635353684425354
46,0.0,0.00010788420331664383,0.00027773826150223613,0.0005603405297733843,0.0010235460940748453,0.0020096111111342907,0.0033594020642340183,4.082808017730713,4.4222869873046875,4.277760028839111,4.655210018157959,3.774216890335083,4.661079406738281,4.286234378814697,4.09408712387085,4.353417873382568,4.36704158782959,117.50972747802734,116.84843444824219,110.02383422851562,102.45897674560547,113.21428680419922,108.35958099365234,112.83058166503906,110.19252014160156,105.09195709228516,111.58474731445312,104.96524047851562,115.57991027832031,108.93313598632812,116.26673126220703,106.35303497314453,120.85269927978516,107.75059509277344,124.64057159423828,30.631837844848633,0.44108033180236816
47,0.0,7.814887794665992e-05,0.00020757914171554148,0.0004685760068241507,0.0008560869609937072,0.0016352899838238955,0.0027786099817603827,4.275250434875488,4.212093830108643,4.537251949310303,4.310240268707275,4.4296135902404785,4.251617431640625,4.452325344085693,4.1252827644348145,4.750646591186523,4.303220748901367,249.47320556640625,224.80886840820312,236.153076171875,266.56622314453125,255.697265625,249.3756561279297,241.26560974121094,242.5845489501953,245.03395080566406,255.94105529785156,256.39617919921875,248.38873291015625,259.11285400390625,247.6763458251953,255.33001708984375,257.3475646972656,231.10891723632812,243.8647003173828,31.773082733154297,0.4888911843299866
48,0.0,8.255641296273097e-05,0.00021786372235510498,0.0004900890635326505,0.0008795433677732944,0.0016732187941670418,0.0028512265998870134,4.358218193054199,4.830811500549316,4.137489318847656,4.18579626083374,4.240987300872803,4.414024829864502,4.0566253662109375,4.294872760772705,4.071049690246582,4.554774761199951,4.583520412445068,4.517675876617432,4.799417018890381,4.733068466186523,5.106916427612305,5.329051494598389,5.476868629455566,5.357122421264648,5.635378837585449,6.0901288986206055,6.201423168182373,6.816798210144043,8.052206993103027,9.221965789794922,10.494668006896973,12.720170974731445,16.50916862487793,20.76551628112793,37.352752685546875,0.546316921710968
49,0.0,0.00010859415488084778,0.0002976066607516259,0.0005878744414076209,0.0010891881538555026,0.002082448685541749,0.0034755512606352568,4.150732517242432,4.289318084716797,4.121487617492676,4.003664016723633,4.242002487182617,4.590754508972168,4.177586078643799,4.793923854827881,4.13804817199707,4.127457141876221,4.700494766235352,4.8998122215271,4.815047264099121,5.46945858001709,4.512639999389648,5.186498641967773,5.380904197692871,5.614396572113037,5.716591835021973,6.299798011779785,6.160982608795166,7.215202331542969,7.759286880493164,9.045197486877441,10.334789276123047,12.319082260131836,16.014320373535156,21.042299270629883,33.414737701416016,0.5180063843727112
50,0.0,7.181693945312873e-05,0.00022253472707234323,0.0004569908487610519,0.0008207421051338315,0.0014960834523662925,0.002459015231579542,4.161900043487549,4.09881067276001,4.197636604309082,4.058407783508301,4.262986660003662,4.255117893218994,4.434149742126465,4.479655742645264,4.150639057159424,4.379654884338379,5.08566427230835,4.6568732261657715,5.013026237487793,4.898940563201904,5.441333293914795,5.309321403503418,5.2644219398498535,5.319075584411621,5.516730785369873,5.940666198730469,6.035473346710205,6.813023567199707,7.594390869140625,8.617818832397461,10.282923698425293,11.868882179260254,15.444336891174316,19.19495391845703,28.565279006958008,0.3931809663772583
51,0.0,0.0001014763256534934,0.0002629394584801048,0.0005571950459852815,0.000994642497971654,0.002057485282421112,0.003496752353385091,4.189111709594727,4.352302551269531,4.339800834655762,4.244699478149414,4.202941417694092,4.345595836639404,4.007425308227539,4.2684526443481445,3.989034652709961,4.338710308074951,2676.03515625,2626.45654296875,2591.889892578125,2622.9453125,2481.431396484375,2739.81005859375,2454.83349609375,2568.105712890625,2487.953369140625,2653.091552734375,2437.212890625,2416.279296875,2626.549560546875,2724.87744140625,2773.28759765625,2556.74169921875,2702.43310546875,2501.2822265625,38.87479019165039,0.5688108205795288
52,0.0,8.564865856897086e-05,0.00024202225904446095,0.0005542655126191676,0.0009635459864512086,0.001875982154160738,0.0032711464446038008,4.410593032836914,4.042970657348633,4.431943416595459,4.1931562423706055,4.120428085327148,4.177794933319092,4.3812103271484375,4.1527419090271,4.396544933319092,4.363500118255615,4172.8134765625,3974.210205078125,4127.1142578125,4144.1953125,3886.798095703125,4085.7060546875,4110.01416015625,4122.9560546875,3886.82861328125,4174.55908203125,4397.48974609375,3932.542236328125,3932.904052734375,4002.04541015625,3888.66015625,3640.20947265625,3919.157470703125,3325.150146484375,34.64070510864258,0.48771822452545166
53,0.0,7.710485078860074e-05,0.0002218634617747739,0.00047463676310144365,0.000832714606076479,0.0016027633100748062,0.002721380442380905,4.141334056854248,4.557958602905273,4.1609392166137695,4.212153434753418,4.331981658935547,3.9524219036102295,4.389563083648682,4.3703508377075195,4.393937587738037,3.935849666595459,5.066642761230469,4.8342061042785645,4.945147514343262,4.938418388366699,4.768092155456543,4.786593914031982,4.985566139221191,5.277987957000732,5.580197811126709,6.102519989013672,6.380709171295166,7.459598064422607,8.165908813476562,8.6459321975708,10.543946266174316,12.245018005371094,15.195442199707031,19.349552154541016,29.326250076293945,0.4318108856678009
54,0.0,0.00012751210306305438,0.00036092044319957495,0.0007110991864465177,0.0013508157571777701,0.0026284230407327414,0.004203785676509142,4.752658367156982,4.038463592529297,4.434475898742676,4.00276517868042,4.0649495124816895,4.471053600311279,4.42067289352417,4.355842113494873,4.2328596115112305,4.389174938201904,8.57922649383545,8.73536205291748,8.26063346862793,8.836542129516602,8.246783256530762,8.723601341247559,8.874123573303223,8.999768257141113,9.707353591918945,10.321949005126953,9.68234920501709,12.04810619354248,11.847935676574707,13.246533393859863,15.022796630859375,18.474088668823242,22.575157165527344,29.139808654785156,47.20986557006836,0.8593634366989136
55,0.0,0.00010476270836079493,0.00028719822876155376,0.0005919383838772774,0.001096781576052308,0.002134193666279316,0.0035696146078407764,3.9785821437835693,3.9030494689941406,4.380761623382568,4.4013800621032715,4.11020040512085,4.156548976898193,4.02573823928833,4.340448379516602,4.548388481140137,4.359086990356445,440.37506103515625,468.79193115234375,489.9273986816406,455.2269287109375,454.5486145019531,358.5059509277344,400.6929016113281,323.2455139160156,276.4720764160156,256.98626708984375,199.30020141601562,159.2760009765625,117.75320434570312,117.63042449951172,64.20188903808594,54.07302474975586,40.13383102416992,38.81825256347656,34.19232940673828,0.7172277569770813
56,0.0,9.336899529444054e-05,0.00025469635147601366,0.0005340282805263996,0.0009781704284250736,0.0018818804528564215,0.00322823878377676,4.416030406951904,4.196476936340332,4.1547932624816895,4.186082363128662,4.367559909820557,4.554523468017578,4.429435729980469,3.9629459381103516,4.620233535766602,4.1693034172058105,18.99284553527832,19.969636917114258,21.219663619995117,23.055450439453125,20.250961303710938,19.902088165283203,20.802547454833984,22.000770568847656,21.800430297851562,21.468225479125977,21.59337043762207,24.33273696899414,22.71278190612793,25.202970504760742,26.839168548583984,29.78425407409668,32.146114349365234,38.369041442871094,34.33145523071289,0.4916994869709015
57,0.0,8.789460844127461e-05,0.0002420054079266265,0.0005154405953362584,0.0009230519062839448,0.0017438281793147326,0.002936170669272542,4.136958122253418,4.431700706481934,4.171428680419922,4.189481258392334,4.438297271728516,4.306085109710693,4.230052947998047,4.718202590942383,4.145229816436768,4.482985496520996,13.068856239318848,13.685709953308105,13.751669883728027,14.365676879882812,14.724746704101562,12.933697700500488,14.370598793029785,15.701210021972656,14.800678253173828,13.849869728088379,16.109342575073242,16.613027572631836,16.88022232055664,17.9990234375,20.088348388671875,21.362226486206055,25.771400451660156,30.330074310302734,31.20795440673828,0.40965065360069275
58,0.0,8.245919161709026e-05,0.00022816543059889227,0.0004909126437269151,0.0008761872886680067,0.0016531862784177065,0.002763774711638689,4.010481834411621,4.381398677825928,4.350658416748047,4.218045711517334,4.169518947601318,4.243426322937012,4.2456159591674805,4.324807643890381,4.47870397567749,4.132719993591309,2797.720703125,2715.656494140625,2810.84619140625,2652.563720703125,2823.571533203125,2723.463623046875,2694.47509765625,2651.169189453125,2285.71728515625,2379.48583984375,2139.779541015625,2058.268310546875,1878.6693115234375,1752.5059814453125,1514.755615234375,1309.522705078125,1111.147216796875,974.03857421875,34.089630126953125,0.5030233263969421
59,0.0,0.00010309990466339514,0.00028867172659374774,0.0005954622756689787,0.0011266112560406327,0.0021594397258013487,0.003645513206720352,4.253152370452881,4.366691589355469,3.6904079914093018,4.533994197845459,4.173513412475586,4.307427883148193,4.281527519226074,4.344780921936035,4.18497371673584,4.12526798248291,4.899021625518799,4.920836925506592,5.040633201599121,4.885274410247803,5.057624816894531,5.124037742614746,5.3915839195251465,5.578146457672119,5.4033002853393555,6.335716247558594,6.217099666595459,7.25577974319458,7.9266133308410645,9.227178573608398,11.044965744018555,13.25421142578125,17.638484954833984,22.39097023010254,38.53007507324219,0.5371862053871155
60,0.0,0.00011700871982611716,0.00031972338911145926,0.0006019735592417419,0.0011608480708673596,0.002219611778855324,0.003714508842676878,4.357295036315918,4.389032363891602,4.694509983062744,4.541144847869873,4.3590874671936035,4.383871078491211,4.050642013549805,4.165751934051514,4.125448703765869,4.381532669067383,12.662379264831543,15.007292747497559,14.030699729919434,13.900679588317871,13.901931762695312,12.830116271972656,14.122725486755371,12.933069229125977,13.440203666687012,14.473227500915527,16.201648712158203,16.223108291625977,15.189111709594727,17.21270751953125,18.867008209228516,20.688121795654297,24.611696243286133,29.798786163330078,28.689332962036133,0.3805409073829651
61,0.0,0.00011260933388257399,0.00033281827927567065,0.0006479350849986076,0.001203884370625019,0.002335191937163472,0.0038582240231335163,4.30599308013916,3.910487413406372,4.166835308074951,4.461482524871826,4.281095027923584,4.3350701332092285,4.374651908874512,4.2611589431762695,4.45977258682251,4.431792736053467,8.653221130371094,8.134653091430664,8.540383338928223,8.949851989746094,8.515543937683105,10.008906364440918,9.156990051269531,9.451555252075195,9.602730751037598,10.137699127197266,10.907772064208984,11.897384643554688,11.74084758758545,13.376463890075684,14.599639892578125,18.00501251220703,22.244173049926758,28.309001922607422,44.5489616394043,0.636966347694397
62,0.0,8.282208727905527e-05,0.0002450690953992307,0.0005173502140678465,0.0009286674903705716,0.0017988804029300809,0.0031044045463204384,4.4921135902404785,4.232281684875488,4.016106605529785,4.027576923370361,4.3576340675354,4.446233749389648,4.307640552520752,3.955792188644409,4.277186870574951,4.204041957855225,5.59918212890625,5.956324577331543,6.335094451904297,5.838700771331787,5.777536392211914,6.595021724700928,7.053895950317383,6.348779678344727,6.817410469055176,6.492986679077148,7.162121295928955,8.125311851501465,8.792754173278809,9.862648963928223,12.131721496582031,14.07572078704834,17.77294158935547,22.216184616088867,35.58715057373047,0.49346688389778137
63,0.0,0.0001255106326425448,0.0003385932941455394,0.0006166927050799131,0.0012351382756605744,0.0025876339059323072,0.004399130120873451,4.17286491394043,4.096764087677002,4.443434238433838,4.1919684410095215,4.412138938903809,4.411539077758789,4.256974697113037,4.016429901123047,4.235857963562012,4.419055938720703,8.238255500793457,8.000661849975586,9.143445014953613,9.153502464294434,8.593902587890625,8.718413352966309,10.37583065032959,9.7378568649292,9.772937774658203,10.87817668914795,10.88720417022705,11.962424278259277,13.94191837310791,15.092742919921875,16.75071144104004,19.5444393157959,25.665430068969727,32.342220306396484,55.03892135620117,0.7878735661506653
64,0.0,9.817229874897748e-05,0.00028897603624500334,0.000618749822024256,0.0011419127695262432,0.002168121514841914,0.003572738729417324,3.9700636863708496,4.462095737457275,4.476410865783691,4.372559547424316,4.4901604652404785,4.188312530517578,4.260306358337402,4.108268737792969,4.470714092254639,4.121625900268555,97.93526458740234,97.0602035522461,91.68510437011719,109.07083129882812,92.44183349609375,101.0744857788086,101.72053527832031,105.20474243164062,98.59711456298828,99.84674072265625,94.25901794433594,98.46964263916016,104.44778442382812,99.88819885253906,106.15363311767578,97.9954605102539,106.72891998291016,111.6253890991211,30.973098754882812,0.3998323082923889
65,0.0,9.209242853103206e-05,0.00024705289979465306,0.0005126297473907471,0.0009724593837745488,0.0018869073828682303,0.0031350848730653524,4.183952808380127,4.348289489746094,4.593194484710693,4.2871832847595215,4.271269798278809,4.085287570953369,4.1119232177734375,4.176217555999756,4.295527458190918,4.01390266418457,4.648248195648193,4.873020172119141,5.059390068054199,4.944056034088135,4.964737892150879,5.445484638214111,5.396697521209717,5.716946125030518,5.790504455566406,5.913586139678955,5.903442859649658,7.169677734375,7.7510809898376465,8.628341674804688,9.864204406738281,12.346081733703613,16.102800369262695,20.6457462310791,31.07586669921875,0.45100027322769165
66,0.0,8.892526238923892e-05,0.00025031439145095646,0.0005482739652507007,0.0009818634716793895,0.0017995259258896112,0.003032299457117915,4.429905891418457,4.254998207092285,4.252575397491455,4.1854777336120605,4.680073261260986,3.9980053901672363,4.254971027374268,4.552381992340088,4.2173752784729,4.397061347961426,20.781524658203125,21.303098678588867,20.863422393798828,21.082866668701172,21.280344009399414,20.858356475830078,21.074480056762695,19.137130737304688,22.01660919189453,21.878440856933594,22.93352508544922,22.101043701171875,25.171649932861328,24.490732192993164,25.881853103637695,28.36882781982422,32.33510971069336,38.41792297363281,38.952239990234375,0.5218262076377869
67,0.0,7.812909461790696e-05,0.00020909296290483326,0.0004608841263689101,0.0008417822537012398,0.0015846558380872011,0.002655633958056569,4.031050205230713,4.216125011444092,4.31108283996582,4.289614677429199,4.221139907836914,4.030633926391602,4.645298957824707,4.706661701202393,4.508622169494629,4.2808051109313965,4.393939018249512,5.102807521820068,4.407535552978516,5.3127665519714355,4.819532871246338,4.931725025177002,5.204297065734863,5.620652198791504,5.991262912750244,6.445870876312256,6.172135829925537,7.08908224105835,7.522613048553467,8.88615894317627,10.386330604553223,12.174293518066406,16.602800369262695,20.573835372924805,32.23849105834961,0.53286212682724
68,0.0,9.594345465302467e-05,0.00027002388378605247,0.0005633613909594715,0.0010558923240751028,0.0020203571766614914,0.0034346161410212517,4.578409194946289,3.993091583251953,4.4025678634643555,4.290283203125,4.234616756439209,4.217364311218262,4.34675931930542,4.282580852508545,4.508542537689209,4.253579139709473,13.597325325012207,13.931990623474121,14.493819236755371,14.714763641357422,13.052207946777344,14.442533493041992,14.034482955932617,14.435932159423828,15.7201566696167,15.067338943481445,15.861303329467773,16.03246307373047,17.723583221435547,18.790451049804688,19.82278823852539,22.712696075439453,27.287715911865234,32.35649490356445,43.68210220336914,0.6982682347297668
69,0.0,0.00010673640645109117,0.0002953801304101944,0.0006248502759262919,0.0011203554458916187,0.0022347155027091503,0.00367213087156415,4.52005672454834,4.536433219909668,3.971632480621338,4.342298984527588,4.244740962982178,4.68757438659668,3.934945583343506,4.497405052185059,3.9750826358795166,4.630151748657227,4.557551383972168,4.501982688903809,4.836052894592285,4.485318183898926,4.574082851409912,4.959997177124023,5.059690475463867,5.205366611480713,5.71441650390625,5.628247261047363,6.392391204833984,7.213812351226807,7.434786319732666,8.363293647766113,10.228971481323242,12.769245147705078,16.26735496520996,21.115367889404297,33.79703903198242,0.4703933000564575
70,0.0,9.428960765944794e-05,0.00025991658912971616,0.0005329958512447774,0.0009814407676458359,0.0019126597326248884,0.0031675631180405617,4.428950309753418,4.18410062789917,4.356619834899902,4.400622367858887,4.261836528778076,4.291436672210693,4.285341739654541,4.454050064086914,4.268937587738037,3.9729995727539062,5.765528202056885,5.910430431365967,5.894040107727051,6.040894031524658,6.0204243659973145,5.687384605407715,6.1168131828308105,6.033847332000732,7.011620998382568,6.756161689758301,7.270364761352539,7.622674942016602,8.79655933380127,9.399727821350098,11.564906120300293,13.00401782989502,16.879222869873047,21.886526107788086,29.411705017089844,0.39770036935806274
71,0.0,9.413597581442446e-05,0.0002524258743505925,0.0005295845912769437,0.0009678496862761676,0.001853838562965393,0.0031716199591755867,4.225481986999512,4.217530250549316,4.61661958694458,4.456576347351074,4.067233562469482,4.151837348937988,4.106926918029785,4.1990647315979,4.290134429931641,4.398589134216309,349.8882141113281,313.2420349121094,328.22552490234375,330.8735046386719,354.16912841796875,323.1566467285156,316.1929931640625,321.2834777832031,348.74505615234375,336.1020812988281,360.0722351074219,316.5316467285156,321.5618896484375,306.8984375,311.101318359375,301.1138916015625,282.3485107421875,251.3919219970703,33.012611389160156,0.4679756164550781
72,0.0,8.913740020943806e-05,0.0002647085639182478,0.0005057355156168342,0.0009366353042423725,0.001688417512923479,0.0027928161434829235,4.259953498840332,4.676443576812744,4.410554885864258,4.1133527755737305,4.3369140625,4.464872360229492,4.483269691467285,4.444518089294434,3.9624223709106445,4.240663051605225,20664.701171875,19985.8671875,21632.45703125,20994.025390625,20324.37109375,22410.884765625,18329.2109375,20098.291015625,19101.4765625,19117.79296875,20148.087890625,17294.064453125,16904.375,16912.23828125,16348.8125,16527.75,14270.9208984375,15653.0751953125,34.66368103027344,0.49262961745262146
73,0.0,7.599491073051468e-05,0.00022666348377242684,0.0004785491619259119,0.0008894516504369676,0.0016172772739082575,0.0026630740612745285,4.252260684967041,4.327447891235352,4.038759231567383,4.31124210357666,4.165384769439697,4.484995365142822,4.2478508949279785,4.134215831756592,4.454226970672607,4.164541244506836,5.140168190002441,5.016465187072754,4.760415554046631,4.728297233581543,4.841890811920166,5.133492469787598,4.973800182342529,5.190220355987549,5.452140808105469,6.184326171875,6.103135108947754,6.920616626739502,7.599938869476318,8.503908157348633,10.186027526855469,11.891593933105469,15.201875686645508,18.938756942749023,27.32048988342285,0.36804208159446716
74,0.0,9.993601270252839e-05,0.00024486015900038183,0.0005529901245608926,0.0009717806824482977,0.001897745649330318,0.003196856239810586,4.540721416473389,4.1043219566345215,4.280342102050781,4.407452583312988,4.239071369171143,4.126414775848389,3.9433257579803467,4.139922142028809,4.425062656402588,4.651650428771973,9.084506034851074,8.127005577087402,8.833734512329102,8.879740715026855,9.704035758972168,9.414066314697266,9.24118423461914,9.911687850952148,9.401838302612305,9.496395111083984,9.933850288391113,11.057427406311035,11.57388687133789,12.961686134338379,13.401079177856445,16.17559814453125,19.89177131652832,23.885290145874023,30.85946273803711,0.4137798547744751
75,0.0,9.306609717896208e-05,0.0002843193069566041,0.0005802997038699687,0.001027243328280747,0.0019976391922682524,0.0035329200327396393,4.612523555755615,4.3776984214782715,4.400309085845947,4.155651092529297,4.185284614562988,4.384870529174805,4.440632343292236,4.4469757080078125,4.704728603363037,4.30633020401001,8.893019676208496,8.70116138458252,8.298850059509277,8.462308883666992,8.350252151489258,8.887187957763672,8.655106544494629,8.897170066833496,9.007330894470215,9.458664894104004,10.060208320617676,10.897320747375488,11.106101036071777,12.730999946594238,13.254183769226074,16.01849937438965,20.112545013427734,24.631446838378906,31.581321716308594,0.45709723234176636
76,0.0,0.00014134959201328456,0.00039322077645920217,0.0007905772654339671,0.0014462722465395927,0.002878060331568122,0.004627912770956755,4.017153739929199,4.34912633895874,4.430192470550537,4.676329612731934,4.132047176361084,4.2892279624938965,4.576259136199951,4.213194847106934,4.247652530670166,4.24867582321167,14.075127601623535,14.679000854492188,13.36028003692627,14.075570106506348,14.792882919311523,14.234299659729004,14.391515731811523,14.715691566467285,14.458488464355469,16.417980194091797,16.392303466796875,17.381391525268555,18.767330169677734,18.346954345703125,22.143020629882812,24.733993530273438,30.363338470458984,36.85887908935547,49.58067321777344,0.6803894639015198
77,0.0,0.000107893421954941,0.00032337248558178544,0.0006253036553971469,0.0011258195154368877,0.002144773956388235,0.0035836007446050644,4.214946269989014,4.256333351135254,4.04684591293335,4.235014915466309,4.230286121368408,4.345380783081055,3.9731578826904297,4.431039810180664,4.200031280517578,4.410939693450928,5.70908260345459,5.738062381744385,6.335917949676514,6.4286909103393555,6.1397809982299805,5.899443626403809,5.986168384552002,5.946440696716309,6.4470319747924805,6.442983627319336,7.4691362380981445,7.672956466674805,8.723124504089355,9.858658790588379,11.910489082336426,14.199636459350586,17.479555130004883,22.340789794921875,33.03007888793945,0.4132666289806366
78,0.0,0.00012496662384364754,0.0003330725885462016,0.0006667631096206605,0.0012571311090141535,0.0023379281628876925,0.0037814832758158445,4.180405616760254,4.004967212677002,3.9796066284179688,4.328176975250244,4.28381872177124,4.632263660430908,4.51547384262085,4.539278507232666,4.095388889312744,4.390384197235107,9.100266456604004,8.376596450805664,8.837638854980469,9.588086128234863,8.28322696685791,9.574251174926758,9.483084678649902,9.588754653930664,10.292221069335938,9.801384925842285,10.628111839294434,11.270879745483398,11.766146659851074,13.021371841430664,15.664911270141602,17.538555145263672,21.27718734741211,27.627708435058594,34.90757751464844,0.5449614524841309
79,0.0,9.291339665651321e-05,0.0002607512578833848,0.0005289023974910378,0.0009667869308032095,0.0018367806915193796,0.0030773459002375603,4.249178886413574,4.232989311218262,4.161609649658203,4.2893171310424805,4.168262958526611,4.557958126068115,4.026750564575195,4.292131423950195,4.164328575134277,4.169781684875488,27.40777015686035,26.942001342773438,28.0081729888916,27.54808807373047,27.59214210510254,28.585023880004883,29.093778610229492,28.607637405395508,29.739871978759766,30.39311408996582,28.297962188720703,31.11571502685547,32.05784225463867,31.781967163085938,34.23558807373047,35.45030212402344,41.041893005371094,45.69058609008789,40.071346282958984,0.6289620399475098
80,0.0,0.00013188010780140758,0.000399486132664606,0.000716317561455071,0.0014400954823940992,0.0027569839730858803,0.0046686106361448765,4.172068119049072,4.381200790405273,4.301592826843262,4.386363506317139,4.4914045333862305,4.187926769256592,4.332404613494873,4.246518611907959,4.260598659515381,4.158526420593262,38.632789611816406,39.08777618408203,39.540626525878906,43.641456604003906,41.69608688354492,37.11053466796875,38.15310287475586,38.70265197753906,38.096580505371094,38.30940628051758,40.04898452758789,43.05644607543945,40.40657043457031,41.0794563293457,42.96260452270508,45.52922058105469,49.59942626953125,58.33967590332031,41.62975311279297,0.646031379699707
81,0.0,9.91618144325912e-05,0.0002794507599901408,0.0005557240801863372,0.0009721524547785521,0.0019278337713330984,0.003211377188563347,4.377229690551758,4.335699558258057,4.360815525054932,4.1336669921875,4.384578704833984,4.581569671630859,3.981152296066284,4.259530544281006,4.2231974601745605,4.213902473449707,4.838778495788574,4.733036994934082,4.976200580596924,5.385817050933838,4.528591156005859,4.916286468505859,4.7892913818359375,5.471047878265381,5.576708793640137,5.708878040313721,5.8253865242004395,6.810103416442871,8.009806632995605,8.54296875,10.421246528625488,12.247209548950195,16.007789611816406,20.787626266479492,33.784324645996094,0.49467015266418457
82,0.0,8.379173959838226e-05,0.0002314740268047899,0.0004892536671832204,0.0008901814580895007,0.0017163818702101707,0.002854586113244295,4.515007019042969,4.549612998962402,4.34661340713501,4.1400275230407715,3.8977599143981934,4.526812553405762,4.490793704986572,4.058706283569336,4.373688220977783,4.531519889831543,50.48977279663086,62.53630065917969,57.840877532958984,45.26396560668945,40.450435638427734,43.665611267089844,34.00650405883789,27.22416877746582,22.162729263305664,14.226764678955078,13.938566207885742,10.036428451538086,9.494512557983398,9.38016414642334,10.833917617797852,13.205127716064453,16.31540870666504,21.601057052612305,33.88695526123047,0.44229060411453247
83,0.0,7.679776899749413e-05,0.00020053736807312816,0.0004786447389051318,0.0008552026120014489,0.0016354360850527883,0.0027771180029958487,4.472038269042969,4.324933052062988,4.503993034362793,4.376529216766357,4.292892932891846,4.3574113845825195,4.221967697143555,4.270162582397461,4.306669235229492,4.359029769897461,4.540018558502197,4.796165466308594,5.093510150909424,4.774060249328613,5.0436482429504395,4.953376293182373,4.9888386726379395,5.552408695220947,5.672179698944092,5.942554950714111,6.4389567375183105,6.953706741333008,7.723162651062012,8.669898986816406,10.027305603027344,12.065486907958984,16.51543617248535,21.053129196166992,31.810150146484375,0.42316964268684387
84,0.0,8.488384628435597e-05,0.0002409554726909846,0.0005348070990294218,0.0009324945276603103,0.0018168202368542552,0.0030324289109557867,4.611774444580078,4.181996822357178,4.188085556030273,4.360734462738037,4.331592082977295,4.131808757781982,4.466792106628418,4.370149612426758,4.193269729614258,4.311708450317383,30.136127471923828,31.453319549560547,30.879003524780273,29.4008846282959,31.12137222290039,31.093393325805664,32.00933837890625,28.391695022583008,31.93140411376953,28.837913513183594,32.45288848876953,28.569316864013672,32.52710723876953,33.783729553222656,37.46107864379883,38.092384338378906,42.40364074707031,46.61719512939453,32.125518798828125,0.4574301540851593
85,0.0,9.892502566799521e-05,0.0002515310188755393,0.0005311857094056904,0.0010126498527824879,0.0019854821730405092,0.003358799032866955,4.307405471801758,4.263220310211182,4.297900199890137,4.413995265960693,4.255602836608887,3.9190561771392822,4.478468894958496,4.343500137329102,4.05217170715332,4.29032039642334,56.720855712890625,66.56947326660156,61.46472930908203,64.80377960205078,61.47998046875,58.48923873901367,61.65457534790039,62.02104187011719,60.33257293701172,63.37060546875,62.068607330322266,60.09033966064453,64.90987396240234,63.71514892578125,66.05876922607422,63.596893310546875,68.84284973144531,77.91214752197266,32.50267791748047,0.45091620087623596
86,0.0,9.612576832296327e-05,0.000267894531134516,0.0005559977726079524,0.001026044599711895,0.0018324709963053465,0.002977832220494747,4.300000190734863,4.371507167816162,4.513481616973877,4.093218803405762,4.163641929626465,4.0483880043029785,4.315592288970947,4.266581058502197,4.524244785308838,3.996293306350708,451.5821838378906,408.2375793457031,399.345458984375,402.38494873046875,419.14215087890625,409.31964111328125,414.76165771484375,410.3076171875,434.8731384277344,418.7909240722656,426.7581787109375,452.9189758300781,436.15289306640625,415.85614013671875,437.96893310546875,402.3691101074219,419.376953125,460.7431640625,34.20103454589844,0.4979531168937683
87,0.0,0.00012142146442783996,0.000336574885295704,0.000736463931389153,0.0012374460930004716,0.0023674394469708204,0.003924746997654438,4.406375408172607,4.350893020629883,4.83464241027832,4.213736534118652,4.107771873474121,4.20506477355957,4.155147552490234,4.255551338195801,4.258763790130615,4.6423516273498535,5.663533687591553,5.913548946380615,5.879397869110107,5.791675090789795,5.497051239013672,5.939716815948486,6.107079029083252,6.338114261627197,6.822085380554199,6.888878345489502,6.9142279624938965,8.139150619506836,8.554764747619629,9.389742851257324,11.459121704101562,13.78777027130127,17.46930503845215,22.48939323425293,33.613800048828125,0.6126100420951843
88,0.0,0.00010088542330777273,0.00026251186500303447,0.000540348410140723,0.0010338323190808296,0.001975464867427945,0.0033332272432744503,4.411197662353516,4.20089864730835,4.155800819396973,4.1710052490234375,4.648814678192139,4.190365791320801,4.0648112297058105,4.356703758239746,4.248602867126465,3.932041883468628,6.180086135864258,5.909061908721924,6.627813816070557,5.567461013793945,6.104495048522949,6.4590229988098145,6.4865264892578125,6.324690818786621,6.543457508087158,6.948721885681152,7.767542362213135,8.365777969360352,9.10538387298584,10.618875503540039,12.38372802734375,13.82638931274414,18.09659767150879,23.12876319885254,35.93218231201172,0.5226770043373108
89,0.0,7.653026841580868e-05,0.00021447731705848128,0.0004588983138091862,0.0008252733387053013,0.0015247338451445103,0.0025037131272256374,4.192692279815674,4.456991195678711,4.006256103515625,4.41583251953125,4.886537551879883,4.051567077636719,4.175699234008789,4.366493225097656,4.155393600463867,4.8050217628479,9.165472984313965,8.563450813293457,9.378540992736816,9.126518249511719,8.69191837310791,9.317456245422363,9.062860488891602,10.082651138305664,9.531933784484863,9.341217041015625,10.044015884399414,10.807628631591797,12.357625961303711,12.270804405212402,14.734683990478516,16.804750442504883,19.275806427001953,23.975854873657227,26.68421745300293,0.35281917452812195
90,0.0,9.538522863294929e-05,0.00026168179465457797,0.0005544292507693172,0.0010643649147823453,0.0020762698259204626,0.003517481265589595,4.231192111968994,4.26645565032959,4.308716297149658,4.371488094329834,4.57832670211792,4.330894947052002,4.094651222229004,4.350653648376465,4.329649448394775,4.182896614074707,4.996232509613037,4.795436382293701,4.733394622802734,4.750438690185547,4.893378257751465,5.142425537109375,5.412313938140869,5.741363525390625,5.766665935516357,5.830839157104492,6.216660499572754,6.833252429962158,7.885683059692383,8.44963550567627,10.466676712036133,12.807450294494629,16.78819465637207,20.765621185302734,32.79822540283203,0.44888508319854736
91,0.0,9.150879486696795e-05,0.0002493428182788193,0.0005071744089946151,0.000962652440648526,0.0018758089281618595,0.003105305600911379,4.100637435913086,4.437495231628418,3.900390625,4.225001335144043,4.462223052978516,4.5824666023254395,4.3165740966796875,4.493872165679932,4.240360736846924,4.648529052734375,68.21359252929688,69.5484619140625,67.57572174072266,67.36346435546875,70.15373992919922,69.1460952758789,72.20091247558594,78.26809692382812,68.96244049072266,64.71265411376953,73.01263427734375,72.41437530517578,70.5698471069336,76.74711608886719,77.07784271240234,75.7677230834961,83.03361511230469,83.75626373291016,39.629493713378906,0.6034328937530518
92,0.0,8.558776607969776e-05,0.00025254805223084986,0.0005329670966602862,0.000918269797693938,0.0017229667864739895,0.0028784722089767456,4.553761959075928,4.573083400726318,4.090738296508789,4.26446533203125,4.440721035003662,4.590609550476074,4.387561798095703,4.20293664932251,4.308077335357666,3.9415221214294434,8.90829086303711,9.170513153076172,8.584711074829102,9.369258880615234,8.81919002532959,9.45296859741211,9.005484580993652,9.599164962768555,9.489306449890137,10.463665008544922,10.68021297454834,11.492168426513672,12.266377449035645,12.257497787475586,14.407469749450684,16.07759666442871,20.30923080444336,25.04120445251465,33.31768798828125,0.4950600266456604
93,0.0,9.749730088515207e-05,0.00029609736520797014,0.000611164839938283,0.0010970247676596045,0.0021082411985844374,0.0035123226698487997,4.277911186218262,4.226099491119385,4.263610363006592,4.297626972198486,4.214223861694336,3.9235894680023193,4.534623622894287,4.434698581695557,4.4157233238220215,4.112001895904541,19.373985290527344,22.205490112304688,19.842939376831055,19.645587921142578,20.288789749145508,20.981098175048828,18.696653366088867,20.64217758178711,20.18866539001465,20.359355926513672,22.350833892822266,22.773311614990234,23.325946807861328,24.213485717773438,25.99321746826172,27.631200790405273,30.779525756835938,35.544219970703125,32.36692810058594,0.4391413927078247
94,0.0,0.00010499089694349095,0.0002943376312032342,0.0006312656332738698,0.0011065483558923006,0.0020577271934598684,0.003453179495409131,4.450318336486816,4.4885101318359375,4.581807613372803,4.381383895874023,3.9436330795288086,3.854949474334717,3.873502731323242,4.556856632232666,4.3777079582214355,4.107102394104004,20.95163345336914,19.322153091430664,21.097196578979492,22.356840133666992,21.31366539001465,20.280872344970703,20.11125373840332,21.001178741455078,22.66713523864746,21.8494815826416,22.628429412841797,23.787212371826172,24.542837142944336,25.43972396850586,26.699180603027344,27.689485549926758,31.894060134887695,36.969852447509766,30.357099533081055,0.4337877333164215
95,0.0,7.654944784007967e-05,0.00020991975907236338,0.00045308246626518667,0.0008233020780608058,0.0015549965901300311,0.0026745153591036797,4.866411209106445,4.284307956695557,4.303048610687256,4.250985145568848,4.4327006340026855,4.247982501983643,4.289425849914551,4.325170040130615,4.475683689117432,4.208194732666016,4.62516450881958,4.899196624755859,4.7817559242248535,4.820188522338867,4.607848167419434,4.830817699432373,5.349874496459961,5.1786627769470215,5.749061584472656,6.3162736892700195,6.248988151550293,7.07921838760376,7.313262939453125,8.543787956237793,10.236804962158203,12.283430099487305,16.156232833862305,20.32494354248047,32.41135025024414,0.4833485782146454
96,0.0,0.00010332348028896376,0.00028991117142140865,0.0005806210683658719,0.0010980046354234219,0.0021589533425867558,0.0036830869503319263,4.527008056640625,4.0924787521362305,4.416469097137451,4.492551803588867,4.236629486083984,4.322801113128662,4.438723087310791,4.132469654083252,4.3310627937316895,4.496959209442139,1109.8157958984375,1198.9388427734375,1228.9658203125,1126.57666015625,1107.0238037109375,1128.424560546875,1007.98681640625,927.450439453125,791.2784423828125,769.5355834960938,688.781494140625,604.6370239257812,515.9651489257812,495.6468505859375,406.3996887207031,311.8916320800781,202.13206481933594,162.7554473876953,42.284637451171875,0.5727126002311707
97,0.0,9.112789120990783e-05,0.00023125388543121517,0.0004937159246765077,0.0009539331658743322,0.0018568388186395168,0.0030863794963806868,4.44424295425415,4.489280700683594,4.276338577270508,4.140124320983887,4.260176181793213,4.30233907699585,4.35821008682251,4.441871166229248,4.333861827850342,4.389171123504639,13.650176048278809,14.226400375366211,15.144189834594727,14.321937561035156,14.309118270874023,12.982574462890625,15.367594718933105,15.487868309020996,14.819305419921875,14.909829139709473,14.92796516418457,16.725954055786133,17.466732025146484,18.390851974487305,20.0831241607666,22.6470947265625,25.79494857788086,30.34665298461914,33.80125045776367,0.4446025788784027
98,0.0,8.28822230687365e-05,0.00023317434533964843,0.0005167939234524965,0.0009384217555634677,0.0016876381123438478,0.002772853011265397,4.298455715179443,4.117410182952881,4.394811630249023,4.246385097503662,4.197077751159668,3.9895782470703125,4.584541320800781,4.059474468231201,4.369635105133057,4.135078430175781,20.316787719726562,20.37271499633789,19.890029907226562,20.241531372070312,23.755332946777344,19.325157165527344,21.5571346282959,21.131052017211914,22.02059555053711,22.832578659057617,23.70987892150879,22.13678550720215,23.719058990478516,22.38617515563965,25.43980598449707,29.34359359741211,32.87019729614258,34.94341278076172,30.11640739440918,0.4682474136352539
99,0.0,0.0001011732456390746,0.000271196331596002,0.0005514060612767935,0.0010105345863848925,0.0018864725716412067,0.003190926741808653,4.1757988929748535,4.24050760269165,4.2077956199646,4.281482696533203,4.110482692718506,4.228309154510498,4.171607494354248,4.126652717590332,4.332706928253174,4.2625627517700195,13.883320808410645,14.322773933410645,14.140342712402344,14.860637664794922,14.058777809143066,14.445549964904785,12.619086265563965,12.960797309875488,14.077956199645996,14.60936164855957,15.5818452835083,16.660531997680664,16.483131408691406,17.577661514282227,19.53190040588379,21.587200164794922,24.233625411987305,28.006200790405273,30.282522201538086,0.4242965579032898
100,0.0,8.522690768586472e-05,0.00022753651137463748,0.0004672619397751987,0.0008899252279661596,0.0017618609126657248,0.002942897379398346,4.444291114807129,4.326315402984619,4.330785274505615,4.4191789627075195,3.9994640350341797,4.506709098815918,4.535557270050049,4.477588176727295,4.725826263427734,4.224386692047119,5.91525936126709,6.1649580001831055,5.784289836883545,5.903903484344482,5.919008255004883,5.868504047393799,6.382833957672119,6.271496772766113,7.0819830894470215,7.069702625274658,7.1324381828308105,7.706686973571777,8.63702392578125,9.481868743896484,11.609533309936523,13.747566223144531,17.827674865722656,21.73887062072754,33.19983673095703,0.5395120978355408
101,0.0,8.21931243990548e-05,0.00023110388428904116,0.0004742884775623679,0.0008762452052906156,0.0015915794065222144,0.002672214526683092,3.9621589183807373,4.195850372314453,4.213247299194336,4.363226413726807,4.531583309173584,4.3928351402282715,4.185006141662598,4.27503776550293,4.394723415374756,4.292541980743408,9.321940422058105,9.08695125579834,8.46402645111084,9.307703971862793,8.65992259979248,8.593053817749023,9.197138786315918,9.23231315612793,8.949665069580078,9.881654739379883,10.10983657836914,11.402093887329102,12.437896728515625,12.473785400390625,14.504805564880371,17.209558486938477,20.974754333496094,26.073192596435547,35.544071197509766,0.5128095746040344
102,0.0,9.202469664160162e-05,0.00025984429521486163,0.0005489527829922736,0.001000010292045772,0.0019019229803234339,0.0031641554087400436,4.626092433929443,4.223106384277344,4.1051926612854,4.393907070159912,4.240468502044678,3.9635040760040283,4.47703742980957,4.731818675994873,4.886022567749023,4.481637001037598,4.866562843322754,4.914252758026123,4.5326457023620605,5.104506969451904,5.160423278808594,5.160550117492676,5.217447280883789,5.2636003494262695,5.507406711578369,5.465347766876221,6.065469264984131,6.846958160400391,7.61616849899292,8.421723365783691,10.090197563171387,12.486030578613281,15.360580444335938,19.91031265258789,30.055559158325195,0.40465691685676575
103,0.0,9.379627590533346e-05,0.0002801149385049939,0.000574729812797159,0.0010297525441274047,0.0018960031447932124,0.003096086671575904,4.318140983581543,4.359855651855469,4.220421314239502,4.13937520980835,4.311007976531982,4.031316757202148,3.9282233715057373,4.302029609680176,4.455948352813721,4.145527362823486,4.66141414642334,5.173280715942383,4.818525791168213,4.694201469421387,4.7122602462768555,4.916786193847656,4.735325336456299,5.4703192710876465,5.322423458099365,5.9229936599731445,6.2387189865112305,6.447366714477539,7.528244495391846,8.413756370544434,9.671283721923828,11.842167854309082,15.433305740356445,19.551197052001953,29.210880279541016,0.4626624584197998
104,0.0,0.00010862543422263116,0.00030205919756554067,0.0006159019540064037,0.0011664421763271093,0.0021895740646868944,0.0036233621649444103,4.190549850463867,3.9225471019744873,4.2093939781188965,4.277356147766113,4.123031139373779,4.6142473220825195,4.18641996383667,4.584974765777588,4.256810188293457,4.14792537689209,9.448530197143555,8.98180103302002,9.348697662353516,8.970274925231934,9.269027709960938,8.277411460876465,8.879353523254395,8.886090278625488,10.087608337402344,10.155882835388184,10.676814079284668,12.170547485351562,11.984450340270996,12.675215721130371,14.686174392700195,16.47702980041504,19.692916870117188,24.37617301940918,33.456783294677734,0.42975470423698425
105,0.0,7.980602094903588e-05,0.00021480971190612763,0.00046625779941678047,0.0008536491659469903,0.0015784575371071696,0.0026027632411569357,3.841686487197876,4.056063175201416,4.339555263519287,4.347569465637207,3.7945427894592285,4.138216018676758,4.067729949951172,4.316100120544434,4.424224853515625,4.210935592651367,5.563258171081543,5.943507194519043,6.065381050109863,5.980083465576172,5.756385326385498,5.961282730102539,6.372032165527344,6.431817531585693,6.9568281173706055,6.793838024139404,7.248476982116699,8.2897367477417,8.840635299682617,9.774785995483398,10.887799263000488,13.014955520629883,17.281253814697266,21.781312942504883,31.85087013244629,0.500178337097168
106,0.0,9.528793452773243e-05,0.00024379439128097147,0.0005264253122732043,0.0009688911377452314,0.0019293037476018071,0.0031766844913363457,4.07868766784668,3.8914225101470947,4.189966678619385,4.452655792236328,4.358822345733643,4.1367998123168945,4.395224094390869,4.629448413848877,4.660759925842285,4.419869899749756,5.08948278427124,4.903874397277832,4.866302967071533,5.39408540725708,5.032358646392822,4.736598014831543,4.377854824066162,5.452581405639648,5.791714191436768,6.03746223449707,6.12208366394043,7.0292205810546875,7.9383673667907715,8.524139404296875,10.473411560058594,12.641971588134766,16.566242218017578,20.98683738708496,35.179229736328125,0.4505537152290344
107,0.0,0.00010740297875599936,0.0003093541890848428,0.0005767769180238247,0.0011116474634036422,0.0021030823700129986,0.0034577418118715286,4.369403839111328,4.271805763244629,4.180459976196289,4.352736473083496,4.265285491943359,4.252100944519043,4.27178430557251,3.9164092540740967,4.28020715713501,4.136240482330322,6402.04736328125,7181.060546875,6620.076171875,5914.15234375,6261.57421875,6098.80615234375,6027.2451171875,5775.13916015625,5493.49755859375,5120.88037109375,5210.4609375,4985.48046875,4515.68212890625,4171.55859375,3909.885498046875,3458.528076171875,3116.755859375,3067.756591796875,38.835697174072266,0.5087953209877014
108,0.0,8.605962648289278e-05,0.0002389873843640089,0.0005141074070706964,0.0009343415731564164,0.001821160432882607,0.003113242331892252,4.644260883331299,4.155166149139404,4.258840084075928,4.516388893127441,4.465005874633789,4.257813453674316,4.229647159576416,4.452421188354492,4.51343297958374,4.228776454925537,15.104211807250977,14.371747016906738,13.723297119140625,14.417842864990234,13.315295219421387,13.659051895141602,13.584149360656738,14.627941131591797,14.63652515411377,14.917326927185059,15.37861442565918,16.317075729370117,16.076406478881836,18.613094329833984,19.462156295776367,22.39028549194336,25.165691375732422,30.194868087768555,33.07693099975586,0.44768109917640686
109,0.0,0.00010106308764079586,0.0003007593331858516,0.000576838559936732,0.0011304626241326332,0.0020297951996326447,0.0033220984041690826,4.3992815017700195,4.124154090881348,4.421424865722656,4.1127610206604,4.057302474975586,4.3416876792907715,4.441234588623047,4.237290382385254,3.932086706161499,4.274686813354492,9.191540718078613,8.784963607788086,7.9941582679748535,9.062314987182617,8.780362129211426,9.167093276977539,9.188733100891113,9.313210487365723,9.381566047668457,10.02498722076416,10.810774803161621,11.049386024475098,12.459346771240234,12.881440162658691,14.50605583190918,16.925552368164062,21.555984497070312,26.86610221862793,38.877967834472656,0.5692331194877625
110,0.0,8.741184137761593e-05,0.00024521720479242504,0.0005051439511589706,0.0009307550499215722,0.001766241854056716,0.002897833241149783,4.320498466491699,4.413083076477051,4.190712928771973,4.335635185241699,4.476597785949707,3.96878719329834,4.191793918609619,4.4801106452941895,4.194538116455078,4.650174140930176,4.730625629425049,5.032853126525879,5.089387893676758,4.717573642730713,5.504194736480713,5.055812835693359,5.1111955642700195,5.447556018829346,5.543837547302246,5.945591926574707,6.452498435974121,6.845851898193359,7.548165321350098,8.528377532958984,9.829692840576172,12.424278259277344,15.309211730957031,19.871849060058594,30.890005111694336,0.42605769634246826
111,0.0,9.082716860575601e-05,0.0002532710786908865,0.0005371301085688174,0.0009782081469893456,0.001872137887403369,0.00308378622867167,4.028619289398193,4.318295001983643,4.287484645843506,4.170690536499023,4.063507556915283,4.013026714324951,4.3304972648620605,4.557830333709717,4.311561584472656,4.397429943084717,20.91267967224121,18.61607551574707,21.044836044311523,21.688879013061523,21.663169860839844,22.422040939331055,21.911128997802734,19.658910751342773,21.248525619506836,21.756025314331055,22.44223976135254,22.624910354614258,23.277469635009766,24.78070831298828,26.2078914642334,28.73991584777832,32.73706817626953,36.998558044433594,31.500621795654297,0.45205146074295044
112,0.0,8.551518840249628e-05,0.00022248949971981347,0.0004911724827252328,0.0008580985595472157,0.0017011737218126655,0.0029555552173405886,4.760616302490234,4.422784805297852,4.448797225952148,4.337745189666748,4.274614334106445,4.19664192199707,4.702969074249268,4.447930812835693,4.126219749450684,4.088160991668701,14.614179611206055,13.049875259399414,14.035192489624023,14.796629905700684,14.134084701538086,15.302473068237305,14.46532917022705,14.52175235748291,14.298941612243652,15.299924850463867,14.878883361816406,15.923971176147461,16.391138076782227,18.691476821899414,19.907073974609375,22.292810440063477,25.164154052734375,29.755630493164062,28.34676742553711,0.3986265957355499
113,0.0,9.960401803255081e-05,0.00027444688021205366,0.0005756512982770801,0.0009982752380892634,0.0019214830826967955,0.0032077825162559748,4.719640731811523,4.3050537109375,4.408910274505615,4.163883209228516,4.418186187744141,4.316342830657959,4.3669328689575195,4.41395902633667,4.233554840087891,4.2743821144104,7.812638759613037,8.423877716064453,8.612916946411133,8.084380149841309,8.620656967163086,8.87479305267334,9.118705749511719,8.9596586227417,9.24564266204834,9.08094310760498,10.446338653564453,10.714770317077637,10.963372230529785,12.61929988861084,14.468024253845215,15.947334289550781,20.1487979888916,25.852441787719727,37.81867980957031,0.5188398957252502
114,0.0,9.698693611426279e-05,0.0002633031690493226,0.0005314506706781685,0.0009515255806036294,0.0018201835919171572,0.003007043618708849,4.231847286224365,4.2610392570495605,4.289421081542969,4.51100492477417,4.2442851066589355,4.239404678344727,4.632550239562988,4.27126932144165,3.8867125511169434,4.248380661010742,4.794224739074707,4.760930061340332,4.679379940032959,4.725729465484619,5.201052665710449,5.197117805480957,5.183420658111572,5.332895755767822,5.5507426261901855,5.994273662567139,6.232364654541016,7.310726165771484,7.799063682556152,8.488226890563965,9.788606643676758,12.389734268188477,15.626242637634277,19.831430435180664,31.185649871826172,0.45459315180778503
115,0.0,8.742375212023035e-05,0.0002286080998601392,0.0005017268704250455,0.0008899573585949838,0.0016180831007659435,0.0026864486280828714,4.284400463104248,4.345852375030518,4.240176677703857,3.8717496395111084,4.344655990600586,4.311578750610352,4.145115375518799,4.576253890991211,4.013020038604736,4.342247486114502,8.368027687072754,8.466330528259277,9.375085830688477,9.575446128845215,9.290977478027344,9.089670181274414,9.23404312133789,9.663265228271484,9.526988983154297,10.517364501953125,10.324793815612793,11.046936988830566,11.624785423278809,12.643587112426758,14.229423522949219,16.60056495666504,19.43850326538086,25.106884002685547,33.31175231933594,0.4542451798915863
116,0.0,8.203750621760264e-05,0.0002276304003316909,0.0004821617912966758,0.0008583383751101792,0.001565819955430925,0.0025800331495702267,4.66110372543335,4.116926193237305,4.107065677642822,4.117810249328613,4.581372261047363,4.049908638000488,4.593080520629883,4.145762920379639,4.026983737945557,4.240350246429443,9.473363876342773,8.551834106445312,8.790806770324707,8.691981315612793,8.333773612976074,8.448543548583984,9.043305397033691,9.659317016601562,8.769607543945312,9.723442077636719,10.498213768005371,10.648638725280762,12.89040470123291,12.519672393798828,15.025585174560547,15.707682609558105,19.92431640625,24.550838470458984,28.935894012451172,0.4345684349536896
117,0.0,8.224407793022692e-05,0.00021285585535224527,0.00045714661246165633,0.0008506674785166979,0.0016445497749373317,0.0027584536001086235,4.170313835144043,4.055671215057373,4.226352691650391,4.340104579925537,3.9426002502441406,4.741806507110596,4.637861251831055,4.6521196365356445,4.078766345977783,4.0656843185424805,13.575904846191406,13.635674476623535,14.275606155395508,15.454712867736816,13.570544242858887,13.914566993713379,15.287576675415039,13.619102478027344,14.722989082336426,14.117777824401855,16.132156372070312,16.73839569091797,17.563867568969727,17.325265884399414,19.527780532836914,22.146595001220703,25.179521560668945,30.560171127319336,33.62818908691406,0.43423885107040405
118,0.0,7.930532592581585e-05,0.00022464369249064475,0.0004905412788502872,0.0009186605457216501,0.0017088063759729266,0.002822931157425046,4.200059413909912,4.148858547210693,3.937865972518921,4.275204181671143,4.516054153442383,4.1031317710876465,4.233098030090332,4.9378838539123535,4.432164669036865,4.237771987915039,26.245161056518555,30.317623138427734,31.900489807128906,29.865629196166992,31.541324615478516,31.18343734741211,29.1318302154541,33.704654693603516,32.69400405883789,32.96354675292969,29.134212493896484,29.489654541015625,33.356597900390625,34.086036682128906,34.54499816894531,37.94110870361328,43.193878173828125,47.17274475097656,28.275428771972656,0.40483659505844116
119,0.0,9.219023922923952e-05,0.0002527419419493526,0.0005375474574975669,0.001008174498565495,0.0019515686435624957,0.003275335766375065,4.334920883178711,4.39624547958374,4.688297271728516,3.919424533843994,4.2115397453308105,4.319197654724121,4.554123878479004,4.080491065979004,4.221202850341797,4.324834823608398,4.702473163604736,4.862908363342285,4.817795276641846,5.083930015563965,5.265764236450195,5.059058666229248,4.7563371658325195,5.259581089019775,5.48541259765625,5.711482524871826,6.160693645477295,6.635805130004883,7.8238935470581055,8.157522201538086,10.300909042358398,11.861053466796875,15.646235466003418,19.241352081298828,29.346860885620117,0.41013193130493164
120,0.0,9.578354365658015e-05,0.0002640846651047468,0.0005593951209448278,0.001066826400347054,0.002077485667541623,0.0033936677500605583,4.326580047607422,3.9604508876800537,4.233876705169678,4.258962154388428,4.411738395690918,4.54631233215332,4.042286396026611,4.088798999786377,4.472002029418945,4.698836803436279,13.512760162353516,13.046646118164062,14.182795524597168,13.391501426696777,14.628061294555664,13.004684448242188,14.706657409667969,13.599971771240234,12.5534086227417,14.618163108825684,14.97836971282959,15.383249282836914,15.283174514770508,16.459796905517578,19.035673141479492,21.20682144165039,26.862396240234375,29.99445915222168,37.68838882446289,0.5764890313148499
121,0.0,9.53030030359514e-05,0.0002569102798588574,0.0005260520847514272,0.0009873192757368088,0.0018921882146969438,0.0031863818876445293,4.351428508758545,4.354173183441162,4.709009647369385,4.132143497467041,4.314472198486328,4.227600574493408,3.9846720695495605,4.265247344970703,4.215184688568115,4.454071521759033,4.658117294311523,4.813697338104248,5.097512722015381,4.932273864746094,5.028172016143799,4.8636298179626465,5.0085554122924805,5.82266902923584,5.69193172454834,5.917823314666748,6.044114589691162,6.523384094238281,7.530361652374268,8.288590431213379,9.964545249938965,12.00564956665039,14.875986099243164,19.235872268676758,28.49639892578125,0.3624313175678253
122,0.0,0.00010033480066340417,0.00027467531617730856,0.0005828237626701593,0.001074521103873849,0.0020335507579147816,0.003300007898360491,4.45900297164917,4.240837097167969,4.223356246948242,4.455838203430176,4.2710347175598145,4.326436519622803,4.236080646514893,4.304947376251221,4.383518218994141,4.429174900054932,30.2813777923584,33.47184371948242,32.87435531616211,30.399654388427734,30.159465789794922,31.62171173095703,27.96336555480957,30.136356353759766,30.318513870239258,31.987810134887695,30.739299774169922,31.5662899017334,29.928653717041016,32.875,34.8278694152832,37.531829833984375,41.72065734863281,46.048927307128906,32.91543960571289,0.46461763978004456
123,0.0,9.055225382326171e-05,0.000255710183409974,0.0005641498137265444,0.0010303724557161331,0.002005472779273987,0.0033285091631114483,4.328781604766846,4.274780750274658,4.112913131713867,3.9843015670776367,4.4083051681518555,4.330820083618164,4.440028667449951,4.71388578414917,4.393784523010254,4.238313674926758,8.87684154510498,9.461423873901367,8.961885452270508,8.887222290039062,8.958008766174316,9.138611793518066,9.800798416137695,10.03710651397705,9.711514472961426,9.710016250610352,10.411359786987305,11.29124641418457,12.124617576599121,13.187191009521484,15.333656311035156,16.78070068359375,21.96236801147461,27.479501724243164,44.321266174316406,0.7243713736534119
124,0.0,9.615633462090045e-05,0.00030365007114596665,0.0006478846189565957,0.0011343295918777585,0.0020598960109055042,0.0034162825904786587,3.9087164402008057,4.60203742980957,4.3490777015686035,4.362221717834473,4.060558319091797,4.670577049255371,4.182627201080322,3.9264347553253174,4.215121746063232,4.204782009124756,9.153385162353516,8.919814109802246,9.155424118041992,8.69755744934082,9.425081253051758,9.000616073608398,9.305076599121094,9.762142181396484,9.58081340789795,9.759086608886719,10.594818115234375,11.090855598449707,12.41513729095459,13.092377662658691,15.462540626525879,16.80645179748535,20.706233978271484,26.41689109802246,34.51994323730469,0.4558587670326233
125,0.0,0.00011706920486176386,0.00030082938610576093,0.0006242777453735471,0.0011908875312656164,0.002374462317675352,0.003988991491496563,4.475389003753662,4.079415798187256,4.064838409423828,3.912485122680664,4.267220497131348,4.50424337387085,4.1398844718933105,4.327114582061768,4.50331449508667,4.549898147583008,4.753191947937012,4.74470853805542,5.087609767913818,5.282652378082275,4.639345645904541,5.298543453216553,5.076991081237793,5.739232540130615,5.768772602081299,5.93368673324585,6.537173271179199,7.332542896270752,7.7608723640441895,9.093029975891113,11.360836029052734,13.637059211730957,18.117570877075195,23.618877410888672,42.64714431762695,0.6398318409919739
126,0.0,7.287436164915562e-05,0.00020246885833330452,0.00045970859355293214,0.0008433462353423238,0.0015343923587352037,0.0025486904196441174,4.476147651672363,4.259125709533691,4.39538049697876,4.748561859130859,4.339887619018555,4.166984558105469,4.348465919494629,3.956881046295166,4.249591827392578,4.224349021911621,4.7073822021484375,4.906770706176758,4.916150093078613,5.279084205627441,5.396528720855713,5.2616801261901855,5.219946384429932,5.232554912567139,5.344353675842285,5.846283435821533,6.288214206695557,6.741989612579346,7.821902751922607,8.635394096374512,10.433000564575195,12.595954895019531,16.124296188354492,19.823633193969727,31.31882095336914,0.44107386469841003
127,0.0,0.00014001566160004586,0.00041681999573484063,0.0007789152441546321,0.001406452851369977,0.0027432143688201904,0.004529226571321487,4.059286117553711,3.9439780712127686,4.02505350112915,4.380802154541016,4.378664016723633,4.007502555847168,4.3434343338012695,4.016500949859619,4.189800262451172,4.323334217071533,6.304466247558594,5.97276496887207,5.968069076538086,5.729459285736084,5.478639125823975,6.096968650817871,6.124854564666748,6.631383895874023,6.998807907104492,7.355164527893066,7.491639614105225,7.9719085693359375,9.182721138000488,10.653847694396973,12.640291213989258,15.031692504882812,19.533782958984375,26.43814468383789,49.12336349487305,0.7803126573562622
128,0.0,0.00012289811274968088,0.00032546630245633423,0.0006389329209923744,0.0011902981204912066,0.002375748474150896,0.004020878113806248,4.709089756011963,4.147621154785156,4.201576232910156,4.159457206726074,4.279468059539795,4.60310697555542,4.18179988861084,4.363317489624023,4.266459941864014,4.332426071166992,8.681767463684082,9.407269477844238,9.239034652709961,9.174505233764648,9.345190048217773,9.069069862365723,9.239755630493164,8.832262992858887,9.340717315673828,9.847762107849121,9.838826179504395,11.261026382446289,12.566670417785645,13.366312980651855,15.345685005187988,17.66707420349121,23.18134880065918,28.190317153930664,38.56965637207031,0.5345520377159119
129,0.0,8.86999478098005e-05,0.0002459847601130605,0.0004970188601873815,0.0009210068383254111,0.0018171919509768486,0.0030922468286007643,4.037178993225098,4.240891456604004,4.469766616821289,3.9591524600982666,4.294690132141113,3.951714038848877,4.323763370513916,4.3123650550842285,4.125017166137695,4.555681228637695,4.523996353149414,4.988826274871826,5.005313873291016,4.857183933258057,5.452731609344482,5.2608418464660645,5.104297637939453,5.570488452911377,5.454908847808838,5.918149471282959,6.216959476470947,7.213258266448975,7.596539497375488,8.557320594787598,10.454331398010254,12.199167251586914,15.908202171325684,20.369314193725586,31.325634002685547,0.4979936182498932
130,0.0,9.65258659562096e-05,0.0002540698042139411,0.0005143536254763603,0.0009984535863623023,0.0018932012608274817,0.0031383319292217493,4.280799865722656,4.008283615112305,4.529332160949707,4.387484550476074,4.322629928588867,4.58055305480957,4.8082966804504395,4.513881206512451,4.373444080352783,4.6328444480896,13.873613357543945,13.482625007629395,12.875678062438965,14.738141059875488,13.597138404846191,13.469265937805176,14.06799030303955,13.550004959106445,14.780426025390625,15.108173370361328,14.965944290161133,16.555452346801758,16.69975471496582,18.83997344970703,20.83014488220215,23.050933837890625,26.303388595581055,32.11982345581055,36.762168884277344,0.583639919757843
131,0.0,0.00010667431342881173,0.00030331488233059645,0.000637425051536411,0.001145032700151205,0.0020829597488045692,0.0033978072460740805,4.2108354568481445,4.3834662437438965,4.471221923828125,4.256765842437744,4.066137313842773,4.293623447418213,4.1850175857543945,4.4341654777526855,4.184357643127441,4.31648588180542,5.399036884307861,5.643954753875732,6.232091426849365,5.507885456085205,6.265429496765137,5.923707008361816,6.336615562438965,6.387266635894775,7.020549297332764,7.247369289398193,7.202752113342285,7.986028671264648,8.710658073425293,9.28818416595459,11.33151626586914,14.05807876586914,17.97502899169922,22.309993743896484,36.273719787597656,0.49356508255004883
132,0.0,8.114253432722762e-05,0.00022212583280634135,0.00047234914381988347,0.0008974419324658811,0.001706607872620225,0.002888044575229287,4.384045600891113,4.136316776275635,4.252636432647705,4.122989654541016,4.032744407653809,3.92311954498291,4.195996284484863,4.074458599090576,4.188673973083496,4.331640243530273,4.507935523986816,4.837143421173096,4.844775676727295,4.754361629486084,4.964040756225586,5.115954399108887,4.852538108825684,5.018534183502197,5.501341819763184,5.706904411315918,5.836503982543945,6.843296527862549,7.805817127227783,8.633414268493652,10.491662979125977,12.294116973876953,15.650649070739746,20.540056228637695,29.691770553588867,0.3964724838733673
133,0.0,0.00012820643314626068,0.00036489113699644804,0.0007203372078947723,0.0013182139955461025,0.0025684116408228874,0.004136794712394476,4.259391784667969,3.986372232437134,4.285799980163574,4.118685245513916,4.231804847717285,4.2576904296875,4.574913501739502,3.9990124702453613,4.250359535217285,4.4557952880859375,8.037428855895996,8.175091743469238,9.046738624572754,8.92487907409668,8.556291580200195,8.501490592956543,9.161393165588379,8.919553756713867,9.3828706741333,9.529900550842285,9.960823059082031,10.959897994995117,11.473746299743652,13.170463562011719,14.955265998840332,17.985036849975586,22.078744888305664,28.88703727722168,35.674705505371094,0.5348184108734131
134,0.0,0.00011533971701283008,0.0003113500715699047,0.0005969986086711287,0.0011318072210997343,0.0021221558563411236,0.0035909092985093594,3.8956992626190186,4.238561630249023,4.140227794647217,4.789045333862305,4.474493503570557,3.8667852878570557,4.170222282409668,4.544273853302002,4.224278450012207,4.350664138793945,5.478278636932373,5.979165554046631,5.802868843078613,6.060572624206543,5.797759056091309,5.802186012268066,6.21290922164917,5.921396255493164,6.112624645233154,6.085242748260498,7.223281383514404,7.625990390777588,8.45044231414795,9.453184127807617,11.599839210510254,13.34091567993164,18.373367309570312,22.80621910095215,38.51394271850586,0.5975417494773865
135,0.0,0.00010332547390135005,0.0002789365826174617,0.0005698574823327363,0.0010526177939027548,0.0020477641373872757,0.003352076280862093,4.305054664611816,4.205371856689453,4.441193580627441,4.165539264678955,4.388478755950928,3.9733078479766846,4.448736667633057,4.338429927825928,4.540136814117432,4.034806728363037,20.379283905029297,21.321035385131836,22.71294403076172,20.259384155273438,21.87685775756836,20.32061767578125,20.390289306640625,20.88412094116211,21.574613571166992,22.01607322692871,21.736644744873047,23.387977600097656,24.307575225830078,26.173200607299805,26.795942306518555,28.065073013305664,33.165283203125,36.60765075683594,33.782352447509766,0.4572117030620575
136,0.0,8.335476013598964e-05,0.00022263349092099816,0.0004919952480122447,0.000933694071136415,0.001910701161250472,0.003276970935985446,4.4605302810668945,4.325451374053955,4.244701385498047,4.165150165557861,4.286079406738281,4.283950328826904,4.622923851013184,4.736025810241699,4.612544536590576,4.165424823760986,13.842705726623535,14.241822242736816,13.495504379272461,14.293538093566895,13.111912727355957,13.601670265197754,15.055631637573242,13.837418556213379,13.715170860290527,14.899353981018066,15.710732460021973,15.584412574768066,16.775733947753906,18.37539291381836,21.001333236694336,22.52988052368164,26.39776039123535,31.263771057128906,34.713157653808594,0.45837435126304626
137,0.0,0.00010840647883014753,0.0002787048870231956,0.0006368507165461779,0.00116224295925349,0.00226212409324944,0.003680457826703787,4.250282287597656,4.310298442840576,4.275404453277588,4.155398368835449,4.5294084548950195,4.004343509674072,4.414572238922119,4.306727886199951,4.324477195739746,4.551731586456299,7221.91064453125,7071.55126953125,6815.29833984375,6991.74560546875,6997.00830078125,6248.8251953125,6383.21435546875,6401.3193359375,6035.06787109375,5629.42236328125,5734.38037109375,5276.01025390625,5451.333984375,4833.0751953125,4561.28564453125,3901.78759765625,3680.12255859375,3007.9501953125,50.627525329589844,0.8336719274520874
138,0.0,7.489657582482323e-05,0.00021613312128465623,0.00046296956134028733,0.0008420743979513645,0.0015577279264107347,0.0025954844895750284,4.188269138336182,4.41975212097168,4.686853885650635,4.453863143920898,4.2031660079956055,4.31635856628418,4.156075954437256,4.169735431671143,4.566066265106201,4.191788196563721,6.095327854156494,5.3238139152526855,5.9550323486328125,5.887943267822266,6.030850887298584,6.1756062507629395,6.22972297668457,6.7081685066223145,6.401826858520508,6.904780387878418,7.122716903686523,7.834122180938721,8.674997329711914,9.50146770477295,11.55512523651123,13.12157917022705,17.033300399780273,21.23640251159668,28.383588790893555,0.3808983862400055
139,0.0,9.639406925998628e-05,0.00027628676616586745,0.0005605189362540841,0.001077404129318893,0.0021282907109707594,0.0035525376442819834,4.438875198364258,4.137552738189697,4.541250228881836,4.327078342437744,4.526018142700195,4.238609790802002,4.154541492462158,4.386739253997803,4.054873466491699,4.489460468292236,112.6958236694336,108.71989440917969,122.54964447021484,114.38797760009766,113.36471557617188,104.84129333496094,125.28582000732422,117.93415069580078,114.67683410644531,113.43191528320312,120.56791687011719,125.18868255615234,124.35073852539062,124.61331939697266,120.72853088378906,120.61309051513672,125.4014892578125,133.02000427246094,33.947994232177734,0.48977339267730713
140,0.0,8.999925194075331e-05,0.00024177126761060208,0.0005117544205859303,0.0009402688592672348,0.001836539595387876,0.003096441039815545,4.386169910430908,4.336669445037842,4.352594375610352,4.21204137802124,4.671411514282227,4.7772064208984375,4.2366766929626465,4.190503120422363,4.104230880737305,4.393627643585205,8.335892677307129,9.346015930175781,9.06256103515625,9.128081321716309,8.832998275756836,8.642463684082031,9.448453903198242,9.89880657196045,9.70914363861084,10.10811996459961,10.267637252807617,12.10393238067627,11.952865600585938,13.145139694213867,14.607110977172852,15.624785423278809,20.095611572265625,24.828927993774414,34.07762908935547,0.41709840297698975
141,0.0,7.696841930737719e-05,0.0002062087442027405,0.0004456695751287043,0.0008614284452050924,0.001732292934320867,0.0028962469659745693,4.258315563201904,4.298483371734619,4.05341100692749,4.298662185668945,4.200784683227539,4.056490898132324,4.3958563804626465,4.148204326629639,4.449029445648193,4.363228797912598,4.668047904968262,5.033918857574463,4.743451118469238,4.44752836227417,4.869685649871826,4.6866936683654785,5.340994358062744,5.318457126617432,5.301884174346924,5.918023109436035,6.306589603424072,7.151628494262695,8.014392852783203,8.70543384552002,9.86740493774414,12.008652687072754,15.214051246643066,19.047208786010742,28.656883239746094,0.3755405843257904
142,0.0,8.20271234260872e-05,0.00022950369748286903,0.00046320739784277976,0.0008119554840959609,0.0015374510549008846,0.0025422314647585154,4.448476314544678,4.260641574859619,4.197092056274414,4.227114200592041,4.425678730010986,4.535895824432373,4.422637939453125,4.234828472137451,4.071505546569824,4.45266056060791,5.081290245056152,4.5937910079956055,4.995528697967529,4.872619152069092,5.344906330108643,5.1210832595825195,4.9590840339660645,5.338496208190918,5.503551959991455,5.968859672546387,6.328564167022705,7.279484272003174,7.980710506439209,8.789278030395508,10.073884963989258,11.769209861755371,15.40614128112793,19.87789535522461,28.84906768798828,0.47173744440078735
143,0.0,9.835464152274653e-05,0.0002624675689730793,0.0005785803659819067,0.0010349630611017346,0.001968738157302141,0.0032749674282968044,4.198795795440674,4.175317764282227,4.1836748123168945,4.639476776123047,3.8252923488616943,4.573784828186035,3.890427589416504,4.148217678070068,4.301741123199463,4.515652656555176,13.644994735717773,13.055817604064941,13.731178283691406,13.743623733520508,13.617270469665527,15.099138259887695,13.66112995147705,13.630027770996094,14.234883308410645,15.244516372680664,15.526225090026855,15.640646934509277,18.313148498535156,19.078872680664062,20.170923233032227,21.09334373474121,25.393712997436523,31.542203903198242,33.29204177856445,0.4322759509086609
144,0.0,8.184943726519123e-05,0.00023446766135748476,0.0004793568223249167,0.0008861737442202866,0.00172401440795511,0.0027912785299122334,4.152150630950928,4.39641809463501,4.434196949005127,4.244175910949707,4.440921783447266,4.4243574142456055,4.476212978363037,4.452795505523682,4.383190631866455,4.263650417327881,4.5146965980529785,4.893514156341553,4.451860427856445,5.217245578765869,5.145301818847656,5.0569586753845215,5.335409164428711,5.436906337738037,5.6250529289245605,6.0247039794921875,6.629934787750244,7.292239665985107,8.29407024383545,9.158838272094727,10.56773853302002,13.234203338623047,16.504304885864258,20.861696243286133,32.77123260498047,0.5630885362625122
145,0.0,8.407673885812983e-05,0.0002419748780084774,0.0004965291591361165,0.0009278407669626176,0.0018005578313022852,0.0030206595547497272,4.120461940765381,3.9623770713806152,4.574444770812988,4.175262928009033,4.107900619506836,4.394986629486084,4.372358798980713,4.2741594314575195,4.018877983093262,4.246640682220459,4.5085883140563965,4.701495170593262,4.950072288513184,4.7884016036987305,4.921713352203369,5.140252113342285,4.710805416107178,5.465402603149414,5.568382263183594,5.780580997467041,6.392388343811035,6.9984917640686035,7.765720844268799,8.68297004699707,10.731537818908691,12.52808666229248,15.898383140563965,20.509634017944336,31.365262985229492,0.4050849676132202
146,0.0,7.824816566426307e-05,0.00022643922420684248,0.0004997150972485542,0.0008837340283207595,0.001645049313083291,0.002717796014621854,4.4488115310668945,4.452823638916016,4.31650447845459,4.337376117706299,4.093129634857178,4.380955219268799,4.178399562835693,3.8754191398620605,4.273190498352051,4.252189636230469,4.768036365509033,5.583205223083496,5.104692459106445,4.617969989776611,5.105504035949707,5.160911560058594,5.377469062805176,5.796191692352295,5.445961952209473,6.418507099151611,6.192500114440918,7.0369038581848145,7.656205654144287,8.785904884338379,9.863103866577148,12.120831489562988,16.00990104675293,19.951383590698242,28.938352584838867,0.43572986125946045
147,0.0,0.00010311575897503644,0.00027468547341413796,0.0005733908619731665,0.001100411987863481,0.0021700654178857803,0.003625360084697604,4.276298999786377,4.100755214691162,4.3153533935546875,4.244335651397705,4.301966190338135,4.390819549560547,4.568666458129883,4.3086137771606445,4.238217830657959,4.284510135650635,50.24116897583008,48.54014205932617,47.12006378173828,51.131832122802734,47.45708084106445,47.21676254272461,51.477264404296875,46.07295608520508,49.685447692871094,52.34303283691406,50.07289123535156,55.53518295288086,50.68073654174805,52.14200973510742,51.82780838012695,53.569026947021484,60.828453063964844,64.4183578491211,34.546836853027344,0.4892905652523041
148,0.0,7.842871855245903e-05,0.00023143214639276266,0.00047824709326960146,0.0008577276603318751,0.0016655155923217535,0.0028001086320728064,4.562641143798828,4.401350021362305,4.076226711273193,4.4291839599609375,4.271329402923584,4.188928127288818,4.085405349731445,4.2932963371276855,4.350160598754883,3.9890196323394775,22.3637752532959,19.40528106689453,20.898324966430664,21.253711700439453,20.943504333496094,20.310068130493164,20.340112686157227,20.312477111816406,22.196733474731445,23.91729164123535,21.01451301574707,21.66339874267578,25.3161678314209,24.995328903198242,26.313526153564453,27.00785255432129,31.88316535949707,36.834476470947266,31.351442337036133,0.47785183787345886
149,0.0,0.0001308555802097544,0.00038080723606981337,0.0008085987064987421,0.0014331524726003408,0.0027496640104800463,0.004571237601339817,4.562742233276367,4.089224338531494,4.087401866912842,4.430263042449951,3.821653127670288,4.439746379852295,4.026569843292236,4.320895671844482,4.381524085998535,4.034339904785156,6.334099769592285,6.372061252593994,6.161200523376465,5.835983753204346,5.691341400146484,6.146888732910156,6.466579437255859,6.32073974609375,7.342303276062012,7.411660194396973,7.004708290100098,8.818376541137695,9.284337997436523,10.62237548828125,12.304511070251465,15.611435890197754,19.673776626586914,25.474130630493164,40.564151763916016,0.5181246995925903
150,0.0,0.00011930705659324303,0.00034929843968711793,0.000654254574328661,0.0011822425294667482,0.0023682895116508007,0.003906282130628824,4.049046039581299,4.1924943923950195,3.9739015102386475,4.294017314910889,4.06288480758667,4.057466983795166,4.152617454528809,4.139347553253174,4.332563877105713,4.32599401473999,4.861640930175781,4.664318561553955,4.793329238891602,4.868710994720459,5.126795768737793,4.995953559875488,5.118372917175293,5.217214584350586,5.706546306610107,5.888609886169434,5.99050760269165,6.703002452850342,7.241366386413574,8.310138702392578,10.320670127868652,12.886723518371582,16.244997024536133,21.679006576538086,32.709293365478516,0.46599867939949036
151,0.0,9.247363050235435e-05,0.000266462768195197,0.0005411214078776538,0.0010261035058647394,0.001965475035831332,0.003316921181976795,3.9998550415039062,4.246440410614014,4.532895565032959,4.249898433685303,4.425572395324707,3.949432373046875,3.9530766010284424,4.26742696762085,4.057822227478027,3.9622862339019775,1205.8153076171875,1273.9932861328125,1150.6121826171875,1071.1488037109375,1019.275146484375,1059.489013671875,1061.572998046875,1044.081787109375,891.6511840820312,783.9796752929688,751.9781494140625,663.4598999023438,651.2062377929688,434.2088928222656,395.97894287109375,347.1900939941406,241.65573120117188,197.08795166015625,35.490657806396484,0.5047187805175781
152,0.0,9.128895908361301e-05,0.0002422870311420411,0.0005295149167068303,0.0009453071979805827,0.0017985616577789187,0.0030194988939911127,4.194657325744629,4.177443504333496,4.200680732727051,4.3730926513671875,4.393648624420166,4.309532165527344,4.92600679397583,3.97118878364563,4.214242458343506,4.17280912399292,4.843351364135742,4.7328009605407715,5.048389911651611,5.015735626220703,4.662699222564697,5.208642959594727,5.229850769042969,5.200700283050537,5.959954261779785,6.177879810333252,6.311399459838867,7.436458587646484,8.098642349243164,8.692377090454102,10.47346305847168,12.56460952758789,17.150863647460938,21.72258758544922,35.993900299072266,0.5281410813331604
153,0.0,8.947583410190418e-05,0.00024207519891206175,0.0005034552305005491,0.0009309852030128241,0.0017728122184053063,0.002950484398752451,3.986053466796875,4.275043964385986,4.511148452758789,3.9553260803222656,4.307599067687988,3.986781358718872,4.292966365814209,4.479526519775391,4.500805377960205,4.343173980712891,14.18681812286377,14.0475492477417,13.579710006713867,13.864070892333984,14.278901100158691,14.04001522064209,13.776373863220215,13.922066688537598,14.582246780395508,14.132493019104004,15.284520149230957,18.223970413208008,15.702425003051758,18.016233444213867,19.09390640258789,22.41063690185547,24.844497680664062,29.598068237304688,32.20341110229492,0.5005384683609009
154,0.0,0.00010031324927695096,0.0002874739875551313,0.00059466902166605,0.0010846925433725119,0.002123469952493906,0.0035863316152244806,4.779520511627197,4.1271772384643555,4.327085971832275,4.524368762969971,4.056378364562988,4.440324306488037,4.124321937561035,4.096285820007324,4.377109527587891,4.142540454864502,4.457320690155029,4.626738548278809,4.794907569885254,4.439573287963867,4.841012954711914,5.19586706161499,5.303099632263184,5.127708911895752,5.456851482391357,5.643227577209473,6.187675952911377,7.024215221405029,7.938523769378662,8.533085823059082,9.779478073120117,12.17090129852295,16.306867599487305,20.876672744750977,32.23451232910156,0.4064835011959076
155,0.0,0.00010521264630369842,0.000268289732048288,0.0005360216600820422,0.0010756212286651134,0.0019822127651423216,0.0032963419798761606,4.0987420082092285,4.578657627105713,4.550310134887695,4.313750743865967,3.989362955093384,4.250833988189697,4.2726826667785645,4.234856128692627,4.073105812072754,4.441589832305908,20.764976501464844,21.235790252685547,18.91599464416504,19.97939109802246,19.96063804626465,21.85581398010254,22.13705062866211,22.15940284729004,22.945133209228516,23.21259117126465,21.8847713470459,22.823057174682617,23.771577835083008,23.32491111755371,28.330591201782227,27.865943908691406,33.512733459472656,40.226173400878906,36.6496467590332,0.48668596148490906
156,0.0,0.00018218559853266925,0.0004963868414051831,0.0009540534229017794,0.0017660935409367085,0.0033944312017410994,0.00560819823294878,4.848915100097656,3.784987449645996,4.104723930358887,4.048236846923828,4.209292888641357,4.077799320220947,4.34358549118042,3.979340076446533,4.31838846206665,4.309054374694824,13.678451538085938,13.519243240356445,13.329154014587402,13.864538192749023,13.88742446899414,14.389992713928223,14.124334335327148,13.390896797180176,14.766731262207031,15.233084678649902,16.841781616210938,17.237937927246094,16.739938735961914,19.465967178344727,21.82835578918457,25.992942810058594,31.581897735595703,39.18494415283203,59.318477630615234,0.7869657278060913
157,0.0,9.670811414252967e-05,0.00029304143390618265,0.0005753098521381617,0.0009998902678489685,0.0018595587462186813,0.003083759918808937,4.3448920249938965,4.067034721374512,4.013307571411133,4.273713111877441,4.591747760772705,4.0015740394592285,4.531435966491699,4.475908279418945,4.409243583679199,4.15398645401001,4.681589603424072,4.7360663414001465,4.841177940368652,5.282991409301758,5.380647659301758,4.7749433517456055,5.154597759246826,5.489303112030029,5.106867790222168,6.159370422363281,6.203680038452148,6.7444539070129395,7.819847106933594,8.76752758026123,10.322612762451172,13.165840148925781,15.256524085998535,20.459121704101562,31.385995864868164,0.4443683326244354
158,0.0,0.00014112329517956823,0.00038746866630390286,0.0007862375350669026,0.0014301205519586802,0.0028224182315170765,0.004657126497477293,4.268822193145752,4.120271682739258,4.303718090057373,4.556075572967529,4.266921520233154,4.1831488609313965,4.194473743438721,4.446270942687988,4.1878767013549805,4.439853191375732,8.360237121582031,8.619135856628418,9.283098220825195,9.007180213928223,9.075679779052734,8.89571762084961,9.384212493896484,9.293264389038086,10.34980583190918,10.094243049621582,10.246843338012695,11.442272186279297,13.25277328491211,13.816433906555176,15.892793655395508,19.049896240234375,24.054319381713867,30.531782150268555,48.213417053222656,0.6027716398239136
159,0.0,0.00010325384209863842,0.0002785485703498125,0.0005768114351667464,0.0010834212880581617,0.00208826782181859,0.003548318287357688,4.5523271560668945,4.391069412231445,4.282342910766602,4.451797962188721,4.242131233215332,4.355621814727783,4.282330513000488,4.3285932540893555,4.165591239929199,4.239966869354248,8.57042407989502,8.720722198486328,8.515192985534668,8.547063827514648,8.947421073913574,9.530805587768555,9.566041946411133,9.91871166229248,10.263362884521484,9.793391227722168,10.622995376586914,11.273041725158691,11.517867088317871,12.9950590133667,14.759116172790527,16.62332534790039,21.7706298828125,26.392141342163086,38.40385818481445,0.5431028008460999
160,0.0,0.0001005114390864037,0.00026542783598415554,0.0005484786815941334,0.0010467438260093331,0.0020787303801625967,0.003575214883312583,4.506586074829102,4.425294876098633,4.10054874420166,4.460386753082275,3.9835071563720703,4.649981498718262,4.193567752838135,4.284053802490234,4.342298984527588,4.213523864746094,39.371482849121094,38.97608184814453,40.421653747558594,40.0887451171875,40.28831481933594,38.2721061706543,40.88825225830078,41.04216003417969,36.69242477416992,43.562400817871094,40.89120101928711,39.28042984008789,43.13672637939453,44.458675384521484,46.13508987426758,48.63779830932617,50.522972106933594,54.24885940551758,33.02174377441406,0.44003456830978394
161,0.0,9.108721860684454e-05,0.0002471709158271551,0.0005282803322188556,0.0009380211122334003,0.001772582996636629,0.0029928763397037983,4.300940036773682,4.256021976470947,4.302157402038574,4.1179375648498535,4.3621368408203125,4.390233993530273,4.185428142547607,4.053691387176514,4.419221878051758,4.237497806549072,9.264810562133789,8.624984741210938,8.757264137268066,8.906631469726562,8.733394622802734,10.006354331970215,10.148824691772461,9.328478813171387,10.038354873657227,10.175383567810059,10.548492431640625,10.854763984680176,11.53606128692627,12.913450241088867,15.813345909118652,17.37225914001465,22.042770385742188,26.678571701049805,39.465728759765625,0.6639894843101501
162,0.0,0.00012482677993830293,0.00033091590739786625,0.0006558244349434972,0.0013019479811191559,0.002635787706822157,0.00439600320532918,4.000383377075195,4.728877067565918,4.2452168464660645,4.521531581878662,4.384521484375,4.301834583282471,4.374902248382568,4.36903715133667,4.486651420593262,4.30029821395874,20.648191452026367,19.882877349853516,20.822799682617188,19.874954223632812,20.30466079711914,19.668344497680664,22.411901473999023,22.365819931030273,22.13041114807129,23.521005630493164,20.959993362426758,22.93860626220703,24.990318298339844,28.210979461669922,30.12444305419922,31.54717254638672,37.15327072143555,44.36350631713867,41.022804260253906,0.6822711825370789
163,0.0,0.00010409649257780984,0.0002798206405714154,0.0005807596608065069,0.0010478710755705833,0.002013157121837139,0.003337570931762457,4.158013343811035,4.428689479827881,4.53723669052124,4.145296096801758,4.43961238861084,4.231642723083496,4.279492378234863,4.587337970733643,4.431532859802246,4.127204418182373,13.854934692382812,14.075621604919434,14.068017959594727,14.853078842163086,14.399646759033203,13.719390869140625,14.464783668518066,14.155097961425781,14.83344554901123,15.714485168457031,14.466533660888672,16.16898536682129,16.24118995666504,18.37873649597168,19.69746971130371,22.89454460144043,25.773406982421875,30.61029815673828,38.14756774902344,0.5251615047454834
164,0.0,0.00010314809333067387,0.0002925440203398466,0.0006030665244907141,0.0011195758124813437,0.0020799741614609957,0.003537787590175867,4.160658359527588,4.155193328857422,4.43633508682251,4.109499454498291,4.251416206359863,4.2149553298950195,4.380803108215332,4.595387935638428,4.135704040527344,4.2566728591918945,8.485272407531738,9.207226753234863,9.341043472290039,8.800697326660156,8.957488059997559,8.511783599853516,9.249335289001465,9.303811073303223,10.23875617980957,9.757549285888672,10.664737701416016,11.104381561279297,12.261415481567383,12.859466552734375,14.315686225891113,15.198472023010254,20.240516662597656,24.229572296142578,31.4043025970459,0.4048346281051636
165,0.0,8.333351433975622e-05,0.00022831834212411195,0.0004998631193302572,0.0009264831314794719,0.00176769751124084,0.0029467404820024967,4.147856712341309,4.327316761016846,4.168713569641113,4.3470869064331055,4.041592597961426,4.035990238189697,4.084640026092529,4.322799205780029,4.345602035522461,4.055429935455322,4.739551544189453,5.015528678894043,4.6688666343688965,5.050607681274414,5.345375061035156,5.250750541687012,4.775484085083008,5.293933391571045,5.474202632904053,6.10452938079834,5.900644779205322,6.520164489746094,7.828527927398682,9.021834373474121,10.709604263305664,12.348953247070312,16.691884994506836,21.64543914794922,31.17572784423828,0.4379006326198578
166,0.0,9.398807742400095e-05,0.00027832514024339616,0.0005669445381499827,0.00101929297670722,0.0019457533489912748,0.0032888648565858603,4.188075065612793,4.664966106414795,4.361449241638184,4.2180070877075195,4.040281772613525,4.523447513580322,4.330456256866455,4.119390964508057,4.145129680633545,4.365131378173828,5.142491340637207,5.1191840171813965,4.408265113830566,4.911219120025635,4.756291389465332,5.106642723083496,5.22458028793335,5.079044818878174,5.660711765289307,5.930157661437988,6.1946892738342285,7.189577579498291,8.017098426818848,8.248292922973633,10.049681663513184,12.08511734008789,16.377269744873047,20.213735580444336,31.478103637695312,0.4563787579536438
167,0.0,9.260738443117589e-05,0.00025728464243002236,0.0005441879038698971,0.0010649181203916669,0.00202363939024508,0.0034422995522618294,3.9805612564086914,4.025540351867676,4.391955375671387,4.237144470214844,4.054462432861328,3.958564043045044,4.352170944213867,4.03554105758667,4.7725324630737305,4.561160087585449,13.111250877380371,16.130136489868164,14.63553524017334,13.275877952575684,14.012262344360352,14.273332595825195,14.698413848876953,14.726276397705078,14.908818244934082,14.016237258911133,15.917561531066895,15.75455379486084,17.846540451049805,19.452213287353516,21.410993576049805,22.259281158447266,25.59324073791504,30.909360885620117,32.98432922363281,0.4235204756259918
168,0.0,9.405989112565294e-05,0.00026938505470752716,0.0005649705417454243,0.0010358014842495322,0.0019193670013919473,0.0031216987408697605,4.4704670906066895,4.42507266998291,4.074353218078613,4.067944526672363,4.095246315002441,4.386809825897217,4.389077663421631,4.345580101013184,4.240603923797607,4.272883892059326,9.163178443908691,8.859284400939941,9.747357368469238,8.415185928344727,9.549749374389648,8.805794715881348,9.352856636047363,9.539468765258789,9.243012428283691,9.927496910095215,9.576223373413086,11.444652557373047,12.097071647644043,12.748558044433594,14.614157676696777,16.679035186767578,19.419301986694336,24.31952476501465,30.558067321777344,0.41599032282829285
169,0.0,0.00010132280294783413,0.00027228036196902394,0.0005904324352741241,0.0010825955541804433,0.0021385850850492716,0.0035508458968251944,4.149223804473877,4.100258827209473,4.064370632171631,4.029332160949707,4.073200225830078,4.136131286621094,4.358242034912109,3.9844181537628174,4.27379035949707,4.397987365722656,20.832202911376953,19.174169540405273,19.868438720703125,19.65955352783203,21.06618309020996,20.88329315185547,20.441030502319336,19.849470138549805,19.891185760498047,20.921615600585938,21.909656524658203,21.932497024536133,22.56037712097168,23.684646606445312,27.049646377563477,28.684349060058594,31.354291915893555,36.92171859741211,31.248876571655273,0.4636063575744629
170,0.0,7.605636346852407e-05,0.00022346169862430543,0.0004784913035109639,0.0008589734206907451,0.0015897531993687153,0.0026395637542009354,4.483212471008301,4.281712055206299,4.26202392578125,4.654103755950928,3.93644380569458,4.526439666748047,4.470964431762695,4.054802894592285,4.166970729827881,4.133423805236816,4538.787109375,4352.88818359375,4796.4169921875,4438.52001953125,4389.71923828125,3958.583740234375,4490.60302734375,4171.30859375,3649.83935546875,3586.601806640625,3661.71875,3559.39990234375,2849.5400390625,2762.94482421875,2732.92138671875,2340.49072265625,2222.818115234375,2009.213623046875,38.25526809692383,0.5832864046096802
171,0.0,0.00011525431909831241,0.0002894798235502094,0.0006132614798843861,0.0010994073236361146,0.002190911676734686,0.0036827209405601025,4.098217010498047,4.396358489990234,4.070942401885986,4.251110553741455,4.137053489685059,4.3702898025512695,4.289459228515625,4.12446403503418,4.476285457611084,4.296023368835449,13.764906883239746,14.027585983276367,13.832924842834473,14.000028610229492,14.45639705657959,13.210070610046387,14.041340827941895,13.905328750610352,15.317283630371094,15.475662231445312,16.140430450439453,16.70952033996582,17.882808685302734,20.40302848815918,22.1898250579834,24.988746643066406,30.02981948852539,36.48291015625,55.286537170410156,0.8699990510940552
172,0.0,7.936809561215341e-05,0.0002280032349517569,0.0004778121365234256,0.0008415309712290764,0.0016227316809818149,0.0026948966551572084,3.9058339595794678,4.292117118835449,4.152139663696289,4.39472770690918,4.095530033111572,4.499353408813477,3.8919904232025146,4.215597629547119,4.143269062042236,4.432241439819336,4.483996868133545,5.067248344421387,5.306624889373779,4.724522113800049,4.917180061340332,5.070129871368408,5.289249420166016,5.434292793273926,5.633754253387451,5.712998867034912,6.347878932952881,6.768739700317383,7.181582927703857,8.361788749694824,10.10228443145752,11.87382698059082,15.152778625488281,19.79664421081543,28.62689971923828,0.3617265522480011
173,0.0,9.864167077466846e-05,0.0002688606036826968,0.000536713283509016,0.0010174899362027645,0.0019830469973385334,0.0033552825916558504,4.232736587524414,4.186440467834473,3.971491813659668,4.4754133224487305,4.524163246154785,3.916895627975464,4.2382588386535645,4.148403644561768,4.350407600402832,4.250303745269775,9.300209045410156,8.779391288757324,9.320773124694824,8.837188720703125,8.04673957824707,9.435434341430664,9.775041580200195,9.539833068847656,9.673713684082031,9.267648696899414,10.283742904663086,11.16549015045166,12.247014999389648,12.298853874206543,14.322088241577148,16.293657302856445,20.530258178710938,24.178625106811523,29.284517288208008,0.39423879981040955
174,0.0,7.464629743481055e-05,0.00020385037350934,0.00043852615635842085,0.0007922180229797959,0.0014505182625725865,0.002399962395429611,4.048923492431641,4.271938323974609,4.187545299530029,3.8236851692199707,4.133551120758057,3.8118736743927,4.413708209991455,4.140766620635986,4.172723770141602,4.535818099975586,5.532097816467285,5.8533830642700195,5.457179069519043,5.925314426422119,6.07113790512085,6.184093475341797,6.25112771987915,6.250620365142822,6.519176483154297,6.870765209197998,7.176721096038818,7.926423072814941,8.807181358337402,10.182337760925293,11.38792896270752,13.41186809539795,16.061187744140625,21.47007942199707,29.360652923583984,0.40433523058891296
175,0.0,9.596275049261749e-05,0.00027025816962122917,0.0005613102111965418,0.0010423851199448109,0.0020175082609057426,0.003316348185762763,4.222055912017822,4.062110900878906,4.436235427856445,3.9853508472442627,4.2815680503845215,4.232632160186768,4.4173760414123535,4.045233726501465,4.268392562866211,4.212836742401123,5.86671257019043,6.359124660491943,6.156869411468506,6.056535243988037,6.1362504959106445,6.455146312713623,6.68527364730835,6.654587268829346,6.382130146026611,7.347142219543457,7.55436897277832,8.408424377441406,9.450820922851562,10.840225219726562,12.800867080688477,14.643808364868164,19.722919464111328,25.56241798400879,45.05224609375,0.7180376052856445
176,0.0,9.131347178481519e-05,0.00024378176021855325,0.0005239688325673342,0.0010261359857395291,0.001954140141606331,0.0032313477713614702,4.121755123138428,4.215933799743652,4.280942916870117,4.058708667755127,4.0007429122924805,4.261291027069092,4.121875286102295,4.578295707702637,4.27454137802124,4.040902137756348,12.507262229919434,13.995682716369629,12.26562786102295,14.796306610107422,13.82017993927002,12.86050033569336,12.904607772827148,13.226630210876465,14.840997695922852,14.220952033996582,15.718670845031738,15.235827445983887,17.686494827270508,17.903066635131836,18.299522399902344,21.64358139038086,25.818944931030273,31.344144821166992,36.546504974365234,0.5995416641235352
177,0.0,9.301713726017624e-05,0.00023926689755171537,0.0005187009228393435,0.0009635239257477224,0.0018152246484532952,0.0030980815645307302,4.264430046081543,4.351974010467529,4.520703315734863,4.1616010665893555,4.5109052658081055,4.347555637359619,4.473755836486816,4.3009843826293945,4.412907600402832,4.70751953125,21.374935150146484,20.554458618164062,21.024356842041016,19.6962890625,19.503047943115234,19.936891555786133,20.543399810791016,20.404457092285156,20.382221221923828,21.52010154724121,21.03956413269043,21.75174331665039,24.58258628845215,24.573551177978516,27.455629348754883,29.82525062561035,32.49275588989258,37.925086975097656,32.69131088256836,0.4608277678489685
178,0.0,9.363459685118869e-05,0.000248181662755087,0.0005131926736794412,0.0010013851569965482,0.001955603249371052,0.0032812783028930426,4.121399402618408,4.336313724517822,4.4190192222595215,4.337364196777344,4.556249618530273,4.23847770690918,4.530920505523682,4.122999668121338,4.135317325592041,3.9576971530914307,13.661398887634277,15.289915084838867,13.96766471862793,15.447699546813965,13.786541938781738,14.487349510192871,14.181077003479004,14.898149490356445,14.138640403747559,15.670612335205078,16.105884552001953,16.628677368164062,16.7922420501709,17.84745216369629,18.93265724182129,22.04975128173828,24.69864273071289,29.44529151916504,31.308359146118164,0.4331868886947632
179,0.0,7.791925600031391e-05,0.00022380922746378928,0.0005057157250121236,0.0009038010030053556,0.0017202449962496758,0.0028420567978173494,4.128920078277588,4.197289943695068,4.393097400665283,4.142403602600098,4.501496315002441,4.396726131439209,4.727420330047607,4.097087860107422,4.121997356414795,4.767159938812256,5.062115669250488,4.686233043670654,4.639713287353516,5.058494567871094,4.888652801513672,4.7835588455200195,5.174821376800537,5.686817646026611,5.765628814697266,5.741199493408203,6.25131368637085,6.717618942260742,7.474889278411865,8.788338661193848,10.333734512329102,12.763121604919434,15.852856636047363,19.929624557495117,30.149250030517578,0.3960707485675812
180,0.0,9.684153337730095e-05,0.00025759072741493583,0.0005315712769515812,0.0010113600874319673,0.0019521741196513176,0.0032638213597238064,4.466789245605469,4.510746002197266,4.342379093170166,4.293713569641113,4.349576473236084,4.478422164916992,4.316206455230713,4.335501670837402,4.6626787185668945,4.402886390686035,6.131033420562744,6.145047664642334,6.381039142608643,6.149327278137207,6.127255439758301,6.004336357116699,6.232119560241699,6.387972831726074,6.645697593688965,7.037485599517822,7.106983661651611,8.569730758666992,9.280856132507324,10.093278884887695,11.6632661819458,13.376178741455078,16.674205780029297,21.476707458496094,31.8050479888916,0.4879158139228821
181,0.0,0.00010906496027018875,0.0003021600714419037,0.0006147764506749809,0.0011163591407239437,0.002141899662092328,0.0036524306051433086,4.078684329986572,4.520383358001709,4.075967311859131,4.24066686630249,4.329137802124023,4.32636022567749,4.5848517417907715,4.188076019287109,4.367432594299316,4.289279460906982,6.240808486938477,5.814300060272217,5.61454439163208,5.697783470153809,6.093102931976318,5.898055076599121,5.880759239196777,6.419612407684326,6.728174686431885,6.708132743835449,7.330783367156982,8.329521179199219,8.833937644958496,10.731184959411621,11.64755916595459,14.058859825134277,19.71735191345215,23.88887596130371,41.61264419555664,0.6879528760910034
182,0.0,9.519029117655009e-05,0.00025575116160325706,0.0005080272676423192,0.0009574052528478205,0.001810627058148384,0.002978213829919696,4.379097938537598,4.37460994720459,4.03571081161499,4.454057216644287,4.436755657196045,4.278797149658203,4.3710126876831055,4.236035346984863,4.163794040679932,4.285747051239014,4.641862869262695,4.694367408752441,4.946414470672607,4.662708282470703,5.1038384437561035,4.8836493492126465,5.23814582824707,5.264737606048584,5.561842918395996,5.770133018493652,5.832154273986816,6.998024940490723,7.592434406280518,8.733763694763184,9.82255744934082,12.234314918518066,16.863344192504883,21.222766876220703,32.694828033447266,0.4515836834907532
183,0.0,9.689843864180148e-05,0.000272527860943228,0.0005369248683564365,0.0010308712953701615,0.001996267819777131,0.0032696605194360018,4.323431015014648,4.468421459197998,4.343184947967529,4.695904731750488,4.109609603881836,4.160904884338379,4.425597667694092,4.189219951629639,4.378012180328369,4.308498859405518,9.117349624633789,8.410407066345215,8.890219688415527,9.624295234680176,8.607672691345215,8.957060813903809,8.898956298828125,8.817268371582031,9.420644760131836,10.225322723388672,9.400022506713867,10.595162391662598,11.113785743713379,12.543049812316895,14.412920951843262,17.198410034179688,21.036699295043945,25.7073917388916,33.98393249511719,0.444912850856781
184,0.0,9.489117655903101e-05,0.0002551950456108898,0.000526936782989651,0.0010456054005771875,0.001963052898645401,0.003319766605272889,4.327398777008057,4.251337051391602,4.321756839752197,4.66157341003418,4.035133361816406,4.096632957458496,4.297271728515625,4.120025634765625,4.267621040344238,4.073970317840576,37.909446716308594,40.8858757019043,36.074623107910156,38.191009521484375,37.5120964050293,39.30303955078125,38.09242248535156,35.29621124267578,38.241024017333984,39.99221420288086,41.59145736694336,39.73944854736328,43.104698181152344,43.06029510498047,43.98597717285156,45.15078353881836,46.9744873046875,53.63291549682617,32.407501220703125,0.4353536069393158
185,0.0,8.357457409147173e-05,0.00023272498219739646,0.0004870836855843663,0.0008959473925642669,0.001739002880640328,0.0029682593885809183,4.0538225173950195,4.198625087738037,4.270308494567871,3.9590187072753906,4.248629093170166,4.402292251586914,4.300202369689941,4.5306572914123535,4.2473626136779785,4.388868808746338,4.5679731369018555,5.259936809539795,5.036259174346924,4.67676305770874,4.953688621520996,5.351478099822998,5.192771911621094,5.091599464416504,5.512820243835449,5.702301979064941,6.437767505645752,6.951298236846924,7.862204551696777,8.533865928649902,10.341195106506348,11.970905303955078,15.746469497680664,20.698442459106445,32.24962615966797,0.43766531348228455
186,0.0,0.00010870448022615165,0.0003226981789339334,0.0006552539416588843,0.0012368953321129084,0.002444616984575987,0.00397767499089241,4.436364650726318,4.231551647186279,4.368835926055908,4.29614782333374,4.630059242248535,4.339753150939941,4.2079386711120605,4.196866512298584,4.279484272003174,4.191029071807861,19.53757095336914,20.68056297302246,19.48255157470703,20.52042007446289,20.99706268310547,19.95756721496582,20.767292022705078,21.39870834350586,19.845779418945312,22.41147804260254,22.77587127685547,23.559383392333984,23.65749740600586,24.421489715576172,26.799009323120117,30.40553855895996,35.0045280456543,37.780548095703125,33.744022369384766,0.417384535074234
187,0.0,9.151901031145826e-05,0.0002518241526558995,0.0005299208569340408,0.000957382726483047,0.0018182855565100908,0.003000232158228755,4.158563613891602,4.21987771987915,4.063589572906494,4.280033588409424,4.371016979217529,4.371875762939453,4.224516868591309,3.9201862812042236,4.7306084632873535,4.473598957061768,4.6900715827941895,4.7938761711120605,4.776216506958008,4.7570109367370605,5.399812698364258,4.839209079742432,5.235016822814941,5.212704181671143,5.516251087188721,5.626089096069336,6.2279887199401855,6.786864280700684,7.778609752655029,8.142986297607422,10.280009269714355,11.659844398498535,15.006484985351562,19.910816192626953,29.926355361938477,0.4248653054237366
188,0.0,9.026567568071187e-05,0.0002589724899735302,0.0005282841739244759,0.0009584580548107624,0.00182243250310421,0.003008226864039898,4.062434673309326,4.2550530433654785,4.240822792053223,4.300097465515137,4.229629039764404,4.574973106384277,3.894347906112671,4.297953128814697,4.3133440017700195,4.373758316040039,4.809170246124268,4.797522068023682,4.8608293533325195,4.66171407699585,4.777174949645996,5.488832473754883,5.392575263977051,5.4689249992370605,5.906561851501465,6.153928279876709,6.6361260414123535,7.176971912384033,7.666902542114258,8.372598648071289,10.575931549072266,12.569221496582031,15.996122360229492,21.03159523010254,32.692588806152344,0.4838046431541443
189,0.0,9.364334255224094e-05,0.00025136719341389835,0.0005289195105433464,0.0009372541098855436,0.0018376351799815893,0.0030561182647943497,4.101467132568359,4.008870601654053,4.431717872619629,3.741447687149048,4.504647731781006,4.070375919342041,4.258603572845459,4.514885902404785,4.322206497192383,4.272982597351074,5.035831928253174,4.686572551727295,5.029728889465332,5.100859642028809,4.838695526123047,4.910452842712402,5.135464191436768,5.398275375366211,5.73328161239624,6.00374698638916,6.080428123474121,6.728654384613037,7.365117073059082,8.09382438659668,10.558554649353027,12.025752067565918,15.948492050170898,19.858606338500977,29.195356369018555,0.4172269403934479
190,0.0,9.64794380706735e-05,0.0002445606514811516,0.0005177796701900661,0.00096803781343624,0.001802682294510305,0.003010756568983197,4.291158676147461,4.153635025024414,4.3223958015441895,3.896770477294922,4.625013828277588,4.242527484893799,4.577430725097656,4.450006008148193,4.114973545074463,4.273293972015381,9.374067306518555,8.53894329071045,9.035815238952637,8.388449668884277,8.865174293518066,9.19124698638916,8.849528312683105,9.497835159301758,9.38007926940918,10.252809524536133,10.067705154418945,10.46884536743164,11.391242980957031,12.152777671813965,14.17946720123291,16.75980567932129,20.327999114990234,25.61944007873535,35.4669075012207,0.4880262613296509
191,0.0,8.215934212785214e-05,0.00023138371761888266,0.0004732934758067131,0.0009037934942170978,0.001751826610416174,0.00297251483425498,4.411530494689941,4.2098069190979,4.602629661560059,4.410579204559326,4.540255069732666,4.234375953674316,4.164312839508057,4.2501749992370605,4.404078006744385,4.268471717834473,8.495582580566406,9.551627159118652,8.529646873474121,8.646709442138672,9.333492279052734,9.272926330566406,9.05908203125,9.643074989318848,9.512828826904297,10.317496299743652,10.96544361114502,11.342166900634766,11.054981231689453,12.266304969787598,14.21800422668457,15.968674659729004,19.885536193847656,24.849782943725586,31.325637817382812,0.546072781085968
192,0.0,7.908308907644823e-05,0.0002329692943021655,0.0004982966929674149,0.0008952313801273704,0.0016896427841857076,0.0028181057423353195,4.027015209197998,4.249096870422363,4.501819610595703,4.358444690704346,4.590428352355957,4.177412509918213,4.3075971603393555,4.44911003112793,4.452818393707275,4.3517656326293945,4.787018775939941,5.074585437774658,5.006103515625,4.6720499992370605,4.872446060180664,4.619960308074951,5.262780666351318,5.59014368057251,5.751473426818848,5.697065830230713,6.251355171203613,7.1468048095703125,8.19516372680664,8.70196533203125,10.416662216186523,12.481613159179688,15.221002578735352,19.227731704711914,29.29597282409668,0.3877982199192047
193,0.0,0.00014716688019689173,0.00039977385313250124,0.0007197215454652905,0.0014040262904018164,0.0026819068007171154,0.004328387323766947,4.034603118896484,3.9553792476654053,4.224278450012207,4.031817436218262,4.172905445098877,4.3321309089660645,4.363956451416016,4.318155288696289,4.249095916748047,4.111682891845703,5.765324592590332,5.687320232391357,5.698794364929199,6.129430294036865,5.847580432891846,5.670698165893555,6.132962226867676,6.262152194976807,6.569055080413818,6.93431282043457,7.655149459838867,7.8346686363220215,8.933781623840332,9.506300926208496,12.507096290588379,14.43989372253418,19.18368911743164,24.3931941986084,44.58058166503906,0.5796546936035156
194,0.0,8.438568329438567e-05,0.00020925332501064986,0.0004676565295085311,0.0008243942866101861,0.0015264465473592281,0.0025047343224287033,4.440029621124268,4.200376987457275,3.953322649002075,4.414186954498291,4.3753228187561035,4.106990337371826,4.221264839172363,4.524874210357666,4.146819591522217,3.9377574920654297,14.190293312072754,13.719103813171387,13.123627662658691,14.594569206237793,13.670652389526367,13.388328552246094,13.41500473022461,13.289321899414062,13.64116382598877,14.734922409057617,15.006997108459473,17.082258224487305,16.20119857788086,17.293621063232422,20.65744972229004,21.628232955932617,25.321693420410156,29.948713302612305,30.369382858276367,0.5051555037498474
195,0.0,8.682387851877138e-05,0.0002254963619634509,0.0004791633691638708,0.0008893563062883914,0.0017562215216457844,0.0030345653649419546,4.217661380767822,4.248795509338379,3.955197334289551,4.171082019805908,4.067248821258545,4.441143989562988,4.19509220123291,4.419384002685547,4.291997909545898,4.162868022918701,8.737051010131836,9.18309497833252,8.45031452178955,9.112374305725098,9.314252853393555,9.318551063537598,9.674824714660645,9.356799125671387,9.612222671508789,9.97558879852295,9.998531341552734,11.26249885559082,11.678988456726074,12.8034086227417,14.443744659423828,17.248281478881836,20.101804733276367,24.663476943969727,32.55997848510742,0.4642905592918396
196,0.0,9.299713565269485e-05,0.0002466278674546629,0.0005105420714244246,0.0009365111473016441,0.001810278045013547,0.0030279255006462336,4.355630874633789,4.195380687713623,4.199077129364014,4.271668910980225,4.429584503173828,4.1444525718688965,4.145416736602783,4.374737739562988,4.496436595916748,3.9989006519317627,4.51343297958374,4.952415466308594,4.799376010894775,4.6070733070373535,4.5932722091674805,5.065079212188721,5.366778373718262,5.553184986114502,5.416336536407471,5.789516448974609,6.292222023010254,6.564476490020752,7.224084377288818,8.338077545166016,9.800858497619629,12.440239906311035,15.480337142944336,19.969297409057617,30.450895309448242,0.42099103331565857
197,0.0,0.00010637893137754872,0.00028691760962828994,0.0006167900864966214,0.0011249437229707837,0.002178005175665021,0.003588699968531728,4.623306751251221,4.17412805557251,4.4068145751953125,4.287515163421631,4.299402236938477,4.477966785430908,4.438268184661865,4.238295078277588,4.50208044052124,4.14676570892334,5.785213947296143,5.998223781585693,5.669622898101807,5.820378303527832,6.054126262664795,5.935703277587891,6.106001377105713,6.386398792266846,6.1079206466674805,7.2800374031066895,7.236324787139893,7.733394622802734,8.267439842224121,9.6813383102417,12.048659324645996,14.444825172424316,18.568126678466797,23.591691970825195,37.407169342041016,0.5091267228126526
198,0.0,7.960733637446538e-05,0.00020758970640599728,0.00046219115029089153,0.0009003480081446469,0.0017136272508651018,0.0028064195066690445,4.488557815551758,4.0639567375183105,4.5261712074279785,4.723977088928223,4.315267562866211,4.147776126861572,4.185462474822998,4.463289737701416,4.455065727233887,4.06196403503418,6.289740562438965,5.804412364959717,5.803518772125244,6.000509262084961,5.856494426727295,6.018696308135986,5.928746700286865,5.9018354415893555,6.27776575088501,7.56013298034668,7.667534351348877,7.587361812591553,8.601693153381348,9.87885570526123,11.432720184326172,13.825278282165527,17.51248550415039,21.94093132019043,35.426612854003906,0.5129440426826477
199,0.0,8.583175076637417e-05,0.00024202317581512034,0.0004970119334757328,0.0009305259445682168,0.0018179761245846748,0.0030820253305137157,4.159855842590332,4.174199104309082,4.159552574157715,4.2184906005859375,4.044981956481934,4.646656513214111,4.395285129547119,4.124258041381836,4.64021110534668,4.343586444854736,6.450169563293457,5.564959526062012,5.633602142333984,5.951877593994141,5.889694690704346,5.940081596374512,5.819645404815674,6.072648048400879,6.268922805786133,6.777730941772461,7.282097816467285,7.663914203643799,8.853092193603516,9.165082931518555,10.937291145324707,12.97558307647705,16.837242126464844,22.100282669067383,33.360416412353516,0.49860668182373047
200,0.0,7.988131255842745e-05,0.00023731030523777008,0.0005174734978936613,0.0009155774023383856,0.0016955402679741383,0.0028217420913279057,4.544276714324951,4.235729694366455,4.435239315032959,4.43454122543335,4.241012096405029,4.318466663360596,4.1154632568359375,4.221999168395996,4.2375807762146,4.431645393371582,21.19489860534668,20.455795288085938,20.804590225219727,21.44482421875,22.830625534057617,21.083728790283203,20.49238395690918,22.372547149658203,22.345216751098633,21.634014129638672,21.98473358154297,24.3802547454834,25.118337631225586,23.455522537231445,26.43656349182129,28.764528274536133,33.549461364746094,37.66347885131836,32.33331298828125,0.45917585492134094
201,0.0,9.466964547755197e-05,0.0002584957692306489,0.000539732922334224,0.0010135601041838527,0.0019658554811030626,0.003291728440672159,4.368721008300781,4.319940567016602,4.331968307495117,4.05972146987915,4.434556007385254,4.417296886444092,4.775143623352051,4.240997791290283,4.484522342681885,4.52712345123291,4.559244155883789,4.6729278564453125,4.846954345703125,5.014323711395264,5.124677658081055,4.840126991271973,5.110839366912842,5.08892297744751,5.378936767578125,5.974325656890869,6.17477560043335,6.864029407501221,7.511363983154297,8.381287574768066,9.89736270904541,11.871162414550781,15.769289016723633,20.401369094848633,30.468578338623047,0.4154062271118164
202,0.0,0.00010477424075361341,0.00027803226839751005,0.0005804651300422847,0.0011291190749034286,0.0021157599985599518,0.0034135032910853624,4.258473873138428,4.115810871124268,4.385669708251953,4.378173828125,4.538562774658203,4.021632671356201,4.096879959106445,4.258819103240967,4.678560733795166,4.062623023986816,19.119539260864258,21.503934860229492,20.815227508544922,21.782215118408203,20.979642868041992,21.17142105102539,21.948009490966797,22.8456974029541,21.623449325561523,22.3453369140625,23.011926651000977,22.03272247314453,23.83083152770996,26.50756072998047,26.687891006469727,28.125844955444336,32.731163024902344,36.80618667602539,32.8042106628418,0.4267316460609436
203,0.0,0.00010497074254089966,0.0002787879784591496,0.000578914419747889,0.0010726137552410364,0.002131644170731306,0.0035480810329318047,4.279236316680908,4.240946292877197,4.293508052825928,4.205094814300537,3.987691640853882,4.37123966217041,4.066943645477295,4.297349452972412,4.3567094802856445,4.697125434875488,4.83611536026001,4.8379387855529785,4.643948554992676,4.942975997924805,5.125875949859619,4.5473198890686035,5.264944076538086,5.554570198059082,5.841812610626221,5.890573978424072,6.317317485809326,7.49489688873291,8.650196075439453,9.264711380004883,11.336356163024902,13.823243141174316,17.984474182128906,25.29315757751465,51.86764144897461,0.8650705814361572
204,0.0,0.00010836655565071851,0.0002983690064866096,0.0006332219345495105,0.001128846313804388,0.002173502929508686,0.003595160087570548,4.189122200012207,4.348637104034424,4.236755847930908,4.646882057189941,4.37448263168335,4.427270889282227,4.460438251495361,4.271745681762695,4.1102986335754395,4.239608287811279,5.72825288772583,6.067523002624512,5.827791213989258,5.755265235900879,6.034853458404541,6.015809059143066,6.363663196563721,6.334146976470947,6.541495323181152,6.953861713409424,7.374705791473389,7.723398685455322,8.87413501739502,9.704867362976074,11.643733978271484,13.563733100891113,17.996004104614258,21.99977684020996,32.808292388916016,0.4659078121185303
205,0.0,8.098126272670925e-05,0.00024170051619876176,0.0005099895060993731,0.0008775960886850953,0.0017040735110640526,0.002888629212975502,4.087471008300781,4.141042232513428,4.284933567047119,4.467764377593994,4.412961959838867,4.071074962615967,4.196819305419922,4.085776329040527,3.966230869293213,4.115540981292725,13.685898780822754,13.676972389221191,14.26949691772461,14.732342720031738,12.976910591125488,13.759825706481934,14.416349411010742,13.986339569091797,14.672731399536133,15.841766357421875,14.873285293579102,17.047443389892578,16.8878231048584,17.818239212036133,19.406957626342773,20.989309310913086,25.911861419677734,29.98016929626465,31.325275421142578,0.4744202494621277
206,0.0,8.984516898635775e-05,0.0002301745262229815,0.0004914762102998793,0.0009162453934550285,0.0018216684693470597,0.0030881143175065517,3.9817957878112793,4.3408203125,4.411196708679199,4.411189079284668,4.408624172210693,4.5526604652404785,4.192296028137207,3.8217711448669434,4.384082317352295,4.218027591705322,20.578258514404297,21.7601375579834,21.65199851989746,21.39187240600586,22.76022720336914,21.105236053466797,21.736923217773438,21.559192657470703,20.010723114013672,21.39305877685547,21.000675201416016,22.56120491027832,23.872358322143555,24.623722076416016,26.706443786621094,28.046648025512695,33.74897003173828,37.35211944580078,33.89920425415039,0.4613790512084961
207,0.0,7.901825301814824e-05,0.0002198785514337942,0.00047867270768620074,0.0008883240516297519,0.0017701041651889682,0.002953860443085432,4.505777359008789,3.868238687515259,3.88458251953125,4.207004070281982,4.327243804931641,4.265665531158447,4.441878795623779,4.214903354644775,4.448371410369873,4.496452331542969,13.733528137207031,14.503552436828613,15.20192813873291,14.527911186218262,13.677699089050293,13.943930625915527,15.17558479309082,14.948150634765625,14.68211841583252,15.845953941345215,15.27389907836914,15.395160675048828,16.94147491455078,16.955778121948242,18.611255645751953,21.636953353881836,25.0248966217041,28.101865768432617,29.921884536743164,0.401592880487442
208,0.0,8.89455113792792e-05,0.000240399080212228,0.0005126615869812667,0.000961440906394273,0.0019250117475166917,0.0032624604646116495,4.45004415512085,3.9917261600494385,3.9531636238098145,4.382663726806641,4.201955318450928,4.739996910095215,4.481750965118408,4.065452575683594,4.241678714752197,3.8731260299682617,8.767637252807617,8.589221954345703,8.853636741638184,8.80663013458252,9.543923377990723,9.059286117553711,9.279614448547363,9.58777904510498,9.655288696289062,9.273097038269043,9.698086738586426,11.298338890075684,11.823871612548828,12.918435096740723,13.978394508361816,15.884674072265625,19.844802856445312,23.801551818847656,31.087535858154297,0.39485323429107666
209,0.0,7.307206396944821e-05,0.0002189067454310134,0.0004486111574806273,0.0008149094064719975,0.001561465673148632,0.0026080915704369545,4.291006088256836,4.347439289093018,4.075491905212402,4.191548824310303,4.383910179138184,4.263964653015137,4.2216339111328125,4.045501232147217,4.3584980964660645,4.357488632202148,5.431098937988281,6.578909397125244,6.14040470123291,6.16646146774292,6.170762062072754,6.003392696380615,6.336159706115723,6.841462135314941,7.171817779541016,6.991318702697754,7.385805130004883,8.410761833190918,9.074077606201172,9.551572799682617,11.518085479736328,13.325693130493164,16.99288558959961,23.08472442626953,32.52872085571289,0.4425075948238373
210,0.0,9.152838902082294e-05,0.00028493741410784423,0.0005491288029588759,0.0010096034966409206,0.0018262088997289538,0.0029761320911347866,4.074883460998535,4.287042617797852,4.245253086090088,4.1147871017456055,4.016936302185059,4.173152446746826,3.984092950820923,4.146454334259033,4.148238658905029,4.110613822937012,49.00370407104492,46.762855529785156,52.91469955444336,46.65936279296875,47.138484954833984,49.126495361328125,44.898258209228516,49.90292739868164,50.24531936645508,49.576786041259766,52.598899841308594,50.995094299316406,52.696510314941406,49.76138687133789,54.4857063293457,55.855445861816406,56.75999450683594,65.97760009765625,36.91615676879883,0.5405187606811523
211,0.0,0.00010425935033708811,0.00027363558183424175,0.0005683205672539771,0.0010669422335922718,0.0021588660310953856,0.003568666521459818,4.073660373687744,4.505651473999023,4.354272365570068,4.262868881225586,4.502142906188965,4.511653423309326,4.50260066986084,4.387620449066162,4.235157012939453,4.281216621398926,4.973599910736084,4.929433345794678,4.913182735443115,4.66400671005249,5.047342777252197,4.723440170288086,5.882070541381836,5.347012996673584,5.553159713745117,5.707285404205322,5.994824409484863,7.0122270584106445,7.93108606338501,8.564801216125488,10.638425827026367,12.730663299560547,16.64754295349121,20.95895004272461,36.06549072265625,0.507688581943512
212,0.0,0.00010158462100662291,0.00029817133327014744,0.0006032581441104412,0.0010990423616021872,0.0021144698839634657,0.0034261480905115604,4.500701427459717,4.2603325843811035,3.9457578659057617,4.3515167236328125,4.216240406036377,4.260073661804199,4.234673023223877,4.1388115882873535,4.055091857910156,4.292565822601318,21.895645141601562,19.994237899780273,20.14901351928711,22.16737937927246,22.017282485961914,21.061004638671875,20.645790100097656,21.60320472717285,21.758777618408203,21.50152587890625,22.161542892456055,23.397762298583984,23.913808822631836,25.43134307861328,26.7359619140625,29.195880889892578,33.073219299316406,39.31878662109375,35.586429595947266,0.5543763041496277
213,0.0,8.064875146374106e-05,0.00021868960175197572,0.00047913880553096533,0.0008833668543957174,0.001669292920269072,0.0027875020168721676,4.525753498077393,4.128844261169434,3.8913114070892334,4.380835056304932,4.483344554901123,4.201409339904785,4.233674049377441,4.203361511230469,4.152107238769531,4.138383865356445,4.544920921325684,4.726806640625,4.6352219581604,5.0276360511779785,5.204297065734863,5.007521152496338,5.205329895019531,5.418352127075195,5.805388927459717,5.919258117675781,6.048803806304932,7.225919246673584,7.924765586853027,8.234565734863281,10.028457641601562,12.022771835327148,15.071637153625488,19.979246139526367,31.36490821838379,0.44365695118904114
214,0.0,0.00010410405957372859,0.0002857177460100502,0.0005637917784042656,0.0010432082926854491,0.0020412432495504618,0.0034988659899681807,4.401683807373047,4.012906074523926,4.446722984313965,4.238793849945068,4.090310573577881,4.689872741699219,4.449101448059082,4.226563930511475,4.212841033935547,4.385861396789551,15.9083890914917,14.890350341796875,13.037471771240234,14.831646919250488,14.124059677124023,14.98696231842041,13.835305213928223,14.729780197143555,14.15011215209961,15.81475830078125,15.23573112487793,16.536479949951172,16.008718490600586,18.450109481811523,19.67534637451172,22.627159118652344,24.730321884155273,30.399547576904297,33.14080810546875,0.4198598861694336
215,0.0,9.059121657628566e-05,0.00024388717429246753,0.000555081875063479,0.0009510117233730853,0.0018602574709802866,0.0031153245363384485,4.262050151824951,4.170938968658447,4.557358741760254,4.712526321411133,4.431589126586914,4.271237373352051,4.342296123504639,4.125614643096924,4.313087463378906,4.481693744659424,9.094148635864258,9.259087562561035,8.732841491699219,9.740779876708984,9.279844284057617,8.770234107971191,9.078033447265625,9.51060962677002,9.549543380737305,9.979331016540527,10.469294548034668,11.105912208557129,12.475618362426758,12.439435958862305,14.410819053649902,17.111312866210938,20.411720275878906,23.63120460510254,32.85572052001953,0.431747704744339
216,0.0,0.00011688510130625218,0.00033876413363032043,0.0006522059557028115,0.0012569122482091188,0.002379799960181117,0.0038625882007181644,4.274302959442139,4.338597297668457,4.2456769943237305,4.489738941192627,4.0670952796936035,4.083999156951904,4.481299877166748,4.640492916107178,3.89619517326355,3.8731446266174316,9.416635513305664,9.43570327758789,8.86791706085205,8.38007640838623,9.778482437133789,9.03046703338623,8.889181137084961,9.112220764160156,9.454883575439453,10.163318634033203,9.862525939941406,10.471879959106445,11.725438117980957,12.185240745544434,15.236312866210938,16.75237464904785,20.101957321166992,25.57967758178711,32.005638122558594,0.40685755014419556
217,0.0,0.00010482082871021703,0.000291993870632723,0.0005820301012136042,0.0010728443739935756,0.002181048970669508,0.0035920687951147556,4.291182041168213,4.7839741706848145,4.298048973083496,4.156012058258057,4.286008358001709,4.222173690795898,4.555173873901367,4.057689189910889,4.336662769317627,4.252928256988525,4.757763385772705,5.224544048309326,4.592783451080322,5.1437530517578125,4.876739978790283,4.962649822235107,4.979318141937256,5.133113861083984,6.054941654205322,5.973526477813721,6.482470989227295,7.457360744476318,7.698256015777588,9.087759017944336,10.880023956298828,13.064404487609863,17.309797286987305,21.848051071166992,39.53474426269531,0.6703320741653442
218,0.0,8.50600772537291e-05,0.00022413776605390012,0.0004797899746336043,0.0008522060816176236,0.001652244129218161,0.0028685128781944513,4.367172718048096,4.172101974487305,4.006680965423584,4.099989414215088,3.984017848968506,4.0644073486328125,4.3320393562316895,4.197246074676514,3.849147081375122,4.2123494148254395,4.65339469909668,4.729113578796387,5.048419952392578,4.89567232131958,5.057499408721924,5.245861530303955,5.0416340827941895,5.640343189239502,5.502792835235596,6.185455322265625,6.33743953704834,7.085718154907227,7.859095096588135,9.0592679977417,10.363619804382324,12.563863754272461,16.328115463256836,19.996938705444336,31.76331329345703,0.45616161823272705
219,0.0,9.45257706916891e-05,0.00025265716249123216,0.0005249652313068509,0.0010169926099479198,0.001925553078763187,0.003213926451280713,4.111850738525391,4.452602386474609,4.234849452972412,4.248227119445801,4.324789524078369,4.3604960441589355,4.082304954528809,4.3841118812561035,4.183704376220703,4.594056606292725,9.14918041229248,9.100959777832031,8.730316162109375,8.765666007995605,8.966075897216797,9.716493606567383,9.323312759399414,8.976688385009766,10.22442626953125,9.72403621673584,10.619641304016113,11.510838508605957,11.450469970703125,13.499269485473633,14.258306503295898,16.272113800048828,20.341293334960938,25.41535186767578,31.164457321166992,0.42611271142959595
220,0.0,0.0001043143929564394,0.0002687957603484392,0.0005446851719170809,0.0010189252207055688,0.001988980220630765,0.0033524292521178722,4.469252109527588,4.440849781036377,4.335873126983643,4.055428981781006,4.159069061279297,3.922605514526367,3.9895198345184326,4.291655540466309,4.48140287399292,4.488308906555176,41.309547424316406,40.559783935546875,43.01423645019531,39.83814239501953,39.122798919677734,42.89567565917969,43.757572174072266,40.14411544799805,44.11399459838867,40.77839279174805,41.162967681884766,42.17782211303711,43.1915168762207,44.00467300415039,48.42219543457031,45.36330795288086,51.85123825073242,59.019046783447266,35.80546951293945,0.510047197341919
221,0.0,9.361431875731796e-05,0.0002500214031897485,0.0005403206450864673,0.0010227139573544264,0.0020122183486819267,0.0033159167505800724,4.673032283782959,3.953901767730713,4.324339866638184,4.33479642868042,4.11968469619751,4.466821670532227,4.173605442047119,4.06007719039917,4.227498531341553,4.423102855682373,5.596954345703125,5.937576770782471,6.2349090576171875,5.942274570465088,6.142522811889648,6.210592269897461,6.171609878540039,6.293481826782227,6.49092435836792,6.854111671447754,7.13391637802124,8.477517127990723,8.735779762268066,9.50876522064209,11.393705368041992,14.277240753173828,17.098209381103516,22.565675735473633,34.87210464477539,0.47379690408706665
222,0.0,8.945597801357508e-05,0.00025810979423113167,0.000526988587807864,0.000980434357188642,0.001957264030352235,0.0033053066581487656,4.399737358093262,4.469779014587402,4.6673736572265625,4.588433742523193,4.002233028411865,4.224862575531006,4.161706924438477,4.196667194366455,4.295040130615234,4.337761878967285,30.202993392944336,28.528169631958008,28.94668197631836,28.5109806060791,29.388446807861328,32.40629577636719,30.483713150024414,29.602901458740234,30.6704044342041,31.855045318603516,32.85289001464844,33.603179931640625,33.005859375,35.12093734741211,36.81867218017578,40.359588623046875,42.062923431396484,46.444820404052734,45.64939880371094,0.6914546489715576
223,0.0,0.00010003132774727419,0.0002696140727493912,0.0005587003543041646,0.001044326345436275,0.0020101978443562984,0.0034099288750439882,4.104352951049805,4.010373115539551,4.3195013999938965,4.3719162940979,4.077937602996826,4.211160659790039,4.296638011932373,3.786482572555542,4.2886457443237305,3.780107021331787,4.747008800506592,4.886450290679932,5.067174911499023,5.170818328857422,5.327512741088867,4.95780086517334,4.947361946105957,5.3192219734191895,5.778198719024658,6.024598121643066,6.668924331665039,7.138276100158691,7.611420631408691,8.757254600524902,10.612682342529297,12.915226936340332,16.85297393798828,22.1315860748291,37.20515060424805,0.5410861968994141
224,0.0,0.00010118610953213647,0.0002629842783790082,0.0005967043107375503,0.0010812953114509583,0.0021027352195233107,0.0035871381405740976,4.3201680183410645,4.258029937744141,4.294619560241699,4.278590202331543,3.9605679512023926,4.451333045959473,4.072404861450195,4.302572727203369,4.388244152069092,4.270513534545898,14.8003568649292,13.775808334350586,13.740660667419434,13.562774658203125,13.650826454162598,14.965188980102539,14.913694381713867,14.137965202331543,13.578636169433594,14.7089262008667,16.08698081970215,16.294904708862305,16.688844680786133,17.844989776611328,20.579891204833984,21.8396053314209,27.849897384643555,31.754913330078125,36.7082405090332,0.5453523397445679
225,0.0,8.014555351110175e-05,0.0002155252150259912,0.00048742606304585934,0.0008881312096491456,0.0016492934664711356,0.0028331957291811705,4.329596519470215,4.78174352645874,4.558037281036377,4.179192066192627,4.293561935424805,4.280211925506592,4.018054485321045,4.42893648147583,4.69016695022583,4.471342086791992,12.114555358886719,14.116042137145996,13.235147476196289,13.024985313415527,12.66786003112793,13.793143272399902,14.228839874267578,12.829139709472656,15.089909553527832,14.457067489624023,15.871993064880371,16.202533721923828,15.583877563476562,16.988882064819336,18.296199798583984,20.69009017944336,23.432456970214844,29.561357498168945,30.75253677368164,0.42377641797065735
226,0.0,8.348288247361779e-05,0.00022216593788471073,0.00048820808297023177,0.0008779633208177984,0.00173796562012285,0.0029471132438629866,4.590620517730713,3.7777326107025146,3.851729154586792,4.138599872589111,4.33646297454834,4.544667720794678,4.107858657836914,4.301700592041016,4.254774570465088,4.398629188537598,8.316207885742188,9.39643383026123,8.994316101074219,8.717216491699219,9.010160446166992,9.340195655822754,10.049858093261719,9.20220947265625,9.603089332580566,9.877347946166992,10.278731346130371,10.84765625,12.659488677978516,12.784905433654785,14.731508255004883,15.420916557312012,20.35362434387207,24.81123924255371,30.915443420410156,0.46370729804039
227,0.0,9.126228542299941e-05,0.0002485119621269405,0.0005176269332878292,0.0009237448102794588,0.001807383494451642,0.002977272029966116,4.138095855712891,4.160216808319092,4.116313457489014,3.805349349975586,4.148187637329102,4.336584568023682,4.239292621612549,4.4462385177612305,4.098493576049805,4.664714813232422,4.982339859008789,4.897673606872559,5.036002159118652,4.842796325683594,5.057234287261963,4.7162580490112305,4.876981735229492,5.316488265991211,5.459341526031494,6.048593044281006,6.447643756866455,7.211807727813721,7.947420120239258,8.62977123260498,10.6044282913208,12.677803039550781,15.60036563873291,19.73579216003418,28.942405700683594,0.4458298683166504
228,0.0,9.671571024227887e-05,0.00025656382786110044,0.0005499883554875851,0.0010094528552144766,0.0019510911079123616,0.0032239987049251795,4.127842903137207,4.089635372161865,4.309498310089111,4.086573600769043,4.374512672424316,4.522909164428711,4.397494316101074,3.9815640449523926,4.170957088470459,4.165682315826416,1968.9293212890625,1746.904541015625,2006.73828125,1893.4190673828125,1839.22705078125,1957.4388427734375,1904.0728759765625,1978.06884765625,2023.315673828125,1910.164306640625,1781.478759765625,1840.902587890625,1796.872314453125,1820.681884765625,1901.0621337890625,1936.0738525390625,1759.75732421875,1795.113037109375,37.13400650024414,0.6244359612464905
229,0.0,7.180323882494122e-05,0.0001976897328859195,0.00041718478314578533,0.0007534226751886308,0.0014079043176025152,0.0023859699722379446,4.679293632507324,4.3944902420043945,3.7433884143829346,4.264424800872803,4.555610656738281,4.277613162994385,4.612154483795166,4.3108978271484375,4.37034797668457,4.636610507965088,7.859251499176025,9.12917709350586,9.00557804107666,8.806476593017578,8.872075080871582,8.851157188415527,8.491549491882324,9.685291290283203,9.251133918762207,9.289466857910156,10.169938087463379,11.318385124206543,11.911050796508789,12.659272193908691,13.72824764251709,15.973810195922852,19.937116622924805,23.671993255615234,30.92616081237793,0.4641787111759186
230,0.0,9.08078218344599e-05,0.00024578499142080545,0.0005195667035877705,0.0009534014970995486,0.0017981251003220677,0.003128214506432414,4.26620626449585,4.534275531768799,4.279564380645752,4.176564693450928,4.128585338592529,4.461937427520752,3.960522413253784,4.750223636627197,4.030167102813721,4.599659442901611,13.896071434020996,13.049552917480469,13.840035438537598,13.868284225463867,14.549660682678223,13.703444480895996,14.501279830932617,15.558991432189941,13.796896934509277,16.375965118408203,15.451375961303711,16.72071647644043,17.639741897583008,18.338287353515625,20.99155044555664,21.529367446899414,26.370685577392578,31.8242244720459,36.068504333496094,0.5591669678688049
231,0.0,9.497095743427053e-05,0.000250496988883242,0.0005223443731665611,0.000988693325780332,0.001887626014649868,0.003112650476396084,4.592398166656494,4.279551982879639,4.058648586273193,4.396319389343262,4.437772750854492,4.104873180389404,4.311400413513184,4.061131477355957,4.211185932159424,4.493397235870361,32.145835876464844,31.852134704589844,30.61573028564453,30.112442016601562,30.76247787475586,30.436935424804688,29.95269775390625,30.509357452392578,32.29970169067383,31.156850814819336,32.68876647949219,34.879024505615234,31.404787063598633,32.62246322631836,35.91156768798828,37.523033142089844,40.197906494140625,47.32429885864258,29.56807518005371,0.40191933512687683
232,0.0,9.571326518198475e-05,0.0002670265967026353,0.0005813327152282,0.0010459686163812876,0.00204505305737257,0.0033664226066321135,4.213849067687988,4.213306903839111,4.2414984703063965,4.141445636749268,4.1754302978515625,4.258038520812988,4.150742053985596,4.443436145782471,4.411605358123779,4.755526542663574,5.057950973510742,4.574702262878418,5.1747822761535645,4.970865249633789,4.786397457122803,4.976416110992432,5.0375285148620605,5.370877265930176,5.604446887969971,6.056798934936523,5.976627349853516,7.1051506996154785,7.390172004699707,8.807991981506348,10.305333137512207,12.010520935058594,15.587103843688965,20.100116729736328,30.73958396911621,0.44191133975982666
233,0.0,0.00010224895231658593,0.00029074097983539104,0.0005714988219551742,0.001039438066072762,0.0020685221534222364,0.003492735093459487,4.378045082092285,4.485456943511963,4.161324977874756,4.459827423095703,3.981285572052002,4.540886402130127,4.075293064117432,4.006597518920898,4.334394931793213,4.101311206817627,5.758596897125244,6.37053918838501,6.153844833374023,5.200659275054932,5.849209308624268,5.591187953948975,5.3494672775268555,5.4479546546936035,5.388126373291016,6.008230686187744,6.4339919090271,7.513171195983887,7.780901908874512,8.723134994506836,10.19168472290039,12.811731338500977,16.75439453125,22.40818214416504,35.928646087646484,0.45741671323776245
234,0.0,9.685892291599885e-05,0.0002536968677304685,0.0005219877348281443,0.0009748641750775278,0.0019107667030766606,0.0032488848082721233,4.09739875793457,4.241535186767578,4.635746955871582,4.463228225708008,4.345024108886719,4.571070194244385,4.39699125289917,4.24423360824585,4.431995868682861,4.675169944763184,6.122824668884277,5.825472831726074,5.911764621734619,5.588167667388916,5.98007345199585,6.042147636413574,5.881644248962402,6.167779445648193,6.202958106994629,6.894014835357666,7.521615505218506,8.687172889709473,8.965940475463867,10.130492210388184,11.432337760925293,12.979186058044434,17.145910263061523,21.717979431152344,34.483802795410156,0.5056868195533752
235,0.0,7.488921255571768e-05,0.00021253353042993695,0.0004555703781079501,0.000844360503833741,0.0015531483804807067,0.00263257697224617,4.215128421783447,4.494521141052246,4.034499168395996,3.9220993518829346,4.164626121520996,4.191194534301758,4.246747016906738,4.2594475746154785,4.167713642120361,4.163968563079834,4.852389812469482,4.6786065101623535,5.115111351013184,5.130318641662598,5.1357316970825195,5.189929008483887,5.407628059387207,5.247498512268066,5.594393730163574,5.954242706298828,6.3231096267700195,7.064754009246826,7.893667697906494,8.699200630187988,10.539653778076172,12.50450611114502,15.661487579345703,19.95395851135254,28.55518341064453,0.37139075994491577
