,layer_1,layer_2,layer_3,layer_4,layer_5,layer_6,layer_7,layer_8,layer_9,layer_10,layer_11,layer_12,layer_13,layer_14,layer_15,layer_16,layer_17,layer_18,layer_19,layer_20,layer_21,layer_22,layer_23,layer_24,layer_25,layer_26,layer_27,layer_28,layer_29,layer_30,layer_31,layer_32,layer_33,layer_34,layer_35,layer_36,layer_37
0,0.0,0.00020343689539004117,0.002381222089752555,0.004367037210613489,0.014721439220011234,0.04375625029206276,0.08046942949295044,1.1660971641540527,1.2639583349227905,1.3522576093673706,2.5433566570281982,3.678405284881592,4.8509521484375,10.482192039489746,12.487866401672363,18.895824432373047,28.885974884033203,40.078853607177734,80.77833557128906,125.44478607177734,216.94960021972656,272.3658447265625,327.89276123046875,501.5317077636719,694.1950073242188,1213.270751953125,1383.9541015625,1848.28369140625,2199.242919921875,3324.061767578125,3954.06396484375,6152.75439453125,7006.7744140625,9610.572265625,11985.5908203125,28991.939453125,970.0891723632812
1,0.0,0.0001905306417029351,0.002172860549762845,0.0041543273255229,0.013442513532936573,0.040532976388931274,0.07035231590270996,1.1723835468292236,1.265885591506958,1.372779369354248,2.2710700035095215,3.1408560276031494,4.225372314453125,8.904192924499512,11.549012184143066,15.95311450958252,23.717552185058594,40.59389877319336,67.11804962158203,103.10314178466797,191.35182189941406,224.98736572265625,288.0491943359375,350.218994140625,606.0042724609375,989.3385009765625,1170.7410888671875,1420.0242919921875,1854.3970947265625,2583.187744140625,3399.603759765625,4657.9423828125,6318.66552734375,7439.64306640625,10164.3271484375,24865.169921875,814.4798583984375
2,0.0,0.00022134465689305216,0.002791701816022396,0.005101518239825964,0.018027087673544884,0.04776785895228386,0.08251015096902847,1.137769103050232,1.2623227834701538,1.5021628141403198,2.4867570400238037,3.6178250312805176,5.484386920928955,11.04714298248291,14.296465873718262,19.560693740844727,29.728408813476562,25830.48828125,26812.44921875,23050.8046875,25541.365234375,25914.125,26692.54296875,23107.29296875,24956.7265625,25530.8046875,24996.439453125,25804.154296875,23593.62109375,24669.224609375,24003.65625,23447.484375,25348.728515625,28125.888671875,28920.5859375,24947.970703125,679.8937377929688
3,0.0,0.00022824492771178484,0.0027853637002408504,0.005522172432392836,0.01762741059064865,0.05634073540568352,0.09384921938180923,1.2110005617141724,1.3330678939819336,1.4806597232818604,2.5936529636383057,3.730055332183838,5.6821208000183105,11.423921585083008,14.595280647277832,20.533418655395508,33.39847946166992,47.43080520629883,79.05184936523438,125.79415893554688,246.79891967773438,262.9248046875,318.728271484375,495.5927734375,745.50341796875,1222.8773193359375,1623.4378662109375,1689.699951171875,2377.12109375,3022.981689453125,3730.30615234375,5219.537109375,6568.392578125,8275.9130859375,11419.5576171875,28573.18359375,844.9738159179688
4,0.0,0.00026137346867471933,0.003063095733523369,0.00561324879527092,0.020122002810239792,0.061832599341869354,0.09381643682718277,1.1903116703033447,1.2039433717727661,1.543513298034668,2.9574029445648193,4.296022891998291,5.897283554077148,12.83399486541748,17.414836883544922,23.519023895263672,35.29781723022461,58.34492492675781,105.19200134277344,153.8734588623047,264.572998046875,339.0884094238281,417.5304870605469,599.4527587890625,868.0703125,1457.9669189453125,1838.8455810546875,2266.89501953125,2626.259033203125,3855.92138671875,4485.05517578125,6542.7451171875,8172.81884765625,8895.32421875,13370.791015625,36043.66796875,1024.277099609375
5,0.0,0.00018889135390054435,0.0021999517921358347,0.0039866711013019085,0.012220192700624466,0.036306366324424744,0.05937343090772629,1.1885384321212769,1.1607989072799683,1.4564249515533447,2.042656183242798,2.9061391353607178,3.7654812335968018,7.981278896331787,9.313414573669434,13.859024047851562,20.96514129638672,34.65993118286133,60.28806686401367,84.48344421386719,142.74697875976562,197.25335693359375,232.0,334.8541259765625,493.9035949707031,841.351318359375,1190.49755859375,1366.7281494140625,1634.311767578125,2586.241455078125,3182.85107421875,4519.97900390625,5828.8671875,7601.4541015625,8649.080078125,22310.814453125,811.6723022460938
6,0.0,0.00019244028953835368,0.0021491246297955513,0.004163213074207306,0.01260961964726448,0.0367790088057518,0.06203579157590866,1.1908535957336426,1.2677993774414062,1.2905718088150024,2.1573827266693115,3.0955817699432373,3.957529067993164,8.320744514465332,11.388972282409668,16.368350982666016,25.34562873840332,341.2147521972656,366.57611083984375,424.9930419921875,488.2793273925781,523.5069580078125,566.9343872070312,656.9730224609375,915.0578002929688,1259.3031005859375,1533.9306640625,1809.2310791015625,2368.700927734375,3147.904541015625,3855.443115234375,5307.68408203125,7134.71044921875,8219.9365234375,11869.578125,27186.1015625,903.531982421875
7,0.0,0.00027799923554994166,0.003354740794748068,0.006221217568963766,0.02069629728794098,0.06141781434416771,0.10305668413639069,1.2531449794769287,1.3497132062911987,1.6350427865982056,3.017357349395752,4.703570365905762,5.959567070007324,13.096123695373535,17.159624099731445,24.72930908203125,38.51629638671875,120.13384246826172,173.19664001464844,212.4859161376953,376.4801330566406,450.2056579589844,547.5975952148438,712.7731323242188,1092.54931640625,1644.24267578125,1932.14306640625,2525.440673828125,2893.620849609375,3930.236083984375,4824.11279296875,7002.50244140625,8265.2255859375,10003.6435546875,13730.3330078125,32650.939453125,1179.56396484375
8,0.0,0.00028437949367798865,0.00345650315284729,0.006391141097992659,0.02112986519932747,0.05963561683893204,0.10038048028945923,1.2656513452529907,1.2318044900894165,1.6602447032928467,2.7467432022094727,4.625330448150635,6.042961120605469,13.564959526062012,17.746814727783203,22.59316062927246,39.04670715332031,269.37481689453125,327.2406921386719,387.2779541015625,526.0684814453125,582.226318359375,649.2203979492188,888.9533081054688,1139.2886962890625,1707.8992919921875,2099.06103515625,2405.603271484375,2978.265380859375,3728.95263671875,4817.072265625,6489.16650390625,7859.22802734375,9685.7724609375,13183.4765625,32435.830078125,898.0948486328125
9,0.0,0.00021650166308972985,0.0026621073484420776,0.005328742787241936,0.01643485575914383,0.053235311061143875,0.08923779428005219,1.2159106731414795,1.4051417112350464,1.5120561122894287,2.3988254070281982,3.811406373977661,5.472901821136475,11.465076446533203,14.684002876281738,19.808435440063477,29.764402389526367,46.493961334228516,82.02983093261719,122.29852294921875,214.86595153808594,275.718505859375,330.591796875,481.22021484375,675.5238037109375,1191.0848388671875,1412.6773681640625,1837.0794677734375,2043.0218505859375,2896.61669921875,3463.981201171875,4571.1337890625,6242.3310546875,7588.791015625,10533.0322265625,23106.4921875,746.6031494140625
10,0.0,0.00022868001542519778,0.0025518089532852173,0.0049125635996460915,0.018031515181064606,0.051233191043138504,0.08436696231365204,1.226652979850769,1.2265570163726807,1.5608487129211426,2.4431188106536865,3.743967056274414,5.775310039520264,11.117087364196777,14.107702255249023,20.676328659057617,32.5406608581543,53.45463562011719,88.82009887695312,128.98141479492188,226.22714233398438,281.8466796875,350.7713928222656,506.5928955078125,808.6826171875,1174.15234375,1516.966064453125,1941.1883544921875,2477.280517578125,2987.63720703125,4072.9365234375,5633.80517578125,7502.79150390625,8647.908203125,11610.93359375,29591.353515625,895.0344848632812
11,0.0,0.00024412288621533662,0.0029335429426282644,0.005641153547912836,0.01810459978878498,0.05292843282222748,0.09435020387172699,1.2307270765304565,1.2663459777832031,1.6741195917129517,2.5294320583343506,3.9951400756835938,5.212817668914795,12.293106079101562,15.996612548828125,20.247100830078125,32.35284423828125,27996.509765625,26102.37890625,25123.62109375,25787.720703125,26405.78515625,27290.4609375,27885.669921875,28026.76171875,26485.212890625,29099.93359375,27389.23046875,27891.669921875,28309.400390625,25632.14453125,30940.95703125,31473.673828125,32768.703125,32538.689453125,31600.58984375,1103.9195556640625
12,0.0,0.00023213743406813592,0.0027971207164227962,0.005150800105184317,0.01737125776708126,0.0492878183722496,0.08246222138404846,1.105295181274414,1.2944591045379639,1.550454020500183,2.5942704677581787,3.9161157608032227,5.363616466522217,11.296807289123535,15.541911125183105,20.801361083984375,35.620662689208984,51.97259521484375,87.87902069091797,132.8816680908203,233.7291717529297,313.27923583984375,395.3244934082031,564.2052612304688,864.1821899414062,1527.57080078125,1716.8145751953125,2461.28662109375,2822.133544921875,3691.59326171875,4478.33154296875,6440.42724609375,8791.4091796875,11751.7421875,15093.201171875,34766.67578125,1048.033935546875
13,0.0,0.0002342965453863144,0.0031082951463758945,0.0058266292326152325,0.018022943288087845,0.056000567972660065,0.08813480287790298,1.17132568359375,1.2947101593017578,1.5890933275222778,2.8703598976135254,4.104325294494629,5.596253871917725,12.077808380126953,15.450331687927246,22.186742782592773,32.529808044433594,58.37449645996094,105.72206115722656,144.62315368652344,243.1893310546875,357.86383056640625,390.5713806152344,648.7612915039062,944.3424072265625,1502.288818359375,1784.611328125,2152.74658203125,2932.947021484375,4015.904296875,4776.6044921875,6851.09912109375,8571.892578125,10942.177734375,14316.091796875,37294.2421875,1158.757568359375
14,0.0,0.00026261035236530006,0.0031402246095240116,0.006245814263820648,0.01867697201669216,0.05531162768602371,0.08846241235733032,1.200038194656372,1.357155203819275,1.6454455852508545,2.80841326713562,4.417099952697754,5.949254035949707,12.98064136505127,16.075393676757812,23.699356079101562,37.60447311401367,2953.279541015625,2986.021240234375,2862.64990234375,2913.4765625,3450.96875,2997.50146484375,3260.70361328125,3577.271240234375,4002.631591796875,4430.857421875,4554.7080078125,4579.03125,6023.7880859375,6857.0107421875,8535.9150390625,9437.3447265625,12026.3701171875,16617.998046875,36711.296875,1140.8260498046875
15,0.0,0.0002777701010927558,0.0034309127368032932,0.0060251131653785706,0.019594581797719002,0.05784789100289345,0.09117306768894196,1.1795986890792847,1.3567984104156494,1.5575616359710693,2.9414331912994385,4.622613430023193,5.944093227386475,13.125758171081543,17.492942810058594,26.186498641967773,42.916786193847656,69.51414489746094,120.6509017944336,179.55294799804688,310.19439697265625,404.281982421875,454.5921325683594,720.8491821289062,1033.077880859375,1685.6986083984375,1907.1243896484375,2713.902099609375,3216.097900390625,4042.3740234375,5378.05908203125,7208.173828125,9464.13671875,12086.5966796875,15513.3720703125,38491.75390625,1081.3612060546875
16,0.0,0.00024593633133918047,0.002951303031295538,0.005243236199021339,0.018432877957820892,0.049639977514743805,0.09293423593044281,1.2584151029586792,1.3561629056930542,1.5677435398101807,2.617915391921997,4.041910171508789,5.356317520141602,11.76295280456543,15.103586196899414,22.359664916992188,32.80280685424805,211.71798706054688,255.82139587402344,298.3526306152344,418.4908752441406,514.5281982421875,564.149658203125,773.68359375,1055.8040771484375,1524.506591796875,1991.2283935546875,2355.009033203125,2771.7685546875,3949.224365234375,4797.47314453125,6506.66650390625,7983.03759765625,10832.748046875,13615.70703125,34290.21875,924.2935180664062
17,0.0,0.00019997470371890813,0.0022763381712138653,0.0043421355076134205,0.014232315123081207,0.04230286553502083,0.0650683119893074,1.1045105457305908,1.306060552597046,1.4326814413070679,2.2146501541137695,3.0729098320007324,4.551078796386719,9.425813674926758,11.620401382446289,16.019014358520508,26.385547637939453,41.218017578125,66.64189147949219,108.69568634033203,180.23866271972656,226.92825317382812,282.02069091796875,430.575927734375,600.7218627929688,1014.090576171875,1289.9814453125,1582.859130859375,1971.8565673828125,2501.6259765625,3085.66259765625,4592.58837890625,5431.25146484375,7541.7041015625,9861.568359375,24569.341796875,733.9610595703125
18,0.0,0.00025591326993890107,0.003152451477944851,0.005150693003088236,0.018957583233714104,0.056301943957805634,0.09340286999940872,1.2229886054992676,1.3474656343460083,1.6159508228302002,2.577486276626587,4.178722381591797,5.773118495941162,12.24174690246582,15.236353874206543,21.828556060791016,33.403446197509766,46.907432556152344,82.10628509521484,128.59193420410156,213.25779724121094,253.48886108398438,317.5847473144531,460.1976013183594,687.4542236328125,1110.642578125,1271.9354248046875,1536.7999267578125,1893.681884765625,2565.46630859375,3063.97119140625,4504.84423828125,5234.8505859375,7215.1748046875,9687.6162109375,24448.818359375,667.4357299804688
19,0.0,0.00020989809127058834,0.0025610660668462515,0.005227685905992985,0.01514282263815403,0.0482950285077095,0.07899932563304901,1.1703648567199707,1.2407822608947754,1.5086978673934937,2.566429376602173,3.7191898822784424,5.124361991882324,10.590286254882812,14.171557426452637,20.00503158569336,31.148719787597656,31044.11328125,31247.021484375,33957.9375,33022.95703125,28525.96484375,31412.77734375,30424.375,30399.169921875,29413.552734375,29130.6015625,32013.43359375,29360.25,31573.6328125,32317.23828125,30833.6171875,31941.5859375,31944.318359375,37036.61328125,32680.619140625,951.1551513671875
20,0.0,0.00024249785928986967,0.002932395786046982,0.005640089511871338,0.018314547836780548,0.050134822726249695,0.08617453277111053,1.2123252153396606,1.252850890159607,1.5660640001296997,2.7118585109710693,4.342027187347412,5.338778018951416,12.485039710998535,15.372539520263672,22.274959564208984,34.97959518432617,24521.4296875,24739.609375,25571.701171875,25025.1484375,25060.45703125,23252.716796875,24732.337890625,24778.998046875,24290.521484375,25751.1875,24026.38671875,23817.72265625,25697.505859375,25604.232421875,25152.509765625,27398.578125,28121.6484375,31975.521484375,31976.33203125,1009.294189453125
21,0.0,0.0002875995123758912,0.0032784754876047373,0.006366456393152475,0.022970397025346756,0.06278521567583084,0.11583587527275085,1.203097939491272,1.347173810005188,1.5947515964508057,2.9863319396972656,4.81486177444458,6.234686851501465,14.128447532653809,18.881790161132812,25.497758865356445,41.8727912902832,1482.1253662109375,1491.71826171875,1499.9603271484375,1781.508544921875,1827.1737060546875,1963.1038818359375,2129.3466796875,2567.080322265625,3212.63623046875,3649.4755859375,4455.68017578125,5110.89111328125,6214.4306640625,7584.4384765625,9795.7578125,11371.876953125,14152.224609375,19373.552734375,43872.08203125,1265.87109375
22,0.0,0.000231989222811535,0.0026843405794352293,0.0053234039805829525,0.017612561583518982,0.04797026887536049,0.08657892048358917,1.2070232629776,1.1791390180587769,1.5125699043273926,2.5665650367736816,3.9233174324035645,5.259079456329346,11.479467391967773,14.545867919921875,19.315893173217773,30.590232849121094,44.92555618286133,78.6054916381836,117.26451873779297,222.04132080078125,278.7207946777344,310.02838134765625,452.4172058105469,745.3855590820312,1159.5113525390625,1356.1265869140625,1744.2406005859375,1944.536376953125,2738.65869140625,2918.591552734375,4670.68798828125,5680.53125,7289.53125,9281.248046875,24023.166015625,727.4385375976562
23,0.0,0.00025931838899850845,0.0031098562758415937,0.006008825730532408,0.021429527550935745,0.05848976597189903,0.0954168438911438,1.2077503204345703,1.3693358898162842,1.5782791376113892,2.8919546604156494,4.5835418701171875,6.1837592124938965,12.968945503234863,16.059425354003906,22.284481048583984,35.398155212402344,24101.865234375,24681.4296875,24359.05859375,23935.392578125,23325.166015625,24277.712890625,24391.77734375,25940.017578125,23153.65625,21905.044921875,25434.439453125,24899.890625,23123.89453125,24674.373046875,26383.92578125,26295.62890625,29158.61328125,31184.208984375,40208.3671875,1182.2705078125
24,0.0,0.0001865265512606129,0.002127924468368292,0.003750468371436,0.012163002043962479,0.038075219839811325,0.0631471648812294,1.1975622177124023,1.2921340465545654,1.373378038406372,2.28544282913208,2.909388303756714,3.9765894412994385,8.204898834228516,9.784433364868164,14.824627876281738,22.956254959106445,33.51933670043945,62.15336990356445,95.53771209716797,163.6453857421875,218.57998657226562,246.36488342285156,386.6888122558594,597.6748046875,868.4556884765625,1067.6787109375,1538.527587890625,1917.5037841796875,2509.15087890625,3263.384765625,4898.51416015625,6215.357421875,7697.47119140625,10713.76171875,23735.783203125,1072.1298828125
25,0.0,0.00018297559290658683,0.001987416995689273,0.003545708255842328,0.012116875499486923,0.0325639508664608,0.05556102097034454,1.1126350164413452,1.1474640369415283,1.4184380769729614,2.0346271991729736,2.7300827503204346,3.6351232528686523,7.131743907928467,9.5193510055542,12.691390037536621,19.580297470092773,30.1431884765625,58.65243148803711,92.19464874267578,146.98590087890625,204.85035705566406,247.7373504638672,315.1175842285156,532.2562255859375,765.0748291015625,1025.935302734375,1406.1170654296875,1697.2266845703125,2601.099609375,3037.20166015625,4574.29833984375,5330.92529296875,7006.1513671875,9415.49609375,24882.029296875,754.80859375
26,0.0,0.00029467607964761555,0.00404631532728672,0.007032268680632114,0.02466532588005066,0.06499527394771576,0.1134227067232132,1.3114625215530396,1.4299402236938477,1.6867541074752808,3.2186172008514404,5.080682277679443,6.423774719238281,14.865585327148438,18.662437438964844,26.69786262512207,38.08605194091797,553.0311279296875,601.4466552734375,702.7669677734375,785.5147094726562,940.01171875,955.4969482421875,1198.5684814453125,1538.3828125,2301.3935546875,2525.48828125,3298.528076171875,3946.623291015625,5266.54296875,5596.7451171875,8071.474609375,9880.3486328125,12136.25,15183.873046875,37024.5859375,1024.8543701171875
27,0.0,0.00025208614533767104,0.002845838200300932,0.005476129241287708,0.019131843000650406,0.05299689993262291,0.08892510086297989,1.1765373945236206,1.3491015434265137,1.5207339525222778,2.7046728134155273,4.109462261199951,5.203873634338379,12.086966514587402,16.076723098754883,23.392772674560547,38.51019287109375,28308.576171875,27781.26171875,29440.38671875,31296.80859375,31317.833984375,29956.697265625,28646.013671875,27943.44921875,30422.640625,29894.294921875,29262.0,29083.884765625,29710.66796875,28554.48046875,29605.01171875,34088.52734375,35460.0625,32404.078125,36041.8828125,999.7731323242188
28,0.0,0.00030624211649410427,0.0037501007318496704,0.006708994507789612,0.023633886128664017,0.062595896422863,0.10266714543104172,1.1970046758651733,1.4036773443222046,1.6651585102081299,2.9989609718322754,4.668151378631592,6.347652912139893,14.40910530090332,19.49220085144043,26.430789947509766,43.80727005004883,22772.728515625,21744.07421875,22609.20703125,23877.806640625,22774.857421875,23277.337890625,22042.345703125,22615.1484375,21739.095703125,21945.19140625,22247.068359375,21003.212890625,23463.873046875,22925.361328125,23122.802734375,22086.14453125,25693.572265625,25389.95703125,29418.232421875,815.2579345703125
29,0.0,0.00024305429542437196,0.002988457912579179,0.005593731999397278,0.017990481108427048,0.051038652658462524,0.08068803697824478,1.1861214637756348,1.289279818534851,1.4169520139694214,2.587547540664673,3.778014659881592,5.2352190017700195,11.726381301879883,15.555866241455078,20.319122314453125,31.74700355529785,53.06755447387695,86.26423645019531,132.7984619140625,234.883056640625,302.2024230957031,356.89715576171875,541.2473754882812,773.5134887695312,1190.620361328125,1442.42822265625,1958.2916259765625,2202.185791015625,2983.626708984375,3573.88623046875,5530.82421875,6207.37548828125,8135.67138671875,10917.37890625,27473.8046875,747.6785888671875
30,0.0,0.0002739513583946973,0.0030638037715107203,0.0060573904775083065,0.0205677542835474,0.0594143308699131,0.09449087828397751,1.1614779233932495,1.3449875116348267,1.579358696937561,2.717904806137085,4.557284355163574,5.9911017417907715,15.071314811706543,18.039012908935547,26.012914657592773,39.573482513427734,63.583091735839844,112.92729187011719,182.19607543945312,318.0896301269531,367.8703918457031,454.68804931640625,658.6497802734375,1138.0782470703125,1631.262939453125,1837.7001953125,2412.7060546875,3041.4375,3849.76123046875,4973.9658203125,6916.306640625,9480.6376953125,11913.98828125,16330.5927734375,37694.25,1155.42041015625
31,0.0,0.0002026979491347447,0.0024248077534139156,0.004448391031473875,0.013927134685218334,0.04217657074332237,0.07338912785053253,1.1620564460754395,1.2478147745132446,1.395578384399414,2.3517537117004395,3.4384090900421143,4.526432991027832,9.505488395690918,12.849498748779297,17.315589904785156,24.80508804321289,48.89479446411133,74.92642211914062,109.93909454345703,195.0955047607422,247.7340087890625,293.6303405761719,404.44189453125,589.4063110351562,976.1041259765625,1221.798828125,1493.2767333984375,1830.1251220703125,2480.218017578125,2983.227783203125,4373.6923828125,5398.15966796875,6897.86181640625,9782.89453125,23503.87109375,805.9498291015625
32,0.0,0.0002707734820432961,0.00329798087477684,0.00674415472894907,0.02087213657796383,0.06060463935136795,0.10340496897697449,1.1623520851135254,1.2577602863311768,1.6673564910888672,2.9347660541534424,4.228219985961914,6.603107929229736,14.406440734863281,18.425968170166016,25.478628158569336,42.67327117919922,104.3277816772461,159.06716918945312,224.96890258789062,333.5289001464844,404.310302734375,471.88702392578125,643.0157470703125,968.1707153320312,1518.18359375,1748.5643310546875,2357.025146484375,2819.069091796875,3585.787109375,4553.076171875,6022.39404296875,7805.78076171875,10013.58984375,13926.796875,32857.54296875,1075.6044921875
33,0.0,0.0002863731060642749,0.003231833456084132,0.006619002670049667,0.021365998312830925,0.05971129238605499,0.10081904381513596,1.1966897249221802,1.3419831991195679,1.662137508392334,2.9196090698242188,4.743844032287598,6.190025329589844,14.78376293182373,18.85430908203125,27.221708297729492,42.285518646240234,101.62078857421875,161.640380859375,227.09628295898438,369.83721923828125,440.52777099609375,542.3687744140625,822.9232788085938,1115.342529296875,1760.31103515625,2248.711669921875,2849.33056640625,3264.271240234375,4551.400390625,5662.92333984375,7280.0751953125,9484.685546875,11225.29296875,15670.8623046875,36288.71484375,989.4403686523438
34,0.0,0.00027182771009393036,0.003711925121024251,0.006870915647596121,0.022267360240221024,0.06479338556528091,0.1006346046924591,1.25332772731781,1.393937110900879,1.6497266292572021,3.2285871505737305,4.885066509246826,6.505243301391602,14.569182395935059,19.377880096435547,24.662899017333984,40.03955841064453,494.1575622558594,586.3511962890625,631.9674682617188,732.6858520507812,896.8611450195312,918.0005493164062,1156.3865966796875,1468.737060546875,1966.2183837890625,2614.901123046875,2995.49169921875,3473.42333984375,4770.9892578125,5559.07080078125,7467.06005859375,10566.900390625,11598.056640625,15054.681640625,38910.7734375,1247.1912841796875
35,0.0,0.00028945875237695873,0.0037274162750691175,0.006937473081052303,0.02200353518128395,0.06421225517988205,0.10841527581214905,1.2320741415023804,1.4153379201889038,1.644928216934204,2.963512897491455,5.050060749053955,6.669318675994873,14.51516056060791,19.76118278503418,29.049177169799805,45.89521408081055,25997.58984375,26204.716796875,26638.26953125,25668.857421875,26647.513671875,23769.9921875,24907.3828125,26486.609375,25212.025390625,25101.31640625,27265.60546875,24803.54296875,27682.34375,26980.63671875,29845.75,29113.033203125,30123.7734375,37140.3125,40851.26953125,1306.083740234375
36,0.0,0.0003239312209188938,0.003999992739409208,0.007551437709480524,0.023517480120062828,0.07222885638475418,0.12178055197000504,1.2059013843536377,1.3686189651489258,1.7745252847671509,3.153881072998047,4.941445827484131,7.112293720245361,16.687358856201172,19.662187576293945,29.805805206298828,42.417579650878906,433.97320556640625,467.3155212402344,529.1902465820312,678.1840209960938,753.5906372070312,839.7866821289062,1032.212646484375,1411.3367919921875,2009.5836181640625,2403.3486328125,2758.77685546875,3786.357177734375,4438.13720703125,4990.43017578125,7006.2802734375,8314.001953125,11472.171875,15668.443359375,36452.76953125,1070.4827880859375
37,0.0,0.0002437126386212185,0.002841944806277752,0.0051894704811275005,0.01787700690329075,0.047392215579748154,0.08661256730556488,1.2366909980773926,1.2792869806289673,1.5782591104507446,2.5247838497161865,3.930971622467041,5.4964494705200195,11.695226669311523,15.572710990905762,20.995988845825195,33.856285095214844,101.04869079589844,146.6359100341797,190.7081298828125,311.2562561035156,385.845703125,434.5950927734375,613.8024291992188,983.67138671875,1507.289794921875,1809.863037109375,2224.52001953125,2832.21533203125,3678.690673828125,4565.7001953125,6350.20703125,7759.3193359375,10139.962890625,13469.1982421875,35606.79296875,978.68115234375
38,0.0,0.00022048226674087346,0.0026713248807936907,0.00484777195379138,0.015015712007880211,0.046463824808597565,0.07519104331731796,1.246366024017334,1.2658045291900635,1.4647090435028076,2.237922430038452,3.4091296195983887,4.611052989959717,10.075932502746582,12.001697540283203,17.110532760620117,24.55239486694336,39.10829544067383,76.70867919921875,106.33055114746094,195.52122497558594,225.44070434570312,253.90036010742188,395.75482177734375,602.803466796875,1014.1026000976562,1287.8857421875,1521.447265625,1869.640380859375,2481.34716796875,3156.172119140625,4321.4921875,5073.533203125,6265.66748046875,8202.84765625,19071.904296875,589.0858154296875
39,0.0,0.00020534847863018513,0.0022539934143424034,0.004304344300180674,0.015822963789105415,0.04068642482161522,0.06945957243442535,1.142737627029419,1.2137072086334229,1.4225784540176392,2.2141401767730713,3.2521915435791016,4.656395435333252,9.693207740783691,11.668439865112305,16.56092643737793,26.274747848510742,40.65854263305664,80.30203247070312,115.68463134765625,195.28656005859375,240.86097717285156,296.70556640625,418.04803466796875,633.2903442382812,1017.3071899414062,1342.357177734375,1462.798095703125,1938.6702880859375,2681.49365234375,2876.90869140625,4690.75244140625,6130.228515625,6817.04931640625,9487.5283203125,24337.28125,698.572509765625
40,0.0,0.0002606470661703497,0.003255321877077222,0.006398521829396486,0.02101472020149231,0.062120769172906876,0.09630661457777023,1.1936362981796265,1.3394182920455933,1.5990180969238281,2.9956934452056885,4.796196460723877,5.975992679595947,13.080547332763672,18.40528678894043,24.328712463378906,38.77069091796875,4408.71533203125,3907.7373046875,4319.4892578125,4703.921875,4033.689453125,4133.84814453125,4415.71875,4731.08203125,5444.3701171875,5296.05419921875,5375.888671875,5889.9443359375,6633.9052734375,7662.462890625,8782.390625,11179.5146484375,12937.154296875,15628.271484375,34916.9765625,1243.6787109375
41,0.0,0.0002103598671965301,0.0022565042600035667,0.004730591084808111,0.015696780756115913,0.04328177496790886,0.0764082819223404,1.1872572898864746,1.2920596599578857,1.4792214632034302,2.420928716659546,3.5915796756744385,4.6726789474487305,10.06655502319336,12.842835426330566,18.795461654663086,27.792789459228516,26069.349609375,28894.029296875,27185.8671875,30666.662109375,27394.814453125,29332.431640625,29964.380859375,29248.529296875,30233.513671875,27925.77734375,28087.48046875,26365.6484375,30592.87109375,30513.583984375,30528.642578125,29692.43359375,30248.91015625,34098.2734375,29029.25,897.798828125
42,0.0,0.0002552432706579566,0.003250534413382411,0.0062284027226269245,0.02088257297873497,0.057996105402708054,0.09438791126012802,1.2359082698822021,1.3295469284057617,1.6620547771453857,2.9827170372009277,4.247082233428955,5.499621391296387,13.663926124572754,16.79867935180664,22.140907287597656,36.85321044921875,56.5847053527832,102.94593048095703,160.59805297851562,299.349853515625,359.7567443847656,401.3095397949219,609.075927734375,989.6314086914062,1488.8541259765625,1863.3406982421875,2379.136474609375,2863.271484375,4033.30322265625,5112.48583984375,6952.62939453125,8618.9267578125,10923.1435546875,15128.9365234375,37003.46484375,1175.4454345703125
43,0.0,0.0002816811320371926,0.003349699778482318,0.006487218197435141,0.023480713367462158,0.06353837996721268,0.0975097119808197,1.161866545677185,1.3591580390930176,1.543023943901062,2.7195284366607666,4.508382797241211,6.247068881988525,14.180506706237793,19.05744743347168,27.86117935180664,40.341182708740234,80.70279693603516,134.76034545898438,197.8948516845703,356.43988037109375,443.5529479980469,528.0442504882812,748.7650146484375,1185.5179443359375,2013.712646484375,2261.22802734375,2898.35498046875,3491.083740234375,4895.037109375,5638.36328125,8222.3759765625,9871.337890625,13878.9677734375,16891.037109375,44255.5078125,1258.9278564453125
44,0.0,0.0002414298796793446,0.002885674126446247,0.005335592199116945,0.01928744837641716,0.05370187386870384,0.08832287788391113,1.1922295093536377,1.4531697034835815,1.5404455661773682,2.7285513877868652,4.148917198181152,5.414109706878662,10.77120590209961,15.56265640258789,21.37556266784668,36.271812438964844,25842.908203125,26654.5859375,26541.61328125,27304.509765625,26180.08984375,28007.96875,26483.783203125,25940.3046875,25305.31640625,27310.568359375,26925.921875,26420.6171875,26368.55859375,24913.625,27934.166015625,27704.169921875,26689.892578125,31323.201171875,30485.12109375,954.28369140625
45,0.0,0.0002647491928655654,0.003088747151196003,0.005909711588174105,0.019659558311104774,0.05502747371792793,0.09375432133674622,1.1794085502624512,1.3169701099395752,1.5713402032852173,2.677201271057129,4.1315999031066895,5.719531059265137,12.039310455322266,17.006465911865234,21.421276092529297,33.84239959716797,58.65725326538086,93.31863403320312,140.4087371826172,248.9662322998047,299.8835144042969,356.6410827636719,508.0967102050781,794.92236328125,1237.8319091796875,1638.6873779296875,2097.22265625,2421.060302734375,3168.194091796875,3810.30859375,4834.67041015625,6678.62548828125,8618.5595703125,11990.5654296875,29215.24609375,912.0581665039062
46,0.0,0.0002548517077229917,0.003078013425692916,0.0055945757776498795,0.019102711230516434,0.05497048422694206,0.09467162191867828,1.2215912342071533,1.3950403928756714,1.6092729568481445,2.687721014022827,4.079575538635254,5.591856479644775,13.824930191040039,17.28811264038086,22.3812198638916,35.683406829833984,89.2845687866211,136.75213623046875,181.583740234375,308.5610656738281,393.08984375,424.4862060546875,581.0067138671875,863.617919921875,1581.4052734375,1778.3753662109375,2201.181884765625,2720.16162109375,3957.336669921875,4413.71728515625,6844.734375,8221.876953125,10255.34765625,14174.96875,36406.7265625,1059.843994140625
47,0.0,0.00020945901633240283,0.0023946338333189487,0.004528888966888189,0.014473902992904186,0.0397229939699173,0.06596408039331436,1.2674355506896973,1.2361080646514893,1.3782703876495361,2.387253999710083,3.6507015228271484,4.650367259979248,9.909467697143555,12.738306999206543,18.737781524658203,28.14253807067871,315.8820495605469,359.5107421875,396.78497314453125,475.34368896484375,571.1383056640625,594.0496826171875,736.9605102539062,1024.1627197265625,1514.0147705078125,1872.3505859375,2361.757080078125,2633.606689453125,3774.7421875,4662.6103515625,6065.17724609375,7761.11767578125,10147.84765625,13475.505859375,33628.3203125,1077.64599609375
48,0.0,0.0002134991664206609,0.0026758594904094934,0.004774725064635277,0.015227364376187325,0.04362589493393898,0.08019135892391205,1.1385877132415771,1.2896755933761597,1.4890422821044922,2.5594747066497803,3.7141971588134766,4.973245143890381,10.408394813537598,13.30176830291748,20.54413414001465,29.031599044799805,46.945159912109375,85.84575653076172,133.05575561523438,223.55059814453125,294.79901123046875,358.51519775390625,590.39111328125,820.4695434570312,1298.862548828125,1691.3817138671875,1952.3653564453125,2470.301513671875,3472.782958984375,4342.08056640625,5950.89013671875,7899.53271484375,8763.650390625,12571.1923828125,30935.26953125,1083.3258056640625
49,0.0,0.00027942011365666986,0.0033508792985230684,0.006354447919875383,0.021194584667682648,0.06107618287205696,0.10317938774824142,1.207202672958374,1.3545373678207397,1.6573840379714966,3.0566906929016113,4.397086143493652,6.7234039306640625,13.684720993041992,18.119844436645508,26.226547241210938,44.63688659667969,77.71269226074219,130.15928649902344,190.80511474609375,310.9254150390625,399.5094909667969,476.52777099609375,765.3309326171875,1151.80859375,1822.2530517578125,2183.191162109375,2844.048583984375,3557.2451171875,5185.03662109375,5952.11669921875,7669.7578125,10605.3505859375,11883.8818359375,15919.5009765625,41669.63671875,1181.554443359375
50,0.0,0.0001709447242319584,0.00197001826018095,0.0036422794219106436,0.011836745776236057,0.0345473438501358,0.054117538034915924,1.152994990348816,1.219895839691162,1.3803589344024658,2.1139609813690186,2.9525604248046875,3.8866286277770996,7.209783554077148,9.872418403625488,13.221744537353516,18.948402404785156,29.032739639282227,54.58423614501953,81.14527130126953,134.6995086669922,168.22589111328125,209.56185913085938,328.62164306640625,477.9847717285156,777.9489135742188,981.60302734375,1251.6114501953125,1550.4393310546875,2045.611083984375,2490.067138671875,3768.363525390625,4684.9140625,5866.314453125,7519.5458984375,19349.015625,611.1929321289062
51,0.0,0.0002619050210341811,0.0033475863747298717,0.005905116442590952,0.02030879631638527,0.06014755740761757,0.0984060987830162,1.1849958896636963,1.352988600730896,1.5983797311782837,3.078888416290283,4.234991550445557,6.04792594909668,13.879547119140625,17.729833602905273,23.927453994750977,41.47111892700195,44444.79296875,44255.44140625,43401.41796875,42251.02734375,42091.5703125,40167.96875,45134.02734375,39649.02734375,43843.60546875,41744.96875,43862.81640625,41797.09375,40237.453125,39844.76953125,43878.984375,43342.86328125,40538.3515625,44889.3671875,35993.01953125,1036.136962890625
52,0.0,0.00023166394385043532,0.002791294129565358,0.005463596899062395,0.017436329275369644,0.04955330863595009,0.08582091331481934,1.2074557542800903,1.2428492307662964,1.4985060691833496,2.666121482849121,4.081075668334961,5.090691089630127,10.941180229187012,13.53501033782959,19.629932403564453,33.66400909423828,892.7830810546875,983.1573486328125,1045.5010986328125,1028.0604248046875,1074.77734375,1212.57421875,1339.281005859375,1656.341552734375,1974.787841796875,2232.275146484375,2761.80908203125,2986.432373046875,4162.8955078125,4735.57861328125,7119.48974609375,8294.9580078125,10842.4267578125,14106.6689453125,33523.59765625,1147.7337646484375
53,0.0,0.00019181893731001765,0.0020612203516066074,0.004042795393615961,0.012098429724574089,0.03903216868638992,0.06850127130746841,1.159424901008606,1.2723718881607056,1.37461519241333,2.2159976959228516,3.2425172328948975,4.365749359130859,8.398435592651367,11.172748565673828,16.441926956176758,23.103567123413086,38.87087631225586,64.84740447998047,99.65180969238281,176.34808349609375,220.5083770751953,276.12994384765625,412.94268798828125,617.4256591796875,1033.3153076171875,1216.2728271484375,1648.060546875,2040.08203125,2676.02734375,3456.207275390625,5104.25,6507.42333984375,8155.14501953125,10991.322265625,23763.4609375,918.2783203125
54,0.0,0.0003171510761603713,0.004702779930084944,0.008212072774767876,0.031030869111418724,0.08548985421657562,0.1389361321926117,1.200573205947876,1.5101714134216309,1.8175368309020996,3.366417646408081,5.797713279724121,7.3249616622924805,16.756744384765625,24.7442626953125,33.6641731262207,53.11832809448242,126.96619415283203,178.96339416503906,269.7815856933594,420.574462890625,510.8790283203125,661.8404541015625,886.19580078125,1395.5184326171875,2156.932861328125,2515.82373046875,3278.552734375,3569.81640625,4666.357421875,5766.64013671875,7832.42724609375,8868.107421875,11743.53125,16888.31640625,42505.4765625,1052.52001953125
55,0.0,0.00028943028883077204,0.00360376900061965,0.006484901066869497,0.021029118448495865,0.06085599958896637,0.10231704264879227,1.2189629077911377,1.3451967239379883,1.5773226022720337,2.9344799518585205,4.973932266235352,6.139919281005859,14.186262130737305,18.517208099365234,27.65005874633789,41.95213317871094,25058.40625,24425.236328125,25092.69921875,24987.64453125,24051.451171875,24143.736328125,24126.26171875,23751.357421875,24347.640625,24027.798828125,26052.265625,24270.462890625,24463.42578125,27757.720703125,26235.861328125,26821.650390625,30115.3125,38374.81640625,39712.6953125,1385.947021484375
56,0.0,0.00026469878503121436,0.0032080207020044327,0.005917470436543226,0.018961774185299873,0.0551440604031086,0.0949917659163475,1.3110259771347046,1.35798978805542,1.5168490409851074,2.903496026992798,4.42876672744751,5.300694465637207,12.659790992736816,17.160879135131836,23.268701553344727,35.98371887207031,56.35737991333008,111.51344299316406,164.7415771484375,265.6032409667969,362.0340270996094,446.28289794921875,627.0499267578125,1046.1781005859375,1537.4085693359375,2042.8663330078125,2209.110107421875,2852.811767578125,3887.960205078125,5064.55126953125,7209.85595703125,8613.5224609375,10679.3427734375,14586.822265625,39039.71484375,1069.3094482421875
57,0.0,0.00022459936735685915,0.0025891319382935762,0.004740288946777582,0.015972284600138664,0.046808239072561264,0.08025036752223969,1.1305317878723145,1.2648892402648926,1.5872076749801636,2.3988873958587646,3.5725648403167725,5.138022422790527,10.198580741882324,13.651104927062988,18.590923309326172,29.512666702270508,1567.3541259765625,1757.5958251953125,1648.55859375,1762.57275390625,1890.2213134765625,1989.471435546875,2147.3193359375,2263.4462890625,2905.258056640625,3079.001220703125,3403.72314453125,3680.602294921875,4463.576171875,5523.24267578125,6791.26806640625,8472.748046875,10096.1904296875,13706.26171875,30161.60546875,879.7559204101562
58,0.0,0.00023159025295171887,0.002486117882654071,0.004749688319861889,0.016318541020154953,0.045464906841516495,0.0765601247549057,1.1849641799926758,1.3455549478530884,1.4939250946044922,2.506161689758301,3.6196751594543457,4.772047519683838,10.194355964660645,13.63957405090332,18.477975845336914,31.269739151000977,27973.37890625,28713.05859375,27309.396484375,30268.185546875,29065.60546875,29350.10546875,28765.4921875,26685.810546875,29304.623046875,27653.1796875,27132.4453125,25746.931640625,26755.998046875,28664.529296875,28080.259765625,27553.6484375,28188.705078125,33939.9921875,29357.140625,919.4174194335938
59,0.0,0.0002721916825976223,0.0035652671940624714,0.006743700243532658,0.021055908873677254,0.06414787471294403,0.1112344041466713,1.2793655395507812,1.3270906209945679,1.6574856042861938,3.0633773803710938,4.8109564781188965,6.740791320800781,13.113836288452148,18.141555786132812,25.394447326660156,41.56793212890625,30666.900390625,29841.72265625,27324.02734375,28734.201171875,29680.533203125,29190.568359375,30003.892578125,33326.953125,29394.45703125,27848.525390625,27353.98046875,28051.63671875,27924.056640625,26345.50390625,29608.1875,30743.263671875,31235.115234375,35689.42578125,37451.3046875,1078.436279296875
60,0.0,0.00024570454843342304,0.002921742619946599,0.005620474927127361,0.0169643796980381,0.046954356133937836,0.07885529845952988,1.1634438037872314,1.3091639280319214,1.4108787775039673,2.4917209148406982,3.8172144889831543,5.347997188568115,11.10053539276123,14.94990348815918,19.497364044189453,28.549039840698242,30991.01171875,31127.576171875,29579.720703125,29204.373046875,29081.97265625,28621.873046875,30430.12109375,29401.0859375,30000.486328125,29627.98046875,27721.71484375,26734.736328125,28158.44140625,28395.58203125,31077.625,29171.763671875,28347.609375,29106.8671875,22126.365234375,755.01708984375
61,0.0,0.0002962544094771147,0.0038660995196551085,0.007312364876270294,0.023386113345623016,0.06517143547534943,0.11031030863523483,1.2291805744171143,1.418555736541748,1.733881950378418,3.125314712524414,5.054717540740967,6.605802059173584,15.112174987792969,19.938066482543945,26.070384979248047,44.346229553222656,80.22026062011719,127.07744598388672,193.05653381347656,334.4886169433594,437.23468017578125,477.8053894042969,720.3985595703125,1012.5230102539062,1661.076416015625,2243.77734375,2650.028076171875,3290.484130859375,4521.39208984375,5540.4384765625,7886.36572265625,8963.0546875,11018.32421875,16458.115234375,42255.38671875,1292.984619140625
62,0.0,0.0002139162679668516,0.002503714757040143,0.004913496784865856,0.016781270503997803,0.047179657965898514,0.08580958098173141,1.2181094884872437,1.269782304763794,1.4673998355865479,2.614644765853882,3.758758068084717,5.183441162109375,10.949728012084961,14.443841934204102,20.68716049194336,30.229307174682617,27582.0859375,26924.896484375,25750.21875,24184.09765625,25790.734375,25566.44140625,25629.7109375,26577.12890625,25421.59375,26191.314453125,24832.951171875,24567.5859375,25158.994140625,25329.09765625,24760.08984375,25230.251953125,26492.7578125,30691.751953125,28945.560546875,890.1713256835938
63,0.0,0.00033607083605602384,0.004479734692722559,0.00856243446469307,0.026761846616864204,0.08474329113960266,0.1334054172039032,1.2462371587753296,1.4699287414550781,1.7184844017028809,3.3917551040649414,5.385684013366699,7.702418804168701,17.45767593383789,23.57249641418457,31.45883560180664,53.66790771484375,95.37799072265625,156.1611328125,236.97119140625,385.3475036621094,529.410400390625,606.11572265625,905.3322143554688,1276.005126953125,2147.24609375,2220.565185546875,2918.987548828125,3802.314208984375,4863.01123046875,5800.38916015625,7644.04345703125,9062.6650390625,11639.060546875,16019.0009765625,37803.640625,1133.1461181640625
64,0.0,0.0002634107950143516,0.003409696277230978,0.006215808913111687,0.022221742197871208,0.06433182209730148,0.09934404492378235,1.2236707210540771,1.353592872619629,1.5228773355484009,2.838446855545044,4.674084663391113,6.055348873138428,12.985698699951172,17.77147674560547,26.517751693725586,41.5440559387207,12795.0888671875,13763.642578125,13245.720703125,13149.931640625,14118.1748046875,12515.6669921875,14403.6611328125,13994.478515625,13962.6787109375,12831.9384765625,14187.6123046875,14261.9462890625,14930.5322265625,15180.544921875,16914.55859375,18576.677734375,20626.9453125,23434.236328125,35928.203125,1196.35302734375
65,0.0,0.00022325260215438902,0.0025157614145427942,0.004560487810522318,0.014812655746936798,0.043539248406887054,0.07278481125831604,1.1523621082305908,1.2431565523147583,1.4626065492630005,2.364926338195801,3.4699630737304688,4.898953437805176,9.565244674682617,12.621183395385742,17.337982177734375,30.072498321533203,42.79295349121094,75.8294906616211,118.6044692993164,209.43666076660156,256.8367004394531,320.8994445800781,456.9747009277344,722.43701171875,1097.144775390625,1442.48681640625,1858.905029296875,2164.5146484375,3091.967529296875,3652.542724609375,5805.10546875,6957.34619140625,9081.87890625,11791.955078125,25953.005859375,920.104248046875
66,0.0,0.0002552646619733423,0.003029505955055356,0.005671977531164885,0.018896466121077538,0.04892008379101753,0.08285930007696152,1.136631965637207,1.349745512008667,1.6335293054580688,2.7754554748535156,4.082711219787598,5.270503044128418,12.17920207977295,14.515704154968262,21.280725479125977,30.759349822998047,493.3027038574219,536.7845458984375,565.7677612304688,675.96337890625,755.5615234375,850.7561645507812,1066.4298095703125,1287.9705810546875,1976.703857421875,2334.65966796875,2681.24169921875,3259.921630859375,4136.091796875,5055.59033203125,7322.11962890625,8807.0068359375,11985.25390625,15505.2626953125,38645.4375,1226.52685546875
67,0.0,0.0001862853969214484,0.002042457228526473,0.0038892775774002075,0.01331629604101181,0.036603495478630066,0.062430381774902344,1.2233271598815918,1.280167579650879,1.473517656326294,2.1319313049316406,3.2148351669311523,4.173388957977295,8.731070518493652,10.88899040222168,15.462664604187012,22.696426391601562,36.67635726928711,62.322872161865234,90.80122375488281,158.56134033203125,210.0673828125,253.1500701904297,373.2989501953125,561.9013061523438,923.7662963867188,982.2705688476562,1326.10400390625,1765.0850830078125,2222.883056640625,2770.51806640625,4060.917724609375,4932.9169921875,5822.79833984375,7992.80908203125,18228.556640625,618.4863891601562
68,0.0,0.0002665711217559874,0.0032915277406573296,0.006397354882210493,0.0212217029184103,0.056063100695610046,0.09643709659576416,1.3202049732208252,1.339216709136963,1.6265157461166382,2.833385467529297,4.457483291625977,6.179650783538818,14.18718433380127,18.739015579223633,25.717660903930664,37.5117073059082,179.0023956298828,220.96031188964844,295.6645812988281,398.588623046875,511.8147888183594,588.47119140625,811.5068969726562,1197.4891357421875,1870.7568359375,2227.379638671875,3019.634521484375,3188.875732421875,4077.4296875,5485.07080078125,8244.908203125,10017.7353515625,12038.0341796875,16699.890625,39951.82421875,1355.188232421875
69,0.0,0.0002762690419331193,0.003644041484221816,0.006494602188467979,0.021028485149145126,0.06434156745672226,0.11444805562496185,1.214469313621521,1.355902910232544,1.5979478359222412,2.9454073905944824,4.6367645263671875,6.593803882598877,14.480356216430664,18.537826538085938,25.552196502685547,42.5430793762207,11117.7646484375,11178.2421875,11598.427734375,10901.0908203125,11095.599609375,11302.1708984375,10433.51953125,12226.947265625,11196.0771484375,11835.984375,12343.2890625,12350.9306640625,13373.30859375,13141.904296875,15269.56640625,16578.291015625,17157.150390625,19342.443359375,41881.625,1179.62353515625
70,0.0,0.00024480733554810286,0.0029529763851314783,0.00523188803344965,0.01847497746348381,0.050722092390060425,0.085593082010746,1.1797593832015991,1.2719570398330688,1.617138147354126,2.7281665802001953,3.9635841846466064,5.484041690826416,11.819147109985352,15.870485305786133,21.815956115722656,34.80752182006836,27015.330078125,26416.5859375,24834.693359375,27215.490234375,25515.361328125,23947.6796875,28284.2421875,27321.46484375,25786.400390625,25649.525390625,26339.009765625,28019.9921875,26380.216796875,27144.6640625,29801.5546875,29213.548828125,31129.677734375,33838.88671875,42803.03125,1218.5478515625
71,0.0,0.0002482791605871171,0.0028848634101450443,0.005800737999379635,0.018490975722670555,0.0526251457631588,0.09213787317276001,1.1703271865844727,1.2866408824920654,1.5631611347198486,2.9062070846557617,3.939358711242676,5.269660472869873,12.409839630126953,15.024344444274902,22.800800323486328,34.025455474853516,1754.1854248046875,1951.56103515625,2161.05908203125,2044.1962890625,2243.608642578125,2251.630859375,2371.6552734375,2523.0576171875,3006.151611328125,3167.421142578125,3572.628662109375,4205.09423828125,5077.47998046875,5587.0888671875,7591.9921875,9883.37890625,12536.294921875,14524.0791015625,37121.78515625,1172.6275634765625
72,0.0,0.00019929144764319062,0.002093944698572159,0.004063969478011131,0.012905323877930641,0.03944415599107742,0.06677719205617905,1.181145429611206,1.1385020017623901,1.4664263725280762,2.372947931289673,3.418635368347168,4.280045032501221,9.039359092712402,11.434345245361328,13.789186477661133,23.65436363220215,19982.7421875,21948.076171875,21822.513671875,21331.1484375,22993.970703125,21017.208984375,21575.73046875,19886.92578125,19967.330078125,21418.130859375,20926.705078125,19267.646484375,19315.646484375,18776.5703125,20715.73046875,20141.65234375,20117.0625,23000.609375,17019.119140625,561.5731811523438
73,0.0,0.0001961807138286531,0.0021670113783329725,0.004190611187368631,0.013530667871236801,0.037864554673433304,0.06475024670362473,1.1819363832473755,1.2693487405776978,1.4123469591140747,2.2610678672790527,3.1611759662628174,4.5589213371276855,9.167476654052734,11.084028244018555,15.51024055480957,24.58114242553711,38.361759185791016,68.6517562866211,106.55238342285156,192.07786560058594,257.0455017089844,322.42132568359375,451.6429443359375,660.729736328125,1052.618408203125,1419.6304931640625,1813.75830078125,2094.297119140625,3101.28857421875,3593.474609375,5652.71240234375,7346.21533203125,8549.0146484375,12356.5390625,26964.158203125,885.371826171875
74,0.0,0.0002651396789588034,0.0028863102197647095,0.005645466968417168,0.01800503209233284,0.050587382167577744,0.0894605740904808,1.1837702989578247,1.2924504280090332,1.560892939567566,2.575791835784912,3.962010383605957,6.0424652099609375,12.006461143493652,15.244162559509277,22.40871238708496,34.41600036621094,159.903076171875,191.89588928222656,246.90493774414062,375.5409240722656,436.3264465332031,513.7430419921875,686.4763793945312,1029.8773193359375,1698.17919921875,1937.2528076171875,2426.3974609375,3205.7626953125,4039.104248046875,5119.91015625,6975.4462890625,8820.212890625,11080.0341796875,15442.0498046875,39165.3125,1184.4239501953125
75,0.0,0.0002448281738907099,0.003128241514787078,0.005580411292612553,0.01996365748345852,0.054585475474596024,0.09169331192970276,1.158838152885437,1.337723731994629,1.542924404144287,3.0340356826782227,4.282029628753662,5.6074347496032715,13.028677940368652,16.916044235229492,23.844829559326172,36.23481369018555,28950.43359375,30578.044921875,27067.99609375,28929.97265625,28842.189453125,25552.63671875,27634.484375,27955.568359375,29118.65625,28593.7421875,30514.330078125,29195.880859375,27295.40625,30546.255859375,30500.50390625,29566.03125,31673.54296875,35500.203125,31746.501953125,1138.8875732421875
76,0.0,0.00031445009517483413,0.0037578055635094643,0.007290028966963291,0.023178892210125923,0.06177738681435585,0.105734683573246,1.2953546047210693,1.3375855684280396,1.5053949356079102,2.747898578643799,4.531445026397705,6.370784759521484,13.303387641906738,17.10537338256836,24.869218826293945,34.400272369384766,319.8283996582031,391.8609924316406,400.9918212890625,505.0166015625,529.5347900390625,593.99658203125,759.603759765625,1025.1513671875,1409.76806640625,1744.463134765625,1864.0240478515625,2445.154541015625,2879.60302734375,3277.066650390625,4258.9072265625,4617.451171875,5942.16259765625,8130.93603515625,18643.853515625,320.0968322753906
77,0.0,0.0002875585632864386,0.003578578820452094,0.006829338613897562,0.021089786663651466,0.057190775871276855,0.10342413932085037,1.19277822971344,1.3180910348892212,1.6775414943695068,3.055730104446411,4.757892608642578,5.874959945678711,13.82569694519043,18.116466522216797,26.986854553222656,41.64372253417969,377.9588317871094,451.7099914550781,530.7340087890625,684.074951171875,704.3172607421875,801.7304077148438,1004.693115234375,1410.383544921875,2151.568359375,2641.024169921875,3098.12255859375,3575.209716796875,4887.77294921875,5727.17724609375,7769.7265625,9687.99609375,13172.9248046875,15838.5009765625,38182.609375,1152.809814453125
78,0.0,0.000297894497634843,0.004313373472541571,0.007511514239013195,0.02433851547539234,0.06506785750389099,0.11013787239789963,1.2128489017486572,1.3889245986938477,1.6828809976577759,3.2864882946014404,5.279956817626953,7.675477027893066,17.81305503845215,23.194915771484375,31.3687744140625,50.87549591064453,293.67669677734375,350.7050476074219,395.7384948730469,558.7919311523438,731.0905151367188,759.2013549804688,1099.9593505859375,1443.5697021484375,2393.16259765625,2634.215576171875,3335.841796875,3985.819091796875,5003.05419921875,5929.94775390625,8327.181640625,9848.3486328125,11689.279296875,17466.724609375,38829.43359375,1097.7763671875
79,0.0,0.0002433300542179495,0.002821774920448661,0.005471067503094673,0.018475361168384552,0.048989344388246536,0.08437495678663254,1.1821075677871704,1.2716953754425049,1.4545527696609497,2.6079750061035156,3.8911311626434326,5.399971008300781,10.99484920501709,14.632852554321289,21.279640197753906,32.69050216674805,28835.876953125,30508.146484375,30202.486328125,29085.673828125,29948.890625,32497.35546875,30408.673828125,29512.216796875,28811.029296875,31868.697265625,28905.953125,30455.708984375,30723.162109375,31219.640625,28803.7890625,33099.36328125,32706.29296875,35922.6328125,32931.01171875,1231.9033203125
80,0.0,0.00034150213468819857,0.004619714338332415,0.009108656086027622,0.030378859490156174,0.08005638420581818,0.13090185821056366,1.3060976266860962,1.4451878070831299,1.7826663255691528,3.5511138439178467,6.046359539031982,7.807098865509033,18.490833282470703,23.37692642211914,36.45207595825195,51.088504791259766,199.61805725097656,269.3625793457031,334.8158874511719,522.1001586914062,600.2885131835938,685.7614135742188,985.15087890625,1331.8070068359375,2072.004638671875,2515.863525390625,3051.110595703125,3881.00146484375,4754.66259765625,6021.31689453125,8234.98828125,8955.5771484375,11672.32421875,15928.9423828125,37883.2109375,975.7459716796875
81,0.0,0.00022834748961031437,0.002907108049839735,0.005542699247598648,0.016511540859937668,0.04752647876739502,0.08028582483530045,1.2197400331497192,1.3856823444366455,1.5549097061157227,2.4897475242614746,3.7636706829071045,5.133029460906982,11.1703519821167,14.52706527709961,18.742328643798828,31.487937927246094,49.912113189697266,86.64717864990234,144.5117950439453,235.4273223876953,330.4851989746094,352.6827392578125,520.8244018554688,882.9896240234375,1348.335693359375,1627.3687744140625,2260.036376953125,2507.0390625,3463.306884765625,4377.89794921875,6053.11474609375,7278.96435546875,9331.7421875,12878.4228515625,33623.50390625,919.6200561523438
82,0.0,0.000210933547350578,0.0021402654238045216,0.0044355737045407295,0.014168056659400463,0.03866645321249962,0.0715407133102417,1.189577341079712,1.298093318939209,1.447474718093872,2.2003676891326904,3.22385311126709,4.191084384918213,9.39540958404541,12.038182258605957,16.159910202026367,26.750938415527344,39.39839172363281,71.96307373046875,103.4137954711914,205.22885131835938,244.05906677246094,309.2016906738281,412.8046569824219,641.927001953125,994.6819458007812,1333.557861328125,1527.1817626953125,1886.999267578125,2690.0751953125,3053.2255859375,4904.576171875,5803.78515625,8187.6279296875,10164.9208984375,24902.30859375,860.1936645507812
83,0.0,0.00020623582531698048,0.0024719967041164637,0.004877854138612747,0.01667916588485241,0.045109186321496964,0.07927633821964264,1.1159446239471436,1.2334768772125244,1.5441795587539673,2.389641284942627,3.3542916774749756,4.681046485900879,10.008742332458496,13.105635643005371,18.860340118408203,27.330074310302734,48.4343376159668,86.68993377685547,124.46263122558594,224.53260803222656,296.3957214355469,342.96429443359375,543.22265625,729.8765258789062,1300.8255615234375,1487.277587890625,2000.935302734375,2415.629638671875,3152.15673828125,3945.635986328125,5606.5693359375,7594.6875,9032.7744140625,13346.29296875,34259.8125,1043.36083984375
84,0.0,0.00022951234132051468,0.002933394629508257,0.005057104397565126,0.01704610139131546,0.05149645730853081,0.08841495215892792,1.2402119636535645,1.3401460647583008,1.501355767250061,3.0022072792053223,3.880770206451416,5.360901355743408,12.578215599060059,14.733027458190918,22.334672927856445,28.89032554626465,827.4854125976562,859.2720336914062,970.9637451171875,1004.884521484375,1037.15771484375,1161.9033203125,1343.4608154296875,1608.6912841796875,2222.638427734375,2465.21435546875,3036.692138671875,3520.69921875,4624.8720703125,5775.2587890625,7586.728515625,9062.17578125,10846.39453125,14674.638671875,37047.44140625,1226.2117919921875
85,0.0,0.0002672523260116577,0.0032144105061888695,0.0061208284460008144,0.01936684362590313,0.060621410608291626,0.10077334940433502,1.2795228958129883,1.3641823530197144,1.601323127746582,2.7895395755767822,4.2566304206848145,6.2527384757995605,13.740042686462402,17.307239532470703,25.473861694335938,38.096534729003906,35743.05859375,39166.21875,36198.16796875,39088.71484375,37761.32421875,39129.1484375,37093.99609375,34756.8984375,35632.48046875,37584.91015625,34984.33203125,36144.16796875,32746.009765625,34647.49609375,37653.51171875,34725.26953125,37970.3125,42526.16015625,35385.0390625,1108.033935546875
86,0.0,0.00022659967362415045,0.0026799016632139683,0.004738798830658197,0.014914074912667274,0.0419757217168808,0.07409827411174774,1.1211882829666138,1.353497862815857,1.530216097831726,2.435349225997925,3.415558338165283,4.444263935089111,9.39055061340332,12.59065055847168,17.21714210510254,27.316665649414062,11008.216796875,11357.796875,11450.3515625,12052.021484375,11187.5361328125,10904.025390625,10976.392578125,11196.5654296875,11229.3447265625,11807.0341796875,10974.4697265625,11045.021484375,12993.4453125,12243.4951171875,12819.4033203125,14020.6015625,15925.0888671875,18341.744140625,26381.041015625,908.2918701171875
87,0.0,0.00031790233333595097,0.003785455832257867,0.0072944797575473785,0.02285676635801792,0.0623328760266304,0.11220572888851166,1.1979299783706665,1.3746339082717896,1.6023952960968018,3.287904977798462,5.425238609313965,7.592654705047607,15.880504608154297,21.48924446105957,32.6776237487793,47.67349624633789,9048.9140625,9405.46875,10107.2373046875,9351.240234375,9854.6982421875,10251.525390625,10495.244140625,9860.4580078125,10816.40625,10655.3349609375,10924.2529296875,11122.6806640625,12293.3642578125,12439.9189453125,13431.884765625,16046.47265625,16494.814453125,20623.337890625,37753.015625,1087.3167724609375
88,0.0,0.0002582576416898519,0.0029951874166727066,0.005753897596150637,0.0203666090965271,0.05925016477704048,0.09789629280567169,1.199895977973938,1.321624994277954,1.5023735761642456,2.777317523956299,4.165015697479248,5.642486572265625,12.574756622314453,16.198320388793945,23.438982009887695,35.74114227294922,242.8616943359375,298.0460205078125,363.1602783203125,468.14447021484375,567.1857299804688,668.9827880859375,931.597412109375,1260.29736328125,1875.482666015625,2095.407470703125,2791.315185546875,3127.362060546875,4479.5,5344.27978515625,7303.6142578125,9111.0869140625,12070.646484375,15550.625,37392.71484375,1096.263916015625
89,0.0,0.00017345952801406384,0.0018696498591452837,0.0034962536301463842,0.011210979893803596,0.032319843769073486,0.05181164667010307,1.1193639039993286,1.186163067817688,1.3861935138702393,1.9845426082611084,2.6119635105133057,3.434478759765625,7.140021800994873,8.574665069580078,12.552325248718262,18.36339569091797,53.704830169677734,71.0694580078125,99.0379409790039,155.3920440673828,194.8762664794922,214.99700927734375,303.85614013671875,526.4749755859375,725.3677978515625,971.0096435546875,1321.7186279296875,1538.2825927734375,2060.197998046875,2471.3837890625,3751.43212890625,4973.7109375,6067.04443359375,8322.306640625,19715.28125,658.2459106445312
90,0.0,0.00026036103372462094,0.0032663752790540457,0.006004347000271082,0.020196888595819473,0.05598285049200058,0.0988091453909874,1.1822625398635864,1.301959753036499,1.66533625125885,2.805185079574585,4.564639091491699,5.922412395477295,12.399232864379883,17.206317901611328,23.1588191986084,38.06953430175781,57.4697151184082,110.49553680419922,165.88531494140625,276.5002746582031,398.65576171875,435.6395263671875,658.3739013671875,1053.064697265625,1766.8570556640625,2019.4798583984375,2614.08349609375,3283.73974609375,4216.33642578125,4930.55908203125,6855.111328125,8485.2607421875,11568.1015625,16080.5078125,38133.46484375,1138.4698486328125
91,0.0,0.00023388120462186635,0.002870259340852499,0.005743519868701696,0.016544809564948082,0.05244063958525658,0.08941635489463806,1.1778240203857422,1.2690881490707397,1.4471677541732788,2.5514235496520996,3.8355133533477783,5.598017692565918,12.144168853759766,15.447525978088379,21.481689453125,34.26736068725586,28794.3828125,26651.1015625,28184.845703125,27910.431640625,29497.302734375,28072.037109375,29113.498046875,28809.84375,29124.025390625,28910.8046875,28424.9765625,29062.310546875,29435.376953125,28362.44921875,30221.302734375,30851.365234375,31312.16015625,32958.5546875,33339.9375,980.1907958984375
92,0.0,0.0002366933913435787,0.0026754175778478384,0.005317769479006529,0.017573770135641098,0.047441910952329636,0.07700750976800919,1.1602381467819214,1.3662492036819458,1.4791319370269775,2.480715751647949,3.7414464950561523,4.969026565551758,11.187379837036133,13.505919456481934,20.639862060546875,29.79347038269043,86.46427154541016,126.18683624267578,182.37625122070312,290.3890380859375,327.478271484375,405.9825744628906,600.9646606445312,827.5438842773438,1400.309326171875,1731.4378662109375,2160.0478515625,2725.113037109375,3383.634521484375,4772.49169921875,6082.45849609375,7864.82861328125,10413.3740234375,15187.1142578125,33153.46875,1101.96875
93,0.0,0.00025421325699426234,0.003106345422565937,0.005797877442091703,0.02204716205596924,0.05575313791632652,0.09533034265041351,1.1546880006790161,1.3445894718170166,1.5489864349365234,3.0904088020324707,4.485406398773193,6.201118469238281,12.684027671813965,16.913942337036133,22.10930633544922,36.76972579956055,25612.087890625,25904.181640625,25578.419921875,28037.982421875,26394.77734375,26929.65234375,28336.6015625,24901.654296875,25457.6640625,25468.728515625,25988.3828125,26422.025390625,26536.865234375,29314.66796875,28537.96484375,27504.74609375,29837.541015625,34331.09375,37271.44921875,1106.1195068359375
94,0.0,0.00022832136892247945,0.0028086339589208364,0.0050592427141964436,0.0166670773178339,0.047765910625457764,0.0764496698975563,1.1162281036376953,1.2685943841934204,1.3757532835006714,2.354780912399292,3.4566287994384766,4.965493202209473,10.340303421020508,13.790821075439453,18.454910278320312,28.451251983642578,31874.30078125,31320.27734375,31754.384765625,29402.9140625,31178.140625,34049.9609375,27977.01953125,28171.791015625,29221.345703125,30815.578125,30121.279296875,32244.044921875,30445.3125,29941.48046875,30363.578125,29207.51953125,30381.177734375,32256.671875,22932.25,739.1439819335938
95,0.0,0.00020312616834416986,0.0022129351273179054,0.004427006933838129,0.013417025096714497,0.036254968494176865,0.06473774462938309,1.1156885623931885,1.191744089126587,1.4163587093353271,2.183469772338867,3.2238638401031494,4.327116966247559,9.50123119354248,11.956392288208008,16.915241241455078,25.20121955871582,45.85924530029297,73.46084594726562,120.57227325439453,213.5177001953125,263.62945556640625,312.6069030761719,439.68695068359375,688.9426879882812,1142.653564453125,1262.488037109375,1760.169677734375,1978.2501220703125,2907.929443359375,3761.36376953125,5979.93359375,7000.447265625,7767.513671875,11302.30859375,29622.7734375,876.58056640625
96,0.0,0.00028170246514491737,0.0036713348235934973,0.006671583279967308,0.022765925154089928,0.06448636204004288,0.12202314287424088,1.251029372215271,1.4618529081344604,1.6374531984329224,3.2937450408935547,5.0322489738464355,7.156641006469727,15.778234481811523,18.482450485229492,29.593338012695312,44.92873001098633,15528.125,15872.640625,16089.7099609375,15066.4609375,14614.7705078125,15990.1669921875,16696.37109375,15163.0947265625,17222.154296875,18083.748046875,16695.462890625,18463.548828125,18955.90234375,20284.66015625,22351.423828125,24614.693359375,26696.509765625,31448.234375,42191.4140625,1275.435546875
97,0.0,0.00023729864915367216,0.002621595049276948,0.005184928886592388,0.017155306413769722,0.04871033877134323,0.0832936018705368,1.1689810752868652,1.2969210147857666,1.4833580255508423,2.557682991027832,3.9795422554016113,5.407108306884766,11.226541519165039,15.672591209411621,20.778091430664062,32.16997146606445,544.255126953125,571.5066528320312,634.8988037109375,708.3704833984375,843.8973999023438,855.6041870117188,1107.197998046875,1284.6134033203125,1918.9615478515625,2177.440185546875,2750.819091796875,3108.43408203125,4428.97412109375,5272.70703125,7886.50439453125,9174.2705078125,10864.509765625,15165.6337890625,37507.109375,1115.2894287109375
98,0.0,0.0002003120316658169,0.002265771385282278,0.004134023562073708,0.014179481193423271,0.0413062646985054,0.0685763731598854,1.2138636112213135,1.1610071659088135,1.404192328453064,2.214932441711426,3.2289745807647705,4.539369583129883,9.603706359863281,11.631881713867188,15.864562034606934,25.211868286132812,13471.75390625,13464.58984375,13455.8583984375,13797.986328125,13796.1728515625,14937.7001953125,13254.9423828125,14126.2568359375,13504.0009765625,13690.7607421875,13749.9365234375,14366.0546875,13091.7421875,13920.0400390625,15931.8359375,16262.6474609375,17174.732421875,19539.564453125,24229.802734375,740.9407958984375
99,0.0,0.00024315131304319948,0.002924294676631689,0.005263442639261484,0.01645713672041893,0.047569721937179565,0.08309280872344971,1.1836926937103271,1.2255991697311401,1.494873285293579,2.511408805847168,3.822739839553833,4.931271076202393,10.8616943359375,13.887370109558105,20.713695526123047,32.221866607666016,86.42034912109375,120.99905395507812,168.69454956054688,254.53919982910156,331.9508972167969,395.5835876464844,576.6702880859375,811.4240112304688,1306.6292724609375,1708.1768798828125,1951.8460693359375,2396.69921875,3406.06201171875,4416.25,5397.400390625,6670.990234375,8088.27734375,10528.8564453125,27359.6953125,930.7987670898438
100,0.0,0.0002157753478968516,0.0025546362157911062,0.005011992063373327,0.01675480790436268,0.04790991172194481,0.07844134420156479,1.1722301244735718,1.3386714458465576,1.461923360824585,2.587956190109253,3.6133265495300293,4.987704753875732,10.557976722717285,13.464949607849121,19.203500747680664,28.884075164794922,24739.15234375,26396.27734375,25258.41796875,25841.7109375,26797.248046875,23837.47265625,24941.453125,25871.392578125,23926.2734375,24235.888671875,23473.14453125,25113.490234375,24777.189453125,27891.685546875,26470.96484375,27428.7578125,26044.69921875,30425.5703125,28328.669921875,964.8081665039062
101,0.0,0.00020464847330003977,0.0022356908302754164,0.0045174891129136086,0.015260142274200916,0.039812784641981125,0.06672104448080063,1.1900200843811035,1.2422016859054565,1.422380805015564,2.21293568611145,3.195284843444824,4.218609809875488,9.328584671020508,11.10174560546875,15.617207527160645,23.776836395263672,86.60711669921875,116.9741439819336,160.6808624267578,239.00741577148438,300.0015869140625,330.35638427734375,506.29296875,779.3307495117188,1133.2353515625,1439.468017578125,1757.073486328125,2156.18310546875,2800.768798828125,3522.80712890625,5342.2802734375,6360.2724609375,9242.6748046875,10290.7392578125,26642.24609375,905.3739624023438
102,0.0,0.00022766971960663795,0.0024975447449833155,0.005156789906322956,0.015652792528271675,0.050844524055719376,0.08094267547130585,1.206143856048584,1.289697289466858,1.4250144958496094,2.509856700897217,3.571683645248413,4.766865253448486,10.530841827392578,13.724961280822754,18.44582176208496,30.198144912719727,46.18852233886719,85.08695220947266,129.8538818359375,199.8478240966797,257.2541198730469,325.7768859863281,464.2345275878906,735.166259765625,1106.3365478515625,1469.8455810546875,1767.5640869140625,2348.085205078125,3076.355224609375,3247.37255859375,5241.4609375,5918.85009765625,7625.09423828125,9758.494140625,24579.087890625,775.2759399414062
103,0.0,0.00022344912576954812,0.0025559784844517708,0.004966768901795149,0.015614265576004982,0.04338790476322174,0.08055037260055542,1.1840033531188965,1.2098596096038818,1.4723936319351196,2.32763934135437,3.4477615356445312,4.810500144958496,9.997451782226562,12.392359733581543,17.582807540893555,27.151697158813477,42.99361038208008,81.4398193359375,109.18827056884766,205.9604034423828,259.0260925292969,280.5013732910156,457.2276916503906,715.3050537109375,1173.885986328125,1303.514892578125,1606.7069091796875,2139.838134765625,2893.78759765625,3398.612060546875,5054.1484375,6383.240234375,8232.3671875,10639.888671875,27909.2734375,811.1420288085938
104,0.0,0.00028641719836741686,0.0035542305558919907,0.006399173755198717,0.021734319627285004,0.06384619325399399,0.10970380157232285,1.2326266765594482,1.2905139923095703,1.6901204586029053,3.194838285446167,4.624385356903076,6.545010089874268,14.858094215393066,19.075044631958008,26.613548278808594,43.3428955078125,125.69688415527344,182.29263305664062,240.4261016845703,370.3066711425781,466.64752197265625,572.3934326171875,901.11376953125,1172.458251953125,1922.3057861328125,2339.501220703125,3108.40576171875,3649.46923828125,5033.978515625,6490.99853515625,8250.9775390625,10178.896484375,13062.2978515625,17872.453125,41028.79296875,1246.8695068359375
105,0.0,0.00021408326574601233,0.002528497250750661,0.004551648162305355,0.016733966767787933,0.04295538738369942,0.06716568022966385,1.123727798461914,1.2670137882232666,1.5172151327133179,2.392177104949951,3.6680943965911865,4.522280693054199,9.739093780517578,12.130228996276855,18.021696090698242,27.905794143676758,23399.177734375,23127.62109375,23808.255859375,23587.55859375,23729.779296875,23723.486328125,20670.14453125,24459.208984375,22553.484375,22039.216796875,23606.7890625,23943.373046875,23566.173828125,24421.19140625,23089.77734375,24766.109375,27401.259765625,30193.240234375,35799.9296875,1075.08349609375
106,0.0,0.0002577049599494785,0.003306836821138859,0.0058092097751796246,0.019677449017763138,0.05485688894987106,0.09265095740556717,1.1657986640930176,1.241355299949646,1.7897729873657227,2.7727787494659424,4.073880672454834,5.619937896728516,12.46513843536377,15.613567352294922,23.695728302001953,35.624820709228516,66.95089721679688,120.75238037109375,172.2007293701172,306.32806396484375,387.5244445800781,456.8353271484375,695.6381225585938,1079.0318603515625,1579.9002685546875,2012.2025146484375,2572.586669921875,3212.618408203125,4347.06005859375,5213.021484375,7601.37158203125,9591.154296875,12401.85546875,17128.384765625,45091.47265625,1292.4471435546875
107,0.0,0.0002743653894867748,0.003487219102680683,0.006428014021366835,0.021573936566710472,0.06472434103488922,0.11220340430736542,1.191249132156372,1.3676165342330933,1.4925464391708374,3.109010934829712,4.840012073516846,5.948883056640625,14.717137336730957,17.464073181152344,27.3729305267334,40.617191314697266,7207.8515625,6708.2568359375,6913.576171875,6958.8349609375,6432.13525390625,6894.2001953125,6961.7724609375,7328.75927734375,7902.6435546875,7848.10205078125,7914.32958984375,9021.546875,9814.17578125,10776.6611328125,12617.18359375,13657.44921875,16810.83984375,20641.99609375,44486.58203125,1208.1962890625
108,0.0,0.00023965717991814017,0.003030531108379364,0.005083280615508556,0.018049221485853195,0.0497891865670681,0.08164779841899872,1.2610174417495728,1.2978662252426147,1.4522703886032104,2.6364715099334717,3.751323938369751,4.869097709655762,11.289555549621582,14.0966215133667,22.32779312133789,32.608943939208984,327.4555358886719,388.14263916015625,419.6823425292969,522.3763427734375,568.9697875976562,645.2774047851562,892.7045288085938,1161.555419921875,1732.90234375,1897.311279296875,2396.359619140625,2720.89501953125,3996.674560546875,5009.07421875,6334.5732421875,8179.25537109375,10263.4345703125,12653.7109375,31949.904296875,995.9049682617188
109,0.0,0.0002672081463970244,0.0032029945868998766,0.005907954648137093,0.02032480388879776,0.053271036595106125,0.10188597440719604,1.2252956628799438,1.346372365951538,1.5070720911026,2.6430797576904297,4.249134063720703,5.621716022491455,13.185176849365234,16.516530990600586,22.520923614501953,35.94752502441406,140.398193359375,196.8048858642578,239.5664520263672,372.0979919433594,436.5238342285156,497.74920654296875,693.97607421875,990.6311645507812,1598.39697265625,1815.6744384765625,2374.071044921875,2516.980224609375,3532.701171875,4520.68408203125,6483.59912109375,7769.49951171875,9823.046875,12871.5029296875,37262.02734375,1074.0015869140625
110,0.0,0.00020231086818967015,0.0022117835469543934,0.004405191168189049,0.014192244037985802,0.03887612372636795,0.06871842592954636,1.133261799812317,1.2000834941864014,1.511887788772583,2.246108293533325,3.1029655933380127,4.621336936950684,9.078545570373535,11.01270580291748,16.019060134887695,23.242687225341797,36.36075210571289,65.15961456298828,106.2080307006836,176.89146423339844,237.4693603515625,251.48495483398438,390.0810241699219,555.3247680664062,938.4674682617188,1115.0850830078125,1291.370849609375,1610.6151123046875,2236.928466796875,2550.176513671875,3913.76171875,4557.4970703125,5768.4189453125,8172.47119140625,18093.96875,581.4580078125
111,0.0,0.00024712173035368323,0.002897626021876931,0.005655066575855017,0.01794208213686943,0.048996735364198685,0.08880247920751572,1.2302271127700806,1.3448148965835571,1.5477319955825806,2.670138120651245,4.428869247436523,5.4995927810668945,11.803389549255371,15.225836753845215,23.71330451965332,33.1112060546875,2291.966064453125,2244.2236328125,2310.593994140625,2335.779541015625,2673.472412109375,2450.717041015625,2757.076171875,3151.6650390625,3540.640380859375,3683.25634765625,4071.799072265625,5142.5234375,5738.24658203125,6840.701171875,8062.82373046875,10788.83203125,12953.921875,16647.833984375,35661.96875,1240.9215087890625
112,0.0,0.00020371553546283394,0.0023267213255167007,0.004408768843859434,0.015111117623746395,0.038304246962070465,0.06575126945972443,1.124069333076477,1.2667460441589355,1.3198535442352295,2.0619776248931885,3.0801315307617188,4.1994404792785645,8.944777488708496,10.77010440826416,15.909337043762207,24.54132843017578,47.6306266784668,86.90839385986328,121.29267120361328,202.65101623535156,253.44586181640625,304.5325622558594,473.1126708984375,659.892822265625,1087.4498291015625,1384.4000244140625,1705.2506103515625,2008.3076171875,2771.0185546875,3061.17919921875,4633.4970703125,6082.13525390625,7505.1328125,10495.84375,24122.640625,715.7664794921875
113,0.0,0.0002417669747956097,0.0030391965992748737,0.005216591991484165,0.01791691593825817,0.05364883691072464,0.08170615136623383,1.3053556680679321,1.348725438117981,1.5395631790161133,2.6313462257385254,3.725398540496826,5.519044399261475,11.24539566040039,14.104640007019043,22.107271194458008,29.562978744506836,30929.326171875,28911.1484375,27569.865234375,28845.41015625,27558.189453125,30193.2578125,29968.095703125,28154.21484375,30982.638671875,27549.08984375,27633.833984375,27640.888671875,27395.4765625,30902.318359375,30415.5,32070.8203125,31673.666015625,32130.041015625,29748.201171875,1001.3125610351562
114,0.0,0.00021820576512254775,0.002485276898369193,0.004522311966866255,0.014402229338884354,0.04138157144188881,0.07049037516117096,1.1273468732833862,1.2328734397888184,1.4531904458999634,2.3242485523223877,3.3905155658721924,4.532450199127197,10.07020378112793,12.422974586486816,16.341455459594727,27.701099395751953,41.386714935302734,80.27838134765625,114.88683319091797,224.0387420654297,257.15069580078125,324.663330078125,455.7458190917969,703.5608520507812,1130.2158203125,1431.33984375,1835.2852783203125,2224.43505859375,3018.470947265625,3449.408203125,4804.40625,6807.79150390625,8031.41455078125,10441.783203125,26700.447265625,750.7606811523438
115,0.0,0.00021581719920504838,0.0023921853862702847,0.004560996312648058,0.01486960705369711,0.04104813560843468,0.0679098442196846,1.1840256452560425,1.2467033863067627,1.4274345636367798,2.2688090801239014,3.479358673095703,4.72940731048584,10.455397605895996,12.753609657287598,18.651514053344727,29.11934471130371,70.14738464355469,105.61324310302734,151.46395874023438,231.67909240722656,304.677978515625,351.6886901855469,505.5723876953125,778.2318725585938,1158.815673828125,1502.21435546875,1975.99609375,2322.734130859375,3217.25390625,3559.82080078125,5585.7724609375,6712.08154296875,8367.3173828125,11449.75,26333.2265625,935.2202758789062
116,0.0,0.0002094349474646151,0.002170098479837179,0.004378771409392357,0.012764868326485157,0.03744828701019287,0.06732410937547684,1.1410242319107056,1.1706209182739258,1.490012764930725,2.2371699810028076,3.0369391441345215,4.165849685668945,8.389610290527344,9.582406997680664,15.24372673034668,23.298355102539062,35.731380462646484,62.99775314331055,97.22050476074219,181.49652099609375,220.93075561523438,267.79327392578125,392.0130310058594,634.9544067382812,1026.488037109375,1226.8419189453125,1530.592041015625,1890.66162109375,2703.40478515625,3787.96044921875,5015.54345703125,6321.84814453125,8329.4345703125,10068.7626953125,27929.25390625,859.59912109375
117,0.0,0.00022111802536528558,0.0023714385461062193,0.00464562838897109,0.015569674782454967,0.048247188329696655,0.08708305656909943,1.1129883527755737,1.2691829204559326,1.5721592903137207,2.5600249767303467,3.7754404544830322,4.800595760345459,10.463420867919922,13.92628002166748,20.25208854675293,30.12550926208496,142.2007598876953,186.52882385253906,238.4390106201172,348.7251892089844,427.1730651855469,465.43145751953125,675.12255859375,938.7557983398438,1499.2286376953125,1924.6563720703125,2133.171630859375,2666.403076171875,3928.773193359375,4876.78271484375,7530.17919921875,9055.4482421875,10918.44140625,14138.93359375,37012.05078125,1204.008056640625
118,0.0,0.00021670213027391583,0.002585052512586117,0.005055098328739405,0.01550437044352293,0.04451366141438484,0.07743069529533386,1.1998823881149292,1.254347801208496,1.4681106805801392,2.5700128078460693,3.5902140140533447,4.681573390960693,10.79249095916748,13.717365264892578,18.923559188842773,30.13935661315918,24485.080078125,23103.240234375,23296.466796875,24138.75,25526.27734375,23444.46484375,23092.19921875,24833.095703125,23867.369140625,23402.880859375,23993.572265625,22847.802734375,23335.59375,23687.029296875,27055.25,26259.80078125,27145.6015625,30918.072265625,37850.71875,1235.197509765625
119,0.0,0.0002344731183256954,0.0026690347585827112,0.005061017349362373,0.016538752242922783,0.051240336149930954,0.08514329046010971,1.1745070219039917,1.3196654319763184,1.4979758262634277,2.6300389766693115,3.696152448654175,5.603161334991455,11.053977012634277,14.055497169494629,21.03558349609375,30.71193504333496,51.55358123779297,87.77340698242188,129.94725036621094,224.34927368164062,291.3402099609375,338.0480651855469,477.0946350097656,721.8284912109375,1121.226318359375,1606.681884765625,1952.785400390625,2258.478271484375,3155.744873046875,3459.276123046875,5316.17919921875,7113.8046875,9288.646484375,12303.5771484375,29219.236328125,971.4879760742188
120,0.0,0.0002562830050010234,0.0029677674174308777,0.005579735152423382,0.01978442445397377,0.05775301530957222,0.09651461243629456,1.0976287126541138,1.3369137048721313,1.5314586162567139,2.653677463531494,4.020623207092285,5.76312780380249,12.642125129699707,16.244205474853516,23.384870529174805,36.251068115234375,73.46418762207031,111.77625274658203,150.03579711914062,261.3641662597656,347.1168212890625,413.4361572265625,588.7988891601562,849.3904418945312,1318.0477294921875,1694.2642822265625,2013.3409423828125,2513.662841796875,3750.344970703125,4647.2314453125,6075.986328125,8347.5400390625,9837.3427734375,13692.8193359375,33587.609375,1114.357666015625
121,0.0,0.0002316156605957076,0.0026723346672952175,0.005361470859497786,0.01680937595665455,0.04555559158325195,0.07955107092857361,1.1427690982818604,1.4499971866607666,1.5089261531829834,2.5274438858032227,3.8121957778930664,5.377331256866455,10.873602867126465,13.653032302856445,19.98529815673828,30.448028564453125,48.88280487060547,94.43909454345703,130.91270446777344,235.0687255859375,287.9783020019531,373.50390625,525.5482177734375,874.9577026367188,1284.3377685546875,1493.57421875,2158.2568359375,2818.36279296875,3109.23583984375,3986.164794921875,6060.6533203125,7719.50732421875,9380.0458984375,13069.001953125,30622.162109375,860.0870361328125
122,0.0,0.0002735405578278005,0.0029521514661610126,0.005409626290202141,0.019544661045074463,0.05646466463804245,0.0949377492070198,1.2394487857818604,1.3940268754959106,1.5088284015655518,2.654743194580078,4.1091156005859375,5.69696569442749,12.43421745300293,16.84282875061035,23.227903366088867,34.17816925048828,118.2523193359375,167.61944580078125,209.02391052246094,357.0110778808594,421.3517150878906,474.2864074707031,721.91552734375,1070.54541015625,1650.73779296875,2032.7325439453125,2663.690673828125,3125.857666015625,4005.745361328125,5158.3388671875,6384.67138671875,9388.0263671875,11145.8037109375,15820.5849609375,38376.96875,1070.4173583984375
123,0.0,0.00025354482932016253,0.003088932251557708,0.00602176645770669,0.020746499300003052,0.052106693387031555,0.09368044137954712,1.1711139678955078,1.350415825843811,1.5503511428833008,2.740849018096924,4.338277339935303,5.705742835998535,12.463360786437988,16.259445190429688,22.879348754882812,37.91820526123047,263.720458984375,322.0583801269531,346.6409606933594,456.0723876953125,549.207763671875,589.67529296875,752.49365234375,1069.1929931640625,1765.27490234375,1935.7218017578125,2437.77099609375,3294.515869140625,4097.15771484375,4489.80859375,6769.705078125,7727.4423828125,9624.044921875,12761.3486328125,34211.51171875,1009.05224609375
124,0.0,0.0002597286074887961,0.0032927601132541895,0.005906418897211552,0.01916663907468319,0.053298670798540115,0.09771445393562317,1.2015677690505981,1.371268391609192,1.578122854232788,2.746422529220581,4.191897869110107,5.626622200012207,13.4935884475708,15.788031578063965,26.110965728759766,37.52202224731445,99.33295440673828,153.2084197998047,214.7752227783203,326.41107177734375,374.3948974609375,436.5457763671875,645.0810546875,1046.367431640625,1551.81884765625,1856.580810546875,2429.29150390625,2908.256591796875,4096.4423828125,4472.93603515625,6590.18896484375,8382.08203125,10378.9501953125,14535.2119140625,37735.6640625,988.7978515625
125,0.0,0.00031698806560598314,0.0038742285687476397,0.0077756429091095924,0.02450440637767315,0.07072056084871292,0.11995906382799149,1.295499324798584,1.452172875404358,1.7327628135681152,3.1906514167785645,5.6446733474731445,7.418298244476318,16.076980590820312,20.617496490478516,31.18412971496582,51.234596252441406,381.76312255859375,419.8079528808594,530.712890625,690.3935546875,792.4375,820.5841064453125,1110.9910888671875,1484.114013671875,2147.073486328125,2647.9384765625,2976.942138671875,3844.76708984375,4991.72509765625,5595.1513671875,8220.7294921875,9999.9755859375,11932.568359375,16239.0126953125,32849.96875,1089.9381103515625
126,0.0,0.00018321529205422848,0.0020877604838460684,0.003982495050877333,0.012246090918779373,0.038366541266441345,0.06214337423443794,1.1298675537109375,1.2623155117034912,1.4227774143218994,2.206369161605835,2.942946672439575,4.158476829528809,8.097310066223145,8.967824935913086,13.790345191955566,21.055622100830078,31.585071563720703,58.76283264160156,98.02104187011719,174.8085479736328,221.55450439453125,256.9302673339844,406.2074279785156,615.6271362304688,941.3486938476562,1123.906005859375,1503.971435546875,1754.7598876953125,2600.927978515625,3214.30029296875,4697.18798828125,6291.91162109375,7713.0478515625,9733.056640625,23749.48828125,741.0227661132812
127,0.0,0.00035131096956320107,0.0050078802742064,0.009492955170571804,0.028041627258062363,0.07637674361467361,0.13271445035934448,1.313706398010254,1.439189076423645,1.7626190185546875,3.201460123062134,5.888357639312744,7.472033977508545,19.36422348022461,24.43738555908203,33.57204055786133,53.63370895385742,106.706787109375,179.17938232421875,240.6706085205078,404.9472351074219,468.4134521484375,572.107666015625,884.9810180664062,1193.287109375,2242.3037109375,2545.1884765625,3017.9296875,3467.119140625,4686.052734375,5609.833984375,7819.1572265625,9036.1923828125,12196.419921875,16623.26171875,42689.03515625,950.976318359375
128,0.0,0.00032556260703131557,0.004219488240778446,0.00815774779766798,0.028741994872689247,0.07581920176744461,0.12414699047803879,1.2748126983642578,1.4757004976272583,1.8253891468048096,3.4440724849700928,5.475525379180908,7.905547618865967,17.124187469482422,22.51323890686035,31.36665153503418,48.3630256652832,3777.277587890625,3777.62060546875,3818.2880859375,3764.91845703125,3734.80126953125,3940.78271484375,4112.8056640625,4123.9716796875,5153.91455078125,4880.11474609375,5387.162109375,5893.13232421875,6578.2724609375,7473.6513671875,9123.203125,10250.0908203125,12339.5185546875,15036.142578125,36483.7734375,927.5702514648438
129,0.0,0.0002410722227068618,0.002658171346411109,0.004864204209297895,0.01650214195251465,0.04849468171596527,0.08421199768781662,1.1535069942474365,1.309227466583252,1.4990559816360474,2.5917084217071533,3.693035125732422,5.353508949279785,12.161846160888672,15.449639320373535,21.883825302124023,30.87738037109375,54.69230651855469,95.6319351196289,150.43521118164062,251.43167114257812,318.6079406738281,398.0726318359375,559.0902099609375,948.8618774414062,1317.719482421875,1550.809326171875,2092.324462890625,2515.19091796875,3196.081298828125,4263.54541015625,6286.59326171875,7877.486328125,9681.4404296875,13009.5712890625,31523.123046875,1072.8973388671875
130,0.0,0.00024389456666540354,0.0026794439181685448,0.00523739168420434,0.01834319345653057,0.05448823794722557,0.08655411005020142,1.134606957435608,1.1647040843963623,1.508812665939331,2.4857070446014404,4.071615219116211,5.3804826736450195,12.385838508605957,14.138467788696289,21.340007781982422,30.938644409179688,137.24801635742188,176.73110961914062,228.3740997314453,330.7435607910156,386.7851257324219,474.7118835449219,648.9510498046875,997.2050170898438,1420.060546875,1765.3665771484375,2334.765869140625,2603.0810546875,3534.98876953125,4434.35302734375,6106.330078125,7249.55810546875,9708.8955078125,13762.0107421875,32423.80078125,1013.1588134765625
131,0.0,0.0002568689815234393,0.003499056911095977,0.0060511743649840355,0.019744770601391792,0.055862635374069214,0.09475958347320557,1.2012689113616943,1.3712278604507446,1.5645252466201782,2.6507983207702637,4.088229656219482,5.934280872344971,13.0556058883667,17.5269775390625,24.110633850097656,37.33907699584961,121.91863250732422,161.11819458007812,223.5027313232422,352.1045837402344,421.3235168457031,476.8326110839844,665.1873779296875,994.2401733398438,1560.4346923828125,1880.6373291015625,2395.342041015625,2836.845947265625,3583.358642578125,4862.623046875,6256.84326171875,9192.8876953125,10502.9873046875,13623.533203125,34967.3125,988.6568603515625
132,0.0,0.00022844457998871803,0.0027027607429772615,0.005350140389055014,0.015326731838285923,0.044742923229932785,0.07672997564077377,1.1317163705825806,1.2489612102508545,1.4454573392868042,2.6703362464904785,3.7222602367401123,4.9525146484375,10.91696548461914,13.21015453338623,18.67382049560547,31.366947174072266,27590.693359375,29627.181640625,27050.064453125,27247.94140625,25873.6015625,24249.033203125,26000.029296875,24983.517578125,26630.7578125,27694.802734375,26207.30859375,24627.841796875,27936.0078125,25809.76953125,28673.392578125,27711.240234375,31480.15625,32072.013671875,29935.2421875,1042.1788330078125
133,0.0,0.0003288030275143683,0.004371991381049156,0.008556598797440529,0.027490077540278435,0.07384828478097916,0.13166584074497223,1.2481814622879028,1.4083538055419922,1.7718383073806763,3.384840726852417,6.124877452850342,8.84000301361084,18.549821853637695,27.533903121948242,35.786460876464844,50.05209732055664,465.356201171875,496.7343444824219,572.95703125,726.8333740234375,813.335693359375,968.3497924804688,1196.8294677734375,1795.8338623046875,2509.94140625,3057.998046875,3834.87109375,4504.2255859375,5760.46826171875,7025.63916015625,8971.005859375,11357.8349609375,13076.7734375,18186.388671875,44959.52734375,1096.4720458984375
134,0.0,0.0002762428193818778,0.0032992474734783173,0.006125329528003931,0.019744206219911575,0.057690151035785675,0.09553094953298569,1.2045625448226929,1.3584446907043457,1.6312869787216187,2.8399577140808105,4.365906238555908,5.839839935302734,11.916110038757324,15.490287780761719,21.614471435546875,35.13731384277344,26782.740234375,29687.48046875,26770.998046875,30355.94140625,27332.060546875,25688.876953125,27002.982421875,27496.349609375,27402.98046875,24948.82421875,27329.544921875,27306.267578125,28736.353515625,25072.912109375,27668.849609375,28592.95703125,27403.083984375,30573.68359375,26096.873046875,804.4330444335938
135,0.0,0.0002597537823021412,0.0031543676741421223,0.0062415096908807755,0.02042144164443016,0.053998835384845734,0.0988001599907875,1.219382643699646,1.28217351436615,1.5446741580963135,2.885673999786377,4.814631462097168,5.90956974029541,13.123537063598633,16.318607330322266,23.545124053955078,36.73460006713867,110.88758087158203,157.45343017578125,197.95066833496094,351.9717102050781,422.3497619628906,517.31201171875,712.3401489257812,996.33349609375,1680.13330078125,2024.2218017578125,2778.30078125,3080.5283203125,3965.923828125,5543.04736328125,8024.21630859375,10148.0029296875,12243.2080078125,15371.9892578125,39924.44921875,1259.640625
136,0.0,0.00023965559375938028,0.0026432143058627844,0.005341923795640469,0.017447682097554207,0.05712825432419777,0.09648241102695465,1.2684595584869385,1.3739721775054932,1.510907530784607,2.7745652198791504,4.060975074768066,5.409726619720459,11.260711669921875,15.533990859985352,22.374467849731445,34.30475997924805,90.39978790283203,145.51329040527344,184.24053955078125,304.7724914550781,376.05712890625,441.91131591796875,627.7646484375,1049.8399658203125,1554.435546875,1865.756591796875,2349.57666015625,2736.0576171875,3877.88427734375,4736.99462890625,7229.412109375,8668.2861328125,12032.57421875,14248.5751953125,40218.48046875,1204.4500732421875
137,0.0,0.00027570981183089316,0.0034392511006444693,0.006370014976710081,0.022260038182139397,0.06438228487968445,0.09772810339927673,1.2274129390716553,1.2963372468948364,1.5198501348495483,2.910092353820801,4.765655517578125,6.236948490142822,13.901535987854004,17.968854904174805,24.018253326416016,37.18250274658203,88.80379486083984,140.34365844726562,186.973876953125,317.382568359375,410.37548828125,444.80609130859375,680.0604248046875,1049.9287109375,1685.486083984375,2099.778564453125,2407.258544921875,2982.263671875,4252.47021484375,5414.599609375,7154.79150390625,8822.720703125,11033.4482421875,16354.2197265625,39560.703125,1187.7239990234375
138,0.0,0.00017393783491570503,0.0019034926081076264,0.0033696682658046484,0.011401956900954247,0.03231934458017349,0.05352752283215523,1.116218090057373,1.210103154182434,1.2861565351486206,1.8803629875183105,2.69301700592041,3.591142416000366,7.150209426879883,9.04124641418457,12.528038024902344,20.708555221557617,30.529476165771484,54.04938507080078,77.73278045654297,147.42132568359375,198.90444946289062,214.34596252441406,311.1643981933594,510.6083984375,807.400634765625,913.4405517578125,1272.587158203125,1569.0975341796875,2084.970947265625,2767.31494140625,4179.0673828125,5049.97314453125,5873.814453125,7649.248046875,17894.19921875,621.7982788085938
139,0.0,0.0002616267011035234,0.0032562711276113987,0.006044713780283928,0.022334368899464607,0.06441503018140793,0.09924669563770294,1.2636747360229492,1.367398977279663,1.6257961988449097,2.9630446434020996,4.394944667816162,6.437103748321533,13.312244415283203,19.131961822509766,24.834266662597656,40.26652908325195,23666.265625,25519.849609375,27376.279296875,25742.505859375,26559.982421875,27325.361328125,24975.302734375,25984.59375,28042.193359375,25807.625,27711.9609375,24604.1328125,26950.94921875,26805.625,27166.541015625,29756.333984375,28319.322265625,33682.90625,32685.7890625,1170.373779296875
140,0.0,0.000256879924563691,0.0027516421396285295,0.005627835169434547,0.017922597005963326,0.048865970224142075,0.08383621275424957,1.2553738355636597,1.2229865789413452,1.484250545501709,2.9008960723876953,4.275116443634033,5.510746955871582,10.802610397338867,15.541624069213867,21.50032615661621,30.49225616455078,27572.287109375,30022.46484375,29827.791015625,26066.521484375,27054.041015625,27439.822265625,27796.197265625,27072.724609375,28869.638671875,29717.716796875,27277.375,28709.99609375,29588.68359375,30097.908203125,29191.916015625,34090.08203125,32854.97265625,35558.546875,46257.6953125,1294.4239501953125
141,0.0,0.00019004195928573608,0.0022670021280646324,0.004434066824615002,0.01530376635491848,0.047300469130277634,0.08264455199241638,1.1940854787826538,1.2951643466949463,1.579229712486267,2.243553400039673,3.5039479732513428,4.78895378112793,9.038901329040527,11.803378105163574,17.113035202026367,25.612913131713867,39.44013977050781,71.17510986328125,109.84703826904297,191.7776641845703,216.1903533935547,289.9729309082031,389.4392395019531,612.8690185546875,1012.0958251953125,1268.1470947265625,1434.4566650390625,1896.2017822265625,2371.9033203125,2889.984130859375,4347.25927734375,5504.76416015625,6756.90869140625,9232.6943359375,20959.359375,675.6746826171875
142,0.0,0.000185917058843188,0.0021876622922718525,0.004034079145640135,0.012974755838513374,0.03909553959965706,0.06237617880105972,1.2061619758605957,1.2829533815383911,1.3323074579238892,2.204798936843872,3.06892728805542,4.231592178344727,8.059322357177734,11.251362800598145,15.477794647216797,22.026172637939453,35.244773864746094,62.99812698364258,100.92024230957031,175.84519958496094,220.1288299560547,264.1494445800781,394.0630187988281,608.8424072265625,972.538330078125,1242.5147705078125,1477.1624755859375,1685.0302734375,2477.25048828125,3104.18505859375,4290.6572265625,5255.77001953125,7121.33251953125,9679.912109375,21834.9375,699.3118896484375
143,0.0,0.00025379788712598383,0.0033733942545950413,0.005902690347284079,0.02107471413910389,0.05628431960940361,0.09378363192081451,1.2095071077346802,1.2787368297576904,1.6256574392318726,2.9435243606567383,4.024160385131836,5.784074306488037,12.82441234588623,17.25493621826172,26.291793823242188,37.838375091552734,178.24169921875,212.22988891601562,266.869384765625,422.8741760253906,524.92529296875,537.3151245117188,800.7202758789062,1134.2120361328125,1682.78564453125,2338.372802734375,2722.354248046875,3242.470703125,4127.99462890625,5082.9072265625,7084.76611328125,9052.484375,10923.2666015625,13987.79296875,37566.0859375,964.550537109375
144,0.0,0.00018293077300768346,0.002064288826659322,0.003730905707925558,0.012764203362166882,0.040607284754514694,0.06577149033546448,1.1938196420669556,1.1818121671676636,1.4643508195877075,2.1972384452819824,3.1686034202575684,3.93119478225708,8.41259479522705,10.37438678741455,13.266472816467285,20.668577194213867,30.73480224609375,60.662601470947266,93.7702865600586,156.64366149902344,192.34906005859375,220.54794311523438,346.6684265136719,539.3702392578125,814.2965087890625,917.1306762695312,1282.4727783203125,1588.91259765625,2017.549072265625,2513.731201171875,3688.5185546875,4278.01611328125,5088.4111328125,6708.322265625,16731.14453125,477.975830078125
145,0.0,0.00021994789130985737,0.0025041461922228336,0.004678776022046804,0.016164034605026245,0.04652579128742218,0.07864195853471756,1.1680364608764648,1.292519211769104,1.4871997833251953,2.425015449523926,3.6422717571258545,5.143393039703369,10.345206260681152,13.719112396240234,19.423301696777344,27.740169525146484,41.48082733154297,76.67724609375,109.47075653076172,193.6216583251953,272.43670654296875,321.1610107421875,438.4979553222656,696.87744140625,1104.28564453125,1368.9154052734375,1720.525634765625,2130.052001953125,2677.9404296875,3608.35205078125,4971.1494140625,6583.14453125,7969.1552734375,10659.6611328125,26601.1328125,853.3369140625
146,0.0,0.0002122800942743197,0.002260146662592888,0.004343388602137566,0.014654393307864666,0.042947594076395035,0.07063768059015274,1.263248324394226,1.246854543685913,1.466913104057312,2.55452561378479,3.3691372871398926,4.791750431060791,10.35763931274414,11.965084075927734,17.564231872558594,29.569795608520508,43.84376525878906,81.97207641601562,122.75909423828125,194.4183807373047,274.8986511230469,298.18682861328125,443.92010498046875,724.313232421875,1089.0172119140625,1488.88037109375,1744.81884765625,2291.1669921875,3030.1865234375,3759.0537109375,5508.92138671875,6782.796875,9242.6845703125,11416.728515625,29299.626953125,1013.9435424804688
147,0.0,0.0002514958323445171,0.003071008250117302,0.005935973487794399,0.019432220607995987,0.05228554457426071,0.10172811895608902,1.2021905183792114,1.3742097616195679,1.539013147354126,2.5814707279205322,3.9790990352630615,6.029481410980225,12.160259246826172,16.741090774536133,22.299413681030273,32.55624771118164,26108.095703125,24526.056640625,25918.953125,24667.498046875,26638.8984375,28472.017578125,26496.05078125,25944.15234375,26608.568359375,25634.369140625,27638.47265625,25524.796875,26055.27734375,25867.021484375,24929.60546875,27663.51953125,25483.740234375,30798.83984375,28103.216796875,801.69970703125
148,0.0,0.00022312912915367633,0.002653083996847272,0.0050933570601046085,0.016504913568496704,0.04559994861483574,0.07818841934204102,1.1641088724136353,1.3477216958999634,1.63713800907135,2.667940378189087,3.4408648014068604,4.967588901519775,10.455032348632812,13.528786659240723,19.164766311645508,30.628725051879883,323.6109313964844,410.5730285644531,464.6473083496094,537.3403930664062,636.9243774414062,677.0453491210938,883.38671875,1105.0235595703125,1644.1759033203125,2093.437744140625,2319.89453125,2800.690673828125,3748.1259765625,4496.10400390625,6318.8984375,8447.2392578125,9786.5107421875,13950.7060546875,32976.046875,1000.1178588867188
149,0.0,0.0002941105922218412,0.0038641870487481356,0.007386635523289442,0.02704654633998871,0.06947862356901169,0.11435357481241226,1.1871109008789062,1.3449032306671143,1.5526210069656372,2.854440927505493,4.590633869171143,6.0655598640441895,16.144105911254883,18.889062881469727,26.257863998413086,38.932559967041016,163.77978515625,199.7562713623047,273.0454406738281,377.6640319824219,486.7880554199219,564.7100219726562,763.9652709960938,1049.5980224609375,1716.9896240234375,1935.0572509765625,2328.25146484375,2992.78076171875,3689.71630859375,4232.41748046875,5829.4921875,6760.79931640625,7995.22900390625,12041.32421875,26438.11328125,676.156005859375
150,0.0,0.0002868922019843012,0.003580388380214572,0.006547317840158939,0.020858310163021088,0.0625329241156578,0.11401450634002686,1.1751067638397217,1.4621942043304443,1.615256905555725,2.7145345211029053,4.232316493988037,6.315026760101318,13.415068626403809,17.885961532592773,25.01751708984375,35.45188903808594,60.420082092285156,96.45984649658203,147.26222229003906,255.2419891357422,346.8175048828125,396.1275329589844,529.9757080078125,900.6890258789062,1294.839599609375,1579.9373779296875,2032.0682373046875,2642.439697265625,3123.28564453125,3739.571533203125,4966.7470703125,6391.37109375,8014.109375,10636.2724609375,26816.0390625,786.34716796875
151,0.0,0.0002585010079201311,0.0032034555915743113,0.005617478862404823,0.01898793876171112,0.05206603556871414,0.08507635444402695,1.2871689796447754,1.3693164587020874,1.6545382738113403,2.668619155883789,4.177262783050537,5.450056076049805,12.064303398132324,16.381683349609375,22.149824142456055,34.70518112182617,16413.74609375,15211.4384765625,16507.880859375,16735.626953125,16039.9033203125,17621.275390625,15818.373046875,18234.974609375,17614.47265625,18966.86328125,21752.44140625,18909.146484375,18883.607421875,19628.08984375,23755.552734375,24028.41796875,27899.705078125,28985.162109375,34253.63671875,1009.8773193359375
152,0.0,0.0002262819471070543,0.0025780678261071444,0.004797866102308035,0.014320975169539452,0.046025048941373825,0.08019749820232391,1.1958831548690796,1.2155308723449707,1.5166399478912354,2.2731854915618896,3.4045162200927734,4.6877899169921875,9.835725784301758,11.793709754943848,17.634342193603516,27.107746124267578,43.0135498046875,70.46841430664062,115.392578125,185.41554260253906,265.0797119140625,283.1525573730469,434.4891357421875,612.561767578125,1048.7623291015625,1307.03173828125,1626.7315673828125,2014.7086181640625,2680.8447265625,3512.986083984375,4860.53466796875,6367.63330078125,7609.88818359375,9726.634765625,29094.876953125,884.9536743164062
153,0.0,0.0002481349220033735,0.0026678405702114105,0.005454252474009991,0.018275903537869453,0.050087034702301025,0.07916226238012314,1.1961416006088257,1.3419910669326782,1.5318924188613892,2.4761815071105957,3.69963002204895,4.744964599609375,11.228443145751953,13.580970764160156,19.81315803527832,32.56688690185547,127.74180603027344,168.31153869628906,208.73895263671875,328.6023254394531,393.50140380859375,432.6368103027344,713.1204223632812,928.39306640625,1504.9129638671875,1699.7479248046875,2188.2294921875,2953.47265625,3328.706298828125,4376.03173828125,6391.078125,7799.21533203125,9780.9287109375,13918.154296875,29836.67578125,937.3950805664062
154,0.0,0.00025966536486521363,0.0034193219617009163,0.0062276148237288,0.01979190669953823,0.06425028294324875,0.09594909846782684,1.3179512023925781,1.2745251655578613,1.6441621780395508,2.976508378982544,4.6482415199279785,5.63336181640625,13.993717193603516,18.884090423583984,25.88763427734375,41.00766372680664,853.3947143554688,1011.0733642578125,1064.4798583984375,1227.4375,1302.3426513671875,1388.3006591796875,1555.1558837890625,1979.6053466796875,2497.63037109375,2756.44287109375,3287.461181640625,3641.787109375,4775.31640625,5825.68310546875,7860.7646484375,8993.916015625,11260.923828125,15248.06640625,37676.80859375,1115.078125
155,0.0,0.0002777552872430533,0.003108822274953127,0.005807321984320879,0.020699970424175262,0.05729811638593674,0.09617982804775238,1.3107534646987915,1.2864396572113037,1.609125018119812,2.6832921504974365,4.295731067657471,5.694967269897461,12.114203453063965,16.206172943115234,23.553556442260742,35.3809700012207,28717.765625,26614.890625,28145.556640625,28072.716796875,28031.9609375,28051.443359375,27184.53515625,26693.91015625,26959.208984375,29336.55078125,28187.3046875,28873.587890625,26905.0234375,27526.595703125,29111.9140625,28220.7890625,32617.71484375,33499.48828125,36723.21875,1102.9393310546875
156,0.0,0.0005004045087844133,0.0078960619866848,0.015224234201014042,0.05019674077630043,0.14500053226947784,0.23139145970344543,1.3391509056091309,1.6838219165802002,2.1542179584503174,4.897507667541504,9.310197830200195,13.56264877319336,29.044755935668945,39.235145568847656,52.962135314941406,80.14556884765625,8325.85546875,8782.5146484375,9452.3125,8866.8798828125,9220.4677734375,8930.265625,8675.220703125,9577.0322265625,10556.8935546875,12731.5283203125,12273.5107421875,12606.5654296875,13652.38671875,14586.609375,17359.50390625,18716.259765625,22662.724609375,29875.353515625,47550.5625,1102.4405517578125
157,0.0,0.00021304082474671304,0.0023028405848890543,0.004309649579226971,0.01486242190003395,0.04395737498998642,0.08166413009166718,1.1621627807617188,1.182659387588501,1.401065468788147,2.170600175857544,3.3758742809295654,4.86232852935791,9.384539604187012,12.629508972167969,16.86355972290039,25.023548126220703,37.6243782043457,63.76746368408203,94.1351089477539,172.97093200683594,209.6185760498047,261.0759582519531,384.0628662109375,557.8998413085938,930.4533081054688,1172.047607421875,1470.179931640625,1778.590576171875,2469.650634765625,3084.230712890625,4318.111328125,5008.30322265625,6189.95703125,8597.078125,21462.888671875,627.9871215820312
158,0.0,0.0003664802643470466,0.005062156822532415,0.009675810113549232,0.03109828755259514,0.08986297994852066,0.14094668626785278,1.1720974445343018,1.4279975891113281,1.9124687910079956,3.811736822128296,6.170068740844727,8.442285537719727,21.054676055908203,26.484331130981445,37.00870132446289,56.74807357788086,123.64817810058594,190.55592346191406,255.00558471679688,454.3351135253906,538.7713012695312,606.6787719726562,864.6483154296875,1382.1507568359375,2189.191162109375,2503.34521484375,2947.47900390625,3668.804443359375,4789.7998046875,5585.38037109375,7873.93603515625,8797.6328125,10833.4462890625,15884.853515625,37308.71875,1042.5753173828125
159,0.0,0.00024886851315386593,0.0032459294889122248,0.0063129691407084465,0.0216804351657629,0.059847816824913025,0.09506716579198837,1.2781648635864258,1.3270039558410645,1.6591238975524902,2.8896830081939697,4.606581211090088,6.065406799316406,13.158854484558105,18.359529495239258,23.196983337402344,37.86008071899414,278.1360168457031,321.31427001953125,358.89239501953125,456.32659912109375,558.447998046875,627.1322631835938,809.436279296875,1052.9090576171875,1686.01513671875,2071.530029296875,2407.571044921875,2882.6650390625,3918.0595703125,4662.2158203125,6745.94091796875,7849.51318359375,9800.810546875,13948.9248046875,28523.28515625,826.8909301757812
160,0.0,0.0002665601496119052,0.003390673780813813,0.005970941856503487,0.019613012671470642,0.0567646287381649,0.09818364679813385,1.1383554935455322,1.436038851737976,1.6221234798431396,2.8446831703186035,4.184350967407227,5.738853454589844,13.631393432617188,17.074687957763672,25.337770462036133,37.672760009765625,1500.349853515625,1476.3416748046875,1618.0673828125,1761.2608642578125,1745.1754150390625,2080.642578125,2251.371826171875,2662.185302734375,2912.03955078125,3518.7626953125,3825.929931640625,4611.53955078125,5704.24462890625,6735.50927734375,8533.4189453125,9702.38671875,11532.6826171875,15436.4326171875,37933.55859375,1157.446533203125
161,0.0,0.00023619786952622235,0.0028442591428756714,0.005608242470771074,0.01930890418589115,0.04923146963119507,0.08484309911727905,1.209458351135254,1.2292908430099487,1.4573028087615967,2.589637279510498,3.796360492706299,5.428941249847412,11.266865730285645,14.87258529663086,22.1009578704834,31.16583824157715,681.3638916015625,718.4970703125,759.9857788085938,865.8298950195312,933.5517578125,1054.72607421875,1209.8582763671875,1468.1033935546875,2021.65966796875,2357.876708984375,2766.35009765625,3296.54296875,4412.25634765625,5126.53173828125,6943.08935546875,9057.2744140625,11554.21875,14814.1904296875,37101.16015625,1101.9422607421875
162,0.0,0.00036698562325909734,0.004717029631137848,0.0092006279155612,0.030908916145563126,0.0865541398525238,0.14636236429214478,1.2400803565979004,1.3814514875411987,1.8573716878890991,3.3855416774749756,5.093491077423096,6.924147605895996,17.489673614501953,22.655792236328125,34.728355407714844,52.76131820678711,734.346923828125,762.2030639648438,849.0274658203125,1020.1693115234375,1148.2979736328125,1169.49951171875,1435.3311767578125,1810.228515625,2580.337158203125,3105.2470703125,3629.97705078125,4167.20458984375,5219.33837890625,5434.25537109375,8442.072265625,8006.615234375,11864.65234375,16446.189453125,35070.28515625,750.954833984375
163,0.0,0.000293372810119763,0.003263691673055291,0.006325269117951393,0.021804844960570335,0.060538385063409805,0.09525315463542938,1.2184678316116333,1.3521349430084229,1.6871225833892822,2.8939037322998047,4.611006259918213,6.192573070526123,13.774333000183105,18.60477638244629,24.825241088867188,38.524932861328125,70.85064697265625,123.16605377197266,155.66763305664062,303.70458984375,380.5367736816406,461.5008850097656,605.4973754882812,1030.157958984375,1558.454345703125,1956.1829833984375,2376.145263671875,3284.624267578125,4373.248046875,5661.78125,7366.73486328125,9230.8251953125,11143.3828125,15680.234375,39676.8671875,1091.572509765625
164,0.0,0.00026889191940426826,0.0032014274038374424,0.0059088231064379215,0.02252586930990219,0.05310434103012085,0.08852934837341309,1.1933673620224,1.315637469291687,1.537925124168396,2.8202126026153564,4.616817951202393,5.9875969886779785,13.549219131469727,18.83565330505371,25.898408889770508,41.046295166015625,111.4091796875,150.60044860839844,237.50241088867188,353.47796630859375,471.6361999511719,508.2559509277344,780.1337280273438,1133.906494140625,1689.242431640625,2106.482177734375,2728.847900390625,3021.3955078125,4540.630859375,4947.55224609375,7975.48681640625,9225.232421875,11458.3720703125,15853.728515625,41744.4375,1089.6944580078125
165,0.0,0.00023862226225901395,0.002723821671679616,0.005014138296246529,0.01739371195435524,0.04714537411928177,0.08677185326814651,1.131923794746399,1.262617826461792,1.4719226360321045,2.7849340438842773,3.6874818801879883,5.281977653503418,10.791138648986816,14.231719017028809,20.85116195678711,30.753664016723633,50.802825927734375,97.57019805908203,141.00848388671875,260.1033630371094,347.81982421875,439.3197937011719,591.716796875,919.1871337890625,1533.53466796875,1756.1597900390625,2364.072509765625,3033.90869140625,4359.71923828125,4989.291015625,7383.30224609375,9477.224609375,12317.37890625,17006.90625,40505.9765625,1401.093505859375
166,0.0,0.00023936624347697943,0.0026998750399798155,0.005267539527267218,0.017922742292284966,0.050766460597515106,0.08223428577184677,1.2155176401138306,1.284455418586731,1.5017372369766235,2.7616090774536133,4.181919097900391,5.851477146148682,11.442307472229004,15.012770652770996,20.98981285095215,32.53789520263672,50.78013229370117,88.2539291381836,142.18653869628906,272.14044189453125,344.6907043457031,359.4802551269531,568.1537475585938,786.3611450195312,1318.8966064453125,1728.2327880859375,2226.099853515625,2746.051513671875,3501.2802734375,4422.15966796875,6413.2734375,8119.28125,9868.814453125,13425.6748046875,32789.23046875,1150.377197265625
167,0.0,0.00024141404719557613,0.003046740312129259,0.006042953580617905,0.021221807226538658,0.056664321571588516,0.10439519584178925,1.1954184770584106,1.2631675004959106,1.5923360586166382,2.7063024044036865,4.285035133361816,5.796837329864502,12.79188346862793,17.200881958007812,21.09503173828125,35.96755599975586,171.6489715576172,203.21360778808594,272.6972351074219,391.6330261230469,483.7973937988281,560.3766479492188,734.4969482421875,1033.9595947265625,1539.613525390625,2036.8670654296875,2429.68017578125,2974.504150390625,3888.551513671875,4712.64404296875,6901.14208984375,8754.884765625,11046.4189453125,15231.0888671875,38868.78515625,981.5655517578125
168,0.0,0.00023298407904803753,0.002876954386010766,0.005809239577502012,0.018028130754828453,0.05143142119050026,0.08174023777246475,1.1734514236450195,1.3341883420944214,1.533793330192566,2.6413137912750244,4.1276631355285645,5.291718006134033,11.507043838500977,14.374771118164062,21.177961349487305,33.50273513793945,1975.16796875,1884.994384765625,2120.782470703125,2222.9990234375,2319.42822265625,2164.718994140625,2501.038818359375,2702.8125,3513.857666015625,3604.006591796875,3934.373291015625,4719.3271484375,5085.35400390625,6471.00439453125,9244.5400390625,9817.42578125,12811.1064453125,15751.0791015625,35432.79296875,1106.456787109375
169,0.0,0.00026533816708251834,0.003332348307594657,0.006353443954139948,0.01935919001698494,0.06137554347515106,0.10010739415884018,1.179914116859436,1.4333593845367432,1.6545069217681885,2.987355947494507,4.7802557945251465,5.784270763397217,14.156413078308105,17.05889892578125,25.289968490600586,37.85524368286133,655.5244140625,638.592041015625,763.813720703125,838.5816650390625,909.2276611328125,1034.7398681640625,1170.6165771484375,1412.642822265625,2001.716796875,2515.816650390625,2617.6982421875,3303.15283203125,4578.9765625,4848.79833984375,7156.68505859375,8780.0439453125,10940.55078125,15064.73828125,32044.740234375,873.1766967773438
170,0.0,0.00020619506540242583,0.0024296788033097982,0.004540532827377319,0.014244909398257732,0.038558490574359894,0.06598889827728271,1.1623778343200684,1.2943533658981323,1.4400503635406494,2.3830747604370117,3.482442855834961,4.469112396240234,9.510437965393066,12.854094505310059,17.357250213623047,26.45308494567871,45.88557434082031,82.62688446044922,130.51168823242188,222.67782592773438,305.7378234863281,330.2678527832031,520.9146728515625,710.4378662109375,1147.5625,1530.225341796875,1975.0262451171875,2430.523681640625,3172.62451171875,3869.443115234375,5805.75146484375,7981.1279296875,9883.6083984375,11916.3681640625,26849.0546875,1012.1423950195312
171,0.0,0.00029380572959780693,0.0033871789928525686,0.006843743845820427,0.02163861133158207,0.06687776744365692,0.09936542809009552,1.2699556350708008,1.3851529359817505,1.6562882661819458,3.0931999683380127,4.796508312225342,6.343536376953125,15.969155311584473,18.617204666137695,26.643436431884766,37.913299560546875,195.65591430664062,237.8325653076172,289.4327087402344,429.2198181152344,475.8018493652344,561.8050537109375,794.7545166015625,1133.5087890625,1694.2984619140625,2088.524169921875,2440.411376953125,2941.07861328125,3475.868408203125,4964.37890625,6503.83837890625,7989.12060546875,10012.2099609375,12873.046875,33455.12109375,1038.31005859375
172,0.0,0.0001945307885762304,0.002289352472871542,0.004040759056806564,0.012850577011704445,0.03786764293909073,0.06544002890586853,1.119943618774414,1.2339311838150024,1.4308831691741943,2.3096694946289062,3.2480673789978027,4.1296796798706055,8.944011688232422,11.263471603393555,16.292253494262695,23.635740280151367,38.7883415222168,72.27033233642578,104.34953308105469,186.21766662597656,241.57763671875,286.52203369140625,409.6648864746094,626.2874145507812,1014.0473022460938,1202.8216552734375,1603.5479736328125,2059.447509765625,2749.36669921875,3520.45556640625,5323.20166015625,6537.0849609375,8173.79931640625,10316.240234375,24811.58984375,874.7664794921875
173,0.0,0.00025335641112178564,0.0029880357906222343,0.00591794028878212,0.01852457970380783,0.05420953035354614,0.09396850317716599,1.2520800828933716,1.3639878034591675,1.552491307258606,2.763972520828247,4.081725120544434,5.635601043701172,12.739791870117188,16.24302101135254,23.909076690673828,37.02781295776367,102.028564453125,147.03851318359375,201.38650512695312,317.30657958984375,390.4022521972656,452.1124267578125,679.47802734375,918.8778076171875,1536.1260986328125,1786.8226318359375,2423.43896484375,3005.407470703125,4039.800048828125,5208.17333984375,7261.13232421875,8712.408203125,10509.9296875,14842.5224609375,38125.4296875,1138.90576171875
174,0.0,0.0002031138283200562,0.002202101983129978,0.004062653984874487,0.012366285547614098,0.03735459968447685,0.06027868017554283,1.1401511430740356,1.1843169927597046,1.3675485849380493,2.1412055492401123,3.1003386974334717,4.047630786895752,9.245931625366211,11.378494262695312,16.076107025146484,23.944442749023438,326.60028076171875,338.8752746582031,387.3835754394531,478.7593994140625,567.3951416015625,640.8407592773438,778.5225219726562,1016.9774780273438,1426.0032958984375,1617.892333984375,2189.48974609375,2319.82421875,3345.851318359375,4041.890625,6377.12109375,7374.41796875,9172.48828125,12420.8447265625,30021.498046875,914.5165405273438
175,0.0,0.0002560975553933531,0.0033200890757143497,0.005730807781219482,0.02155361697077751,0.05021078884601593,0.09188375622034073,1.1810139417648315,1.2649050951004028,1.6138567924499512,2.8269243240356445,4.290139198303223,5.874752044677734,12.229702949523926,15.550517082214355,22.91047477722168,35.4148063659668,29721.494140625,27843.265625,27491.384765625,27814.228515625,27726.08203125,27753.025390625,27056.7265625,28077.978515625,27528.712890625,27918.615234375,27183.2421875,26153.048828125,28269.49609375,28101.1484375,27960.75,27109.841796875,29517.009765625,32778.4765625,34764.80859375,1117.1044921875
176,0.0,0.0002423341356916353,0.0028123122174292803,0.005621077958494425,0.017338773235678673,0.04918109253048897,0.08595030754804611,1.1064504384994507,1.402850866317749,1.4869180917739868,2.5536301136016846,4.120002269744873,5.230526447296143,11.581199645996094,15.991439819335938,21.9045352935791,35.16415786743164,743.763427734375,791.1113891601562,884.42626953125,970.9598999023438,1122.897705078125,1057.75634765625,1327.6954345703125,1601.2889404296875,2075.34619140625,2407.38623046875,3074.880615234375,3424.658203125,4374.8623046875,5358.9833984375,7072.53515625,9029.9306640625,11015.6064453125,15826.8173828125,35478.07421875,1096.534912109375
177,0.0,0.0002607819624245167,0.0030004673171788454,0.005607434548437595,0.018975159153342247,0.05596410855650902,0.08808664232492447,1.240280032157898,1.3504462242126465,1.5768238306045532,2.7747914791107178,4.159539699554443,5.804591178894043,12.271811485290527,16.670059204101562,22.94580078125,34.5134162902832,154.87255859375,204.3822479248047,266.1697692871094,377.1930847167969,466.4010314941406,512.93701171875,758.62890625,1017.0322875976562,1713.4658203125,1908.5618896484375,2419.76171875,3118.772216796875,4354.25830078125,5080.89794921875,7093.943359375,8834.8583984375,11192.669921875,15325.2412109375,43926.9609375,1195.534912109375
178,0.0,0.00023707328364253044,0.0027508658822625875,0.005270257126539946,0.018344685435295105,0.052250392735004425,0.09377419203519821,1.2344573736190796,1.27224862575531,1.5893936157226562,2.5969793796539307,4.225716590881348,5.41275691986084,11.966818809509277,16.297386169433594,22.735374450683594,35.02444839477539,30236.568359375,28599.869140625,29473.509765625,27995.513671875,29744.505859375,27742.390625,27852.083984375,27818.453125,28919.2890625,26830.462890625,27825.07421875,27106.716796875,29403.166015625,30189.140625,30567.345703125,30000.400390625,32170.7421875,35316.9453125,32004.529296875,1115.21630859375
179,0.0,0.00019619736121967435,0.002146529033780098,0.003999397624284029,0.013759012334048748,0.04072580859065056,0.07317724823951721,1.1743751764297485,1.2256393432617188,1.4008413553237915,2.3984193801879883,3.326341390609741,4.142928123474121,9.10898208618164,12.305880546569824,15.906217575073242,23.89995574951172,39.995540618896484,74.62490844726562,106.21631622314453,188.7445526123047,236.34744262695312,296.9588317871094,411.0052185058594,662.6788940429688,984.4527587890625,1233.824951171875,1643.0472412109375,2030.2608642578125,2798.54150390625,3670.57763671875,5359.02685546875,6792.13427734375,8039.19921875,12067.56640625,27136.455078125,958.0256958007812
180,0.0,0.0002176782872993499,0.002631992567330599,0.00487114442512393,0.01583014242351055,0.04593760892748833,0.08257120102643967,1.2323554754257202,1.3088345527648926,1.4871021509170532,2.522102117538452,3.422822952270508,5.171368598937988,10.498968124389648,14.376635551452637,19.69031524658203,30.01641273498535,47.21591567993164,84.41625213623047,128.18313598632812,234.55372619628906,288.42681884765625,353.289794921875,525.7952270507812,785.2474975585938,1334.566162109375,1362.3671875,1937.812744140625,2271.433837890625,3211.692626953125,3843.552734375,5551.158203125,7013.55859375,8975.494140625,11611.1728515625,29945.333984375,983.2351684570312
181,0.0,0.0003080070309806615,0.0036967231426388025,0.006945203989744186,0.023502640426158905,0.0656042993068695,0.10684604942798615,1.2604600191116333,1.4399501085281372,1.6667299270629883,3.120352029800415,4.87158203125,6.751115322113037,16.637147903442383,20.131330490112305,27.017011642456055,43.22703170776367,580.1392822265625,677.2969360351562,745.9640502929688,920.2827758789062,949.5311279296875,1023.9578857421875,1225.7777099609375,1595.9815673828125,2308.3671875,2846.821533203125,3194.8232421875,3873.73583984375,5021.08544921875,6411.82568359375,8345.9140625,11063.39453125,13858.357421875,18173.61328125,44901.3203125,1260.0958251953125
182,0.0,0.0002363276871619746,0.0024634620640426874,0.004822746850550175,0.015599011443555355,0.047871436923742294,0.0734197199344635,1.171117901802063,1.2826977968215942,1.5236284732818604,2.479039430618286,3.6627354621887207,4.803163528442383,10.356847763061523,13.057555198669434,18.226966857910156,29.796817779541016,15079.9384765625,15774.966796875,15178.1025390625,15614.2412109375,15339.2470703125,15199.375,15598.88671875,14872.4169921875,15980.671875,15116.2490234375,14930.51953125,14963.693359375,14929.267578125,16939.974609375,15439.9501953125,17041.16015625,18424.24609375,21825.126953125,26884.33984375,895.6995239257812
183,0.0,0.00024304327962454408,0.002938578836619854,0.006029914133250713,0.017915859818458557,0.05196969956159592,0.08677124977111816,1.2284048795700073,1.2594144344329834,1.4694690704345703,2.79250168800354,4.182097911834717,5.647487640380859,12.032926559448242,16.08051300048828,25.046586990356445,35.10649871826172,26621.166015625,24620.8203125,24317.783203125,24571.697265625,26674.625,24263.69921875,25801.333984375,22994.140625,24726.701171875,24690.748046875,24242.90234375,25453.521484375,25495.494140625,26424.091796875,28991.490234375,28961.333984375,30456.109375,33728.75390625,42686.23046875,1289.5113525390625
184,0.0,0.00023898293147794902,0.002988949418067932,0.005405709147453308,0.017692554742097855,0.05147823691368103,0.09118379652500153,1.26369309425354,1.3575587272644043,1.6080596446990967,2.7533607482910156,4.036398410797119,5.66546106338501,11.723179817199707,15.835392951965332,22.769716262817383,34.75241470336914,27578.505859375,28443.09375,25695.421875,27065.4375,26349.595703125,25673.837890625,26858.265625,27213.728515625,27225.44140625,26876.25,26990.62890625,28408.505859375,27046.078125,27239.96484375,26091.75390625,28139.41796875,33123.17578125,32336.51171875,32623.025390625,978.2550659179688
185,0.0,0.0002174071123590693,0.0022776492405682802,0.004602962173521519,0.01578819938004017,0.04473217949271202,0.07584447413682938,1.1293445825576782,1.2103465795516968,1.5001676082611084,2.4813599586486816,3.5999772548675537,4.577937602996826,9.619270324707031,13.709932327270508,17.908536911010742,27.037321090698242,43.67863464355469,70.72068786621094,116.94966888427734,200.03521728515625,249.4268035888672,303.7320251464844,404.5048828125,668.1970825195312,1093.7940673828125,1335.189208984375,1644.8046875,2020.5850830078125,2935.771240234375,3305.103759765625,4703.5859375,6465.7001953125,7386.603515625,8995.134765625,24173.2578125,836.6211547851562
186,0.0,0.0003012867528013885,0.004084524232894182,0.007552545052021742,0.026121845468878746,0.07094825059175491,0.11614298075437546,1.2133620977401733,1.3869341611862183,1.7658886909484863,3.058662176132202,4.677238941192627,6.469157695770264,15.848821640014648,19.91188621520996,27.85575294494629,41.95439910888672,1107.276123046875,1127.1602783203125,1165.1170654296875,1197.0567626953125,1358.825439453125,1474.4954833984375,1766.8221435546875,1925.4395751953125,2708.029541015625,2974.42333984375,3441.432861328125,3992.60546875,5433.69921875,5859.0224609375,7702.08154296875,10335.49609375,11564.1357421875,17333.77734375,39553.76953125,1037.2080078125
187,0.0,0.00021563110931310803,0.002438265597447753,0.0048361122608184814,0.014817692339420319,0.0459967702627182,0.07934413105249405,1.156880259513855,1.3168258666992188,1.5755480527877808,2.4556291103363037,3.7182934284210205,4.657687664031982,10.41992473602295,12.502824783325195,18.660438537597656,27.400634765625,42.12378692626953,74.09664916992188,113.86080169677734,177.27235412597656,245.56039428710938,297.66015625,404.2412109375,631.3804321289062,974.255615234375,1247.8651123046875,1536.6630859375,1837.060546875,2438.149658203125,3192.32373046875,4199.1611328125,5343.966796875,6326.11328125,8422.9833984375,21301.9453125,548.0291748046875
188,0.0,0.00018667230324354023,0.0019366765627637506,0.003871386405080557,0.01173979789018631,0.031424183398485184,0.056280843913555145,1.1435014009475708,1.2183715105056763,1.3064193725585938,1.943501353263855,2.862428903579712,3.7712759971618652,7.799921035766602,9.085301399230957,13.127751350402832,19.54674530029297,29.461984634399414,53.24833679199219,75.40872955322266,144.6229705810547,186.09854125976562,206.30914306640625,318.19500732421875,477.2558898925781,753.1094360351562,937.5635375976562,1176.5859375,1475.9285888671875,1759.177978515625,2141.431396484375,2952.1591796875,3884.4384765625,4960.44140625,6034.77783203125,14528.9228515625,439.1705322265625
189,0.0,0.0002179346774937585,0.002500266768038273,0.004615679383277893,0.015479495748877525,0.04759598150849342,0.082807756960392,1.1811646223068237,1.2686868906021118,1.4252573251724243,2.47805118560791,3.772526502609253,4.956904411315918,10.730292320251465,13.692540168762207,18.10828971862793,27.809350967407227,43.07556915283203,73.2838363647461,108.67625427246094,192.20579528808594,252.7683868408203,274.8421936035156,438.7171630859375,644.3130493164062,1066.173095703125,1366.5302734375,1702.3486328125,2159.86669921875,2932.39501953125,3700.167236328125,5240.91845703125,6350.25341796875,8302.2880859375,10922.486328125,25253.078125,770.030517578125
190,0.0,0.00024612114066258073,0.0027348871808499098,0.005453178659081459,0.018495026975870132,0.05249619111418724,0.0876053050160408,1.1662781238555908,1.3160457611083984,1.5878640413284302,2.6426589488983154,4.116483211517334,5.009128570556641,12.02430534362793,15.83229923248291,20.873943328857422,35.002830505371094,246.61180114746094,289.7685852050781,316.5472717285156,427.171630859375,497.7267761230469,560.9459228515625,784.1285400390625,1111.2010498046875,1718.017822265625,1878.375732421875,2167.895751953125,2664.555419921875,3943.399169921875,4432.7431640625,5787.19384765625,8095.63134765625,10271.5,13701.2646484375,33165.5546875,1047.4949951171875
191,0.0,0.00021061392908450216,0.0024727461859583855,0.004971398506313562,0.015070491470396519,0.04519542306661606,0.07179384678602219,1.1919901371002197,1.2001309394836426,1.5403964519500732,2.5754411220550537,3.3700716495513916,4.721816539764404,9.582777976989746,12.744900703430176,19.171424865722656,28.028343200683594,258.3416442871094,312.0548400878906,346.7821350097656,424.9564514160156,519.0379028320312,579.9960327148438,696.9417114257812,1018.3085327148438,1439.0909423828125,1661.194580078125,2113.500244140625,2467.43212890625,3391.4736328125,4375.56005859375,6063.1005859375,7725.66552734375,9578.6171875,13034.6005859375,31506.57421875,987.5200805664062
192,0.0,0.00017471954924985766,0.002009025076404214,0.003784765023738146,0.01238185167312622,0.03925798833370209,0.06778810918331146,1.1224879026412964,1.201722502708435,1.3504023551940918,2.0838565826416016,3.13000750541687,4.088478088378906,8.435776710510254,9.42145824432373,13.116220474243164,21.062942504882812,32.07764434814453,60.26405715942383,87.98690795898438,153.61822509765625,185.18038940429688,209.03382873535156,306.2466735839844,498.9956359863281,838.7633666992188,920.8082275390625,1228.166748046875,1756.3343505859375,2095.08642578125,2484.29931640625,3720.974609375,4861.6640625,5893.861328125,7935.46337890625,17326.912109375,516.9252319335938
193,0.0,0.00034582559601403773,0.004767298698425293,0.008116303011775017,0.02623564563691616,0.0895245373249054,0.14160501956939697,1.319388747215271,1.491475224494934,1.6977205276489258,3.825819969177246,6.639649868011475,9.078184127807617,18.845890045166016,21.345067977905273,33.43182373046875,49.64625930786133,29839.330078125,27927.19921875,29299.80859375,30894.3828125,28488.041015625,30336.79296875,28077.82421875,28842.986328125,28311.572265625,32061.392578125,28350.6484375,31942.09375,30164.029296875,29312.505859375,33875.84375,33840.04296875,34269.04296875,37153.69140625,38291.20703125,996.3585205078125
194,0.0,0.0002058102109003812,0.002181020099669695,0.004020008724182844,0.012735684402287006,0.03804589435458183,0.06048551946878433,1.1263296604156494,1.2422270774841309,1.2940764427185059,2.2462563514709473,3.058234691619873,4.297584056854248,8.725622177124023,10.58494758605957,15.705519676208496,24.343055725097656,255.724853515625,274.91015625,318.03118896484375,399.04315185546875,460.0924072265625,492.285888671875,642.2485961914062,829.16552734375,1234.1651611328125,1494.7608642578125,1790.0863037109375,2081.07763671875,2938.886962890625,3548.9833984375,5292.0810546875,7099.9111328125,8065.34716796875,11198.166015625,26401.533203125,848.9861450195312
195,0.0,0.00023661815794184804,0.0026678014546632767,0.005331067368388176,0.01851784996688366,0.04762396961450577,0.0820491835474968,1.2438095808029175,1.2916336059570312,1.5609391927719116,2.5676915645599365,3.6765730381011963,4.981625080108643,11.105463027954102,15.031290054321289,19.8018741607666,31.68587303161621,62.47319030761719,102.92070007324219,145.24293518066406,231.51942443847656,368.40704345703125,365.225341796875,589.8034057617188,968.1017456054688,1488.0916748046875,1709.7606201171875,2211.26953125,2723.53955078125,3909.72265625,5065.2685546875,7310.59033203125,8210.7802734375,10726.76953125,14931.619140625,36469.9609375,1227.8336181640625
196,0.0,0.00023715714632999152,0.002801988273859024,0.005130102392286062,0.016723372042179108,0.044671691954135895,0.08434094488620758,1.1253098249435425,1.2408111095428467,1.4783529043197632,2.5730817317962646,3.753491163253784,4.694847583770752,10.334918022155762,14.487344741821289,19.313737869262695,27.875856399536133,47.39401626586914,82.45219421386719,131.48731994628906,235.2740936279297,277.5125732421875,356.5205078125,513.70556640625,834.5835571289062,1293.5865478515625,1633.708740234375,1925.960693359375,2177.690673828125,3359.826171875,4029.458251953125,5824.41748046875,8096.45751953125,9840.458984375,11857.880859375,29819.234375,969.1195678710938
197,0.0,0.00027275175671093166,0.003448331728577614,0.006136044394224882,0.020118821412324905,0.062070854008197784,0.09984959661960602,1.3165706396102905,1.3495638370513916,1.5525248050689697,3.0012874603271484,4.371890068054199,6.212364673614502,13.978796005249023,17.17361068725586,25.84392738342285,39.05564880371094,29547.7578125,28115.716796875,28966.90625,27367.123046875,28706.98828125,28023.94921875,26678.1328125,29033.6484375,30666.103515625,26058.244140625,26330.46484375,29905.1015625,27617.443359375,26855.689453125,29078.95703125,27171.845703125,29395.181640625,35109.35546875,35883.296875,999.2987670898438
198,0.0,0.00022111691941972822,0.0024152416735887527,0.0047229682095348835,0.015716303139925003,0.04613794386386871,0.075020432472229,1.1846907138824463,1.3944889307022095,1.5140941143035889,2.4510648250579834,3.7155117988586426,5.225780010223389,10.709680557250977,14.839434623718262,20.794090270996094,30.752458572387695,68.12711334228516,107.8144302368164,147.79141235351562,238.94851684570312,355.3662414550781,401.64251708984375,567.970703125,850.5175170898438,1408.8094482421875,1697.7413330078125,2064.464111328125,2539.4501953125,3641.231689453125,4564.61181640625,6365.58154296875,8278.0966796875,9870.962890625,14421.802734375,34686.67578125,1174.6898193359375
199,0.0,0.00022498845646623522,0.0026226292829960585,0.005001955199986696,0.015418424271047115,0.046372734010219574,0.085807666182518,1.2969900369644165,1.2787971496582031,1.5429588556289673,2.3435769081115723,3.729930877685547,5.153542995452881,11.07197093963623,13.660038948059082,21.00993537902832,30.05181312561035,50.56500244140625,91.447021484375,144.7102508544922,247.18663024902344,309.276611328125,365.35906982421875,555.831787109375,864.3526611328125,1226.48779296875,1646.590576171875,2051.64990234375,2258.96337890625,3313.270751953125,4125.2626953125,5981.91259765625,7015.9501953125,8558.7177734375,12766.91015625,32081.21484375,956.9612426757812
200,0.0,0.0002020746615016833,0.0024422835558652878,0.004519314505159855,0.015837615355849266,0.046030040830373764,0.07437996566295624,1.162278413772583,1.284409761428833,1.4822708368301392,2.3450684547424316,3.290686845779419,4.801407337188721,9.700525283813477,13.415247917175293,16.755903244018555,26.235183715820312,3090.207763671875,2922.96435546875,3529.631591796875,3358.462890625,3417.51220703125,3584.126708984375,3410.552978515625,3276.9560546875,3590.624755859375,3893.173583984375,4147.74755859375,4551.78466796875,5126.51025390625,5776.57421875,7004.53076171875,8780.7421875,9514.2900390625,13046.8583984375,28032.4453125,921.12841796875
201,0.0,0.0002222706243628636,0.002609970746561885,0.005109189543873072,0.016068078577518463,0.04778553918004036,0.08148277550935745,1.245667815208435,1.1725889444351196,1.6011426448822021,2.4674153327941895,4.039157390594482,5.413543701171875,11.570110321044922,15.555317878723145,19.12123680114746,30.683141708374023,45.78629684448242,87.67081451416016,111.84028625488281,210.77853393554688,293.1775207519531,297.3787536621094,441.4110107421875,708.5183715820312,1078.02001953125,1374.1361083984375,1817.4796142578125,2042.4573974609375,3064.931640625,3610.859130859375,5034.37744140625,6241.37451171875,8065.916015625,10503.4296875,25167.865234375,889.0630493164062
202,0.0,0.0002556147810537368,0.0030185296200215816,0.006245160475373268,0.020276615396142006,0.05606894567608833,0.09016333520412445,1.1795297861099243,1.3244075775146484,1.5761406421661377,2.7511041164398193,4.2552947998046875,5.987257957458496,12.314291000366211,17.350372314453125,23.65013885498047,35.84865188598633,804.8898315429688,867.3994750976562,832.0374145507812,957.3745727539062,1078.8551025390625,1098.958984375,1339.2708740234375,1715.0552978515625,2248.277587890625,2613.31103515625,3112.289794921875,3639.939208984375,4508.14404296875,6003.66552734375,8106.42626953125,9571.7216796875,11533.4501953125,16229.958984375,38037.40234375,1130.6995849609375
203,0.0,0.0002699431497603655,0.0031548519618809223,0.006094502750784159,0.020383786410093307,0.05792195349931717,0.10039202123880386,1.1698393821716309,1.329375982284546,1.6248083114624023,2.8368165493011475,4.390431880950928,5.856486797332764,13.190707206726074,18.070682525634766,21.755590438842773,35.55169677734375,338.0145263671875,394.1531982421875,424.8946533203125,565.8179321289062,687.26513671875,727.165283203125,983.3975830078125,1279.8482666015625,1835.2169189453125,2124.692626953125,2720.893310546875,3425.35009765625,4425.6904296875,5500.64990234375,7293.52294921875,9504.736328125,11741.138671875,15783.2724609375,37192.6640625,1316.2515869140625
204,0.0,0.00028669476159848273,0.003348840866237879,0.006472042296081781,0.02257164753973484,0.0636221244931221,0.10980934649705887,1.18496572971344,1.3310256004333496,1.7282602787017822,3.0357506275177,4.845743179321289,6.498195648193359,14.482659339904785,18.181983947753906,27.486408233642578,41.033241271972656,4032.132080078125,4383.05615234375,4336.572265625,4472.22802734375,4379.3232421875,4467.85400390625,4841.48681640625,4635.806640625,5490.47607421875,5529.30029296875,5738.49609375,6695.87744140625,6608.546875,8135.21435546875,10444.6826171875,11616.7783203125,13417.8935546875,17278.236328125,39892.59765625,1217.6761474609375
205,0.0,0.00020779698388651013,0.0023576454259455204,0.0046636913903057575,0.015212456695735455,0.046121202409267426,0.07268951088190079,1.14621102809906,1.3719637393951416,1.5501110553741455,2.3751368522644043,3.3574955463409424,4.5522260665893555,9.609184265136719,13.51763916015625,17.25680160522461,28.64071273803711,704.942138671875,736.9718017578125,757.8407592773438,813.1290893554688,995.1610717773438,990.0415649414062,1136.195556640625,1381.5091552734375,1764.1690673828125,2128.189697265625,2530.459228515625,2792.916015625,3848.715576171875,4325.1533203125,5992.8427734375,7397.12548828125,8974.0751953125,12941.294921875,30347.048828125,943.4636840820312
206,0.0,0.000244328984990716,0.0028287877794355154,0.005604066886007786,0.01765180565416813,0.053958240896463394,0.08878704905509949,1.1821181774139404,1.2713372707366943,1.5580366849899292,2.7693169116973877,3.8745651245117188,5.278174877166748,11.80466079711914,15.096485137939453,21.71982192993164,32.99114990234375,27360.349609375,26450.169921875,24922.935546875,27196.28125,27279.115234375,28100.6328125,26293.48828125,24955.2890625,27329.001953125,25823.154296875,25830.08203125,25995.8125,26285.041015625,26653.24609375,27353.7109375,26943.263671875,29620.0859375,33149.41015625,31698.232421875,1102.0955810546875
207,0.0,0.0002003157715080306,0.002373918192461133,0.004423596430569887,0.014643577858805656,0.046101123094558716,0.09014110267162323,1.1483125686645508,1.4151861667633057,1.4801232814788818,2.499239206314087,3.506725311279297,4.5072922706604,10.525445938110352,11.688854217529297,17.460777282714844,25.23265266418457,223.2410125732422,258.9471740722656,314.35455322265625,375.4396667480469,445.4327697753906,470.59466552734375,621.6359252929688,825.9169311523438,1268.39404296875,1430.6295166015625,1927.57861328125,2220.455322265625,2889.28271484375,3570.707275390625,5309.328125,7052.54345703125,8106.2919921875,10658.04296875,25662.75,904.0291137695312
208,0.0,0.0002479113172739744,0.002854232443496585,0.005578878801316023,0.016845962032675743,0.0518370158970356,0.093576580286026,1.1834297180175781,1.343644618988037,1.506952166557312,2.720391273498535,3.832789421081543,5.543979644775391,12.201297760009766,15.878116607666016,22.332183837890625,36.985015869140625,105.47966003417969,147.6302947998047,203.1475372314453,309.1666564941406,385.6038818359375,442.8265686035156,637.54150390625,975.0066528320312,1465.245849609375,1873.0321044921875,2459.5087890625,2908.3408203125,3877.997802734375,5106.9833984375,7729.642578125,9843.150390625,11456.736328125,14941.236328125,38310.75390625,1271.541259765625
209,0.0,0.000208477649721317,0.0021697713527828455,0.004263851325958967,0.014206506311893463,0.038425397127866745,0.06803663074970245,1.0788357257843018,1.3061870336532593,1.4626907110214233,2.34490966796875,3.4104206562042236,4.384419918060303,9.503843307495117,12.224725723266602,17.252161026000977,27.149703979492188,979.9221801757812,1032.9814453125,1083.8509521484375,1143.288818359375,1187.7655029296875,1288.797119140625,1401.583251953125,1691.4990234375,2322.284423828125,2470.481689453125,2807.90869140625,3209.354736328125,3940.9736328125,4727.7041015625,6573.39208984375,8424.3271484375,11242.0322265625,13816.826171875,30699.76953125,905.4844360351562
210,0.0,0.00023146677995100617,0.002488442463800311,0.00509506743401289,0.016784342005848885,0.04460380598902702,0.0827455073595047,1.1171239614486694,1.1423838138580322,1.4253253936767578,2.3376100063323975,3.756878614425659,5.178966999053955,11.194496154785156,15.303030014038086,19.718704223632812,30.529037475585938,87.05320739746094,124.96524047851562,193.3855743408203,294.9402160644531,371.0997009277344,439.2770080566406,615.7203979492188,940.4935302734375,1499.608642578125,1771.56103515625,2273.299560546875,2814.439208984375,3947.060546875,4740.35302734375,6587.1064453125,8772.25,11211.015625,15471.072265625,39430.625,1058.92919921875
211,0.0,0.00026869375142268836,0.0034147808328270912,0.006485615856945515,0.02135065197944641,0.06296877562999725,0.10738827288150787,1.2644107341766357,1.3484011888504028,1.6381744146347046,2.9506020545959473,4.7526631355285645,6.585289478302002,13.402400970458984,17.77910041809082,27.242839813232422,40.4326286315918,29865.40234375,28174.75390625,29365.66796875,30034.208984375,28764.666015625,28029.39453125,29817.591796875,28426.740234375,26840.0859375,29650.13671875,28483.478515625,28055.47265625,29311.830078125,29121.64453125,30555.490234375,30652.009765625,33637.2421875,34744.70703125,34617.671875,1166.7205810546875
212,0.0,0.00025348729104734957,0.0030431868508458138,0.0057698264718055725,0.01988234743475914,0.05316517874598503,0.09871254116296768,1.219414472579956,1.268198013305664,1.5476977825164795,2.7693662643432617,4.34035062789917,5.412848472595215,12.582073211669922,16.844066619873047,22.470176696777344,37.023983001708984,92.74842834472656,136.18414306640625,190.64883422851562,287.2718811035156,359.866943359375,454.3627624511719,656.6117553710938,859.362060546875,1352.758056640625,1668.8682861328125,2264.230712890625,2660.2734375,3642.575927734375,3994.083251953125,6068.6826171875,7798.13330078125,9558.677734375,12681.123046875,29426.62890625,841.81201171875
213,0.0,0.00021439359989017248,0.0025388975627720356,0.004688845481723547,0.015709828585386276,0.0438402034342289,0.08070677518844604,1.250984787940979,1.3709313869476318,1.5543997287750244,2.5721850395202637,3.762787103652954,5.091409683227539,10.63276195526123,14.24594497680664,19.24834442138672,29.77054214477539,45.585845947265625,85.76094055175781,131.9501953125,243.41098022460938,283.6771240234375,327.9080810546875,497.3518371582031,848.5739135742188,1249.9315185546875,1568.5538330078125,1927.9013671875,2461.22607421875,3387.462890625,4452.81494140625,6084.06787109375,8590.0859375,10336.5888671875,13483.720703125,35216.8984375,1101.532470703125
214,0.0,0.0002575377293396741,0.0030487789772450924,0.005657576955854893,0.01948070153594017,0.05795418098568916,0.09854794293642044,1.185748815536499,1.282190203666687,1.610124111175537,2.6070640087127686,4.11694860458374,5.620298862457275,12.81930160522461,16.169330596923828,23.271568298339844,34.83734893798828,72.85063171386719,120.60186004638672,164.98794555664062,287.9667053222656,357.29620361328125,418.1153564453125,632.2766723632812,937.63916015625,1531.7825927734375,1724.503662109375,2088.349853515625,2584.83203125,3388.51416015625,4303.17529296875,5726.5302734375,7347.2138671875,8915.5673828125,12063.369140625,32374.279296875,878.7775268554688
215,0.0,0.0002539726556278765,0.002933237701654434,0.005538661498576403,0.018785258755087852,0.04830740764737129,0.08763682842254639,1.1731504201889038,1.408776879310608,1.5954923629760742,2.6835455894470215,3.969817876815796,5.551426410675049,11.900373458862305,14.195225715637207,21.597698211669922,33.05131149291992,668.3821411132812,668.723388671875,684.8416748046875,830.1181640625,897.9970703125,959.8075561523438,1235.12451171875,1563.42333984375,2156.098388671875,2526.161376953125,2896.759033203125,3545.255859375,4880.1533203125,5855.80126953125,8083.619140625,9730.0419921875,12093.8603515625,15762.060546875,40549.3828125,1240.711669921875
216,0.0,0.0002983265439979732,0.0037532250862568617,0.007226725108921528,0.02205633372068405,0.07084166258573532,0.11363036185503006,1.3232083320617676,1.3765085935592651,1.752149224281311,3.189579725265503,4.766315460205078,6.662896633148193,15.343340873718262,18.735191345214844,25.887235641479492,43.03879928588867,146.92550659179688,195.95518493652344,249.60350036621094,365.0887145996094,465.05072021484375,520.3395385742188,706.7036743164062,1081.122314453125,1645.3167724609375,1868.6492919921875,2212.472900390625,2769.400634765625,3525.638671875,4042.03662109375,6282.40966796875,7912.93017578125,9372.19140625,13450.1103515625,34129.97265625,885.9694213867188
217,0.0,0.0002669046225491911,0.0032917503267526627,0.006072261370718479,0.02185537852346897,0.056412018835544586,0.08903296291828156,1.2058671712875366,1.2520647048950195,1.5783839225769043,2.6991705894470215,4.282454490661621,6.089425086975098,12.115768432617188,16.082191467285156,21.048120498657227,35.91554641723633,22527.236328125,24242.6328125,24542.63671875,23819.421875,23194.953125,24279.45703125,22712.59765625,22726.86328125,23107.65625,22522.46484375,22691.263671875,21829.263671875,21329.537109375,23716.16015625,22919.43359375,24993.591796875,26299.9609375,28437.841796875,32957.58203125,999.2097778320312
218,0.0,0.00020058633526787162,0.002263273112475872,0.004346472676843405,0.014144097454845905,0.04221097752451897,0.07760851085186005,1.206235647201538,1.2329550981521606,1.5251946449279785,2.3304059505462646,3.3173117637634277,4.546583652496338,9.323307991027832,12.291967391967773,16.358989715576172,24.19505500793457,39.283485412597656,71.21317291259766,108.9838638305664,174.48097229003906,236.37481689453125,285.5457763671875,417.8316955566406,628.4944458007812,979.3090209960938,1274.11376953125,1595.55859375,1972.5435791015625,2608.900146484375,3725.45556640625,4708.57861328125,5870.43896484375,7597.935546875,10544.494140625,24400.32421875,776.0496826171875
219,0.0,0.0002432430919725448,0.003029339713975787,0.005829494912177324,0.01967664062976837,0.05585591495037079,0.09638061374425888,1.181218147277832,1.3102747201919556,1.5505274534225464,2.897526979446411,4.059652805328369,5.531456470489502,12.648744583129883,15.645432472229004,24.275388717651367,35.75784683227539,3277.41455078125,3024.611083984375,3439.437255859375,3113.28369140625,3521.400390625,3451.26904296875,3811.72705078125,4048.330810546875,4283.80126953125,4309.59228515625,5205.58544921875,5399.17578125,6194.58251953125,6712.431640625,9029.017578125,10014.1064453125,11745.4013671875,16569.7265625,40086.48046875,1183.578857421875
220,0.0,0.00026984806754626334,0.0030306032858788967,0.0058081308379769325,0.019770868122577667,0.05186940357089043,0.09055235981941223,1.2715622186660767,1.3400475978851318,1.5946780443191528,2.8062591552734375,4.225200176239014,5.921600818634033,12.734701156616211,16.065208435058594,23.514719009399414,35.12607955932617,17867.43359375,17187.921875,17958.296875,17443.349609375,16552.677734375,17558.244140625,17924.162109375,17228.060546875,18106.501953125,17766.767578125,17635.4921875,17747.31640625,19235.16796875,20656.376953125,22099.712890625,22057.23046875,25045.8671875,28832.146484375,40218.09765625,1085.7745361328125
221,0.0,0.00024367771402467042,0.002741438103839755,0.00575520284473896,0.018984615802764893,0.05951332300901413,0.09759446978569031,1.2776433229446411,1.2988189458847046,1.5806251764297485,2.8692498207092285,4.199902534484863,5.629980087280273,12.312836647033691,15.298691749572754,21.46454429626465,35.22026062011719,173.05548095703125,220.6019287109375,250.4375457763672,372.5035400390625,467.8993835449219,520.5736083984375,761.1506958007812,1019.6537475585938,1577.8209228515625,2025.130126953125,2398.851318359375,2840.80810546875,3983.985107421875,4612.9775390625,6748.34814453125,8549.689453125,10354.4853515625,14331.7509765625,36390.65625,1110.6337890625
222,0.0,0.00024990245583467185,0.0031798253767192364,0.005735267419368029,0.020973533391952515,0.05645540729165077,0.09282118082046509,1.161984920501709,1.330639123916626,1.6177258491516113,2.6230249404907227,4.196340084075928,5.890393257141113,12.533541679382324,16.818254470825195,23.032316207885742,33.74679946899414,93.2769775390625,125.64147186279297,167.3504180908203,292.4282531738281,361.3259582519531,431.80084228515625,594.7806396484375,909.0569458007812,1376.456298828125,1622.4271240234375,2037.659912109375,2433.217529296875,3282.40673828125,4083.90869140625,5664.54833984375,6672.6943359375,8545.22265625,11424.62890625,30346.75,830.8961791992188
223,0.0,0.0002750104758888483,0.0035127298906445503,0.006618082523345947,0.021403737366199493,0.06121208518743515,0.10917825251817703,1.3110744953155518,1.3060564994812012,1.629431128501892,3.084944725036621,4.7382073402404785,6.485682487487793,14.719846725463867,17.63478660583496,26.124040603637695,42.15898513793945,25652.421875,24621.09765625,24564.333984375,24991.873046875,22529.453125,24405.314453125,24299.833984375,22701.8046875,24843.66796875,25267.7578125,24684.720703125,26700.236328125,23344.7734375,24282.716796875,26052.033203125,26727.1328125,29439.306640625,31102.318359375,40784.640625,1193.2977294921875
224,0.0,0.00028365934849716723,0.003536469768732786,0.006600100081413984,0.021924452856183052,0.0644223764538765,0.0940602496266365,1.2692824602127075,1.397086262702942,1.5607597827911377,2.933992624282837,4.771967887878418,5.879090309143066,13.492939949035645,17.995288848876953,26.152278900146484,40.52662658691406,3288.354736328125,3024.231689453125,3256.47216796875,3217.444580078125,3340.620361328125,3191.8095703125,3744.142333984375,3806.734619140625,4465.26806640625,4478.70068359375,5072.09228515625,5334.40966796875,6447.6953125,6958.2978515625,8861.48046875,10564.1552734375,13452.958984375,19408.65625,37741.359375,1049.8326416015625
225,0.0,0.00021832347556483,0.0026527990121394396,0.004750431515276432,0.017194977030158043,0.045550815761089325,0.07871190458536148,1.187377691268921,1.2535369396209717,1.4997347593307495,2.7601442337036133,3.5937795639038086,5.20497465133667,10.476754188537598,13.91624641418457,18.48338508605957,30.261919021606445,53.59629821777344,91.901611328125,130.74658203125,241.11355590820312,292.1825866699219,360.929443359375,534.4750366210938,801.8019409179688,1222.4259033203125,1391.725830078125,2023.4400634765625,2591.2646484375,3357.333740234375,4182.189453125,6095.4814453125,7004.8466796875,9893.541015625,13457.4423828125,32807.89453125,1006.0955810546875
226,0.0,0.00023103378771338612,0.002777685644105077,0.00518970238044858,0.018264351412653923,0.051432594656944275,0.08241232484579086,1.2176744937896729,1.2850255966186523,1.6266694068908691,2.6896448135375977,3.953338623046875,5.367563247680664,10.812398910522461,14.631895065307617,22.692289352416992,30.66347885131836,16601.943359375,16761.787109375,17366.0859375,18453.66015625,17466.8125,17220.427734375,17631.107421875,16590.830078125,16845.99609375,17306.7890625,16196.794921875,16984.744140625,19124.73828125,17073.671875,18862.5703125,20492.19921875,20181.98828125,25467.177734375,33351.06640625,1045.33544921875
227,0.0,0.0002275713486596942,0.0025703313294798136,0.0046737417578697205,0.016353093087673187,0.04480716958642006,0.07539239525794983,1.1987049579620361,1.2951316833496094,1.5310354232788086,2.4822871685028076,3.557389259338379,4.886223793029785,10.7806978225708,13.25990104675293,18.793434143066406,29.759906768798828,45.529415130615234,80.2040786743164,128.787841796875,196.25308227539062,253.09999084472656,307.90374755859375,446.6971435546875,658.1475219726562,1101.6473388671875,1366.82470703125,1698.7926025390625,2243.803955078125,2949.97607421875,3579.787841796875,5680.412109375,6587.34912109375,8293.125,11261.6943359375,26400.564453125,888.8084106445312
228,0.0,0.00026233313838019967,0.0029669213108718395,0.005813680589199066,0.020308995619416237,0.05808275192975998,0.09379567205905914,1.1636663675308228,1.3720245361328125,1.5911532640457153,2.5951998233795166,4.18848180770874,5.368834018707275,11.351759910583496,15.436413764953613,21.230098724365234,33.266357421875,9877.306640625,10178.76171875,10301.0380859375,9965.55078125,9723.388671875,9993.1669921875,10071.310546875,10575.2109375,10432.0693359375,10673.94140625,10084.5634765625,10794.923828125,11119.4140625,12352.576171875,13203.0771484375,14441.2568359375,17189.908203125,19818.525390625,37394.01171875,1135.3037109375
229,0.0,0.00016826395585667342,0.001961060333997011,0.003565208287909627,0.01190384104847908,0.03420940414071083,0.05767056718468666,1.148874044418335,1.2265175580978394,1.4047998189926147,2.117518186569214,2.9582154750823975,3.800492286682129,7.102927207946777,9.373830795288086,13.477579116821289,20.41175651550293,31503.705078125,32435.466796875,31270.1875,29314.802734375,31443.6171875,32507.076171875,32326.880859375,28971.12109375,31275.48828125,30670.6953125,28776.625,29948.41015625,29186.529296875,30930.443359375,30064.923828125,30863.234375,30621.513671875,29142.35546875,21076.984375,721.4328002929688
230,0.0,0.00024515396216884255,0.002850862452760339,0.005534132476896048,0.01857641711831093,0.050871461629867554,0.08408652245998383,1.164880394935608,1.2687139511108398,1.5163336992263794,2.6429855823516846,3.7195425033569336,5.255396366119385,11.792346000671387,15.311049461364746,21.606548309326172,33.35171127319336,62.318599700927734,107.491943359375,150.71580505371094,267.35870361328125,307.02001953125,380.3932189941406,584.0682983398438,861.8172607421875,1535.5145263671875,1703.43359375,2175.89453125,2696.864013671875,3999.36962890625,4685.89306640625,6930.56982421875,8368.662109375,10339.1044921875,13938.728515625,37117.203125,1069.341552734375
231,0.0,0.00023143779253587127,0.00284396018832922,0.005273246672004461,0.018331138417124748,0.04966204613447189,0.08610162138938904,1.2392581701278687,1.3095190525054932,1.578467845916748,2.685492753982544,4.008002758026123,5.026055812835693,11.910823822021484,14.869884490966797,19.98183250427246,32.93730163574219,130.7547149658203,173.2711944580078,218.6321258544922,315.19415283203125,408.77227783203125,459.35003662109375,678.3483276367188,935.8680419921875,1424.24560546875,1882.28955078125,2330.988037109375,2655.67236328125,3423.41064453125,4305.75634765625,6091.9033203125,7182.7236328125,9373.4501953125,12058.33203125,28134.3125,857.7891235351562
232,0.0,0.00022806333436165005,0.0028076053131371737,0.005252435803413391,0.01653948612511158,0.04906127601861954,0.08298946171998978,1.0818618535995483,1.261682391166687,1.6444295644760132,2.5637121200561523,3.970144271850586,5.5437397956848145,10.940298080444336,14.274175643920898,19.630422592163086,31.652353286743164,49.80529022216797,89.6749038696289,132.7050018310547,229.3816375732422,296.0527038574219,332.7490234375,491.3998107910156,789.0465698242188,1179.830322265625,1461.8018798828125,1998.6015625,2179.4560546875,2804.908447265625,3552.928955078125,5449.00146484375,6389.5751953125,8313.5185546875,10460.9609375,24147.65234375,716.9562377929688
233,0.0,0.0002629755181260407,0.0031831953674554825,0.00599400931969285,0.020109599456191063,0.05918218940496445,0.1021728366613388,1.1820082664489746,1.2931394577026367,1.6341084241867065,2.809150218963623,4.480639457702637,6.097942352294922,13.269444465637207,17.240144729614258,23.905282974243164,36.87784957885742,56.36029815673828,107.56714630126953,160.24163818359375,280.47125244140625,353.2719421386719,411.7738342285156,612.4555053710938,852.2001953125,1426.980712890625,1689.1048583984375,2227.9306640625,2515.078369140625,3843.917236328125,4268.720703125,6059.4404296875,7611.37353515625,9355.890625,12473.6484375,33567.42578125,956.4437866210938
234,0.0,0.00022963604715187103,0.0028210626915097237,0.005104043986648321,0.016835827380418777,0.05217594653367996,0.09213490784168243,1.232883095741272,1.2999905347824097,1.5370382070541382,2.6486194133758545,3.979903221130371,5.266394138336182,10.714906692504883,14.448951721191406,20.954051971435547,29.832740783691406,78.75072479248047,116.6051254272461,159.46060180664062,261.74285888671875,343.85870361328125,356.484130859375,555.389404296875,772.6155395507812,1403.0628662109375,1625.844482421875,1941.330322265625,2351.074462890625,3304.747314453125,4167.23828125,5252.349609375,7476.81884765625,8532.5400390625,11938.4111328125,30767.95703125,915.4940185546875
235,0.0,0.00018322438700124621,0.001913085812702775,0.003393312683328986,0.012213445268571377,0.03296833112835884,0.0587705560028553,1.0955278873443604,1.1659451723098755,1.3368934392929077,2.0449154376983643,2.7041046619415283,3.8194828033447266,7.877976894378662,9.685343742370605,12.951220512390137,21.085407257080078,29.367321014404297,56.188941955566406,80.17303466796875,146.38037109375,175.7904815673828,190.56678771972656,327.8241882324219,485.1187744140625,780.306396484375,1021.0591430664062,1275.6435546875,1580.512939453125,1957.66162109375,2448.727294921875,3460.5263671875,4573.56005859375,5967.236328125,7631.392578125,17578.177734375,542.9454956054688
