,layer_1,layer_2,layer_3,layer_4,layer_5,layer_6,layer_7,layer_8,layer_9,layer_10,layer_11,layer_12,layer_13,layer_14,layer_15,layer_16,layer_17,layer_18,layer_19,layer_20,layer_21,layer_22,layer_23,layer_24,layer_25,layer_26,layer_27,layer_28,layer_29,layer_30,layer_31,layer_32,layer_33,layer_34,layer_35,layer_36,layer_37
0,0.0,8.505616278853267e-05,0.00021855367231182754,0.00045141467126086354,0.0008725468069314957,0.0017433513421565294,0.0029444415122270584,4.031421661376953,3.660172462463379,4.232681751251221,4.1238813400268555,4.085992336273193,4.706757545471191,4.473601818084717,4.436882019042969,4.260799884796143,4.101406574249268,4.737244129180908,4.893430709838867,4.714463233947754,4.7700419425964355,4.977081298828125,5.13687801361084,5.469820022583008,5.219176769256592,5.236047744750977,5.575650691986084,6.009624481201172,7.024757385253906,7.907609939575195,8.559730529785156,10.064541816711426,12.0972261428833,15.422657012939453,19.903703689575195,28.904048919677734,0.38148045539855957
1,0.0,7.437427848344669e-05,0.00021607450617011636,0.0004395940632093698,0.0008151814108714461,0.0016121428925544024,0.0027312629390507936,4.417661190032959,4.294620990753174,4.624842166900635,3.9313623905181885,4.256572246551514,4.744400501251221,4.449967861175537,4.366192817687988,4.3706536293029785,4.289599895477295,5.051244258880615,4.873929500579834,4.6778035163879395,5.130802154541016,4.932255268096924,4.807560920715332,5.414201259613037,5.825816631317139,5.798802852630615,6.032069206237793,6.452375888824463,7.221309661865234,8.010835647583008,8.568185806274414,9.999646186828613,12.203805923461914,15.251741409301758,20.09351921081543,30.62944984436035,0.4545357823371887
2,0.0,9.637219045544043e-05,0.0002683577185962349,0.0005400828667916358,0.001036901492625475,0.0020503783598542213,0.0034032040275633335,4.3062052726745605,3.8883156776428223,4.174274444580078,4.016787052154541,4.208111763000488,4.467793941497803,4.310191631317139,4.4289140701293945,4.320013046264648,4.493476867675781,21.079416275024414,20.463787078857422,21.288522720336914,22.302595138549805,19.899993896484375,21.444599151611328,20.83236312866211,22.7868709564209,20.661481857299805,21.603742599487305,23.46702003479004,23.080427169799805,24.701923370361328,26.119892120361328,26.228282928466797,28.41542625427246,32.419532775878906,37.33372116088867,30.929161071777344,0.4440230131149292
3,0.0,9.725161362439394e-05,0.0002744688536040485,0.0005446989089250565,0.0009998176246881485,0.002052807481959462,0.0034264500718563795,4.077271461486816,4.147591590881348,4.227835178375244,4.3219780921936035,4.0079498291015625,3.9417076110839844,4.4858317375183105,4.390044212341309,3.963416337966919,4.458472728729248,4.94241189956665,4.634638786315918,5.00742244720459,4.549070358276367,4.903672218322754,5.080001354217529,4.861658573150635,5.2833685874938965,5.303707122802734,6.097987651824951,6.202009201049805,6.958000183105469,7.807058811187744,8.424152374267578,10.342209815979004,11.964670181274414,15.375945091247559,19.514978408813477,29.513164520263672,0.37559765577316284
4,0.0,0.00010609749733703211,0.00027784897247329354,0.0005383721436373889,0.0010441138874739408,0.002106255618855357,0.0035281849559396505,4.421353340148926,4.003832817077637,4.232430934906006,4.524405479431152,4.310050010681152,4.319488525390625,4.246957302093506,4.235395431518555,4.251496315002441,4.340971946716309,5.121293067932129,5.109132289886475,4.846002101898193,5.257880210876465,4.650705337524414,5.389357566833496,4.962301254272461,5.294743061065674,5.777046203613281,5.873956203460693,6.344230651855469,7.350854873657227,7.563787460327148,8.515625,11.046337127685547,12.90038776397705,16.275508880615234,21.974884033203125,36.23612594604492,0.5562778115272522
5,0.0,8.323866495629773e-05,0.00022417782747652382,0.00046207651030272245,0.0008794396999292076,0.0016100977081805468,0.0026657807175070047,4.223852634429932,4.072278022766113,4.06949520111084,4.1940178871154785,3.9267570972442627,4.022438049316406,4.309329986572266,4.138705730438232,3.951418161392212,4.328112602233887,4.958660125732422,4.8455376625061035,4.752491474151611,4.970058917999268,4.719675064086914,5.060685157775879,4.9705491065979,5.163893699645996,5.590548515319824,5.481663227081299,6.141808032989502,6.642693519592285,7.301201343536377,8.671001434326172,9.985645294189453,12.445483207702637,15.006645202636719,19.1351261138916,29.676374435424805,0.428239107131958
6,0.0,7.591400208184496e-05,0.00021523471514228731,0.0004591454053297639,0.0008260478498414159,0.001556041999720037,0.0025874644052237272,4.228826522827148,4.286998271942139,4.388403415679932,4.468794345855713,4.137606143951416,4.200387954711914,4.080320358276367,4.400406360626221,4.318171977996826,4.182408809661865,8.013654708862305,8.598779678344727,9.054505348205566,8.950607299804688,8.831782341003418,9.044734001159668,8.837172508239746,9.915279388427734,10.037035942077637,10.097137451171875,10.347012519836426,10.711565017700195,11.601698875427246,12.572321891784668,15.008703231811523,16.270492553710938,20.061187744140625,25.194698333740234,34.74190902709961,0.487894743680954
7,0.0,0.00010318680870113894,0.0002623674809001386,0.0005279097822494805,0.0009968336671590805,0.0020280664321035147,0.0034052589908242226,4.3301496505737305,4.210317134857178,4.100520610809326,4.1851019859313965,4.027366638183594,4.389403343200684,4.046651363372803,4.124480724334717,4.243506908416748,4.115437030792236,9.145691871643066,8.160929679870605,8.7593994140625,8.97711181640625,9.187816619873047,8.367420196533203,9.362988471984863,9.300971031188965,9.192611694335938,9.839278221130371,9.965412139892578,10.897564888000488,11.404825210571289,12.326904296875,14.610153198242188,17.432889938354492,21.626699447631836,27.453989028930664,39.963096618652344,0.5494730472564697
8,0.0,0.00011001279199263081,0.0003188789705745876,0.0006137979216873646,0.0011356699978932738,0.0022457248996943235,0.003754221135750413,4.065669536590576,4.413472652435303,4.466900825500488,4.072727203369141,4.143674373626709,4.401397705078125,3.796649217605591,4.4802374839782715,4.313352584838867,4.162951946258545,5.902380466461182,5.7979936599731445,5.961020469665527,6.381317615509033,6.3590989112854,5.865762233734131,5.8558783531188965,6.357931137084961,6.872274875640869,7.084085941314697,7.680775165557861,8.160585403442383,9.031207084655762,10.152227401733398,12.113836288452148,14.587272644042969,18.437265396118164,22.80656623840332,38.66953659057617,0.5348544120788574
9,0.0,9.666408732300624e-05,0.0002499480324331671,0.0005219761515036225,0.001001438358798623,0.0020398469641804695,0.00345023931004107,4.199617385864258,4.0268425941467285,4.414344787597656,3.829111099243164,4.294727802276611,4.382172107696533,4.155025005340576,4.153418064117432,4.451690673828125,4.249260425567627,5.029819488525391,5.15677547454834,4.901739597320557,5.0563507080078125,4.7837443351745605,4.740626811981201,5.080072402954102,5.483016490936279,5.752623558044434,5.761623382568359,5.964059829711914,6.903572082519531,7.68309211730957,8.444552421569824,9.769879341125488,12.228658676147461,16.01543617248535,21.343481063842773,32.0091552734375,0.41307148337364197
10,0.0,9.29139569052495e-05,0.0002458820235915482,0.0004968473804183304,0.0009395511006005108,0.001918771187774837,0.0033236334566026926,4.210085391998291,4.368872165679932,4.2664079666137695,4.644089221954346,4.27728271484375,4.186988353729248,4.318721771240234,4.411049842834473,4.4358744621276855,4.205414295196533,4.934035778045654,4.705958366394043,4.904333591461182,4.962978363037109,4.764104843139648,4.70111083984375,5.107312202453613,5.581710338592529,5.529722690582275,5.9126176834106445,6.203445911407471,6.73107385635376,7.763271808624268,9.028371810913086,10.202518463134766,11.97540283203125,15.976906776428223,19.730682373046875,28.91937255859375,0.36560195684432983
11,0.0,8.841899398248643e-05,0.0002546179457567632,0.0005261299083940685,0.0010236745001748204,0.0019626461435109377,0.003250684356316924,3.7640738487243652,3.9537770748138428,4.314465045928955,4.363664150238037,3.842463493347168,4.097021579742432,4.223154544830322,4.363193035125732,4.174266815185547,4.508423328399658,8.467629432678223,8.623536109924316,8.977452278137207,8.622697830200195,9.561806678771973,8.568846702575684,9.757139205932617,9.258369445800781,9.355896949768066,9.246822357177734,10.95041275024414,11.024139404296875,11.803028106689453,12.16747760772705,14.07290267944336,16.597614288330078,20.41883087158203,24.47234535217285,32.73902130126953,0.4102284610271454
12,0.0,9.571588452672586e-05,0.00025961585924960673,0.0005319416522979736,0.001006210339255631,0.001934625906869769,0.003186818677932024,4.31276798248291,4.17761754989624,4.535706043243408,4.21455192565918,4.118683815002441,4.127683162689209,4.132670879364014,4.068120002746582,4.125378608703613,4.194097518920898,5.137066841125488,4.2644476890563965,4.881174087524414,5.274869441986084,4.630013942718506,4.921411514282227,5.166188716888428,5.205353736877441,5.657472133636475,5.906686782836914,6.066040515899658,6.97735071182251,7.572750568389893,8.430225372314453,10.026174545288086,12.610101699829102,15.405267715454102,20.071744918823242,33.04935073852539,0.41669386625289917
13,0.0,9.318206139141694e-05,0.0002735982125159353,0.0005803145468235016,0.000999205862171948,0.0020071696490049362,0.0033204590436071157,4.239639759063721,4.4185099601745605,4.443325996398926,4.3159990310668945,4.6177754402160645,3.8874597549438477,4.567277908325195,4.035489559173584,4.8314690589904785,4.534195423126221,8.23458194732666,9.06351375579834,9.047438621520996,9.703080177307129,9.381011962890625,9.404045104980469,8.75834846496582,8.828520774841309,9.789249420166016,10.28750991821289,9.920480728149414,10.750624656677246,11.858600616455078,12.963973045349121,14.321076393127441,16.76974868774414,20.763689041137695,26.573680877685547,37.08592224121094,0.46438589692115784
14,0.0,9.401205170433968e-05,0.0002569614734966308,0.0005139584536664188,0.0009768371237441897,0.0019235496874898672,0.0032524524722248316,4.005569934844971,4.070847034454346,4.405101776123047,4.138544082641602,4.5074028968811035,3.9705193042755127,4.372325420379639,4.264515399932861,4.07155179977417,4.494535446166992,37.29378128051758,40.4370002746582,41.787017822265625,37.01025390625,38.1110954284668,39.10376739501953,37.88059616088867,40.19755172729492,37.6170654296875,37.057437896728516,38.40423583984375,42.07810592651367,43.11199951171875,40.33787155151367,47.506378173828125,44.73329162597656,50.89252471923828,51.13374328613281,35.43299102783203,0.4581505060195923
15,0.0,0.00010099647624883801,0.00026913569308817387,0.000527990865521133,0.0010164614068344235,0.0019617625512182713,0.003331138053908944,4.252226829528809,4.492876052856445,4.097598075866699,4.233349800109863,4.506556987762451,4.826602935791016,4.231750965118408,3.97599458694458,4.396218776702881,4.402061462402344,8.845236778259277,8.433712005615234,8.391606330871582,8.723633766174316,9.329352378845215,10.065463066101074,9.882237434387207,9.647089004516602,9.257781982421875,9.473339080810547,10.758138656616211,10.941804885864258,11.7655611038208,13.246338844299316,14.62896728515625,18.152286529541016,20.879661560058594,25.810245513916016,31.762537002563477,0.4405767321586609
16,0.0,0.00010137091157957911,0.000281406071735546,0.0005802108789794147,0.0010395715944468975,0.0019482579082250595,0.0032110686879605055,4.248481750488281,4.388238430023193,4.296841621398926,3.8550007343292236,4.030458450317383,4.509591102600098,4.089902877807617,4.320718765258789,4.368200778961182,4.206262111663818,9.069731712341309,9.056282043457031,9.003785133361816,8.755687713623047,9.283875465393066,8.945980072021484,8.84786605834961,9.48359203338623,9.944676399230957,8.779274940490723,10.351606369018555,11.265359878540039,12.007537841796875,12.292224884033203,13.834324836730957,16.1068058013916,18.867351531982422,23.459136962890625,31.55882453918457,0.4471917748451233
17,0.0,8.433102630078793e-05,0.0002339035418117419,0.0004787264042533934,0.0009638984920457006,0.0017404942773282528,0.0028677312657237053,4.085564613342285,4.3092546463012695,4.458319187164307,4.266674041748047,4.79412317276001,4.127012729644775,4.04525899887085,4.537716388702393,4.26919412612915,4.078604698181152,4.467597007751465,4.950859546661377,4.61426305770874,4.9678635597229,4.717195987701416,4.917263984680176,5.4249043464660645,5.333873271942139,5.478572845458984,5.999479293823242,5.634148120880127,7.16508150100708,7.507293224334717,8.524404525756836,10.24089241027832,11.891084671020508,15.5975341796875,19.269548416137695,29.502037048339844,0.3917934000492096
18,0.0,0.00010022886999649927,0.0002905258152168244,0.0005506571615114808,0.0010415837168693542,0.0019999651703983545,0.003428344614803791,4.191013813018799,4.285114765167236,4.587828159332275,4.383376121520996,4.278441905975342,4.206502914428711,4.632349491119385,4.530556678771973,4.087206840515137,3.94175124168396,4.948400497436523,4.891510009765625,4.768160820007324,5.184693813323975,4.825314998626709,5.182016849517822,5.343796253204346,5.28027868270874,5.934452533721924,6.130068778991699,6.322108745574951,6.904706954956055,8.04164981842041,8.441840171813965,10.199262619018555,12.570547103881836,15.937533378601074,19.846603393554688,32.333065032958984,0.43953248858451843
19,0.0,8.610422082711011e-05,0.00025999516947194934,0.0005248675588518381,0.0009237937047146261,0.0018342172261327505,0.003064630087465048,4.260074138641357,4.408912181854248,4.172632694244385,4.255856513977051,4.443973064422607,4.172979831695557,4.069732666015625,4.290664196014404,4.209884166717529,3.9449856281280518,251.94728088378906,238.30775451660156,242.50845336914062,250.05001831054688,232.0643768310547,235.6150360107422,242.1277313232422,248.99232482910156,199.16378784179688,229.4982452392578,244.1739044189453,263.1883850097656,240.88232421875,254.07444763183594,235.30601501464844,237.3141632080078,247.11375427246094,259.8438415527344,35.76993179321289,0.5292047262191772
20,0.0,9.835714445216581e-05,0.0002484607684891671,0.0005362725351005793,0.0009953390108421445,0.0019247576128691435,0.003218898084014654,3.9409890174865723,4.278097152709961,4.323635101318359,4.322671890258789,4.444653511047363,4.284950256347656,4.498238563537598,4.292423248291016,4.053770065307617,5.0331902503967285,9.025851249694824,8.774169921875,8.913931846618652,8.153682708740234,8.835371971130371,9.261414527893066,9.392875671386719,9.188777923583984,9.380531311035156,9.953834533691406,9.610133171081543,11.111498832702637,11.875106811523438,12.599394798278809,14.036121368408203,16.631196975708008,19.251941680908203,24.58854103088379,34.03163146972656,0.4218559265136719
21,0.0,0.00010186787403654307,0.00026574856019578874,0.0005504055880010128,0.0010264600859954953,0.0020135806407779455,0.0034193480387330055,4.306085586547852,4.4762468338012695,4.389229774475098,4.115790843963623,4.46115255355835,4.284822940826416,4.176861763000488,4.4521331787109375,4.157512664794922,4.564918041229248,182.67138671875,175.1579132080078,184.7465057373047,177.10104370117188,174.8094482421875,165.38507080078125,178.33822631835938,182.458740234375,176.4011688232422,176.85223388671875,179.0867919921875,166.34457397460938,176.0081329345703,181.0281982421875,183.43057250976562,185.1368408203125,199.79600524902344,193.8766632080078,34.62268829345703,0.43030378222465515
22,0.0,9.857127588475123e-05,0.0002677087904885411,0.0005428649019449949,0.0010625027352944016,0.0021100984886288643,0.00346357305534184,4.554206848144531,4.241551399230957,4.01011323928833,4.399618148803711,4.3618998527526855,4.2482500076293945,4.544553756713867,4.121317386627197,4.3807477951049805,4.156507968902588,4.737112522125244,4.80917501449585,4.685050964355469,4.825699329376221,5.153491020202637,4.647859573364258,5.381556987762451,5.252641677856445,5.352665901184082,6.341161251068115,5.9964494705200195,6.852417469024658,7.736140251159668,8.486479759216309,10.283034324645996,12.164069175720215,16.52040672302246,20.503253936767578,35.095130920410156,0.5048635601997375
23,0.0,0.00010081271466333419,0.00027580952155403793,0.0005486310110427439,0.0010231006890535355,0.0020224801264703274,0.003362076822668314,4.096162796020508,4.4308576583862305,3.949993848800659,4.132413864135742,4.174454212188721,4.395347595214844,4.284819602966309,3.9221324920654297,4.50125789642334,4.214354991912842,24549.564453125,25673.845703125,24676.365234375,25358.078125,26477.673828125,24053.015625,23321.642578125,24416.67578125,22332.7734375,22399.501953125,23500.123046875,21875.333984375,21007.251953125,21119.396484375,19760.845703125,19677.796875,18300.73828125,16647.517578125,43.59159851074219,0.6249104142189026
24,0.0,7.501961954403669e-05,0.00021222798386588693,0.0004593906633090228,0.0008285075891762972,0.0016015601577237248,0.0026565599255263805,4.463924884796143,4.348370552062988,4.436117649078369,4.173911094665527,4.561452388763428,4.289782524108887,4.477549076080322,4.5580854415893555,4.378152847290039,4.055780410766602,5.0448102951049805,4.330540657043457,4.792882442474365,4.94129753112793,4.791029930114746,5.099484443664551,5.082929611206055,5.1701154708862305,5.682085990905762,5.948544979095459,6.18292236328125,7.167304039001465,7.499391555786133,8.369439125061035,10.118165969848633,12.056356430053711,15.4755220413208,19.711536407470703,29.677326202392578,0.3955824077129364
25,0.0,7.052153523545712e-05,0.00019264401635155082,0.00042177882278338075,0.0007845412474125624,0.001456982223317027,0.002405310980975628,4.168514728546143,4.019896507263184,4.35707426071167,4.159997940063477,4.214936256408691,4.102082252502441,4.348337650299072,4.185934066772461,4.264476299285889,4.02357292175293,4.894548416137695,4.836761474609375,4.885116100311279,5.165089130401611,5.257710933685303,5.529608726501465,5.21324348449707,5.369823932647705,5.544740676879883,6.143200397491455,6.207282543182373,7.168102741241455,7.6786675453186035,8.761617660522461,10.682199478149414,12.239048957824707,15.552865982055664,20.216421127319336,32.92943572998047,0.49192219972610474
26,0.0,0.00011030679161194712,0.0002908803871832788,0.0005879421369172633,0.0011126328026875854,0.0021343526896089315,0.003558211727067828,4.034573554992676,4.35207986831665,4.168107986450195,4.350880146026611,4.346081256866455,4.473899841308594,4.368904113769531,4.558539390563965,4.073911190032959,4.017838954925537,9.510391235351562,9.38515567779541,9.217987060546875,9.135734558105469,8.95536994934082,8.58669662475586,9.49924373626709,10.18632984161377,11.089303016662598,11.11622428894043,11.16547966003418,12.96141242980957,13.186410903930664,14.383709907531738,16.556926727294922,19.12689208984375,24.673255920410156,30.614290237426758,53.3813362121582,0.7764934301376343
27,0.0,8.808017446426675e-05,0.0002359208301641047,0.00048603833420202136,0.0009393803193233907,0.0018427236936986446,0.0032168778125196695,4.238883972167969,4.325652599334717,3.875863552093506,4.3050761222839355,4.056690692901611,4.365236759185791,4.097425937652588,4.142014026641846,4.147940635681152,4.09920072555542,5.521818161010742,6.0014801025390625,5.859786510467529,5.953098773956299,5.700766086578369,6.446808338165283,6.457175254821777,6.103247165679932,6.84198522567749,7.0132365226745605,7.067995548248291,8.187918663024902,9.045145034790039,9.900533676147461,11.845560073852539,13.751348495483398,17.816207885742188,22.185108184814453,36.06376647949219,0.5402919054031372
28,0.0,0.00011609338253038004,0.00031073109130375087,0.0006442307494580746,0.0011750684352591634,0.002292036544531584,0.003802156075835228,4.620857238769531,4.165304660797119,4.313827037811279,4.323774814605713,3.9950978755950928,4.009293556213379,4.28077507019043,4.486607551574707,3.9534645080566406,4.430099010467529,4.899559020996094,4.744040489196777,5.084003925323486,5.216503143310547,4.9980549812316895,5.222492218017578,5.296415328979492,5.4331560134887695,5.470987796783447,5.977352619171143,6.173166275024414,6.613011837005615,7.672843933105469,8.769989013671875,10.91151237487793,12.120879173278809,16.769121170043945,21.202106475830078,35.826805114746094,0.5483041405677795
29,0.0,0.00010262868454447016,0.0002782063966151327,0.0005950758350081742,0.0011201282031834126,0.0021016683895140886,0.003521806327626109,4.140320301055908,4.154438018798828,4.181824684143066,4.242044448852539,3.9686222076416016,4.208561897277832,4.0728654861450195,4.101584434509277,4.318042278289795,4.473907470703125,4.936441421508789,4.799912929534912,4.512332439422607,4.382271766662598,5.256372451782227,4.4953293800354,5.2305521965026855,5.078078269958496,5.5596418380737305,5.56733512878418,6.3764190673828125,7.0274200439453125,7.669585227966309,8.879355430603027,10.29627513885498,12.876559257507324,16.418338775634766,20.497711181640625,35.50343322753906,0.46963271498680115
30,0.0,9.660408250056207e-05,0.0002585297334007919,0.0005571437068283558,0.0010368149960413575,0.0020108467433601618,0.0033357085194438696,4.086448669433594,4.142128944396973,4.1055378913879395,4.247420787811279,4.344400882720947,4.2044830322265625,4.343743324279785,4.226862907409668,4.236952304840088,4.062808990478516,4.809573650360107,4.603743553161621,4.937777519226074,4.995407581329346,4.937425136566162,5.53408145904541,4.833527565002441,4.887402534484863,5.592341423034668,5.593681812286377,6.241859436035156,6.948212146759033,7.589507102966309,8.832906723022461,10.119479179382324,12.69677448272705,16.15786361694336,20.843326568603516,36.418819427490234,0.4989526569843292
31,0.0,8.163913298631087e-05,0.00023201237490866333,0.00048249325482174754,0.0008867077995091677,0.0017706371145322919,0.0028981573414057493,4.229724884033203,3.969195604324341,4.647003173828125,4.170210838317871,4.0467400550842285,4.113790988922119,4.530190467834473,4.550662517547607,3.9699437618255615,4.229692459106445,13.2097749710083,14.080866813659668,13.984237670898438,13.638169288635254,13.010334014892578,14.64659595489502,13.900822639465332,14.47045612335205,14.396651268005371,14.222309112548828,15.158330917358398,15.616772651672363,17.41805076599121,17.752641677856445,17.920259475708008,20.959735870361328,25.006505966186523,29.94867706298828,30.182233810424805,0.3699067533016205
32,0.0,0.00010729132918640971,0.00029213287052698433,0.0006312556797638535,0.0012044120812788606,0.002281028311699629,0.0037888246588408947,3.978522539138794,4.540459632873535,4.263469219207764,4.295114517211914,4.1115031242370605,4.455035209655762,4.096048355102539,4.168240070343018,4.203545570373535,4.187709331512451,4.903772830963135,4.981860637664795,4.696685314178467,4.763907432556152,4.446899890899658,5.250227928161621,4.933713912963867,5.337536334991455,5.434446334838867,5.928401470184326,6.560678958892822,6.807778835296631,7.6469221115112305,9.132003784179688,10.156752586364746,12.598918914794922,16.54555320739746,21.099390029907227,32.34013748168945,0.4247671663761139
33,0.0,0.00011063354031648487,0.0002923094725701958,0.0005810627480968833,0.0010920908534899354,0.002116815885528922,0.003502450417727232,4.3718647956848145,4.185568332672119,4.095905303955078,4.375171184539795,3.96567702293396,4.341736793518066,4.249364376068115,4.528189182281494,4.317929744720459,4.321791172027588,4.595316410064697,4.733844757080078,4.59397554397583,4.941362380981445,4.99485445022583,5.219599723815918,5.004595756530762,5.27692174911499,5.3485541343688965,5.618976593017578,6.214651107788086,6.989462852478027,7.657435894012451,8.873899459838867,10.448091506958008,12.456568717956543,16.68086814880371,22.08107566833496,33.440677642822266,0.4671594500541687
34,0.0,0.00010503475641598925,0.00028584658866748214,0.0005727797979488969,0.001078891335055232,0.002186490222811699,0.0037134711164981127,4.154458522796631,4.05925178527832,4.292871475219727,3.9775588512420654,4.6891984939575195,4.500124454498291,3.8651773929595947,4.400129318237305,4.39720344543457,4.221319198608398,5.228697299957275,5.801782131195068,6.073940753936768,5.7347822189331055,5.618889808654785,5.783381938934326,6.508491516113281,6.340667247772217,6.6346049308776855,6.61901330947876,6.728358745574951,8.083402633666992,8.708069801330566,9.791352272033691,11.455299377441406,13.699264526367188,17.497148513793945,23.449373245239258,36.121803283691406,0.519363522529602
35,0.0,0.00010515636677155271,0.00030535832047462463,0.000590209849178791,0.001126140938140452,0.0021575947757810354,0.003579837968572974,3.9552533626556396,4.008358478546143,4.1693549156188965,4.088560104370117,4.133656978607178,4.150774955749512,4.133815765380859,4.149534225463867,4.030428886413574,4.132839202880859,4.790554523468018,4.64650297164917,5.139216899871826,4.945545196533203,4.974189281463623,5.077760219573975,5.231107711791992,5.64430570602417,5.581276893615723,5.7813920974731445,6.742397785186768,7.240198612213135,7.406704425811768,8.493650436401367,10.693984031677246,13.065893173217773,17.451305389404297,21.570911407470703,34.2747802734375,0.5379064083099365
36,0.0,0.0001230338675668463,0.0003177422913722694,0.0006278511718846858,0.0011588362976908684,0.0023938303347676992,0.004023122135549784,4.089875221252441,4.131687641143799,4.379598140716553,4.195276737213135,3.9126803874969482,4.392366409301758,4.360048294067383,4.14830207824707,4.417402744293213,4.217497825622559,80.22311401367188,91.09073638916016,92.96339416503906,83.21273040771484,84.7469711303711,83.37554931640625,83.2071304321289,89.92459106445312,87.87078857421875,81.8387680053711,94.54727172851562,88.15403747558594,92.55547332763672,91.65986633300781,101.012939453125,93.4070053100586,94.33334350585938,104.08294677734375,36.54846954345703,0.46881288290023804
37,0.0,9.40321697271429e-05,0.00027257573674432933,0.0005397946224547923,0.0010087053524330258,0.0018898077541962266,0.0031637651845812798,4.247764587402344,4.120579242706299,4.339772701263428,4.298712730407715,4.172058582305908,4.027986526489258,3.8266143798828125,4.384605884552002,3.9774587154388428,4.260082244873047,6.49393892288208,5.939739227294922,5.935527324676514,5.837432861328125,5.981879711151123,6.028831958770752,6.138299942016602,6.144898414611816,6.913378715515137,6.968106269836426,6.793783664703369,7.7626237869262695,8.81999683380127,9.998687744140625,11.893302917480469,13.711297988891602,17.333454132080078,22.21211051940918,32.923179626464844,0.43020957708358765
38,0.0,9.223217784892768e-05,0.0002533351944293827,0.0005234022391960025,0.0009714983170852065,0.001910568680614233,0.0031673461198806763,4.226230144500732,4.348209381103516,4.207091808319092,4.030887603759766,4.265058517456055,4.280181884765625,4.732231616973877,4.217081546783447,4.1343488693237305,4.126854419708252,4.9749250411987305,5.1564226150512695,4.835389137268066,4.620112895965576,5.215750217437744,5.308640003204346,5.023481845855713,5.424045085906982,5.690732479095459,6.089116096496582,6.628171443939209,7.196256160736084,7.858165264129639,8.710410118103027,10.601569175720215,11.99683666229248,15.50829792022705,20.118833541870117,31.09123992919922,0.4048324525356293
39,0.0,8.78799837664701e-05,0.00022332422668114305,0.00045613551628775895,0.0008704987121745944,0.00171060545835644,0.0028683324344456196,3.992454767227173,4.148723602294922,4.320797443389893,4.185237407684326,4.061974048614502,4.070898056030273,3.9683103561401367,4.331043243408203,4.186379909515381,3.893328905105591,5.072990417480469,4.563414096832275,4.911057949066162,4.969395637512207,4.9852728843688965,4.991574287414551,5.263332366943359,5.359508037567139,5.521842002868652,5.8625030517578125,6.03355598449707,7.146103858947754,7.447094917297363,8.783283233642578,10.402240753173828,12.483209609985352,15.591883659362793,20.77073860168457,32.704124450683594,0.45500198006629944
40,0.0,0.00010072041914099827,0.0002550301142036915,0.0005091552739031613,0.0010225074365735054,0.0020275390706956387,0.0034730229526758194,4.670365333557129,4.123201370239258,4.43903923034668,4.212801933288574,3.920037269592285,4.0073137283325195,4.3428955078125,4.39718770980835,4.08376407623291,4.295482635498047,4625.75537109375,4264.22021484375,4211.71630859375,4555.017578125,3895.287109375,4087.9326171875,3981.22021484375,3693.81494140625,3886.478271484375,3793.542236328125,3413.62646484375,3069.002197265625,3031.537109375,2952.526123046875,2340.099609375,2112.214599609375,1833.4404296875,1651.3363037109375,51.978057861328125,0.6867830157279968
41,0.0,8.456664363620803e-05,0.0002287890383740887,0.00046211868175305426,0.0008745135855861008,0.0016695897793397307,0.002796894172206521,4.023552894592285,4.171415328979492,4.492593288421631,4.357706069946289,4.59363317489624,4.473024368286133,4.029651165008545,4.147637844085693,4.09112548828125,4.232173919677734,5.005196571350098,4.6687235832214355,4.744657516479492,5.4449663162231445,4.9224162101745605,5.072015762329102,5.165060997009277,5.396964073181152,5.270388603210449,5.993078231811523,5.825902462005615,6.740029811859131,7.5502777099609375,8.524210929870605,10.132936477661133,12.007737159729004,15.65128231048584,19.84160614013672,29.17526626586914,0.3982435464859009
42,0.0,0.0001013626970234327,0.000260498549323529,0.0005198686267249286,0.001002022996544838,0.0020576429087668657,0.0034979425836354494,4.3067474365234375,3.805449962615967,4.098620414733887,4.240569591522217,4.618917465209961,4.284381866455078,4.3603010177612305,4.050070285797119,4.099731922149658,4.476672172546387,4.997382640838623,4.909946441650391,4.8198771476745605,5.234046936035156,4.985074043273926,5.223740100860596,5.019874095916748,5.105597972869873,5.601509094238281,6.157787322998047,6.412322521209717,6.828572750091553,8.081348419189453,8.730578422546387,10.90867805480957,12.663178443908691,17.38817596435547,22.519622802734375,38.629302978515625,0.50868159532547
43,0.0,0.0001129757656599395,0.00029118117527104914,0.0005706546362489462,0.0010626144940033555,0.0020749508403241634,0.003528985194861889,4.314763069152832,4.365516662597656,4.22780179977417,4.407820224761963,4.0955305099487305,4.203653335571289,4.601019859313965,4.173748016357422,4.403966903686523,4.442407608032227,4.792963027954102,4.876743793487549,4.955816745758057,4.713972568511963,4.70951509475708,5.099780559539795,5.025619983673096,5.638770580291748,5.501654624938965,5.576777458190918,6.054084777832031,6.560909271240234,7.712365627288818,8.285528182983398,10.162492752075195,12.747735977172852,16.55501365661621,20.800146102905273,34.53186798095703,0.42752107977867126
44,0.0,9.66513980529271e-05,0.00025638259830884635,0.0005253174458630383,0.0009926606435328722,0.0020011751912534237,0.0033633175771683455,4.086288928985596,4.317971229553223,4.554784297943115,3.8568062782287598,4.244503498077393,4.257390022277832,4.258909225463867,4.394306182861328,4.527437686920166,4.442746162414551,19.98231315612793,21.448740005493164,20.37838363647461,21.52321434020996,19.464859008789062,20.259355545043945,19.987266540527344,21.782732009887695,20.637496948242188,20.474876403808594,20.92548179626465,21.928926467895508,24.780290603637695,22.841934204101562,26.630876541137695,27.862071990966797,31.494213104248047,36.74272918701172,33.602874755859375,0.5108669400215149
45,0.0,9.806292655412108e-05,0.00027170925750397146,0.0005191286909393966,0.001004161429591477,0.00191789329983294,0.0031903975177556276,4.100594997406006,4.143939971923828,4.6637444496154785,4.373361587524414,4.254080295562744,4.009957313537598,4.109712600708008,4.248023509979248,4.242256164550781,4.367822170257568,4.805935859680176,5.215866565704346,4.958880424499512,4.918185710906982,5.137497425079346,5.0927958488464355,4.873001575469971,5.671247482299805,5.6641011238098145,5.794403553009033,6.5402512550354,7.301842212677002,8.2121000289917,9.118399620056152,10.59689712524414,12.754977226257324,17.73145294189453,22.466575622558594,39.91496276855469,0.6514774560928345
46,0.0,0.00010778356227092445,0.00027332003810442984,0.0005425916169770062,0.0010012892307713628,0.0019782818853855133,0.0033472287468612194,3.9025886058807373,4.442086219787598,4.303117752075195,4.117529392242432,4.314548969268799,4.025752067565918,4.2463603019714355,4.2412590980529785,4.218331336975098,4.084970951080322,1369.620361328125,1340.095947265625,1365.624267578125,1267.169921875,1511.0457763671875,1425.759521484375,1312.8408203125,1335.022216796875,1361.068359375,1452.6707763671875,1275.028564453125,1470.423583984375,1441.654541015625,1453.2403564453125,1389.5137939453125,1326.683349609375,1321.1478271484375,1350.3448486328125,33.90612030029297,0.49690282344818115
47,0.0,7.836041186237708e-05,0.00020139123080298305,0.0004263655573595315,0.0008192947716452181,0.0016063688090071082,0.0027604789938777685,4.182518005371094,4.581944465637207,4.208341121673584,4.060766696929932,4.149624824523926,4.457979679107666,4.328718185424805,4.116796016693115,4.224012851715088,4.479905605316162,288.134765625,269.64886474609375,293.9796447753906,269.8297424316406,269.5604553222656,273.68096923828125,303.5301513671875,287.4084777832031,280.3115539550781,291.32177734375,268.23931884765625,300.0210266113281,271.0882568359375,283.1568908691406,299.7303771972656,289.7898864746094,291.5323181152344,294.75299072265625,33.424190521240234,0.4875810742378235
48,0.0,8.254449494415894e-05,0.000215388456126675,0.00046810347703285515,0.0008468465530313551,0.0016877303132787347,0.0028616338968276978,4.039350509643555,4.336527347564697,3.794649124145508,4.310059070587158,4.349944591522217,4.550257205963135,4.237257957458496,4.2039103507995605,4.326990604400635,4.062172889709473,4.758647918701172,5.2149434089660645,4.563198566436768,5.107463359832764,5.092047214508057,5.008901596069336,5.518238544464111,5.320836067199707,5.6583943367004395,5.69917631149292,6.223485469818115,7.0132832527160645,7.95541524887085,9.158991813659668,10.749512672424316,11.906311988830566,16.429712295532227,21.1584529876709,39.16867446899414,0.5288488864898682
49,0.0,0.0001089620272978209,0.0002901785192079842,0.0005627062055282295,0.0010877307504415512,0.002092964481562376,0.0035538431257009506,4.5458550453186035,4.143330097198486,4.387341022491455,4.2720746994018555,4.163989543914795,4.02042293548584,4.220745086669922,4.076514720916748,4.270458221435547,3.8929903507232666,5.541162490844727,6.175533294677734,5.5342607498168945,5.895899772644043,5.75474214553833,5.777120590209961,5.9947967529296875,6.691612243652344,6.596631050109863,6.814241886138916,6.719022750854492,8.126847267150879,8.471739768981934,10.274892807006836,11.125662803649902,13.881600379943848,17.61500358581543,21.634273529052734,34.031341552734375,0.48104506731033325
50,0.0,7.110337901394814e-05,0.00020981780835427344,0.00042773073073476553,0.0007971947197802365,0.0014953977661207318,0.0024607188533991575,4.353369235992432,4.290290355682373,4.146862506866455,4.180614948272705,4.503423690795898,4.481771469116211,4.6857218742370605,4.224938869476318,4.622325420379639,4.313555717468262,4.723737716674805,5.189427852630615,5.163234710693359,4.901005268096924,5.123749732971191,4.955387115478516,5.159386157989502,5.704721927642822,5.8974103927612305,6.340480327606201,6.786942958831787,6.7919464111328125,7.63962984085083,8.869039535522461,10.094254493713379,12.429821968078613,15.717795372009277,19.251821517944336,29.91977882385254,0.3965749144554138
51,0.0,0.00010109508002642542,0.0002536694810260087,0.0005176200065761805,0.0009635926689952612,0.0020505357533693314,0.003541270736604929,4.120795726776123,3.8552849292755127,4.398495674133301,4.148491382598877,4.119287490844727,4.396488666534424,4.38876485824585,4.206707954406738,4.421640872955322,4.221637725830078,407.1802673339844,393.7936096191406,380.2656555175781,363.58148193359375,412.6185607910156,351.3059997558594,384.71697998046875,373.3572082519531,368.3453369140625,378.39715576171875,396.7505187988281,391.7232360839844,393.5249938964844,366.4120788574219,395.22705078125,369.86175537109375,392.9275207519531,374.5884704589844,35.69401550292969,0.5412520170211792
52,0.0,8.642482134746388e-05,0.00023512406914960593,0.0005282951751723886,0.0009786143200471997,0.0018859495176002383,0.0032418142072856426,4.437833309173584,4.405431270599365,4.252172946929932,4.217726707458496,4.248473644256592,4.176723957061768,4.2768659591674805,4.187358856201172,4.34467077255249,4.263372421264648,676.1306762695312,705.0319213867188,691.5875244140625,752.6643676757812,667.9351806640625,667.7990112304688,592.884521484375,581.7775268554688,452.25994873046875,470.8547058105469,405.361572265625,316.7106628417969,308.5834655761719,240.9127960205078,214.30450439453125,133.12696838378906,91.68783569335938,75.22467803955078,35.866844177246094,0.48631563782691956
53,0.0,7.75559528847225e-05,0.00021927859052084386,0.0004627808812074363,0.000835455721244216,0.0016553426394239068,0.0027945300098508596,4.490391254425049,4.289899826049805,4.139138698577881,4.425684928894043,4.0093512535095215,4.3992414474487305,4.111865043640137,4.088062286376953,4.359337329864502,4.308279991149902,4.958578586578369,5.001276969909668,4.9236345291137695,4.512319087982178,5.03808069229126,5.2434587478637695,5.183809757232666,5.059938907623291,5.621848106384277,6.208950519561768,6.205972671508789,7.118381023406982,7.626842498779297,8.682967185974121,10.1737699508667,11.797865867614746,15.562454223632812,19.60455894470215,29.571380615234375,0.4511992931365967
54,0.0,0.00012704251275863498,0.00036661734338849783,0.0007235763478092849,0.0013039219193160534,0.002598536666482687,0.004173659719526768,4.087246417999268,4.122005462646484,4.107402324676514,4.2602667808532715,4.56904411315918,4.322916030883789,4.675633907318115,4.128952980041504,3.9117326736450195,4.12774133682251,28.01059913635254,31.008737564086914,28.621047973632812,28.97963523864746,30.25369644165039,27.97115707397461,29.28896713256836,31.497299194335938,32.95635223388672,30.131103515625,30.154489517211914,34.25920486450195,33.27944564819336,34.550533294677734,35.21440124511719,38.47553253173828,43.93687057495117,49.27656555175781,45.19933319091797,0.765431821346283
55,0.0,0.00010456229210831225,0.0002781249932013452,0.0005660558817908168,0.0010678897378966212,0.0021060931030660868,0.0035937167704105377,4.030686378479004,4.092982292175293,4.27863073348999,4.2497239112854,4.049343109130859,4.242889881134033,4.1488447189331055,4.297816276550293,4.303983688354492,4.303065776824951,4.934734344482422,4.6865234375,5.287064552307129,4.937656402587891,5.107732772827148,4.9274067878723145,5.418937683105469,4.920455455780029,5.707643985748291,5.741461277008057,6.382518768310547,6.916801929473877,7.733010292053223,8.586099624633789,10.223723411560059,12.817301750183105,16.679418563842773,22.013927459716797,33.299434661865234,0.4259102940559387
56,0.0,9.265187691198662e-05,0.0002544870076235384,0.0005306079401634634,0.0009912156965583563,0.0018899731803685427,0.0032304616179317236,4.232946395874023,4.273425102233887,4.409424304962158,3.934321403503418,4.1115031242370605,4.33820915222168,4.449202537536621,4.005382061004639,4.224981307983398,4.595367431640625,19.819496154785156,21.123659133911133,20.92638397216797,22.627222061157227,21.936384201049805,21.046112060546875,22.129653930664062,21.319379806518555,21.975204467773438,22.29176902770996,24.113821029663086,23.61809539794922,24.475994110107422,24.769365310668945,27.433137893676758,30.157068252563477,32.82830810546875,40.19912338256836,34.877906799316406,0.49995657801628113
57,0.0,8.768512634560466e-05,0.00024393436615355313,0.0004903968656435609,0.0008888919255696237,0.0017323170322924852,0.002899306360632181,3.98966908454895,4.3801045417785645,4.191229820251465,4.0197601318359375,4.512927532196045,4.225738525390625,4.109318733215332,4.307590007781982,4.340216636657715,4.2380547523498535,8.886698722839355,9.289953231811523,9.207958221435547,9.11851692199707,9.17753791809082,9.492323875427246,9.308259010314941,9.804251670837402,10.213033676147461,10.368653297424316,10.715156555175781,10.984185218811035,12.286456108093262,12.660858154296875,14.946608543395996,16.912250518798828,21.591211318969727,25.764310836791992,31.721860885620117,0.4413406550884247
58,0.0,8.122242434183136e-05,0.00022127221745904535,0.00044471168075688183,0.0008811145089566708,0.0017021207604557276,0.0028495125006884336,4.06356143951416,4.256694316864014,4.1616950035095215,4.2279953956604,4.389798641204834,4.131893634796143,4.222988605499268,4.093698978424072,4.149934768676758,4.333812713623047,3005.355224609375,3150.048095703125,3047.566650390625,2932.339111328125,2747.668212890625,2966.408203125,2930.4697265625,2581.688232421875,2329.342529296875,2347.989013671875,2203.521484375,2055.50634765625,1828.0416259765625,1520.4444580078125,1484.5877685546875,1441.1533203125,1174.9949951171875,1002.7709350585938,34.73270797729492,0.5163949728012085
59,0.0,0.00010345329792471603,0.0003124818322248757,0.0006228148122318089,0.0011272679548710585,0.002240604953840375,0.0037402985617518425,4.048281192779541,4.085454940795898,4.416769027709961,4.24630069732666,4.28865909576416,4.137144088745117,4.424747943878174,4.176024436950684,4.0742926597595215,4.283733367919922,4.82012414932251,4.95375919342041,5.1692352294921875,5.06862211227417,5.229969024658203,4.875410079956055,5.263020038604736,5.4723100662231445,5.687797546386719,5.994307041168213,6.351594924926758,7.348964691162109,8.390110969543457,9.223660469055176,10.855002403259277,13.06572151184082,17.56195831298828,22.586101531982422,37.76361083984375,0.5153637528419495
60,0.0,0.00011445396376075223,0.0003014940884895623,0.0005669530364684761,0.001059086644090712,0.002139798831194639,0.0036357128992676735,3.945347785949707,4.2494635581970215,4.234364986419678,4.353087902069092,4.306365013122559,4.390295028686523,4.3674845695495605,4.05027961730957,4.2542619705200195,4.5442657470703125,8.701744079589844,9.093496322631836,8.640948295593262,8.679314613342285,8.7362699508667,8.70328426361084,8.598033905029297,9.342691421508789,9.401080131530762,8.79045581817627,10.324365615844727,9.947175025939941,10.255809783935547,11.574761390686035,13.836163520812988,16.601816177368164,18.41758918762207,24.065053939819336,29.339801788330078,0.40195655822753906
61,0.0,0.00011129611084470525,0.00031470146495848894,0.0006347240414470434,0.0011906672734767199,0.0023612556979060173,0.0038202630821615458,4.275541305541992,4.276455402374268,4.494255065917969,4.502537250518799,4.161024570465088,4.037380695343018,4.637607097625732,4.1703572273254395,4.3309526443481445,4.2980146408081055,9.178768157958984,9.446145057678223,9.080010414123535,8.338298797607422,9.018171310424805,9.757044792175293,8.839303016662598,9.897452354431152,9.74142074584961,9.640629768371582,10.1514310836792,11.681930541992188,12.512856483459473,12.844670295715332,15.119317054748535,17.34100341796875,22.94622802734375,27.552825927734375,45.91225051879883,0.6513010859489441
62,0.0,8.306522067869082e-05,0.0002506037999410182,0.0004806899814866483,0.0009345096186734736,0.0018255424220114946,0.003137466963380575,4.493274688720703,4.326849937438965,4.544179916381836,4.3367919921875,4.038827896118164,4.201011657714844,4.7803802490234375,4.240777969360352,4.355502128601074,4.212417125701904,6.340489864349365,5.772613525390625,5.8026885986328125,6.201562881469727,6.081700325012207,5.8805460929870605,6.2037529945373535,6.830309867858887,6.602923393249512,7.033870220184326,7.281709671020508,8.324568748474121,9.300291061401367,10.50271987915039,11.730756759643555,14.25106143951416,17.95532989501953,22.5356502532959,35.3694953918457,0.47183936834335327
63,0.0,0.00012286701530683786,0.0003665075928438455,0.0006570027326233685,0.0012730226153507829,0.0026279722806066275,0.0044716582633554935,4.304161548614502,4.244024276733398,4.477137088775635,4.3931565284729,4.213208198547363,4.0549116134643555,4.241844654083252,4.128327369689941,4.685750961303711,4.286556720733643,13.67203426361084,14.107832908630371,13.661087036132812,15.400200843811035,14.14228343963623,14.896777153015137,14.111047744750977,15.797945022583008,15.63532543182373,15.132319450378418,16.755929946899414,17.265228271484375,18.46834373474121,20.32361602783203,22.491697311401367,25.190895080566406,30.470754623413086,37.4968147277832,55.670257568359375,0.754498302936554
64,0.0,9.881842561298981e-05,0.0002843892725650221,0.0005765690002590418,0.0010717379627749324,0.002169056097045541,0.003608643775805831,4.282973766326904,4.1830644607543945,4.280098915100098,4.208430767059326,4.66956090927124,4.318337917327881,4.301070690155029,4.075804710388184,4.045889377593994,4.353323936462402,419.676025390625,399.7328186035156,383.6423645019531,390.9325866699219,405.6279296875,365.9365234375,396.0425720214844,358.5053405761719,410.5894470214844,381.7332458496094,420.66326904296875,383.336181640625,421.3027648925781,386.5155944824219,398.62451171875,420.2908935546875,407.45111083984375,434.9660949707031,32.0728874206543,0.4119623899459839
65,0.0,9.251370647689328e-05,0.00023663548927288502,0.00046984798973426223,0.0009312976617366076,0.001859398209489882,0.0031095745507627726,4.650730609893799,4.012758255004883,4.62800931930542,4.533682346343994,4.132447242736816,4.397886753082275,4.364539623260498,4.1410627365112305,4.1351165771484375,4.5786004066467285,5.183029651641846,4.301450252532959,4.838259220123291,4.704081058502197,5.132121562957764,5.366470813751221,5.2981038093566895,5.538482189178467,5.636843681335449,5.675568103790283,6.214229583740234,6.970890998840332,7.5274577140808105,8.824930191040039,10.790862083435059,12.307576179504395,15.90404224395752,20.69727897644043,31.187360763549805,0.45222869515419006
66,0.0,8.931149932323024e-05,0.000246113893808797,0.0005318513722158968,0.0009301890386268497,0.0017873489996418357,0.0030036636162549257,4.228861331939697,4.3042731285095215,3.9638679027557373,4.086550712585449,4.263882160186768,4.290417194366455,4.3758158683776855,4.074271202087402,4.527585029602051,4.232762336730957,13.506095886230469,14.52237319946289,13.517329216003418,14.506479263305664,13.137452125549316,13.625391006469727,14.544859886169434,14.699165344238281,14.681353569030762,16.05225372314453,15.950260162353516,15.49294662475586,16.906940460205078,18.962825775146484,18.835695266723633,21.787899017333984,25.114551544189453,31.751405715942383,39.26889419555664,0.5676131844520569
67,0.0,7.88172910688445e-05,0.00021482448210008442,0.00046169370762072504,0.0008458541124127805,0.0016118943458423018,0.0027184635400772095,3.954760789871216,4.223012924194336,4.206975936889648,4.314631938934326,4.1295342445373535,4.553786277770996,3.8540825843811035,4.141726970672607,4.469182014465332,4.118993282318115,4.804314613342285,5.179859161376953,4.461502552032471,4.924870014190674,4.670488357543945,4.969964027404785,5.231653690338135,5.511204242706299,5.724438667297363,6.022634029388428,6.3588128089904785,7.075170040130615,7.748469352722168,8.526983261108398,9.909826278686523,11.744338035583496,16.277753829956055,19.969844818115234,33.62726593017578,0.5200694799423218
68,0.0,9.390126069774851e-05,0.00026050760061480105,0.0005334082525223494,0.0010460789781063795,0.002013653749600053,0.003416151273995638,4.126900672912598,4.387128829956055,4.188370227813721,4.3733391761779785,4.338465213775635,4.5171380043029785,4.032342433929443,4.371924877166748,4.58046817779541,4.479938983917236,8.58179759979248,9.08954906463623,8.950193405151367,9.06218147277832,9.002066612243652,9.527975082397461,9.538627624511719,9.55675983428955,9.822269439697266,10.201991081237793,10.109848976135254,12.067596435546875,12.307852745056152,13.409272193908691,14.949885368347168,17.8641300201416,21.84500503540039,27.30341148376465,44.39336013793945,0.7517786622047424
69,0.0,0.00010700011625885963,0.00028144707903265953,0.0005652782274410129,0.0010952746961265802,0.0021660286001861095,0.0037050319369882345,4.068599700927734,4.110944747924805,4.177489757537842,4.912051200866699,4.243851661682129,4.230745792388916,4.350732326507568,4.070366382598877,4.224674701690674,4.333179950714111,4.563329219818115,4.861155986785889,4.8485541343688965,5.203229904174805,5.410758972167969,5.086111545562744,5.5510382652282715,5.153585910797119,5.171911239624023,5.815431118011475,5.651087760925293,6.711799621582031,7.690731048583984,8.52025318145752,10.27134895324707,12.488752365112305,16.45598030090332,21.46934700012207,35.71818923950195,0.47241899371147156
70,0.0,9.517514990875497e-05,0.0002597474667709321,0.0005227858782745898,0.000980824581347406,0.0018992453115060925,0.003180557629093528,4.4322357177734375,4.226305961608887,4.055508613586426,4.2121429443359375,4.643215179443359,4.187314510345459,4.152949810028076,4.110601902008057,3.9834773540496826,4.334722995758057,13.160493850708008,14.78478717803955,13.708633422851562,14.925559043884277,14.212120056152344,15.011070251464844,13.729963302612305,14.583637237548828,14.80911636352539,16.53468894958496,16.028963088989258,15.975379943847656,17.075679779052734,18.879066467285156,19.977313995361328,20.827356338500977,23.814380645751953,28.814132690429688,30.160114288330078,0.38605672121047974
71,0.0,9.331054025096819e-05,0.0002566245966590941,0.0005118951667100191,0.0009961281903088093,0.0018707418348640203,0.003220386104658246,3.9046900272369385,3.9425671100616455,4.193246364593506,4.4816508293151855,4.107726097106934,4.355136871337891,4.25615930557251,4.479014873504639,4.576528549194336,4.2664361000061035,1928.6953125,2004.0614013671875,1927.8643798828125,1966.040283203125,1906.4173583984375,1970.82666015625,1746.8973388671875,1722.0927734375,1610.87109375,1530.378173828125,1304.51708984375,1272.328857421875,1111.6163330078125,972.3900756835938,794.9298706054688,755.049560546875,672.4288940429688,545.0377807617188,35.097347259521484,0.48727989196777344
72,0.0,8.700233593117446e-05,0.0002709434484131634,0.0005080134724266827,0.0009209078270941973,0.0017100292025133967,0.002812909660860896,4.073574066162109,3.8729376792907715,4.482601642608643,4.379806041717529,4.25206184387207,4.2885050773620605,4.223808288574219,4.0879316329956055,3.9686267375946045,3.962965250015259,21562.513671875,21140.646484375,22320.74609375,23077.060546875,20719.9140625,20577.97265625,21283.7265625,18345.205078125,18236.244140625,19753.0390625,20756.09765625,19222.724609375,16081.4150390625,17020.671875,15696.7529296875,16349.787109375,13820.08203125,14774.8720703125,34.690757751464844,0.4924826920032501
73,0.0,7.68872705521062e-05,0.00021661800565198064,0.0004480682546272874,0.0008724637445993721,0.0015879088314250112,0.0026609955821186304,3.9534523487091064,4.29750919342041,4.0706071853637695,4.204207897186279,4.795779705047607,4.389427661895752,4.273351192474365,4.170262813568115,3.943880081176758,4.149731159210205,4.87357759475708,4.934813976287842,4.861814498901367,5.094316005706787,5.066492557525635,5.091020584106445,4.90219259262085,5.2751994132995605,5.4394612312316895,6.384551525115967,6.2425150871276855,6.650801181793213,7.3032402992248535,8.638205528259277,9.726776123046875,12.165021896362305,14.908231735229492,18.99886131286621,27.247182846069336,0.37978193163871765
74,0.0,9.934819536283612e-05,0.00025052137789316475,0.0005366851692087948,0.0009750118479132652,0.0019393794937059283,0.003215210046619177,4.1935811042785645,4.363061904907227,4.034463405609131,4.231679439544678,4.34909725189209,4.47968864440918,3.9731063842773438,3.9076273441314697,4.378644943237305,4.2972002029418945,6.151580810546875,5.669257164001465,5.863146781921387,5.965904712677002,5.778765678405762,6.373805522918701,6.313326358795166,6.288590908050537,6.513358116149902,6.8093109130859375,7.228187084197998,8.109238624572754,8.369516372680664,9.626102447509766,11.556730270385742,12.861061096191406,16.817317962646484,22.147090911865234,32.06800842285156,0.4338018000125885
75,0.0,9.163643699139357e-05,0.0002801023656502366,0.0005709113902412355,0.0010410624090582132,0.0020564382430166006,0.0035787001252174377,4.094771385192871,4.544069766998291,4.373067378997803,4.233128547668457,4.154880046844482,4.114979267120361,4.5048441886901855,4.146243095397949,4.32130765914917,4.239091873168945,14.544266700744629,12.670633316040039,11.884321212768555,12.42324161529541,13.417701721191406,14.460859298706055,13.957676887512207,13.890758514404297,14.934502601623535,13.324292182922363,14.125913619995117,15.818106651306152,15.15393352508545,16.78502655029297,18.98392105102539,20.74155616760254,25.21080207824707,28.651771545410156,31.835418701171875,0.4679701030254364
76,0.0,0.0001406822120770812,0.0003912150568794459,0.0007566627464257181,0.0013787447242066264,0.002836426254361868,0.004627568647265434,4.159548759460449,4.393837928771973,4.110126495361328,4.4098992347717285,3.937063217163086,4.618877410888672,4.156518936157227,4.5239458084106445,4.452452182769775,4.422920227050781,13.725399017333984,14.147607803344727,13.12955093383789,14.426969528198242,14.267789840698242,14.04977035522461,14.038081169128418,14.817296981811523,15.642168998718262,16.856273651123047,16.632938385009766,16.847124099731445,16.882226943969727,20.05925178527832,21.8856201171875,24.537111282348633,29.69577407836914,36.13930892944336,50.652706146240234,0.7177433371543884
77,0.0,0.00010866406228160486,0.0003163437941111624,0.0006196575704962015,0.0011213002726435661,0.0021342511754482985,0.003565629478543997,4.318521499633789,4.1683430671691895,3.868819236755371,4.06235933303833,4.515828609466553,4.244853973388672,4.310635089874268,4.438414096832275,4.37343168258667,4.166980743408203,5.941863536834717,5.858402729034424,5.733155250549316,5.788585662841797,5.96938419342041,6.218905925750732,5.574609756469727,6.429365634918213,6.6683197021484375,7.23415994644165,7.474295139312744,7.636209011077881,8.911890983581543,10.129212379455566,11.395750999450684,13.743210792541504,18.232934951782227,22.527254104614258,32.26133728027344,0.4323815405368805
78,0.0,0.00012441127910278738,0.000318390317261219,0.0006597693427465856,0.0012454980751499534,0.0023551860358566046,0.0037936121225357056,4.153731822967529,4.022838592529297,3.9738333225250244,4.435399532318115,4.233269214630127,4.1519880294799805,4.446314811706543,4.406885623931885,4.0870208740234375,4.428168773651123,13.842450141906738,13.336762428283691,13.855152130126953,14.895127296447754,14.40479564666748,13.502503395080566,13.97760009765625,14.817706108093262,14.576203346252441,15.092905044555664,15.469185829162598,16.768953323364258,18.479907989501953,17.475839614868164,19.696184158325195,22.701629638671875,26.515052795410156,32.36100387573242,35.28813552856445,0.5195382833480835
79,0.0,9.307543950853869e-05,0.00024631721316836774,0.0005110314232297242,0.0009485309710726142,0.0018317371141165495,0.00307481549680233,4.001610279083252,4.280675888061523,4.279825210571289,4.394834995269775,4.380435943603516,4.531990051269531,4.3324456214904785,4.333304405212402,4.094407558441162,4.302934169769287,13.463010787963867,13.23786735534668,13.291333198547363,12.696394920349121,13.293338775634766,12.968730926513672,12.89126968383789,13.526832580566406,14.388483047485352,14.107982635498047,14.577190399169922,15.508488655090332,17.09137725830078,17.91657829284668,17.6321964263916,19.83135414123535,24.72162628173828,30.997610092163086,41.979923248291016,0.6547163128852844
80,0.0,0.00013289385242387652,0.000378062337404117,0.00068977742921561,0.001401123241521418,0.0027626920491456985,0.0046300748363137245,4.460498332977295,4.817707538604736,4.181689262390137,4.186478137969971,4.226596832275391,4.3390421867370605,4.3278069496154785,4.4022297859191895,4.577617168426514,4.260047912597656,3023.9755859375,3452.97021484375,2971.24462890625,3130.524169921875,3188.978759765625,2967.148193359375,2882.5908203125,2836.167724609375,2560.731201171875,2363.307373046875,2235.33447265625,2027.3765869140625,2063.64990234375,1793.5145263671875,1471.3916015625,1416.2103271484375,1452.6329345703125,1223.1707763671875,44.088356018066406,0.6174721717834473
81,0.0,9.768462768988684e-05,0.00028639158699661493,0.0005343403317965567,0.000993000459857285,0.0019296584650874138,0.003235873766243458,4.163381576538086,4.387800216674805,4.24650764465332,4.371913433074951,4.252432823181152,4.158734321594238,4.233500003814697,4.307835578918457,4.453279495239258,4.298252105712891,4.778102397918701,5.175813674926758,4.9585490226745605,5.007870197296143,4.702969551086426,4.892725944519043,5.088193416595459,5.356242656707764,5.543182373046875,6.474039554595947,5.981870174407959,6.990804195404053,8.034610748291016,8.956924438476562,10.46428394317627,12.403221130371094,15.98868179321289,21.112756729125977,36.50782775878906,0.5034342408180237
82,0.0,8.367322152480483e-05,0.00022078637266531587,0.0004758732102345675,0.0009006399777717888,0.0017471617320552468,0.0028956057503819466,4.240290641784668,4.236393451690674,4.033472537994385,4.15205192565918,4.507627964019775,4.201568603515625,4.3709845542907715,4.479157447814941,4.287740707397461,4.017282962799072,4.9629669189453125,4.867275714874268,4.55510950088501,4.701705455780029,4.983951568603516,4.868301868438721,4.870151519775391,5.299633979797363,5.469170093536377,6.133623123168945,6.292775630950928,6.811100959777832,7.694169044494629,8.18622875213623,10.22834587097168,12.83053207397461,15.76494312286377,20.438901901245117,31.638690948486328,0.46769917011260986
83,0.0,7.655761146452278e-05,0.00020500560640357435,0.00044399770558811724,0.0008101544226519763,0.0016359906876459718,0.0027561308816075325,4.279646873474121,4.158428192138672,4.711661338806152,4.264441967010498,4.368936538696289,4.599495887756348,4.343324661254883,4.1103715896606445,4.595349311828613,4.272475719451904,4.924746036529541,4.729720592498779,4.842397689819336,4.838207244873047,5.176092147827148,4.696355819702148,5.08910608291626,5.380418300628662,5.811721324920654,6.07056188583374,6.335055351257324,7.066646099090576,7.687808036804199,8.8378324508667,11.154851913452148,12.443655014038086,16.06887435913086,21.02757453918457,32.39585876464844,0.47963058948516846
84,0.0,8.496467489749193e-05,0.00023640174185857177,0.0004885013913735747,0.0009404205484315753,0.0018368603195995092,0.003052836051210761,4.021792888641357,4.334672927856445,4.737910747528076,4.186334609985352,4.177666664123535,4.367040157318115,4.50538969039917,4.164485454559326,4.368924140930176,4.404374122619629,27.899316787719727,29.79338836669922,28.304048538208008,30.334609985351562,30.389358520507812,28.754796981811523,31.587993621826172,31.35812759399414,30.48690414428711,31.79582977294922,32.53597640991211,30.682710647583008,34.039730072021484,33.92295455932617,36.90793991088867,38.557376861572266,42.25837707519531,46.178836822509766,33.29227066040039,0.4670069217681885
85,0.0,9.96064263745211e-05,0.00025203783297911286,0.0005145667819306254,0.001000657444819808,0.0019600708037614822,0.0034058045130223036,4.443126201629639,4.036981105804443,4.258759498596191,4.4646430015563965,4.175273418426514,4.466719150543213,4.365157604217529,4.16368293762207,4.218186855316162,4.457604885101318,55.58745574951172,57.7816047668457,54.55093002319336,53.44822311401367,55.726722717285156,58.88209533691406,57.05029296875,56.7631950378418,56.508487701416016,60.043212890625,57.799476623535156,57.21604919433594,57.22643280029297,62.47231674194336,61.061885833740234,63.97205352783203,65.79769897460938,72.94131469726562,33.501338958740234,0.45993250608444214
86,0.0,9.68348394962959e-05,0.0002566647599451244,0.0005121520953252912,0.0009550448157824576,0.001848786836490035,0.0030972324311733246,4.256039619445801,4.210503578186035,4.3393025398254395,4.246074199676514,4.374063014984131,4.0078325271606445,4.214252948760986,4.285134792327881,4.195016384124756,4.339086055755615,1012.0235595703125,1114.2135009765625,1128.245849609375,1079.4156494140625,1080.6177978515625,1102.250244140625,978.1893920898438,1037.68798828125,1046.1680908203125,1060.372802734375,1089.167724609375,1050.2611083984375,1017.6727905273438,1110.5679931640625,1017.9265747070312,1061.5230712890625,1084.9957275390625,1090.1953125,35.83917999267578,0.4928859770298004
87,0.0,0.00012201687786728144,0.00034167704870924354,0.0006891278317198157,0.0012268112041056156,0.0023284528870135546,0.003905639750882983,4.399050712585449,4.171316623687744,4.205963134765625,4.40818977355957,3.8203585147857666,4.423954486846924,4.767142295837402,4.463405132293701,4.337365627288818,4.317697525024414,4.621638774871826,4.935062885284424,4.757999420166016,4.767667770385742,4.955910682678223,5.128418922424316,5.00298547744751,5.525515556335449,5.321650981903076,6.142785549163818,6.136252403259277,6.7322211265563965,7.284326076507568,8.628182411193848,10.574418067932129,13.152387619018555,17.450551986694336,22.17054557800293,34.473323822021484,0.6049786806106567
88,0.0,0.00010066154936794192,0.0002708137035369873,0.0005300510092638433,0.0010049915872514248,0.0020211085211485624,0.003372655715793371,4.31194543838501,4.201554298400879,4.065491676330566,4.119227886199951,4.121034145355225,4.079426288604736,4.339524745941162,4.109065532684326,4.232351779937744,4.4402031898498535,5.757116317749023,5.878871917724609,5.7698822021484375,5.777368545532227,6.043939113616943,6.123054027557373,6.547008037567139,6.025260925292969,6.677587985992432,6.946122169494629,7.1389241218566895,7.9266510009765625,9.043986320495605,9.935251235961914,11.839850425720215,13.510117530822754,18.67233657836914,23.978525161743164,37.909690856933594,0.5131303668022156
89,0.0,7.679689588258043e-05,0.00020268037042114884,0.00042624661000445485,0.0007844804786145687,0.0014768065884709358,0.0024293677415698767,4.380263805389404,4.341353416442871,4.481830596923828,4.085322380065918,4.189236164093018,4.4466400146484375,4.456911563873291,4.3570451736450195,4.218510150909424,4.769894123077393,5.535131931304932,6.351559162139893,6.021620273590088,5.565271854400635,5.906918525695801,6.331343650817871,6.482956409454346,6.319003105163574,6.902469158172607,6.626644134521484,6.979728698730469,7.967637062072754,8.617498397827148,9.693795204162598,11.18149471282959,13.573638916015625,16.023874282836914,20.536941528320312,27.035545349121094,0.36146998405456543
90,0.0,9.433202649233863e-05,0.0002690399996936321,0.0005432878970168531,0.0010534925386309624,0.0020984020084142685,0.003504269989207387,4.004403114318848,4.368331432342529,4.533892631530762,3.9861111640930176,4.373427391052246,4.044075012207031,4.332265377044678,4.6129255294799805,4.396163463592529,4.092854022979736,4.741872310638428,4.935330390930176,5.096166133880615,5.774927139282227,4.835552215576172,5.273622512817383,5.364807605743408,5.2636332511901855,5.8048810958862305,5.837224006652832,6.016132354736328,7.008369445800781,7.101165294647217,8.442076683044434,10.34406852722168,12.315431594848633,16.01298713684082,20.966663360595703,31.91153335571289,0.4670569896697998
91,0.0,9.077788126887754e-05,0.00025094783632084727,0.0005068597965873778,0.0009688469581305981,0.001898894552141428,0.003213515505194664,4.241209506988525,4.405137062072754,4.001633644104004,3.7941482067108154,4.370739459991455,4.332937240600586,4.222257137298584,4.1307783126831055,4.374762058258057,4.398292064666748,72.65387725830078,70.68280029296875,66.54610443115234,69.13899993896484,65.95037841796875,73.18743896484375,69.70614624023438,68.06010437011719,73.8125991821289,73.33665466308594,75.44754028320312,67.6479721069336,78.5005874633789,77.0955810546875,72.8979721069336,79.97047424316406,85.02169799804688,84.18453216552734,43.737422943115234,0.5881869196891785
92,0.0,8.687345689395443e-05,0.00023581086134072393,0.0004984293482266366,0.0008796128677204251,0.0017050469759851694,0.0028958830516785383,4.0535502433776855,4.473422050476074,4.1011223793029785,4.508351802825928,4.154511451721191,4.338896751403809,4.028730869293213,4.397471904754639,4.548182487487793,4.655288219451904,8.7121000289917,8.932548522949219,8.655158996582031,9.563490867614746,8.849956512451172,9.022541046142578,9.00735855102539,9.80919361114502,10.702191352844238,9.747977256774902,10.692277908325195,11.548531532287598,12.407876014709473,12.322088241577148,14.670540809631348,16.5023136138916,20.127742767333984,24.96109962463379,34.37236022949219,0.48830661177635193
93,0.0,9.812319331103936e-05,0.00028958392795175314,0.0005651622195728123,0.0010509458370506763,0.0020509925670921803,0.0034687703009694815,4.4400506019592285,4.3143157958984375,4.353461742401123,4.22641134262085,4.358973979949951,4.300428867340088,4.408481597900391,4.311156749725342,4.433631896972656,4.039491176605225,21.49649429321289,19.916248321533203,18.89383316040039,19.975208282470703,21.236083984375,20.424137115478516,20.350982666015625,19.635040283203125,20.651968002319336,20.80956268310547,23.587743759155273,23.20392608642578,22.98295783996582,22.92289161682129,25.408390045166016,27.911888122558594,32.08474349975586,36.68707275390625,31.79168128967285,0.44095203280448914
94,0.0,0.00010405454668216407,0.0002858625666704029,0.0006055478006601334,0.0010807419894263148,0.0020418507046997547,0.003419153392314911,4.259853839874268,4.185550212860107,4.496091842651367,4.3135666847229,4.188414096832275,4.167791366577148,4.380018711090088,4.196277618408203,4.339432716369629,4.210227966308594,21.032777786254883,22.24541473388672,21.03230094909668,20.722047805786133,22.28742218017578,21.34086036682129,20.40280532836914,20.60271644592285,19.900693893432617,21.946739196777344,22.493438720703125,23.720417022705078,22.997543334960938,23.927165985107422,26.510913848876953,28.55132484436035,32.580509185791016,34.39817428588867,32.20896530151367,0.4502962827682495
95,0.0,7.791202369844541e-05,0.00021566636860370636,0.0004463620425667614,0.0008406254928559065,0.0015850500203669071,0.0026789491530507803,4.209072113037109,4.220724105834961,4.401756763458252,4.455082893371582,4.549991130828857,4.325313568115234,4.213491916656494,4.1074538230896,4.38110876083374,4.39281702041626,4.765019416809082,4.897557735443115,4.960731506347656,5.144506931304932,4.914769649505615,4.899857997894287,5.2979865074157715,5.542591094970703,5.692309856414795,5.961331367492676,6.153377056121826,7.232306957244873,7.76453161239624,8.771395683288574,10.495604515075684,12.014534950256348,15.688438415527344,20.052703857421875,33.41294860839844,0.4852261543273926
96,0.0,0.00010354622645536438,0.00028475566068664193,0.0005722357309423387,0.00109481334220618,0.0021615903824567795,0.00363217038102448,4.2430548667907715,3.9895875453948975,4.740876197814941,4.259021282196045,4.103126525878906,4.2478203773498535,4.293861389160156,4.534941673278809,4.625951290130615,4.1490912437438965,749.073974609375,805.8416137695312,731.2566528320312,776.3795166015625,775.7640991210938,737.1218872070312,736.83203125,685.827392578125,695.283447265625,727.0917358398438,639.7335205078125,566.9035034179688,518.5051879882812,406.3940124511719,365.43365478515625,272.06939697265625,193.1612548828125,190.1160430908203,40.424110412597656,0.5927550792694092
97,0.0,9.126895747613162e-05,0.00023794884327799082,0.0005022784462198615,0.0009716086788102984,0.001841621589846909,0.0030936934053897858,4.098804950714111,4.065943717956543,4.0927300453186035,4.155043125152588,4.188333988189697,4.357273101806641,4.476912975311279,4.096487522125244,4.3094964027404785,4.474987506866455,14.235065460205078,13.515838623046875,14.211028099060059,12.97532844543457,12.912229537963867,14.44827651977539,14.710576057434082,14.657221794128418,14.702438354492188,14.491999626159668,15.949603080749512,16.82478141784668,18.163267135620117,19.23765754699707,19.540082931518555,20.975656509399414,25.875932693481445,29.54426383972168,33.72040557861328,0.43870794773101807
98,0.0,8.217820868594572e-05,0.0002283283247379586,0.00048713872092776,0.0009179771295748651,0.0017190861981362104,0.00282541336491704,4.083403587341309,4.0418572425842285,3.7878551483154297,4.340793132781982,4.585954189300537,4.023954391479492,3.9728479385375977,4.1182756423950195,4.3135480880737305,4.315991401672363,13.61148738861084,13.505844116210938,13.093964576721191,14.172591209411621,14.766209602355957,14.737041473388672,13.738008499145508,16.28668975830078,14.718932151794434,14.680672645568848,16.242721557617188,15.205293655395508,16.626785278320312,17.867891311645508,19.385845184326172,21.60900115966797,24.974794387817383,29.353681564331055,29.6759033203125,0.44689542055130005
99,0.0,0.00010143116378458217,0.00025479402393102646,0.000521957641467452,0.0009402938303537667,0.0018696249462664127,0.0032484689727425575,4.340575695037842,4.408789157867432,4.265908241271973,3.809478759765625,4.395214080810547,3.9769906997680664,4.011899948120117,4.154109477996826,4.024543762207031,4.5038580894470215,20.091720581054688,20.73535919189453,19.300548553466797,20.30166244506836,21.092988967895508,20.535032272338867,21.30272674560547,22.00379753112793,20.76179313659668,21.21698570251465,21.872589111328125,22.96639633178711,24.732912063598633,23.73359489440918,26.372665405273438,25.82269859313965,33.40260696411133,36.790584564208984,32.353004455566406,0.44006919860839844
100,0.0,8.356586477020755e-05,0.00022288474428933114,0.00046267505967989564,0.0008737715543247759,0.0017224140465259552,0.002906929235905409,3.9233853816986084,4.124881267547607,4.233721733093262,4.061215400695801,4.336700439453125,4.649686336517334,4.191039562225342,4.145203113555908,4.070218086242676,4.252712249755859,5.831699371337891,5.828755855560303,5.868862628936768,5.844633102416992,6.083621501922607,6.225532054901123,5.980845928192139,6.090692520141602,6.800783634185791,6.845391750335693,6.96955680847168,8.019588470458984,8.982173919677734,9.134082794189453,11.576537132263184,13.461665153503418,16.78953742980957,22.148143768310547,33.74079132080078,0.534932017326355
101,0.0,8.093118958640844e-05,0.00023857710766606033,0.00048791756853461266,0.0009255936602130532,0.0016748167108744383,0.0027448870241642,3.9744749069213867,4.558526039123535,4.192689418792725,3.7277824878692627,4.2366557121276855,4.521845817565918,4.257750034332275,3.928288221359253,4.515310764312744,4.495992660522461,6.157947540283203,6.048847198486328,6.255476474761963,5.8447160720825195,6.2859787940979,6.069840908050537,6.336309432983398,6.666390419006348,7.039098262786865,6.999621391296387,7.051217555999756,8.325672149658203,8.771234512329102,10.179121971130371,11.527770042419434,13.80247688293457,17.90437126159668,22.83945083618164,38.013214111328125,0.5107611417770386
102,0.0,9.017610864248127e-05,0.0002515438536647707,0.0005226823850534856,0.0009835524251684546,0.0019141269149258733,0.0031470342073589563,3.852804660797119,4.496087551116943,3.946105480194092,4.281684875488281,4.687668323516846,4.294618129730225,4.343773365020752,4.2579121589660645,4.403146266937256,4.213924884796143,5.023429870605469,4.9353156089782715,5.0292863845825195,4.9921088218688965,5.166055679321289,4.941628932952881,4.918596267700195,4.7604875564575195,5.388720989227295,5.754003047943115,6.308979034423828,6.54195499420166,7.152469158172607,8.14891242980957,10.043622016906738,12.18410587310791,15.272333145141602,19.961332321166992,30.389013290405273,0.43463924527168274
103,0.0,9.44614876061678e-05,0.0002611835370771587,0.0005209564114920795,0.0009826021268963814,0.0018572264816612005,0.0030610652174800634,3.9628746509552,4.2599287033081055,4.246926784515381,4.125738620758057,4.274587154388428,4.281993389129639,4.407271385192871,4.365736961364746,4.510676860809326,4.344082355499268,4.532474040985107,4.905514717102051,4.898725986480713,4.888826370239258,4.895349025726318,4.860884189605713,4.981583118438721,4.823143005371094,5.615316867828369,6.171652793884277,6.462048053741455,6.299282073974609,7.846922397613525,8.452401161193848,9.884936332702637,11.970070838928223,15.186539649963379,19.449628829956055,31.05272674560547,0.4603334665298462
104,0.0,0.00010782984463730827,0.00028787084738723934,0.0005898756207898259,0.0011665249476209283,0.0022398096043616533,0.0036374684423208237,4.017673492431641,4.050014019012451,4.31043004989624,4.063903331756592,3.9809823036193848,4.207233905792236,4.364891052246094,3.887232542037964,4.062260627746582,4.017349720001221,5.311294078826904,4.843598365783691,4.781543254852295,4.740797519683838,5.290200233459473,4.841706275939941,5.282559394836426,5.242011547088623,5.575488567352295,5.785984039306641,6.426082611083984,6.804680347442627,7.541228294372559,8.622681617736816,10.304669380187988,12.540657997131348,16.30998420715332,21.379539489746094,33.4122428894043,0.4410143494606018
105,0.0,7.93288490967825e-05,0.00021776711218990386,0.00042939360719174147,0.0008334621088579297,0.001563467551022768,0.0025742361322045326,4.271084308624268,4.054807186126709,3.9916300773620605,4.0028605461120605,4.128929615020752,4.019682884216309,4.559176921844482,4.8682756423950195,4.335388660430908,4.217043399810791,9.451096534729004,8.814493179321289,9.184446334838867,8.878252983093262,8.75566577911377,8.351301193237305,9.362479209899902,9.416539192199707,9.43847942352295,9.407320022583008,9.564778327941895,10.404868125915527,11.477025985717773,12.339176177978516,14.922784805297852,15.8406982421875,19.917457580566406,23.991195678710938,31.340991973876953,0.4867667555809021
106,0.0,9.522881737211719e-05,0.00023740026517771184,0.00047794368583709,0.0009615964372642338,0.0019082205835729837,0.0031474591232836246,4.022314548492432,4.243315696716309,4.45187520980835,4.534368515014648,3.8902111053466797,4.308931350708008,4.405860424041748,4.121629238128662,4.237746238708496,4.3803391456604,9.084397315979004,7.979881286621094,9.028229713439941,7.579486846923828,8.14828109741211,8.291893005371094,8.387308120727539,8.046603202819824,8.471782684326172,9.371065139770508,9.658735275268555,10.32083797454834,11.329915046691895,11.885539054870605,13.902475357055664,16.270917892456055,19.58867645263672,24.447786331176758,35.646705627441406,0.4597082734107971
107,0.0,0.00010725576430559158,0.0003072524268645793,0.0005634591798298061,0.0011009464506059885,0.0021390896290540695,0.0035468614660203457,4.376859664916992,4.069199085235596,4.429232120513916,4.417596340179443,4.151663780212402,4.488576412200928,4.303707122802734,4.238509654998779,4.410360336303711,4.113601207733154,15.293608665466309,15.050861358642578,15.10593032836914,14.739091873168945,14.904444694519043,15.62480640411377,14.905252456665039,15.411596298217773,15.761117935180664,15.883752822875977,17.02317237854004,16.499469757080078,18.51790428161621,19.09135627746582,20.901094436645508,22.981857299804688,27.468509674072266,32.90778350830078,36.292633056640625,0.4678739309310913
108,0.0,8.580795838497579e-05,0.00023081459221430123,0.00048790915752761066,0.0009155984153039753,0.0018204551888629794,0.0031450625974684954,4.206599712371826,4.541928768157959,4.437976837158203,3.9314966201782227,4.263612270355225,4.216404438018799,4.263904571533203,4.3017354011535645,3.9974312782287598,4.458935737609863,13.914734840393066,14.126677513122559,13.6602201461792,13.277113914489746,14.378609657287598,14.633028984069824,14.260180473327637,14.5001220703125,14.619547843933105,15.319497108459473,15.919867515563965,16.511974334716797,16.946224212646484,19.15523910522461,19.96510124206543,21.335018157958984,25.984298706054688,30.053075790405273,32.68688201904297,0.45073455572128296
109,0.0,0.00010178226511925459,0.00029877523775212467,0.0005662925541400909,0.0010872352868318558,0.0020162872970104218,0.0033013250213116407,4.480570316314697,4.245235919952393,3.8185598850250244,4.264433860778809,4.213635444641113,3.9380149841308594,4.254920959472656,4.4070725440979,4.357102870941162,4.479966163635254,8.843377113342285,8.666404724121094,8.788775444030762,8.518857955932617,9.306535720825195,9.843913078308105,9.227567672729492,9.771257400512695,9.559036254882812,10.028501510620117,10.4408540725708,11.519719123840332,12.461273193359375,13.384647369384766,15.1395263671875,17.379247665405273,21.30558967590332,28.430940628051758,39.15499496459961,0.5673759579658508
110,0.0,8.86105844983831e-05,0.00025049992837011814,0.0005130955250933766,0.0009424331365153193,0.0017480987589806318,0.0029127795714884996,4.414153575897217,4.2058281898498535,4.149745941162109,4.1364593505859375,3.7410855293273926,4.250370502471924,4.678306579589844,4.296444892883301,4.1320905685424805,4.558586120605469,4.831820487976074,4.586979866027832,4.524027347564697,4.8719096183776855,4.790602684020996,5.052896022796631,5.20775032043457,4.886134147644043,5.3016252517700195,5.518543243408203,6.255371570587158,7.254061222076416,7.893092632293701,8.513615608215332,10.024008750915527,11.977622985839844,14.97606086730957,19.702478408813477,30.969755172729492,0.39447665214538574
111,0.0,8.864344999892637e-05,0.00024785613641142845,0.0005167614435777068,0.0009660383802838624,0.0018878623377531767,0.0030794998165220022,3.8957746028900146,4.705632209777832,4.495687484741211,4.025923728942871,4.370499134063721,4.149145126342773,4.267890453338623,4.256202220916748,4.354137897491455,4.398550987243652,14.24776554107666,14.98854923248291,14.340349197387695,13.526918411254883,13.480857849121094,13.723310470581055,14.609981536865234,14.446226119995117,15.361873626708984,15.568342208862305,14.798707008361816,15.363125801086426,15.504372596740723,17.27244758605957,19.678930282592773,21.11766815185547,24.694488525390625,30.419824600219727,31.922094345092773,0.44916823506355286
112,0.0,8.60019790707156e-05,0.00022642259136773646,0.0004773658001795411,0.0008850545273162425,0.0017367075197398663,0.002945944434031844,4.445270538330078,3.910414218902588,4.24043083190918,4.122230052947998,4.158466815948486,4.262078285217285,4.1948418617248535,4.2779927253723145,4.000704765319824,4.218714714050293,21.896228790283203,20.166358947753906,19.50478172302246,21.85099983215332,20.471471786499023,19.44081687927246,22.003780364990234,21.88401985168457,21.92560577392578,22.360939025878906,21.977134704589844,23.83660316467285,26.630699157714844,25.599849700927734,25.88503074645996,29.394607543945312,31.107439041137695,36.08566665649414,29.04928970336914,0.3760572373867035
113,0.0,9.579882316756994e-05,0.00027089184732176363,0.0005547498003579676,0.0009713241597637534,0.0018902450101450086,0.003219547215849161,3.828282117843628,4.5495500564575195,4.012617111206055,3.947147846221924,4.119101047515869,4.192687511444092,4.289259910583496,4.3419952392578125,4.312272548675537,4.236911773681641,4.558650493621826,4.869449615478516,4.685408592224121,4.823513507843018,4.714509963989258,5.155921936035156,4.412692546844482,5.536505699157715,5.848091125488281,5.498350620269775,6.517084121704102,7.020190238952637,7.856349945068359,8.6928129196167,10.114234924316406,11.90944766998291,15.898167610168457,22.294898986816406,37.93571853637695,0.5616263747215271
114,0.0,9.825378947425634e-05,0.00026901127421297133,0.0005127113545313478,0.0009171628043986857,0.0017796774627640843,0.002982011530548334,4.177850246429443,4.474456310272217,4.2526116371154785,4.655427932739258,4.519104480743408,4.269481182098389,3.9310007095336914,4.269733428955078,4.426177501678467,4.580968856811523,4.601967811584473,4.944404602050781,5.166226863861084,5.213595867156982,4.9830641746521,4.872195720672607,5.286500453948975,5.551658630371094,5.286430835723877,5.839835166931152,6.107601642608643,7.09628963470459,7.238058567047119,8.283692359924316,10.125102043151855,12.084914207458496,15.6522798538208,19.746004104614258,30.9891414642334,0.4468452036380768
115,0.0,8.734325820114464e-05,0.00022320232528727502,0.00046869870857335627,0.0008364517125301063,0.0016230553155764937,0.0026847515255212784,4.251894950866699,4.315303802490234,4.161804676055908,4.290374279022217,4.361861228942871,4.476041316986084,4.295945644378662,4.224050521850586,4.694905757904053,3.9183528423309326,9.160201072692871,9.028970718383789,8.891128540039062,8.419633865356445,9.576727867126465,8.386392593383789,9.684406280517578,8.683926582336426,9.015725135803223,9.893348693847656,10.701311111450195,11.150639533996582,11.696186065673828,12.143271446228027,13.592041969299316,16.717479705810547,19.490331649780273,23.89752960205078,32.28021240234375,0.4486343562602997
116,0.0,8.224754128605127e-05,0.00022824744519311935,0.0004719724820461124,0.0008437791839241982,0.0015739419031888247,0.002613215707242489,4.38077449798584,4.032316207885742,4.579812526702881,4.080893516540527,4.487504005432129,4.182227611541748,4.043905258178711,4.257513046264648,4.66325569152832,4.235661506652832,6.4684062004089355,5.797430515289307,6.024498462677002,6.132569789886475,5.426803112030029,6.072099685668945,6.7764739990234375,6.3564348220825195,6.816730976104736,7.113795280456543,7.191086292266846,8.243684768676758,8.649505615234375,10.155479431152344,11.719109535217285,13.470952987670898,16.561540603637695,20.894699096679688,30.95800018310547,0.4254295825958252
117,0.0,8.141170110320672e-05,0.00020932807819917798,0.0004473348380997777,0.0008532205247320235,0.0016690994380041957,0.0028417936991900206,4.59500789642334,4.223758220672607,4.2315497398376465,4.156676769256592,3.937403440475464,4.383297920227051,4.430650234222412,4.139681816101074,4.564660549163818,4.293314456939697,8.783509254455566,8.66798210144043,8.74560260772705,8.831926345825195,9.459012031555176,8.908117294311523,8.862397193908691,9.544522285461426,9.659320831298828,9.723785400390625,10.447338104248047,10.75733470916748,11.78918743133545,12.335275650024414,14.790911674499512,17.05025291442871,20.36799430847168,25.298786163330078,31.982223510742188,0.434883177280426
118,0.0,7.824093336239457e-05,0.00022866077779326588,0.0004683473380282521,0.0009023052989505231,0.0016933513106778264,0.002860019914805889,4.328993797302246,4.434596061706543,4.156452178955078,4.189964294433594,4.314203262329102,4.141232490539551,4.035856246948242,4.366797924041748,4.597836017608643,4.306772708892822,20.8703556060791,21.899797439575195,21.85320472717285,19.033031463623047,21.895139694213867,20.347009658813477,22.10246467590332,23.462080001831055,21.56264877319336,23.179122924804688,22.87482261657715,23.474395751953125,24.39023208618164,25.465564727783203,26.594436645507812,28.702463150024414,32.914390563964844,37.49697494506836,29.113746643066406,0.3913574516773224
119,0.0,9.24862761166878e-05,0.00023905759735498577,0.0004928578273393214,0.0009433491504751146,0.0019221173133701086,0.0032889896538108587,4.265827655792236,4.08211612701416,4.323584079742432,4.066670894622803,4.543215274810791,4.645809173583984,4.179899215698242,4.072438716888428,4.392298221588135,4.601907253265381,4.756942272186279,5.029635906219482,4.908254146575928,4.80072546005249,4.917654514312744,5.096668243408203,4.982118606567383,5.254761219024658,5.351485729217529,6.294947624206543,5.833291530609131,6.802815914154053,7.889959335327148,8.544891357421875,9.924408912658691,12.483893394470215,15.736810684204102,20.29119873046875,30.786426544189453,0.393924742937088
120,0.0,9.338110976386815e-05,0.0002598330029286444,0.0005425543640740216,0.0010612399782985449,0.002033163094893098,0.0033434731885790825,3.8860323429107666,4.220376014709473,4.227647304534912,4.074450969696045,4.251376152038574,3.9974558353424072,4.260643482208252,4.390469074249268,4.5127763748168945,4.282806873321533,12.998357772827148,12.988893508911133,14.053986549377441,13.883183479309082,14.311370849609375,14.802407264709473,14.53482723236084,14.807397842407227,15.421645164489746,14.920770645141602,15.722552299499512,16.713258743286133,16.423376083374023,18.221410751342773,19.768688201904297,21.331411361694336,26.669599533081055,31.02704620361328,40.22858810424805,0.6344470381736755
121,0.0,9.457405394641683e-05,0.00024661418865434825,0.0004925649845972657,0.0009519523591734469,0.0018841043347492814,0.0031735498923808336,4.216450214385986,4.213210105895996,4.527973651885986,4.493405818939209,4.291049003601074,4.5729594230651855,3.97597074508667,4.220397472381592,3.8971569538116455,4.013204574584961,4.624067306518555,4.837838649749756,4.633664131164551,5.307916641235352,5.2862162590026855,5.112176418304443,5.339844226837158,4.828722953796387,5.4141926765441895,5.62982177734375,6.270054817199707,6.797063827514648,7.815478801727295,8.52332878112793,10.059134483337402,12.229890823364258,15.160287857055664,19.173891067504883,29.119552612304688,0.3778808116912842
122,0.0,0.00010167846630793065,0.00029810573323629797,0.0005626606289297342,0.001088626217097044,0.002022447297349572,0.003310571890324354,4.114198207855225,4.248211860656738,4.260288715362549,4.506945610046387,4.160149574279785,3.857543706893921,4.134406089782715,3.9841349124908447,4.289636135101318,4.272232532501221,5.377867221832275,6.256546497344971,6.074155330657959,5.922299861907959,6.348069190979004,6.050683975219727,6.088583469390869,6.197647571563721,6.822126388549805,7.087161064147949,7.326003074645996,8.125638961791992,8.563422203063965,9.432244300842285,11.268592834472656,13.274709701538086,16.87383460998535,22.19599151611328,34.41556167602539,0.45661690831184387
123,0.0,9.007026528706774e-05,0.00024539517471566796,0.0005114103551022708,0.000965087441727519,0.0019882754422724247,0.0033213733695447445,4.156351566314697,4.271716594696045,3.8545963764190674,4.370143890380859,3.9883129596710205,4.317223072052002,4.4507293701171875,4.160699844360352,4.319552898406982,3.960895299911499,5.515061855316162,5.823964595794678,5.888465881347656,5.846731662750244,5.7055768966674805,6.30547571182251,6.1262078285217285,6.611493110656738,6.38845157623291,6.784987449645996,7.429450511932373,8.408381462097168,9.339399337768555,9.265347480773926,11.649473190307617,14.127842903137207,19.17801856994629,24.809595108032227,45.93151092529297,0.6408186554908752
124,0.0,9.581594349583611e-05,0.00029428672860376537,0.0005901923286728561,0.0010595496278256178,0.0020220279693603516,0.0034079814795404673,4.341334819793701,4.384854793548584,3.99090576171875,4.411870002746582,4.356259822845459,4.606266498565674,4.265681266784668,4.235844135284424,3.7901723384857178,4.277973651885986,8.840262413024902,9.767603874206543,8.676621437072754,9.342459678649902,9.702752113342285,9.743358612060547,9.392642974853516,9.624238967895508,10.141447067260742,9.878467559814453,10.317745208740234,10.768712997436523,12.990015983581543,12.561861991882324,14.620444297790527,17.243661880493164,20.686758041381836,25.556814193725586,34.00339889526367,0.45232105255126953
125,0.0,0.00011671426182147115,0.0003125228395219892,0.000624141946900636,0.0011991868959739804,0.0023836782202124596,0.0040062349289655685,4.117059707641602,4.322844505310059,4.162703514099121,4.180445671081543,4.185306549072266,4.406322956085205,4.011828899383545,4.298144817352295,4.190847873687744,4.034446716308594,6.103855609893799,6.1996002197265625,6.040991306304932,5.824949264526367,6.120429039001465,6.09885311126709,5.896417617797852,6.1762261390686035,6.576343059539795,7.320065021514893,7.4263715744018555,7.9826154708862305,9.138847351074219,10.000385284423828,12.082764625549316,13.987141609191895,19.34787940979004,25.34307098388672,44.079524993896484,0.6864261627197266
126,0.0,7.359744631685317e-05,0.0002079044352285564,0.0004525001859292388,0.000846114766318351,0.0015719732036814094,0.002583020832389593,3.8304474353790283,4.139115810394287,3.963961362838745,4.3329315185546875,4.570544242858887,3.956785202026367,4.380061626434326,4.640109539031982,4.202214241027832,4.416418075561523,4.875335216522217,5.1887640953063965,4.940539360046387,4.989052772521973,5.007966995239258,4.682390213012695,5.297244548797607,5.348302841186523,5.580777168273926,5.7642130851745605,6.330945014953613,7.004373550415039,7.980777263641357,8.468572616577148,10.088966369628906,12.501415252685547,15.879362106323242,20.334331512451172,32.372222900390625,0.45591914653778076
127,0.0,0.00014053225459065288,0.0004231950151734054,0.0007980248774401844,0.0013740061549469829,0.0027264137752354145,0.004472621250897646,4.583305835723877,3.99387264251709,4.092020034790039,4.296483516693115,4.531652927398682,4.362955570220947,4.358829498291016,4.386091232299805,4.440616607666016,4.295291423797607,9.141988754272461,8.747103691101074,9.384015083312988,9.284097671508789,9.319417953491211,9.65440845489502,9.801082611083984,9.198020935058594,10.108384132385254,10.37128734588623,10.993681907653809,11.613692283630371,12.528826713562012,13.392889976501465,15.351112365722656,17.575817108154297,22.946767807006836,28.67520523071289,46.20131301879883,0.7366880178451538
128,0.0,0.00012112018885090947,0.00034025576314888895,0.0006702868267893791,0.0012558241141960025,0.002433956367895007,0.004041638690978289,4.357049942016602,4.42437219619751,4.47569465637207,4.368743419647217,4.3131537437438965,3.914384126663208,4.2173919677734375,4.512651443481445,4.018691062927246,4.294764518737793,40.105003356933594,37.743553161621094,39.73860168457031,42.76856994628906,38.577518463134766,41.5462760925293,40.62590026855469,39.3689079284668,39.189056396484375,39.825626373291016,44.728275299072266,44.221431732177734,47.09264373779297,45.63600158691406,44.14326095581055,49.558563232421875,56.72505569458008,62.63887023925781,41.1358528137207,0.5096418857574463
129,0.0,8.931836782721803e-05,0.00024643068900331855,0.0004841986810788512,0.0008934788056649268,0.0017781102797016501,0.0030494139064103365,4.576230049133301,4.378443241119385,4.497879981994629,4.309962749481201,4.518692493438721,4.0934624671936035,4.728837490081787,4.473012924194336,4.261234283447266,4.645818710327148,4.906320095062256,5.040913105010986,4.828117370605469,5.156606197357178,5.02262020111084,5.187112331390381,5.61577844619751,5.005457401275635,5.582372188568115,5.917882442474365,5.888603687286377,6.916096210479736,7.424736499786377,8.366693496704102,9.726558685302734,12.028700828552246,15.85318374633789,20.418563842773438,30.943986892700195,0.47364968061447144
130,0.0,9.6312360255979e-05,0.0002797455235850066,0.0005742164212279022,0.0010611382313072681,0.0019462088821455836,0.0031874794512987137,4.592029571533203,4.191418170928955,4.434724807739258,4.168576717376709,4.043432235717773,4.199414253234863,4.013433933258057,4.361133575439453,4.273186683654785,4.295806884765625,14.489424705505371,13.913646697998047,12.863977432250977,14.354018211364746,13.899128913879395,14.475680351257324,13.755661010742188,13.561173439025879,14.425713539123535,14.606398582458496,15.899250030517578,15.569206237792969,17.202545166015625,19.59583282470703,19.533599853515625,22.653793334960938,26.982223510742188,31.324520111083984,38.37858963012695,0.5984683632850647
131,0.0,0.00010850675607798621,0.0002992649096995592,0.0005792019655928016,0.001060793176293373,0.00205711810849607,0.003355705412104726,4.126091480255127,4.067804336547852,4.403299808502197,4.435427188873291,4.362753391265869,4.2582292556762695,4.035889625549316,4.094210624694824,4.2069902420043945,4.216226577758789,9.065685272216797,9.097264289855957,8.702800750732422,8.184419631958008,9.223868370056152,8.398843765258789,8.544689178466797,9.250999450683594,8.937925338745117,9.577020645141602,10.006397247314453,10.496346473693848,11.975044250488281,12.904132843017578,14.518902778625488,17.229902267456055,20.631580352783203,26.24195098876953,33.47616958618164,0.49267300963401794
132,0.0,8.145516767399386e-05,0.0002074947697110474,0.00045407612924464047,0.0008884445996955037,0.0017074974020943046,0.002916505094617605,4.1317901611328125,4.04183292388916,4.060011863708496,4.056031227111816,4.229683876037598,4.303134918212891,4.2952561378479,4.3202056884765625,4.2492899894714355,4.08566427230835,5.765332221984863,5.829071521759033,5.900280475616455,5.572583198547363,5.489551067352295,5.937839031219482,6.236538410186768,6.583593368530273,6.597284317016602,6.805076599121094,6.891530513763428,8.08689022064209,8.87636947631836,9.863395690917969,11.027839660644531,13.281907081604004,16.611738204956055,20.528484344482422,29.774824142456055,0.4027715027332306
133,0.0,0.00012733151379507035,0.0003395580861251801,0.0006764119607396424,0.0012654972961172462,0.0025190021842718124,0.004071413539350033,4.098945617675781,4.333453178405762,4.416931629180908,4.303182601928711,4.597955226898193,4.618964195251465,4.137354373931885,4.219427108764648,4.488793849945068,4.1412739753723145,5.532804012298584,5.461958885192871,5.911898612976074,5.871038913726807,5.798037528991699,6.665770053863525,5.879732608795166,6.454594135284424,6.507857799530029,6.734992504119873,7.254556179046631,7.78101110458374,9.322037696838379,10.469429969787598,12.19316291809082,14.598371505737305,19.0194149017334,25.10636329650879,34.62876892089844,0.5054269433021545
134,0.0,0.00011424561671447009,0.00031588590354658663,0.0005993173690512776,0.0011017092037945986,0.0021146389190107584,0.0035786437802016735,4.244316577911377,4.587278842926025,3.9999988079071045,4.3590545654296875,4.460859775543213,4.173616409301758,3.9627561569213867,4.464038372039795,4.088314533233643,4.361177444458008,113.05098724365234,113.68260192871094,113.12020874023438,121.6551742553711,117.54889678955078,112.67837524414062,119.64688110351562,109.25479125976562,115.64389038085938,112.07471466064453,120.32996368408203,106.95648193359375,118.56741333007812,120.57077026367188,116.67520904541016,117.95315551757812,132.75189208984375,123.77277374267578,39.12532043457031,0.5917388200759888
135,0.0,0.00010128325811820105,0.00026613663067109883,0.0005495282239280641,0.001034154323861003,0.0020434302277863026,0.003367204451933503,4.381777763366699,4.214926719665527,4.263057231903076,4.293658256530762,4.315552711486816,4.55647087097168,3.7900772094726562,4.358397483825684,4.250764846801758,4.4218316078186035,22.485841751098633,19.86631202697754,20.447738647460938,20.08275032043457,21.582921981811523,19.816255569458008,22.5872745513916,20.570215225219727,22.001728057861328,22.585365295410156,24.344532012939453,22.649555206298828,22.67893409729004,25.998411178588867,26.214359283447266,28.27752113342285,32.94095993041992,37.87788009643555,34.67060089111328,0.4605335593223572
136,0.0,8.569290366722271e-05,0.00023321715707425028,0.0004921877989545465,0.0009418220142833889,0.0019237148808315396,0.0032761781476438046,4.223282814025879,4.203589916229248,4.152975559234619,4.5710344314575195,4.117039203643799,4.495009899139404,3.9310014247894287,4.135557651519775,4.525603771209717,4.319821357727051,9.155715942382812,9.270604133605957,8.590145111083984,9.190764427185059,8.520782470703125,9.676010131835938,9.60403060913086,10.055682182312012,9.472562789916992,9.732250213623047,10.989904403686523,10.397231101989746,11.7411470413208,14.041373252868652,14.983535766601562,16.869333267211914,20.66362762451172,26.663047790527344,35.079368591308594,0.4430161416530609
137,0.0,0.00010774387919809669,0.0002814133185893297,0.0005995447863824666,0.001144678215496242,0.0023022897075861692,0.003750437404960394,4.570257186889648,3.83780837059021,3.8850393295288086,4.4146857261657715,4.163639068603516,4.065860271453857,4.253165245056152,4.59366512298584,4.337469577789307,4.51950740814209,11696.357421875,12144.7587890625,12581.23828125,12954.724609375,12030.890625,11727.6044921875,10988.7109375,11605.541015625,10235.658203125,11338.494140625,11148.0244140625,11076.0244140625,10059.658203125,9098.8671875,9523.162109375,7946.19970703125,7262.654296875,7618.06103515625,47.52000045776367,0.8010408282279968
138,0.0,7.456968887709081e-05,0.00019398362201172858,0.0004115682386327535,0.0007801405736245215,0.0015164024662226439,0.002547943266108632,4.084916591644287,4.29782772064209,4.279123306274414,4.468362331390381,3.9156346321105957,4.25076150894165,4.160566329956055,4.382838249206543,4.455240726470947,4.793641090393066,5.4797749519348145,6.031253337860107,5.931798934936523,6.038466930389404,5.957825660705566,6.1970109939575195,6.019354820251465,6.268957138061523,6.730151653289795,6.709454536437988,7.055850982666016,7.976325511932373,9.289785385131836,9.872060775756836,11.046358108520508,13.824176788330078,16.800230026245117,21.45500946044922,30.109169006347656,0.40548455715179443
139,0.0,9.608041000319645e-05,0.00027143655461259186,0.0005499338149093091,0.0010450042318552732,0.002103959210216999,0.0035148905590176582,4.027472496032715,4.326282024383545,4.272403240203857,4.381917953491211,4.48154878616333,4.461958885192871,4.745087623596191,4.459689617156982,4.342108249664307,4.335827350616455,5.594757556915283,5.502579212188721,5.1980485916137695,5.85651159286499,5.763134002685547,5.617303848266602,6.129833221435547,6.459878444671631,6.345126152038574,7.732438087463379,6.993639945983887,8.115710258483887,8.468033790588379,9.438167572021484,11.142370223999023,13.041430473327637,17.23515510559082,21.432308197021484,33.56320571899414,0.4870031476020813
140,0.0,9.011124348035082e-05,0.00024837820092216134,0.0005126330652274191,0.0009433566592633724,0.0018277683993801475,0.0030909194611012936,4.24606466293335,4.267516613006592,4.313819408416748,4.3323588371276855,4.2855682373046875,4.204807758331299,4.207531452178955,4.475508689880371,4.259403228759766,4.301621913909912,15.157854080200195,14.63824462890625,14.3041410446167,13.418033599853516,14.125958442687988,15.163070678710938,13.611748695373535,13.85484790802002,14.632576942443848,14.751229286193848,15.20883846282959,14.853632926940918,16.79901695251465,17.98944664001465,18.50320053100586,21.972387313842773,24.987558364868164,29.1554012298584,34.7413215637207,0.4693218469619751
141,0.0,7.721135625615716e-05,0.00020901284005958587,0.0004448292311280966,0.0008611305966041982,0.0017251871759071946,0.002896143589168787,4.166406631469727,4.118098735809326,4.557663440704346,4.406269550323486,4.628283500671387,4.468160629272461,4.271479606628418,4.1433587074279785,4.373257160186768,4.374218940734863,4.550614833831787,5.210983753204346,4.6422624588012695,4.782594203948975,4.877710819244385,4.9563889503479,5.006113052368164,5.299927711486816,5.9876790046691895,5.7975921630859375,6.148355007171631,6.73889684677124,7.4232096672058105,8.68519401550293,10.221858024597168,12.014561653137207,15.031932830810547,19.228330612182617,29.250247955322266,0.38401558995246887
142,0.0,8.190319204004481e-05,0.0002445048885419965,0.0004916826146654785,0.0008544480078853667,0.0015858954284340143,0.0026027862913906574,4.293470859527588,4.583198070526123,3.945190668106079,4.232036590576172,4.193027496337891,4.2334699630737305,4.024448394775391,4.21681547164917,4.545718193054199,4.197689533233643,4.793313980102539,5.038854122161865,5.045844078063965,4.616826057434082,4.9988179206848145,4.855819225311279,5.031306743621826,5.546602725982666,5.7764506340026855,5.9732842445373535,6.343974590301514,6.545778751373291,7.732314586639404,8.860530853271484,10.313986778259277,12.234652519226074,15.574569702148438,19.234071731567383,30.286964416503906,0.4660516083240509
143,0.0,9.77939271251671e-05,0.000277054583420977,0.0005498479586094618,0.001035765977576375,0.002064964734017849,0.0033438564278185368,4.223665237426758,4.153451919555664,4.128619194030762,4.154692649841309,4.133098602294922,4.5185465812683105,3.9973068237304688,4.0627593994140625,4.028758525848389,4.354996204376221,5.960503101348877,5.5992512702941895,5.771923542022705,5.6700568199157715,5.819788932800293,6.33919620513916,6.220367431640625,6.224836349487305,6.330137252807617,6.774346351623535,7.266197681427002,8.136713981628418,8.628730773925781,9.882061958312988,11.454119682312012,13.41057300567627,17.90506935119629,22.087902069091797,32.97055435180664,0.4484216272830963
144,0.0,8.362836524611339e-05,0.0002446523285470903,0.0004723062156699598,0.0009025958133861423,0.0017269356176257133,0.0027837587986141443,4.420400619506836,4.314107894897461,4.2699384689331055,4.058292865753174,4.099771499633789,4.153429985046387,4.5943403244018555,4.4004082679748535,4.235758304595947,4.1332688331604,5.055436611175537,4.649177551269531,4.685314655303955,5.09631872177124,5.291217803955078,5.173141956329346,5.6062140464782715,5.241558074951172,5.543829441070557,5.939952850341797,6.80763053894043,7.120670318603516,8.053788185119629,8.956486701965332,11.189644813537598,12.377747535705566,16.59145164489746,20.47567367553711,32.56985092163086,0.5537307262420654
145,0.0,8.332731522386894e-05,0.00023384382075164467,0.0004640703264158219,0.0008827102719806135,0.0017668621148914099,0.0030335094779729843,4.337441444396973,4.094806671142578,4.563729763031006,4.2608962059021,4.202117443084717,4.470635890960693,4.181485176086426,3.955505132675171,4.334248065948486,4.309256076812744,4.916018009185791,4.929677963256836,5.029973030090332,4.848867893218994,4.761916160583496,4.807834148406982,4.865793704986572,5.55274772644043,5.620199680328369,5.83989953994751,5.7409868240356445,6.539046287536621,8.13734245300293,8.62202262878418,10.061920166015625,12.046436309814453,15.906678199768066,20.173145294189453,30.963294982910156,0.39676719903945923
146,0.0,7.755633851047605e-05,0.00020871753804385662,0.0004384946369100362,0.0008321502828039229,0.0015805340372025967,0.002667997032403946,4.103278636932373,4.366042137145996,4.279691696166992,4.193841934204102,3.998124361038208,4.450370788574219,4.267907619476318,4.239945411682129,4.427247047424316,4.158467769622803,4.95506477355957,5.104433059692383,4.864043235778809,4.935213088989258,5.487027645111084,5.187691688537598,5.4170379638671875,5.423417091369629,5.586756229400635,5.925283908843994,6.086620330810547,7.032024383544922,7.75793981552124,8.354284286499023,10.037062644958496,12.020285606384277,15.646821022033691,20.26525115966797,30.071474075317383,0.4175927937030792
147,0.0,0.00010276188550051302,0.00027808797312900424,0.0005436660721898079,0.0010768151842057705,0.0021702239755541086,0.003575228853151202,3.8937482833862305,4.075765132904053,4.331596851348877,4.262303829193115,4.503783226013184,3.9289941787719727,3.7881550788879395,4.211706161499023,4.422836780548096,4.226700782775879,61.09468078613281,59.060829162597656,60.980960845947266,61.93122482299805,62.90530014038086,65.9791259765625,59.90972137451172,65.12423706054688,64.1370620727539,65.04496765136719,66.76094055175781,68.06999206542969,60.28462600708008,65.36920166015625,61.03559112548828,69.02304077148438,76.15538024902344,79.3160629272461,37.26287078857422,0.4812721312046051
148,0.0,7.8413519077003e-05,0.00021794078929815441,0.00043076486326754093,0.0008413969771936536,0.0016857011942192912,0.002862507477402687,4.601046562194824,4.383820533752441,4.060007095336914,3.9494049549102783,4.2860541343688965,4.463645935058594,4.568619251251221,4.116093635559082,4.217309951782227,4.415371417999268,22.39602279663086,22.1009578704834,20.423383712768555,20.062191009521484,22.382253646850586,20.533058166503906,20.502614974975586,24.103357315063477,20.3376407623291,23.83498191833496,22.264965057373047,22.98980712890625,23.831829071044922,24.383949279785156,25.392488479614258,26.758031845092773,30.78006935119629,36.18366241455078,32.36778259277344,0.4658629298210144
149,0.0,0.00013059786579106003,0.00038139219395816326,0.0007798841106705368,0.0013987355632707477,0.0027346101123839617,0.004587939940392971,4.377090930938721,4.119173526763916,4.4015607833862305,4.3343634605407715,4.265964508056641,4.287943363189697,4.486336708068848,4.136277675628662,4.209530830383301,4.325433731079102,5.766305923461914,5.815279960632324,5.872109889984131,6.120874404907227,5.882801055908203,6.282164573669434,6.454264163970947,6.889636516571045,6.8673200607299805,7.2712812423706055,7.442184925079346,7.897488594055176,9.376462936401367,10.295278549194336,12.788104057312012,14.592541694641113,19.64692497253418,26.25981330871582,41.31501770019531,0.5378591418266296
150,0.0,0.00012085890193702653,0.0003540216130204499,0.0006362459971569479,0.001178806065581739,0.0023627232294529676,0.003916975110769272,4.351535797119141,4.017223834991455,4.185842990875244,4.270665645599365,4.284836769104004,4.3432135581970215,4.009961128234863,4.022866725921631,4.347914218902588,4.174188613891602,4.75494384765625,4.4488983154296875,4.833975791931152,4.634681224822998,5.31334114074707,4.796037197113037,5.188945293426514,5.284156322479248,5.827732563018799,5.91705322265625,6.098720073699951,6.756708145141602,8.298758506774902,8.9172945022583,10.634157180786133,12.620132446289062,16.550640106201172,21.013051986694336,34.445281982421875,0.43704190850257874
151,0.0,9.238529310096055e-05,0.00026784284273162484,0.0005197248538024724,0.0010174427879974246,0.001970054814592004,0.0033397090155631304,4.4878692626953125,4.464107990264893,4.4551568031311035,3.8824923038482666,4.2651686668396,4.422409534454346,4.145674705505371,3.982318162918091,4.044775485992432,4.222240447998047,1202.5208740234375,1112.9586181640625,1243.680419921875,1206.7579345703125,1186.1339111328125,1136.2760009765625,1039.7008056640625,888.6196899414062,925.9625244140625,728.1475830078125,753.300537109375,679.2459106445312,601.518798828125,475.3041076660156,353.4560546875,347.9297180175781,264.3558349609375,216.95742797851562,35.66071701049805,0.48390814661979675
152,0.0,8.914279169403017e-05,0.00023595939273945987,0.0004690602363552898,0.0008957319660112262,0.0017641950398683548,0.0030135679990053177,4.410289287567139,4.112229824066162,4.164587497711182,4.6260480880737305,4.273941516876221,4.743378162384033,4.639995574951172,4.262598037719727,4.055746555328369,4.43375301361084,4.725958347320557,4.728797435760498,4.434915065765381,4.7095866203308105,5.122084140777588,4.979854583740234,5.215785980224609,5.350536346435547,5.462364673614502,6.236113548278809,6.119894504547119,6.9754180908203125,7.6766438484191895,8.709138870239258,10.474663734436035,12.88683032989502,16.9731388092041,21.188528060913086,36.937164306640625,0.5080463290214539
153,0.0,8.986773900687695e-05,0.00024047512852121145,0.0004899705527350307,0.0009178806794807315,0.0017832849407568574,0.0029965846333652735,4.315123558044434,4.225828170776367,4.370604515075684,4.455272197723389,4.227151870727539,4.131587982177734,4.242325782775879,4.1725754737854,4.486138343811035,4.3278422355651855,9.02061939239502,10.060108184814453,8.764787673950195,9.226788520812988,8.781628608703613,9.031639099121094,9.473357200622559,8.987639427185059,9.525914192199707,10.54977035522461,10.032097816467285,12.131278038024902,11.81247615814209,12.699498176574707,14.407829284667969,16.372461318969727,20.874120712280273,25.565580368041992,35.436767578125,0.5090348124504089
154,0.0,0.0001001676355372183,0.0002801287337206304,0.0005480759427882731,0.001084300340153277,0.0021464561577886343,0.003657000605016947,4.326651573181152,4.336059093475342,4.402889728546143,4.153469562530518,4.359890460968018,4.205322265625,4.235579967498779,4.186351776123047,4.354195594787598,4.398486614227295,4.5295090675354,4.772284984588623,4.7146782875061035,4.646800518035889,4.74232816696167,5.1086225509643555,5.480282306671143,5.363857746124268,5.423548221588135,5.7431817054748535,6.216598033905029,6.354833602905273,7.205765247344971,8.724135398864746,10.308835983276367,12.141565322875977,16.223552703857422,21.183059692382812,32.19050598144531,0.40250924229621887
155,0.0,0.0001056422624969855,0.0002589935902506113,0.0005288154352456331,0.0010218152310699224,0.0019443790661171079,0.003201717510819435,4.256416320800781,4.166587829589844,4.194436550140381,4.80624532699585,4.433714866638184,4.21142578125,4.367641925811768,4.274152755737305,4.422210216522217,4.617734432220459,21.153104782104492,20.358722686767578,21.557828903198242,19.799240112304688,20.112092971801758,21.413034439086914,23.30794334411621,21.930583953857422,22.2867488861084,22.332799911499023,23.206018447875977,23.51987648010254,24.456314086914062,25.23160743713379,26.70335578918457,29.529048919677734,31.47663116455078,38.432010650634766,37.49540710449219,0.5049026608467102
156,0.0,0.00018114171689376235,0.0005009002052247524,0.0009667927515693009,0.001720412983559072,0.0033589755184948444,0.005549714434891939,4.212371349334717,4.425768852233887,4.586947917938232,4.0643415451049805,4.585033893585205,4.423547267913818,4.423980236053467,4.585074424743652,4.267141819000244,4.240460395812988,5.076467990875244,5.197081565856934,4.981924057006836,4.856426239013672,4.7753496170043945,5.123523712158203,5.416710376739502,5.212860584259033,5.843670845031738,6.435581684112549,6.744635105133057,7.915102005004883,8.807594299316406,10.311049461364746,12.64248275756836,16.266326904296875,23.00826644897461,30.286649703979492,54.861289978027344,0.7359914183616638
157,0.0,9.571315604262054e-05,0.0002952311187982559,0.0005768052651546896,0.00101614894811064,0.0018988164374604821,0.003105575917288661,4.400467872619629,4.457365036010742,4.32775354385376,4.168001651763916,3.779330253601074,4.168279647827148,4.333516597747803,4.24995231628418,4.2637834548950195,4.360054016113281,4.589145660400391,5.074990272521973,4.6243577003479,4.866715908050537,5.0064849853515625,4.743599891662598,5.137447834014893,5.337952136993408,5.590746879577637,6.106322765350342,6.527392387390137,6.848667144775391,8.02505111694336,8.612449645996094,10.453230857849121,11.944236755371094,15.546590805053711,20.776138305664062,32.420989990234375,0.44067656993865967
158,0.0,0.00014089462638366967,0.00036868907045572996,0.0007458871114067733,0.0014232603134587407,0.0028224450070410967,0.004679474979639053,4.629002094268799,4.333776473999023,4.548800945281982,4.289031028747559,4.474844455718994,4.453932762145996,4.16716194152832,4.0024213790893555,4.441756248474121,4.460638046264648,9.522603988647461,8.717336654663086,9.342565536499023,8.555266380310059,9.41110610961914,9.202943801879883,9.332039833068848,10.441054344177246,10.533079147338867,10.0079927444458,11.39070987701416,11.598475456237793,13.48098087310791,13.432881355285645,15.77502727508545,18.833770751953125,24.261154174804688,30.0328311920166,49.31025314331055,0.6164950132369995
159,0.0,0.00010418472083983943,0.0002819914952851832,0.0005724756047129631,0.0010926916729658842,0.0021050130017101765,0.0035096469800919294,4.900130271911621,4.1118292808532715,4.338961601257324,4.13952112197876,4.0594072341918945,4.2563862800598145,4.49957799911499,4.384829521179199,4.4602484703063965,4.59792947769165,13.752825736999512,13.645978927612305,14.830058097839355,13.369525909423828,14.909844398498535,13.347860336303711,14.173333168029785,13.920180320739746,15.326355934143066,15.382267951965332,16.092382431030273,16.8214111328125,18.038671493530273,18.022071838378906,20.33649253845215,21.819211959838867,25.487098693847656,31.151451110839844,38.48354721069336,0.5421189069747925
160,0.0,9.920090815285221e-05,0.00026551843620836735,0.0005156535771675408,0.0010432491544634104,0.0020692390389740467,0.0035372707061469555,4.195891380310059,4.162074089050293,4.411657333374023,4.488846302032471,4.263559341430664,3.976043701171875,4.2583441734313965,4.253470420837402,4.138579368591309,4.297053337097168,13392.8525390625,13187.6728515625,12262.2646484375,12764.88671875,13513.974609375,13559.240234375,14043.0947265625,14886.6083984375,12787.47265625,13023.7685546875,13317.7626953125,13265.37890625,13810.5927734375,13612.4326171875,13154.45703125,12112.5439453125,13453.13671875,13670.6181640625,34.53113555908203,0.4347293972969055
161,0.0,9.026596671901643e-05,0.0002491598133929074,0.0005189304938539863,0.000920809165108949,0.0018120179884135723,0.003028874984011054,4.251991271972656,4.039984703063965,4.125222682952881,4.447541236877441,4.108222961425781,4.059916973114014,4.388159275054932,4.624971389770508,4.186172008514404,4.189548969268799,9.341405868530273,8.631889343261719,9.334790229797363,9.700088500976562,9.155611991882324,8.780248641967773,9.591300964355469,9.146547317504883,9.843828201293945,10.45754337310791,10.263972282409668,10.869998931884766,11.585713386535645,12.44302749633789,14.872995376586914,17.110294342041016,22.071590423583984,28.13932228088379,41.038673400878906,0.6503680944442749
162,0.0,0.00012486055493354797,0.0003398866392672062,0.0006741441320627928,0.0012750561581924558,0.002656922908499837,0.004367339424788952,4.020973205566406,4.241176128387451,4.105264663696289,3.9651594161987305,4.4204840660095215,4.1906938552856445,3.978855848312378,3.86600399017334,4.645877361297607,4.540218830108643,21.176876068115234,21.568254470825195,20.95282554626465,20.065881729125977,20.11998748779297,22.29668617248535,20.683610916137695,21.513463973999023,22.983360290527344,21.639524459838867,23.550317764282227,23.025300979614258,23.96437644958496,26.090373992919922,27.104867935180664,30.306333541870117,36.50957489013672,43.70347595214844,41.14670944213867,0.7162025570869446
163,0.0,0.00010515504254726693,0.000274491700110957,0.0005396353080868721,0.001005402416922152,0.0019686969462782145,0.003336516907438636,4.274560928344727,4.151988506317139,4.196991443634033,4.68743896484375,4.510178089141846,4.06235408782959,4.475981712341309,4.456399440765381,4.401764869689941,4.586461067199707,9.180389404296875,8.436155319213867,9.40163516998291,9.403938293457031,8.576746940612793,8.589430809020996,8.59040641784668,9.41461181640625,9.286149024963379,10.864448547363281,9.900354385375977,10.841423034667969,12.760784149169922,13.541594505310059,14.695951461791992,17.633047103881836,20.432954788208008,26.255849838256836,39.29277420043945,0.5645503997802734
164,0.0,0.00010223691788269207,0.0002929499314632267,0.0005649803788401186,0.0010540346847847104,0.0020675237756222486,0.0034776076208800077,4.237877368927002,4.133523941040039,3.9692916870117188,4.335160255432129,3.9333932399749756,4.185776710510254,4.4792962074279785,4.241400718688965,4.241037845611572,4.455491542816162,9.045957565307617,9.71798324584961,8.830901145935059,9.294743537902832,8.975543975830078,9.080538749694824,9.089221954345703,9.073103904724121,10.194513320922852,9.999463081359863,10.531644821166992,11.13052749633789,11.237014770507812,13.148386001586914,14.231539726257324,16.73152732849121,19.290266036987305,24.168190002441406,33.841251373291016,0.4303357005119324
165,0.0,8.334818994626403e-05,0.0002200969320256263,0.00047033504233695567,0.0009092804393731058,0.001730073825456202,0.0028692870400846004,4.526882648468018,4.083004474639893,4.214728832244873,4.035870552062988,4.4038519859313965,4.2416815757751465,4.072086811065674,4.5440521240234375,4.05237340927124,4.564899444580078,4.910268783569336,4.853464126586914,4.898126602172852,4.928006172180176,4.793163776397705,5.049007892608643,4.869364261627197,5.7767486572265625,5.555286407470703,6.005465030670166,6.085456371307373,6.801112174987793,7.5586323738098145,8.646791458129883,10.30867862701416,12.765175819396973,16.255897521972656,20.927560806274414,32.28312301635742,0.43292689323425293
166,0.0,9.360694821225479e-05,0.0002608324575703591,0.0005371765582822263,0.0010091764852404594,0.0019656873773783445,0.003334340639412403,4.320210933685303,4.4868927001953125,4.207393646240234,4.522207260131836,4.216185569763184,4.339456558227539,4.111363410949707,4.235637664794922,3.9034907817840576,4.5807318687438965,4.729414939880371,5.264845848083496,4.419416427612305,4.981983184814453,4.626070499420166,4.968113422393799,5.284430027008057,5.363968849182129,5.772928237915039,5.743813514709473,6.166604995727539,6.88007116317749,7.963531970977783,8.349434852600098,10.232375144958496,12.761043548583984,16.361074447631836,20.444149017333984,33.87293243408203,0.4637484848499298
167,0.0,9.253289317712188e-05,0.0002538774278946221,0.000531585596036166,0.0010713235242292285,0.002065916545689106,0.0034878456499427557,4.119253635406494,4.010787487030029,4.336082935333252,4.283846855163574,4.182411193847656,4.462320327758789,4.2470598220825195,4.220294952392578,4.428893566131592,4.290042400360107,13.47143268585205,14.468896865844727,13.355831146240234,13.362407684326172,13.942140579223633,14.757353782653809,15.11498737335205,15.673873901367188,14.085480690002441,15.05566120147705,15.106120109558105,15.352670669555664,16.92049217224121,18.606060028076172,21.43587875366211,22.19437599182129,25.865808486938477,30.036067962646484,32.52676773071289,0.4057997167110443
168,0.0,9.497578867012635e-05,0.0002850486198440194,0.0005656836437992752,0.0010485236998647451,0.0019554051104933023,0.003174195531755686,4.110056400299072,4.388145923614502,4.262087345123291,4.413500785827637,4.300489902496338,4.015109062194824,4.3221893310546875,4.2621660232543945,4.1966071128845215,4.4128594398498535,9.230973243713379,8.889676094055176,8.766365051269531,8.909449577331543,9.496885299682617,8.740646362304688,9.10795783996582,9.063117027282715,9.671666145324707,9.775289535522461,9.599983215332031,10.732368469238281,12.108753204345703,12.880178451538086,14.573159217834473,16.497663497924805,19.844661712646484,24.72771644592285,31.827913284301758,0.40934666991233826
169,0.0,0.00010071186989080161,0.0002688729437068105,0.0005479063256643713,0.0010134022450074553,0.0021026318427175283,0.003544011153280735,4.4001874923706055,3.8798952102661133,4.110117435455322,4.11843729019165,4.1934404373168945,3.9368293285369873,4.348023414611816,4.3368353843688965,4.517259120941162,4.206761360168457,13.63172721862793,13.931292533874512,12.99923324584961,12.33492660522461,12.5556058883667,12.78844165802002,12.611101150512695,13.677505493164062,13.943938255310059,14.326173782348633,14.02492618560791,15.21117877960205,16.56806755065918,17.452938079833984,19.07245445251465,20.1309757232666,25.338598251342773,28.92047882080078,31.831119537353516,0.43025198578834534
170,0.0,7.713823288213462e-05,0.0002230316458735615,0.00046887388452887535,0.000837496540043503,0.0015898951096460223,0.002624903805553913,4.366198539733887,4.3000078201293945,4.197819709777832,4.864653587341309,4.198210716247559,4.069560527801514,4.198261737823486,4.182521343231201,3.9169344902038574,4.503426551818848,4.60250186920166,4.785616397857666,5.0513081550598145,4.642754077911377,5.197415351867676,5.190401554107666,5.106748580932617,5.235484600067139,5.856104850769043,5.884544372558594,6.470085144042969,7.138890743255615,8.024704933166504,8.64261245727539,10.417733192443848,12.657889366149902,16.477073669433594,21.345577239990234,37.03833770751953,0.6088340878486633
171,0.0,0.00011310054833302274,0.0002914880169555545,0.000586598296649754,0.001083770883269608,0.002206014469265938,0.00373369874432683,4.367043972015381,4.470211982727051,4.218311786651611,4.278982162475586,4.168320655822754,4.103856563568115,4.197659969329834,4.242964267730713,4.337413311004639,4.423638820648193,20.76451301574707,22.056827545166016,23.164505004882812,20.693035125732422,21.68928337097168,20.26814079284668,21.92644691467285,20.576204299926758,23.287254333496094,23.042518615722656,22.289283752441406,24.348796844482422,26.917068481445312,27.442060470581055,29.46300506591797,34.95619201660156,36.761253356933594,43.25137710571289,52.885986328125,0.8731729984283447
172,0.0,7.840280886739492e-05,0.00021636232850141823,0.0004532486491370946,0.0008346453541889787,0.001624624477699399,0.0027201029006391764,4.500787734985352,4.614387035369873,4.228911399841309,3.8627943992614746,4.503097057342529,4.3606486320495605,4.2998948097229,4.228649139404297,3.8516085147857666,4.328642845153809,4.533585548400879,5.053587436676025,4.558992385864258,4.803633213043213,4.95947790145874,5.084958553314209,4.934603214263916,5.388675689697266,5.576910018920898,5.937077045440674,6.27089786529541,6.731961250305176,7.133516788482666,8.51517105102539,10.158620834350586,11.650015830993652,15.082123756408691,19.573699951171875,29.022192001342773,0.3857044577598572
173,0.0,9.667520498624071e-05,0.00028146238764747977,0.0005650991224683821,0.001070684753358364,0.002030664123594761,0.0033686647657305002,4.7585062980651855,4.570210933685303,3.7924747467041016,4.589698314666748,3.945734977722168,4.098212242126465,4.326832294464111,4.343852996826172,4.392261505126953,4.427759170532227,6.140940189361572,6.0931196212768555,6.065243244171143,6.189157962799072,5.5637335777282715,6.123286247253418,6.323874473571777,6.23026180267334,7.014378070831299,6.90167236328125,7.134771823883057,7.864315509796143,8.66285228729248,9.875333786010742,11.15341567993164,13.648608207702637,16.555004119873047,21.32670783996582,31.290952682495117,0.4102794826030731
174,0.0,7.329897925956175e-05,0.0002036463702097535,0.0004282148729544133,0.0007643571007065475,0.0014424785040318966,0.0024121173191815615,4.059385776519775,4.367820739746094,4.365505218505859,4.026257514953613,4.283417224884033,4.267980575561523,4.301465034484863,3.963486433029175,4.333528995513916,4.510899543762207,5.459870338439941,5.886117458343506,5.877032279968262,6.4775590896606445,6.122974872589111,6.096680164337158,6.4155592918396,6.433766841888428,6.783947944641113,6.712593078613281,7.186293125152588,7.721370220184326,8.351076126098633,9.325135231018066,10.903289794921875,13.459611892700195,16.759614944458008,21.21234893798828,29.82987403869629,0.4014127850532532
175,0.0,9.556851000525057e-05,0.0002749180421233177,0.000524991424754262,0.0009761945111677051,0.002009479096159339,0.003329660976305604,4.676945686340332,4.072488784790039,4.152705669403076,4.521341800689697,4.298344135284424,4.134148597717285,4.448848724365234,4.296815872192383,4.274932861328125,4.225741863250732,8.794798851013184,9.55150318145752,9.7387113571167,9.886446952819824,9.387847900390625,9.68569278717041,9.731404304504395,10.15778636932373,10.91763687133789,10.56991195678711,11.903818130493164,11.607029914855957,12.893393516540527,13.903756141662598,14.7810640335083,18.241029739379883,21.774505615234375,28.4572696685791,45.49654006958008,0.7183811664581299
176,0.0,9.190964919980615e-05,0.0002447011065669358,0.0005008228472433984,0.0010136200580745935,0.0019550304859876633,0.003234247909858823,4.030330657958984,4.330948352813721,4.55404806137085,4.075351238250732,3.9901819229125977,4.0775885581970215,4.453129291534424,4.149656295776367,4.4585700035095215,4.192571640014648,8.351845741271973,8.72104549407959,8.65113639831543,9.14111042022705,8.363500595092773,8.630334854125977,9.617870330810547,8.684107780456543,8.819903373718262,9.291764259338379,10.410002708435059,10.910496711730957,12.006928443908691,12.257826805114746,14.73481273651123,16.66628646850586,20.71390151977539,26.2720947265625,37.24641418457031,0.5919306874275208
177,0.0,9.293714538216591e-05,0.00024319779186043888,0.0004998734802938998,0.0009379700641147792,0.001848355634137988,0.003149147145450115,4.419672012329102,4.222711086273193,4.09259557723999,4.152760028839111,4.560241222381592,4.259605884552002,4.036944389343262,4.5492119789123535,4.422601699829102,4.355225086212158,13.778902053833008,13.823604583740234,11.71708869934082,12.850730895996094,12.673641204833984,12.829324722290039,13.239727973937988,14.020197868347168,14.34623908996582,14.325432777404785,14.530949592590332,14.603038787841797,15.65774917602539,16.213167190551758,20.061195373535156,20.50535011291504,26.23314666748047,29.88056755065918,33.13984298706055,0.44179221987724304
178,0.0,9.467223571846262e-05,0.000252011843258515,0.0005125435418449342,0.0009571121190674603,0.0018981315661221743,0.0032115508802235126,4.346860408782959,4.222337245941162,4.195888519287109,4.243876934051514,4.242459297180176,4.213807582855225,3.962494373321533,3.9411261081695557,4.171942234039307,4.632994174957275,20.509326934814453,20.822959899902344,21.63381576538086,21.767118453979492,20.467910766601562,21.93124771118164,20.972501754760742,20.635204315185547,21.024202346801758,21.43423080444336,20.739328384399414,22.612361907958984,23.644508361816406,24.7528076171875,25.627275466918945,27.621599197387695,32.22333526611328,36.688602447509766,32.67426300048828,0.4264165759086609
179,0.0,7.715303217992187e-05,0.00022175334743224084,0.0004743241297546774,0.0008652190444990993,0.0016613577026873827,0.0027708671987056732,4.5711894035339355,4.1128129959106445,4.422746181488037,4.059292316436768,4.482786655426025,4.363394737243652,4.269924163818359,4.233326435089111,4.0262885093688965,3.9959678649902344,4.641835689544678,4.665144920349121,4.905445575714111,4.805170059204102,4.972010135650635,4.8169355392456055,5.389350891113281,5.22087287902832,5.618922710418701,6.118278980255127,6.152834415435791,6.824024677276611,7.624260902404785,8.827958106994629,10.419465065002441,12.344106674194336,15.693001747131348,19.887454986572266,30.98391342163086,0.40600600838661194
180,0.0,9.74151334958151e-05,0.0002566139155533165,0.0005075157969258726,0.0009999052854254842,0.0019483035430312157,0.003309789812192321,4.393775463104248,4.379079341888428,4.55798864364624,4.388535022735596,4.314579486846924,4.4847493171691895,4.1471028327941895,4.28744649887085,4.247853755950928,4.156335830688477,8.669730186462402,9.134625434875488,8.55687141418457,8.708592414855957,9.07114028930664,8.721748352050781,8.828649520874023,9.98632526397705,9.512779235839844,9.5546875,9.77483081817627,10.591574668884277,12.605899810791016,12.363640785217285,14.555213928222656,16.41362190246582,20.05943489074707,24.236364364624023,31.432435989379883,0.46665021777153015
181,0.0,0.00010926416871370748,0.00029627548065036535,0.0005844212719239295,0.0011094947112724185,0.0021920681465417147,0.0036991608794778585,4.180628299713135,4.436842918395996,4.072814464569092,4.180959224700928,3.900357723236084,4.203582763671875,4.1866302490234375,3.78926420211792,4.4624433517456055,4.495759010314941,5.754676818847656,6.2307538986206055,5.590693473815918,6.076552867889404,5.695277690887451,6.106055736541748,6.486114025115967,6.566162586212158,6.91508150100708,6.625761032104492,7.5645952224731445,8.058592796325684,9.588248252868652,10.153535842895508,12.145658493041992,14.422996520996094,18.34758758544922,24.42726707458496,40.478302001953125,0.6637002825737
182,0.0,9.493025572737679e-05,0.0002581632579676807,0.0004915036261081696,0.0009389014448970556,0.0017585974419489503,0.0029503642581403255,4.25148868560791,4.277143478393555,4.7227373123168945,4.534941673278809,4.178092002868652,4.182750701904297,4.182649612426758,4.246978759765625,4.487738609313965,3.9526760578155518,4.444372177124023,4.804135799407959,4.580151557922363,4.708705425262451,4.7328996658325195,5.1140360832214355,5.057605743408203,5.402660369873047,5.305099964141846,5.436837196350098,6.393115520477295,6.874815940856934,7.388248443603516,8.62266731262207,10.101578712463379,12.5883207321167,16.310462951660156,21.03011703491211,36.279048919677734,0.5043632984161377
183,0.0,9.841944120125845e-05,0.00027921656146645546,0.0005384559626691043,0.0009981048060581088,0.0019530695863068104,0.003263037884607911,4.31874418258667,4.606425762176514,4.105809211730957,4.186319351196289,4.187619209289551,4.345225811004639,4.077397346496582,3.9484779834747314,3.9995737075805664,4.287686824798584,12.777844429016113,15.382153511047363,14.729641914367676,14.664074897766113,13.480154991149902,14.704195976257324,13.979899406433105,13.859557151794434,14.897529602050781,15.288433074951172,16.045135498046875,15.81010627746582,16.460569381713867,18.475008010864258,18.88683319091797,22.20322036743164,26.026334762573242,31.071216583251953,35.545955657958984,0.48346206545829773
184,0.0,9.480886365054175e-05,0.00025771462242119014,0.0005318925832398236,0.001025137840770185,0.0019753016531467438,0.0033356535714119673,4.443447589874268,3.831521511077881,4.357156276702881,4.613398551940918,3.9525396823883057,4.203096389770508,4.012084007263184,4.317967891693115,4.687742233276367,4.06776237487793,5.081326484680176,4.728450775146484,4.926262855529785,5.192436695098877,4.4059672355651855,4.708588600158691,5.1424150466918945,5.206058979034424,5.850247383117676,5.513247489929199,6.049357891082764,6.7936110496521,7.341867446899414,8.212401390075684,9.673404693603516,12.233210563659668,15.538532257080078,19.97340965270996,31.963321685791016,0.44947928190231323
185,0.0,8.387126581510529e-05,0.00023483773111365736,0.0004779827722813934,0.00088176887948066,0.0017500435933470726,0.0029421751387417316,4.255521297454834,4.210855960845947,4.299455642700195,4.435549259185791,4.160521984100342,4.2364630699157715,4.0708770751953125,4.552401542663574,4.201968193054199,4.294260025024414,4.822505950927734,4.9803595542907715,4.849705219268799,4.710065841674805,5.105020523071289,5.318728923797607,5.182201385498047,5.049352645874023,5.347117900848389,6.267014026641846,6.280623435974121,7.3243255615234375,7.558804988861084,8.42072868347168,9.97880744934082,12.07313060760498,15.518937110900879,20.682985305786133,32.231422424316406,0.4344712793827057
186,0.0,0.00010887906682910398,0.00033177758450619876,0.0006591101409867406,0.0012018034467473626,0.002374207368120551,0.003954176791012287,4.203251838684082,4.10575532913208,4.217678546905518,4.245633602142334,4.096728801727295,4.9813313484191895,4.414978981018066,4.653714656829834,4.612496376037598,4.392318248748779,21.61811065673828,18.306344985961914,21.87601661682129,20.41623306274414,20.301734924316406,22.11469078063965,21.547441482543945,22.07097816467285,21.69055938720703,22.615419387817383,22.289472579956055,21.627172470092773,23.65715980529785,24.25279998779297,26.070035934448242,27.68586540222168,32.54167175292969,37.250431060791016,35.39518737792969,0.43485668301582336
187,0.0,9.233811579179019e-05,0.00025248099700547755,0.0005127574549987912,0.000920933554880321,0.001791776274330914,0.0029935163911432028,4.2380757331848145,4.641644477844238,4.265296936035156,4.280496120452881,4.313286304473877,4.0515456199646,4.234795093536377,4.35550594329834,4.05408239364624,4.455173015594482,4.898253917694092,4.659190654754639,4.908135890960693,4.577974796295166,4.981871128082275,5.038998603820801,5.159455299377441,5.435719013214111,5.249575614929199,5.949621200561523,6.036724090576172,6.935051441192627,7.397389888763428,8.49893569946289,9.58604907989502,11.839845657348633,15.425393104553223,19.1462345123291,30.4209041595459,0.4238100051879883
188,0.0,8.859497756930068e-05,0.00027091288939118385,0.0005127047188580036,0.0009360561962239444,0.0018066264456138015,0.0030246898531913757,4.216665744781494,4.668728828430176,4.200639724731445,4.329132080078125,4.2208757400512695,4.416903495788574,4.327266216278076,4.3093581199646,3.9340455532073975,4.2363715171813965,4.801923751831055,4.612505912780762,4.963287830352783,4.845917701721191,5.03822135925293,5.22958517074585,5.1415629386901855,5.284796237945557,5.54148530960083,6.3618292808532715,6.406130313873291,7.39673376083374,8.152999877929688,8.903100967407227,10.6940336227417,12.606809616088867,16.315481185913086,20.82033348083496,32.83317565917969,0.46069571375846863
189,0.0,9.274636977352202e-05,0.00025140660000033677,0.0005207708454690874,0.00093075045151636,0.0018216088647022843,0.0030822334811091423,3.970041036605835,4.02364444732666,4.144870758056641,4.085168361663818,4.078351974487305,4.00191068649292,3.9862194061279297,4.417594909667969,4.080194473266602,4.524031162261963,4.862355709075928,5.011849403381348,4.628701210021973,5.039267063140869,5.011974811553955,5.080003261566162,5.174961090087891,5.619295120239258,5.702409267425537,5.966598033905029,6.136582374572754,6.807405471801758,7.445775508880615,8.392067909240723,10.546805381774902,12.327868461608887,15.651638984680176,19.79352378845215,29.979190826416016,0.42890650033950806
190,0.0,9.597616008250043e-05,0.0002494816726539284,0.0005016322829760611,0.0009344221907667816,0.0017762952484190464,0.00302344118244946,4.083243370056152,4.013300895690918,3.884762763977051,4.138193607330322,4.343340873718262,4.455982208251953,4.294659614562988,4.582736492156982,4.252559661865234,3.920424461364746,69.07515716552734,67.92691040039062,66.04066467285156,72.82585144042969,69.85820770263672,69.74752044677734,68.94795227050781,65.68611145019531,67.18611145019531,71.37374114990234,72.83486938476562,67.80302429199219,72.9793472290039,75.21592712402344,69.72445678710938,80.18659210205078,76.98880004882812,84.1373291015625,36.3210334777832,0.5233594179153442
191,0.0,8.186263585230336e-05,0.00021676585311070085,0.0004568213480524719,0.0008728381362743676,0.0017559620318934321,0.0029737174045294523,4.129660129547119,4.580550670623779,4.166979789733887,4.130292892456055,4.177517414093018,4.194077491760254,4.098299026489258,4.560392379760742,4.121708393096924,4.3931193351745605,8.550802230834961,9.191383361816406,8.601418495178223,8.863720893859863,9.027339935302734,8.950544357299805,9.498403549194336,9.407116889953613,9.699416160583496,9.417631149291992,10.043207168579102,10.825616836547852,12.013824462890625,12.822010040283203,14.21781063079834,15.440332412719727,19.419374465942383,23.723695755004883,32.43254470825195,0.5447611212730408
192,0.0,7.899706542957574e-05,0.00023812110885046422,0.0004832960548810661,0.000907718320377171,0.001705107744783163,0.00284586357884109,4.04835844039917,4.2952961921691895,4.373863697052002,4.589658260345459,4.360084533691406,4.1602630615234375,4.213768482208252,4.192824363708496,4.201643943786621,4.051355838775635,5.018569469451904,5.004786014556885,4.937676906585693,5.486526966094971,4.867282390594482,4.792872905731201,5.063636779785156,5.7720866203308105,5.295340061187744,6.3120880126953125,6.523448467254639,6.6771392822265625,7.724674224853516,8.56273365020752,10.052579879760742,12.017539978027344,15.80262565612793,19.702356338500977,28.796642303466797,0.3975108861923218
193,0.0,0.00014822381490375847,0.0003888104110956192,0.0006886759656481445,0.0013601684477180243,0.0026239119470119476,0.00424078106880188,4.472809791564941,4.0053486824035645,4.376771926879883,4.523040294647217,4.0127387046813965,4.104597091674805,4.233443737030029,4.161438465118408,4.103450298309326,4.546271800994873,5.0443501472473145,4.419203758239746,4.4112396240234375,4.726497650146484,4.903940677642822,5.051514148712158,5.496488571166992,5.642185688018799,5.471269607543945,6.088541507720947,6.135796546936035,7.06119966506958,8.105690002441406,9.02230167388916,11.498651504516602,14.041877746582031,18.271923065185547,23.507658004760742,45.389068603515625,0.5320565700531006
194,0.0,8.367815462406725e-05,0.00020807476539630443,0.0004622273554559797,0.0008552817744202912,0.0015671809669584036,0.0025298071559518576,4.201265811920166,4.477252006530762,4.32633113861084,4.3265228271484375,4.202524662017822,4.684981822967529,4.341038227081299,4.076852321624756,4.246753692626953,4.296051025390625,14.148248672485352,14.583633422851562,14.087301254272461,14.563682556152344,14.100279808044434,14.374690055847168,14.506747245788574,15.91103744506836,14.971447944641113,13.5518798828125,14.570544242858887,16.88329315185547,16.727027893066406,18.808517456054688,19.848125457763672,22.21200942993164,25.616376876831055,30.42357635498047,31.68927574157715,0.5597723722457886
195,0.0,8.734632137930021e-05,0.00022679062385577708,0.0004734327376354486,0.0009004410821944475,0.0017971764318645,0.003036405658349395,4.450606346130371,4.12476110458374,3.878981113433838,4.459920883178711,4.369674205780029,4.263638019561768,4.351528167724609,4.198273658752441,4.352138996124268,4.324728488922119,13.99994945526123,12.764049530029297,14.048330307006836,13.542128562927246,14.194771766662598,14.306754112243652,14.175297737121582,14.57221794128418,15.127707481384277,16.03822135925293,15.768753051757812,15.849717140197754,16.37519073486328,18.00405502319336,19.810274124145508,21.94986343383789,25.269824981689453,29.981510162353516,33.847984313964844,0.4827233552932739
196,0.0,9.360377589473501e-05,0.0002411607129033655,0.0004734385875053704,0.0009260199731215835,0.001812664675526321,0.003022778080776334,4.373783588409424,4.273051738739014,4.287604808807373,4.030735969543457,4.3495564460754395,4.418736457824707,4.181705474853516,4.033034801483154,3.9317686557769775,4.2177934646606445,5.0487589836120605,4.886906623840332,4.790645122528076,4.885982990264893,5.095076560974121,4.892024993896484,5.3698835372924805,5.352964878082275,5.686040878295898,5.559954643249512,6.572542667388916,6.8265380859375,7.688431262969971,8.363860130310059,9.931114196777344,12.372306823730469,15.528491020202637,19.479326248168945,30.632200241088867,0.4419463574886322
197,0.0,0.0001065656470018439,0.00028065056540071964,0.0005763547960668802,0.0010648355819284916,0.002145660575479269,0.0035066711716353893,3.9148054122924805,4.171609401702881,4.35147762298584,4.525982856750488,4.131669044494629,4.178553581237793,4.790427207946777,4.475985527038574,4.13950252532959,4.587210655212402,5.9851250648498535,5.6237077713012695,6.1433329582214355,6.468296527862549,6.4452714920043945,5.561960697174072,6.734498500823975,6.701695442199707,6.960581302642822,6.855398654937744,7.169129371643066,8.560125350952148,8.86724853515625,9.916799545288086,11.699859619140625,14.279142379760742,18.432024002075195,24.068138122558594,37.50178146362305,0.5239986777305603
198,0.0,8.034030179260299e-05,0.00020896916976198554,0.00043854842078872025,0.0008234847337007523,0.0016426729271188378,0.002774657914415002,4.174191951751709,4.383782386779785,4.266462326049805,4.132786750793457,4.470717906951904,4.384393215179443,4.78018856048584,4.2252960205078125,4.609772682189941,4.118335247039795,9.22553539276123,8.473773002624512,8.709529876708984,8.767874717712402,9.227629661560059,9.177111625671387,8.432077407836914,9.637581825256348,9.644959449768066,10.357688903808594,10.078471183776855,10.633928298950195,11.44966983795166,13.206887245178223,14.63521957397461,16.980093002319336,21.653270721435547,26.021244049072266,36.57374572753906,0.5491358041763306
199,0.0,8.546531898900867e-05,0.00022737609106115997,0.0004541071248240769,0.0008590550860390067,0.0017336164601147175,0.0029590700287371874,4.176157474517822,4.08225679397583,4.210700988769531,4.223829746246338,4.346424102783203,4.190212249755859,4.225010871887207,4.5390625,4.529857635498047,4.480669021606445,14.909552574157715,13.05402946472168,14.241059303283691,14.08138370513916,13.473490715026855,12.888344764709473,14.043439865112305,14.031318664550781,13.658791542053223,14.51183032989502,14.251211166381836,14.487147331237793,16.40814208984375,16.96399688720703,17.097272872924805,20.99677085876465,24.88259506225586,28.16844940185547,33.83980941772461,0.5053708553314209
200,0.0,7.838426972739398e-05,0.00021648580150213093,0.0004590870230458677,0.000853969540912658,0.0016850443789735436,0.002844688482582569,4.571628570556641,4.108560562133789,3.855792284011841,4.242151737213135,4.574819087982178,4.343862533569336,4.0417375564575195,4.039215087890625,4.448302268981934,4.2470383644104,13.796670913696289,15.051264762878418,15.373495101928711,14.053200721740723,14.266237258911133,13.234582901000977,14.029168128967285,14.006508827209473,14.640623092651367,16.146207809448242,15.233753204345703,15.735697746276855,16.249244689941406,18.200002670288086,20.739473342895508,21.93895721435547,25.410198211669922,29.99600601196289,32.974735260009766,0.4501490890979767
201,0.0,9.332664194516838e-05,0.0002566235198173672,0.0005056600784882903,0.0010006610536947846,0.0019795296248048544,0.0033280879724770784,4.08904504776001,4.048004627227783,4.160400390625,4.05826473236084,4.564868450164795,4.128948211669922,4.378446578979492,4.658139705657959,4.061264991760254,4.0580902099609375,5.16502571105957,4.831165313720703,5.0818328857421875,4.788147926330566,4.5557637214660645,4.927338123321533,5.14663028717041,5.180426120758057,5.312839984893799,5.728792667388916,5.955970764160156,6.609113693237305,7.677674293518066,8.282523155212402,10.097798347473145,11.846063613891602,15.334129333496094,20.057188034057617,31.578685760498047,0.4267157316207886
202,0.0,0.00010354430560255423,0.00027565978234633803,0.0005845454288646579,0.001105580129660666,0.0020860033109784126,0.003414951730519533,4.285728931427002,3.9262917041778564,4.118197917938232,4.267059803009033,4.181674480438232,4.26659631729126,4.500834941864014,4.437695503234863,4.145545959472656,4.061817169189453,13.847474098205566,13.918928146362305,13.915761947631836,13.303291320800781,14.169647216796875,13.334921836853027,13.668242454528809,13.726767539978027,15.753838539123535,15.206502914428711,14.86977767944336,15.084479331970215,16.29908561706543,16.976675033569336,18.731502532958984,21.283559799194336,25.040693283081055,29.75116729736328,31.59134864807129,0.4087415933609009
203,0.0,0.00010584615665720776,0.00027682987274602056,0.0005748887197114527,0.0010422476334497333,0.002113793045282364,0.003528494155034423,4.01861572265625,4.170031547546387,4.128801345825195,4.364607810974121,4.305704116821289,4.222527503967285,4.546572208404541,4.271047115325928,4.6227498054504395,3.8394410610198975,5.013174057006836,4.638940334320068,4.764039516448975,4.817769527435303,4.78665828704834,4.799130916595459,5.033553600311279,5.264986515045166,5.866888523101807,6.0305705070495605,6.51392126083374,7.578678131103516,8.114648818969727,9.2525634765625,11.116303443908691,13.399377822875977,18.234933853149414,24.56212615966797,52.9102897644043,0.7728594541549683
204,0.0,0.00010931197903119028,0.00028051575645804405,0.0005758862826041877,0.0010832760017365217,0.002188808750361204,0.0036457888782024384,3.983440399169922,4.346513271331787,4.243750095367432,4.395465850830078,4.138979911804199,4.310070514678955,4.098985195159912,4.232390880584717,4.477349281311035,4.337181568145752,4.950743198394775,4.530246734619141,4.995004177093506,4.65384578704834,4.4968342781066895,5.063125133514404,5.375848770141602,5.258694648742676,5.211901664733887,6.026976108551025,6.063785076141357,6.698544025421143,7.494604587554932,8.6085844039917,10.126766204833984,12.673233985900879,16.59420394897461,20.911985397338867,32.81499099731445,0.4279402196407318
205,0.0,8.083263674052432e-05,0.0002286001545144245,0.00044818074093200266,0.0008419656078331172,0.0016815809067338705,0.002877631224691868,4.472570419311523,4.384953498840332,4.403886318206787,4.547941207885742,4.019445896148682,4.653477191925049,4.393582344055176,4.3891215324401855,4.424255847930908,3.9867117404937744,5.808584213256836,5.904979228973389,5.860334396362305,5.76097297668457,5.990077495574951,5.918515205383301,6.239135265350342,5.907229900360107,6.512546062469482,6.827752113342285,7.022604942321777,8.382068634033203,8.150501251220703,9.334924697875977,10.747610092163086,13.358497619628906,17.312639236450195,21.92290687561035,32.474403381347656,0.4756987392902374
206,0.0,8.918354433262721e-05,0.000239295739447698,0.0005124826566316187,0.0009613271104171872,0.0018663418013602495,0.003131476230919361,4.48505163192749,3.990833282470703,4.098160743713379,4.565703392028809,4.170831203460693,4.342024803161621,4.587059020996094,3.887268543243408,4.1508564949035645,4.355403423309326,39.825958251953125,40.42485046386719,37.83452606201172,41.32586669921875,37.315025329589844,41.5312614440918,44.83373260498047,39.41091537475586,39.206138610839844,41.31989288330078,41.29274368286133,45.520503997802734,47.10031509399414,46.46467590332031,46.54810333251953,48.41573715209961,52.39183807373047,61.28622817993164,33.125282287597656,0.47793325781822205
207,0.0,7.831693801563233e-05,0.00022160992375575006,0.0004615799116436392,0.0008598959539085627,0.0017746023368090391,0.0029492145404219627,4.537576198577881,4.213467121124268,4.257369041442871,4.308467388153076,3.8331432342529297,4.5005340576171875,4.521838188171387,4.142866134643555,4.49902868270874,4.330292701721191,13.26895809173584,14.025639533996582,13.981963157653809,13.817303657531738,14.227204322814941,14.47213363647461,12.639918327331543,14.892919540405273,14.340177536010742,14.71208667755127,15.634971618652344,16.25551414489746,16.91654396057129,18.08865737915039,18.513826370239258,22.658252716064453,25.32108497619629,30.359268188476562,30.63530158996582,0.3811434507369995
208,0.0,9.032686648424715e-05,0.00023058237275108695,0.0005001152749173343,0.0009205265669152141,0.0019262083806097507,0.003185899695381522,4.581430912017822,4.336475849151611,4.557933807373047,4.360300064086914,4.262906551361084,4.153317451477051,4.128143310546875,4.208916187286377,4.459071636199951,4.4781389236450195,9.902865409851074,8.58755874633789,8.99377155303955,9.595074653625488,9.88868236541748,9.183955192565918,9.490938186645508,8.68919563293457,9.757711410522461,9.262740135192871,10.258012771606445,10.64593505859375,11.869988441467285,13.099727630615234,13.702207565307617,16.70049476623535,20.144926071166992,24.344383239746094,30.897197723388672,0.4239984452724457
209,0.0,7.342721801251173e-05,0.00021654217562172562,0.0004286155744921416,0.0008056095102801919,0.0015499277506023645,0.0026013823226094246,4.248417377471924,4.158636093139648,4.3622541427612305,4.13990592956543,4.168511867523193,4.378458023071289,4.2863054275512695,4.296767234802246,4.469130516052246,4.426060676574707,9.026702880859375,9.57596206665039,8.668736457824707,8.9898099899292,8.790931701660156,8.926815032958984,9.336024284362793,9.792558670043945,9.436539649963379,10.233920097351074,10.376551628112793,11.011957168579102,11.452693939208984,13.201870918273926,15.170612335205078,16.313032150268555,19.54299545288086,24.625394821166992,31.68041229248047,0.451964795589447
210,0.0,9.106840298045427e-05,0.0002710997359827161,0.0005081703420728445,0.000993239227682352,0.0018352301558479667,0.0030087940394878387,4.342396259307861,4.487582206726074,4.218601226806641,4.375886917114258,4.458498477935791,4.4939703941345215,4.160548686981201,4.254675388336182,4.283664226531982,4.515749454498291,61.72774887084961,61.7380256652832,65.5223388671875,63.64426040649414,60.37868881225586,62.73930358886719,58.827552795410156,64.40538024902344,61.850486755371094,64.6346206665039,60.911041259765625,67.87857818603516,62.24738311767578,60.73593521118164,68.69376373291016,71.81829071044922,76.02306365966797,82.55311584472656,37.76692199707031,0.5228236317634583
211,0.0,0.0001031145584420301,0.00027075098478235304,0.0005493865464814007,0.0010517099872231483,0.0021635473240166903,0.0036373825278133154,4.347869396209717,4.2789740562438965,4.354853630065918,4.368233680725098,4.2357001304626465,4.058297157287598,4.523768901824951,4.077250957489014,4.398427963256836,4.101080417633057,4.97260856628418,5.0191802978515625,4.953771591186523,4.9580912590026855,5.146717548370361,5.178174018859863,5.092134952545166,5.384616374969482,5.394328594207764,5.732901573181152,6.370583534240723,7.372259140014648,7.827200412750244,8.834271430969238,10.482358932495117,12.74921703338623,17.197294235229492,20.92496109008789,36.360050201416016,0.5299354791641235
212,0.0,0.00010219524847343564,0.00031126124667935073,0.000596885452978313,0.0011148412013426423,0.0021107299253344536,0.0034457289148122072,4.169275760650635,4.382482051849365,4.764077186584473,4.207540035247803,4.429137706756592,4.158718109130859,4.2535552978515625,4.497346878051758,4.0551629066467285,4.429696559906006,20.449527740478516,20.781469345092773,20.725353240966797,20.814157485961914,19.53485679626465,22.89600944519043,22.61652183532715,21.146881103515625,22.751394271850586,22.096853256225586,23.044029235839844,21.91570472717285,24.228914260864258,24.118900299072266,26.363372802734375,29.186670303344727,31.457199096679688,36.664939880371094,35.66291046142578,0.5374405980110168
213,0.0,8.024551789276302e-05,0.00020847510313615203,0.00044371295371092856,0.0008448451408185065,0.0016416020225733519,0.0027158085722476244,4.471250534057617,4.075191020965576,4.063730716705322,3.9507248401641846,4.064041614532471,4.373072624206543,3.8896961212158203,4.455394744873047,4.396946907043457,4.138903617858887,4.931023597717285,4.859553813934326,4.911563873291016,4.960977554321289,4.847019672393799,5.1098151206970215,4.89975118637085,5.565252780914307,5.332314491271973,5.843820571899414,6.514350414276123,6.988295078277588,7.402595043182373,8.672215461730957,10.051426887512207,12.189370155334473,15.572141647338867,19.765005111694336,30.698408126831055,0.43843209743499756
214,0.0,0.00010467645188327879,0.00027469845372252166,0.0005399007932282984,0.001020630355924368,0.0020391512662172318,0.0034658389631658792,4.123573303222656,4.139172077178955,4.156948566436768,4.074894428253174,4.352004051208496,4.382475852966309,4.129453182220459,4.181763172149658,4.165438175201416,4.43171501159668,9.175538063049316,8.89823055267334,8.822121620178223,9.169315338134766,9.190701484680176,9.093214988708496,9.52692985534668,9.133748054504395,9.874649047851562,9.765846252441406,10.608524322509766,11.15256404876709,11.808401107788086,12.679286003112793,13.847941398620605,16.690481185913086,19.607717514038086,25.626157760620117,33.99760437011719,0.42822614312171936
215,0.0,8.986060856841505e-05,0.00024258362827822566,0.0005241266917437315,0.0009518949082121253,0.0018712113378569484,0.0031005486380308867,4.087663650512695,4.431641578674316,4.261539459228516,4.823062896728516,4.803157806396484,4.294111251831055,3.9689528942108154,4.076193809509277,3.914170503616333,4.634772777557373,8.463887214660645,9.357257843017578,9.044641494750977,9.100192070007324,9.341153144836426,9.02988338470459,8.617680549621582,8.985345840454102,10.13244915008545,10.17583179473877,10.877305030822754,10.822537422180176,12.063438415527344,12.943005561828613,14.926379203796387,16.392168045043945,20.360836029052734,25.744352340698242,34.59709548950195,0.4514380693435669
216,0.0,0.00011575933604035527,0.0003407672338653356,0.0006919727893546224,0.001299879513680935,0.002458237810060382,0.00391010008752346,4.343250274658203,4.2149338722229,4.079731464385986,4.432791709899902,3.84845232963562,4.06498908996582,4.107239723205566,4.204423904418945,4.095115661621094,4.677610874176025,8.914949417114258,9.36212158203125,8.681949615478516,8.879002571105957,9.191707611083984,8.574453353881836,9.292542457580566,9.054990768432617,10.080291748046875,9.520928382873535,10.08845043182373,10.945998191833496,11.071892738342285,12.590191841125488,14.629596710205078,16.045162200927734,20.267841339111328,24.94474220275879,31.6790828704834,0.41725996136665344
217,0.0,0.00010425836080685258,0.0002996475377585739,0.0005798341589979827,0.001069975784048438,0.0021471844520419836,0.0035992676857858896,4.320592403411865,4.260138034820557,3.7514874935150146,4.300042629241943,4.0253005027771,4.251821041107178,4.11318302154541,4.275820732116699,4.162869930267334,4.434323310852051,6.1418304443359375,5.958970546722412,5.624593257904053,5.598372936248779,6.188354969024658,5.951950550079346,6.198884010314941,6.198599338531494,6.861580848693848,6.563409328460693,7.282137870788574,8.744251251220703,8.992445945739746,9.355409622192383,11.382902145385742,14.276020050048828,18.01411247253418,23.353544235229492,39.04726028442383,0.6781407594680786
218,0.0,8.45829417812638e-05,0.00023835957108531147,0.0004761602031067014,0.0008803470991551876,0.0016791780944913626,0.0029007261618971825,4.013561248779297,4.073155879974365,4.2552385330200195,4.377747058868408,4.3797197341918945,4.093271732330322,3.98325777053833,4.324387550354004,4.529362201690674,4.246213436126709,5.00261116027832,4.649743556976318,4.776933670043945,4.967616558074951,5.032323360443115,5.052173137664795,4.927319526672363,5.42885160446167,5.474847793579102,5.9706525802612305,6.516909599304199,6.898547172546387,7.547832489013672,8.837035179138184,10.922134399414062,12.343599319458008,15.600282669067383,20.143117904663086,32.07816696166992,0.4584979712963104
219,0.0,9.538180165691301e-05,0.00024638831382617354,0.0005314462468959391,0.0010345835471525788,0.0019902929197996855,0.0032812715508043766,4.30000638961792,4.116629123687744,4.355380535125732,4.7023515701293945,4.212765693664551,4.208500862121582,3.994574785232544,3.99375319480896,3.9515645503997803,4.301196098327637,14.243517875671387,14.130351066589355,13.725105285644531,13.798449516296387,13.95578670501709,13.045045852661133,15.681032180786133,15.32762622833252,13.432332992553711,14.75486946105957,15.246707916259766,16.16083526611328,18.537065505981445,18.034727096557617,19.291820526123047,21.206880569458008,25.573017120361328,31.334796905517578,33.01085662841797,0.422129362821579
220,0.0,0.00010455057781655341,0.00026607370818965137,0.0005261811893433332,0.0010029647964984179,0.002008857438340783,0.003361928043887019,3.9969232082366943,4.206289291381836,4.352319240570068,4.151116847991943,4.250202178955078,4.183128356933594,3.9577698707580566,4.314349174499512,4.1702775955200195,4.163219928741455,20.64876937866211,22.763521194458008,22.306798934936523,21.228668212890625,22.691020965576172,22.85820770263672,23.48101234436035,21.29161262512207,23.342430114746094,24.27971649169922,24.240236282348633,23.160449981689453,24.148386001586914,24.487245559692383,29.328630447387695,31.8990478515625,34.57014465332031,39.32537078857422,36.9092903137207,0.5228233933448792
221,0.0,9.303108527092263e-05,0.0002501028939150274,0.0005240164464339614,0.0010124169057235122,0.001979474676772952,0.003305372316390276,4.500870227813721,4.5591301918029785,4.047175407409668,4.209166526794434,4.540652751922607,4.404426574707031,4.290935039520264,4.3066253662109375,4.61933708190918,4.431196689605713,5.812567234039307,6.009409427642822,5.921396255493164,6.1257405281066895,5.48770809173584,6.166182518005371,6.3185715675354,6.406571865081787,7.018301963806152,6.806020736694336,7.4420857429504395,8.666756629943848,9.179865837097168,9.816336631774902,11.60446548461914,13.997733116149902,17.296817779541016,21.598724365234375,36.120216369628906,0.48127982020378113
222,0.0,8.896864164853469e-05,0.00025474955327808857,0.000511111575178802,0.0009528740774840117,0.0019329785136505961,0.003325286554172635,4.124628067016602,4.336544990539551,4.392942428588867,4.39948844909668,3.8747799396514893,3.802422523498535,4.313669681549072,4.406142234802246,4.385257720947266,4.529894828796387,19.54966163635254,21.381305694580078,21.12127113342285,21.66012954711914,21.31968879699707,20.365591049194336,20.75835609436035,21.335800170898438,20.182842254638672,20.25346565246582,21.12752914428711,21.726831436157227,25.456424713134766,25.637014389038086,27.531423568725586,29.837112426757812,32.67395782470703,39.12966537475586,48.87918472290039,0.6466140151023865
223,0.0,0.00010160987585550174,0.0002703409409150481,0.0005398886860348284,0.0010470064589753747,0.0020391521975398064,0.0034718364477157593,3.882539749145508,4.235587120056152,4.235589981079102,4.3874430656433105,4.3785481452941895,4.273190498352051,4.1256422996521,4.284473896026611,3.9862260818481445,4.3236517906188965,4.610447406768799,4.462924003601074,4.447669982910156,5.121976852416992,4.80966854095459,5.262060642242432,5.202007293701172,5.291487693786621,6.096521377563477,5.686824321746826,5.894798278808594,7.324476718902588,7.575557708740234,9.00498104095459,11.175683975219727,13.332745552062988,17.000717163085938,22.47471809387207,38.052650451660156,0.5865190029144287
224,0.0,0.0001029137711157091,0.0002717417082749307,0.0005876448121853173,0.0010618208907544613,0.0021255642641335726,0.0036654931027442217,4.5286760330200195,4.300526142120361,4.286244869232178,4.50722074508667,4.2092413902282715,4.29109001159668,4.10862398147583,4.222229480743408,4.288166046142578,4.226150989532471,13.717836380004883,13.735662460327148,13.799609184265137,13.124002456665039,15.142475128173828,13.28565502166748,13.701766014099121,15.16207504272461,15.002103805541992,14.903820037841797,15.705619812011719,16.60544204711914,16.42443084716797,17.368946075439453,19.856090545654297,21.30278205871582,26.206392288208008,31.000877380371094,37.845733642578125,0.5780025720596313
225,0.0,8.14462619018741e-05,0.00020995302475057542,0.00045291605056263506,0.0008531330968253314,0.0016465795924887061,0.002860987326130271,4.023107051849365,4.49421501159668,4.463732719421387,4.347522735595703,4.59349250793457,4.44222354888916,4.415529251098633,4.544650554656982,4.393526554107666,4.288100719451904,8.01612663269043,7.854487895965576,8.170001029968262,7.7885518074035645,7.810288429260254,7.819838047027588,8.916486740112305,8.19127368927002,8.684514045715332,9.15624713897705,9.634078979492188,10.119084358215332,11.015252113342285,11.83406925201416,13.001192092895508,15.131467819213867,18.939184188842773,23.772024154663086,31.65825080871582,0.4234699010848999
226,0.0,8.283778151962906e-05,0.00023587988107465208,0.0004826615913771093,0.0009175123414024711,0.001733415643684566,0.0029592562932521105,4.3168134689331055,4.090472221374512,4.2037835121154785,4.349081039428711,4.0595173835754395,4.136514186859131,4.250967025756836,3.934767723083496,4.128742218017578,4.252235412597656,13.28780746459961,13.418996810913086,13.743840217590332,13.850975036621094,13.28014850616455,15.177190780639648,13.392471313476562,14.738838195800781,14.8648042678833,16.410430908203125,15.590076446533203,15.594742774963379,16.785118103027344,18.731660842895508,19.499216079711914,21.09605598449707,24.666593551635742,29.556617736816406,31.9669246673584,0.4998556971549988
227,0.0,9.207795665133744e-05,0.0002411189634585753,0.00047338809235952795,0.0008863316033966839,0.0017844089306890965,0.003007908584550023,4.810307025909424,4.262933731079102,4.495388507843018,4.0605316162109375,4.132260322570801,4.090534210205078,4.232680797576904,4.251181125640869,4.444912910461426,4.329487323760986,4.8401947021484375,4.338495254516602,4.6061692237854,4.5621724128723145,5.077123165130615,5.506711006164551,5.2176995277404785,5.158146858215332,5.703463077545166,6.233016014099121,6.419198989868164,6.920446872711182,7.59443473815918,8.505780220031738,10.53664493560791,12.052563667297363,15.28735637664795,19.47444725036621,30.543161392211914,0.451558917760849
228,0.0,9.471086377743632e-05,0.0002668826200533658,0.0005406353739090264,0.0010146974818781018,0.0019562665838748217,0.0032690544612705708,3.9968385696411133,4.0460405349731445,4.113689422607422,4.545828819274902,4.134316921234131,4.512847423553467,4.341383934020996,4.0267109870910645,4.13261079788208,4.2899489402771,2305.46533203125,2137.16357421875,2027.7303466796875,2131.54248046875,2195.3330078125,2127.720703125,2205.543212890625,2104.290771484375,2162.9912109375,2281.3916015625,2291.381591796875,2171.05908203125,1934.8319091796875,2253.947265625,2292.263671875,2229.90478515625,2285.65869140625,2114.721923828125,38.1855583190918,0.6005676984786987
229,0.0,6.91373206791468e-05,0.00019369233632460237,0.0004336131678428501,0.0007918566698208451,0.0014705249341204762,0.0024523555766791105,4.376528739929199,4.27131986618042,4.1985883712768555,4.435798168182373,4.4170732498168945,4.094618320465088,4.174999237060547,4.369488716125488,4.308317184448242,4.074589252471924,6.0066118240356445,5.425636291503906,5.458058834075928,5.657327651977539,6.301352024078369,5.707444667816162,6.16736364364624,6.312948703765869,6.749078750610352,7.266808032989502,6.953384876251221,7.814394950866699,8.94637393951416,9.561250686645508,11.014172554016113,13.28608512878418,16.806411743164062,20.63278579711914,30.399240493774414,0.46303030848503113
230,0.0,8.997507393360138e-05,0.00023814005544409156,0.0005192694370634854,0.0009356028167530894,0.0018221404170617461,0.003150413278490305,4.1397013664245605,4.253658771514893,4.143132209777832,4.300215244293213,4.151366710662842,4.164459705352783,4.075320243835449,4.024585723876953,4.5901618003845215,4.474706649780273,13.955118179321289,13.992783546447754,13.702438354492188,14.99438190460205,13.909248352050781,13.262286186218262,14.05693244934082,14.709641456604004,14.66922378540039,16.321481704711914,14.742165565490723,17.023296356201172,16.699426651000977,18.485090255737305,19.579570770263672,21.631494522094727,26.756816864013672,31.66193962097168,36.234397888183594,0.5568603873252869
231,0.0,9.382311691297218e-05,0.00024826746084727347,0.0005013499758206308,0.0009581358754076064,0.001889108563773334,0.0031609460711479187,4.033584117889404,4.245761394500732,4.121466636657715,4.3229169845581055,4.459662914276123,4.179054260253906,4.308261871337891,4.254308700561523,4.018611431121826,4.462922096252441,30.04316520690918,30.743894577026367,31.22458267211914,30.40021324157715,29.726669311523438,30.543407440185547,30.78660774230957,30.48413848876953,29.798391342163086,32.84181594848633,30.558629989624023,31.213380813598633,32.691654205322266,35.14640808105469,33.77779769897461,40.224735260009766,41.344566345214844,45.6422233581543,31.299070358276367,0.404568076133728
232,0.0,9.609694097889587e-05,0.0002655825228430331,0.0005591586232185364,0.0010273210937157273,0.0020413054153323174,0.0033724575769156218,4.0112504959106445,4.341392993927002,4.3487701416015625,3.989116907119751,4.504785537719727,4.175881385803223,4.0934553146362305,4.098411560058594,4.23645544052124,4.006052494049072,4.9641571044921875,4.776752948760986,4.986710071563721,5.02873420715332,4.912815570831299,4.859856605529785,5.588882923126221,5.4408674240112305,5.631965160369873,5.859029769897461,6.48497200012207,6.7068352699279785,7.354335784912109,8.572656631469727,10.408304214477539,12.475114822387695,15.571483612060547,20.113811492919922,31.39190673828125,0.4327133297920227
233,0.0,0.00010147297143703327,0.0002765564131550491,0.0005488398019224405,0.0010224140714854002,0.0020928317680954933,0.003554621944203973,3.8729796409606934,4.151982307434082,4.2714338302612305,4.20246696472168,4.481405258178711,4.523044109344482,4.355116367340088,4.610762119293213,4.677894592285156,4.495290279388428,4.8330912590026855,4.764355659484863,4.880388259887695,4.831900119781494,4.910746097564697,4.9434494972229,5.05770206451416,5.555543422698975,5.423701286315918,5.487109661102295,6.227024555206299,6.897175312042236,7.823349475860596,8.913479804992676,10.515514373779297,12.49613094329834,16.188716888427734,21.740665435791016,34.26799392700195,0.4407356381416321
234,0.0,9.571418922860175e-05,0.00023934915952850133,0.0004829544632229954,0.0009401592542417347,0.0018846762832254171,0.0032489802688360214,4.355837345123291,3.7947378158569336,4.26167106628418,4.218253135681152,4.346614360809326,4.652882099151611,4.167603492736816,4.326848030090332,4.428624153137207,4.429498195648193,40.56904983520508,41.034141540527344,38.51334762573242,35.76314926147461,34.96637725830078,41.628292083740234,37.17702102661133,37.316070556640625,41.638431549072266,38.095584869384766,38.57393264770508,44.78665542602539,40.49702072143555,39.25210952758789,42.27444076538086,46.134742736816406,44.81427764892578,54.58539962768555,35.10454559326172,0.5204976797103882
235,0.0,7.489691051887348e-05,0.00020349843543954194,0.00042381073581054807,0.0007917633629404008,0.001556805451400578,0.002667440567165613,4.172395706176758,4.487838268280029,4.532346725463867,4.155131816864014,3.9852213859558105,4.328117370605469,4.139479637145996,4.34084415435791,4.4820876121521,4.717662811279297,4.872989654541016,4.828841686248779,4.902736663818359,5.17349910736084,4.896571636199951,5.078393459320068,5.026726245880127,5.707670211791992,5.644791603088379,5.836635112762451,6.257058143615723,6.839437007904053,7.933475971221924,9.041780471801758,10.24526596069336,12.340638160705566,15.543437957763672,19.120460510253906,29.57866859436035,0.39228686690330505
