,layer_1,layer_2,layer_3,layer_4,layer_5,layer_6,layer_7,layer_8,layer_9,layer_10,layer_11,layer_12,layer_13,layer_14,layer_15,layer_16,layer_17,layer_18,layer_19,layer_20,layer_21,layer_22,layer_23,layer_24,layer_25,layer_26,layer_27,layer_28,layer_29,layer_30,layer_31,layer_32,layer_33,layer_34,layer_35,layer_36,layer_37
0,0.0,0.00020606169709935784,0.002346980618312955,0.004501978866755962,0.015991918742656708,0.047589343041181564,0.08296994119882584,1.2444953918457031,1.3657866716384888,1.5067509412765503,2.568546772003174,3.459892749786377,5.010327339172363,10.515020370483398,12.026815414428711,17.990598678588867,29.43815040588379,46.32698059082031,78.48828125,117.69639587402344,212.99072265625,273.8931884765625,313.1197509765625,474.238037109375,734.7395629882812,1174.5157470703125,1378.1190185546875,1843.7852783203125,2123.813232421875,3349.240234375,3933.965576171875,6025.158203125,7411.50927734375,9211.0283203125,11949.9833984375,30997.353515625,989.0230712890625
1,0.0,0.0001920221548061818,0.0020322143100202084,0.0039548869244754314,0.013802088797092438,0.04221871495246887,0.06816911697387695,1.1698423624038696,1.259334921836853,1.423591136932373,2.22795033454895,3.3439478874206543,4.188626289367676,9.157041549682617,10.785118103027344,16.523134231567383,23.785728454589844,38.986717224121094,71.7920913696289,99.166259765625,186.56591796875,243.44241333007812,261.6331481933594,395.0769958496094,617.6180419921875,952.7883911132812,1145.154541015625,1441.9613037109375,1884.2186279296875,2569.759521484375,3259.1923828125,4938.84814453125,6036.79736328125,7411.8671875,9974.33203125,22223.19140625,838.3540649414062
2,0.0,0.0002270416880492121,0.002712394343689084,0.005017698742449284,0.017285360023379326,0.050663094967603683,0.0833604484796524,1.2299097776412964,1.2930010557174683,1.5036876201629639,2.442136287689209,3.788879632949829,5.378910541534424,11.743277549743652,13.893160820007324,20.9976806640625,29.35857391357422,24347.998046875,23342.09375,26621.37890625,23353.46875,25838.326171875,26357.873046875,27332.9375,26122.28125,25411.517578125,24372.513671875,25706.8828125,23981.505859375,23016.169921875,25676.748046875,24747.06640625,24904.220703125,23283.98828125,27210.537109375,25001.728515625,726.5857543945312
3,0.0,0.0002256309089716524,0.0027852521743625402,0.0055200266651809216,0.01743989624083042,0.05638997256755829,0.09466773271560669,1.1676087379455566,1.3605101108551025,1.559069275856018,2.6849966049194336,4.089816570281982,5.466528415679932,12.689810752868652,15.396848678588867,21.43405532836914,30.64057159423828,48.93955612182617,89.7944107055664,121.3160400390625,206.744384765625,289.38629150390625,323.7235107421875,478.53350830078125,759.6755981445312,1200.309814453125,1551.1378173828125,1731.072265625,2281.3017578125,3044.57470703125,3963.61767578125,4921.85009765625,6450.1845703125,8534.712890625,11140.9072265625,26901.58203125,909.3659057617188
4,0.0,0.00024540157755836844,0.0031270619947463274,0.006084614899009466,0.020055560395121574,0.060675736516714096,0.10064853727817535,1.2870012521743774,1.2575708627700806,1.5957725048065186,3.0044548511505127,4.495260238647461,5.807256698608398,13.180264472961426,15.911672592163086,24.89691925048828,37.38642501831055,60.28354263305664,104.78501892089844,146.5122833251953,287.48175048828125,331.8581848144531,404.7982177734375,561.3969116210938,915.9480590820312,1427.5948486328125,1851.318359375,2282.931640625,2887.209716796875,3626.52978515625,4195.13330078125,6493.80810546875,8160.91162109375,10097.5615234375,14218.7177734375,34157.95703125,934.87939453125
5,0.0,0.00020553528156597167,0.002009648596867919,0.003950938116759062,0.01239167433232069,0.037111133337020874,0.05777766555547714,1.1134638786315918,1.1724680662155151,1.3523503541946411,1.9949349164962769,2.898847818374634,4.1643548011779785,7.866783142089844,9.74085521697998,13.708442687988281,22.184574127197266,34.98480224609375,57.06349563598633,83.79655456542969,156.50962829589844,203.1458282470703,213.1485137939453,335.8959045410156,529.6907958984375,785.8687744140625,1064.0635986328125,1430.91162109375,1700.4775390625,2507.924560546875,3035.438232421875,4578.49609375,5617.830078125,6763.4921875,9681.521484375,22841.365234375,766.5496215820312
6,0.0,0.00019540460198186338,0.0021882944274693727,0.0041032880544662476,0.01367049477994442,0.03630857169628143,0.06082660332322121,1.137942910194397,1.3110530376434326,1.477670431137085,2.224281072616577,3.0209708213806152,4.226655006408691,8.405172348022461,11.295674324035645,14.863225936889648,23.980440139770508,321.33673095703125,364.7894592285156,368.0211486816406,466.68341064453125,540.9677734375,566.8927001953125,720.0346069335938,953.6925659179688,1367.79931640625,1631.954345703125,1964.060546875,2146.805908203125,3100.03955078125,4031.217529296875,5986.6875,6825.56298828125,8582.8603515625,11905.2041015625,26186.81640625,912.4534301757812
7,0.0,0.0002695269067771733,0.003521356265991926,0.006003484129905701,0.020185736939311028,0.060233987867832184,0.10238237679004669,1.1778484582901,1.4396789073944092,1.5976908206939697,3.0388386249542236,4.725775718688965,6.46377420425415,14.029305458068848,18.056058883666992,22.620437622070312,38.81507873535156,118.43730926513672,172.90245056152344,229.7799072265625,359.7650146484375,421.9687805175781,473.154296875,687.4646606445312,1046.04638671875,1503.073486328125,1891.5216064453125,2501.425048828125,2872.566162109375,3894.18310546875,5042.2587890625,6714.23779296875,8187.400390625,11084.60546875,14207.01171875,32646.09375,1082.2054443359375
8,0.0,0.00027350892196409404,0.003627004800364375,0.006639685016125441,0.01982443779706955,0.05904353782534599,0.10243092477321625,1.252421498298645,1.350016713142395,1.6451014280319214,2.8703420162200928,4.45208215713501,6.2911577224731445,13.247496604919434,18.24518394470215,25.17827796936035,41.322120666503906,266.1007080078125,304.0316467285156,374.8229064941406,500.81512451171875,536.244384765625,634.4517822265625,839.619140625,1161.985107421875,1733.2779541015625,2128.765625,2465.863525390625,3130.6201171875,4011.218994140625,4678.5,6620.04833984375,8012.2275390625,10798.875,13950.6611328125,33857.25390625,952.5670166015625
9,0.0,0.00022148765856400132,0.0026310512330383062,0.005231933668255806,0.01706312596797943,0.05605616047978401,0.08607690781354904,1.1269142627716064,1.2991193532943726,1.4688305854797363,2.5339367389678955,3.733809232711792,5.286719799041748,11.24521541595459,14.192556381225586,20.185279846191406,33.541568756103516,45.99009323120117,77.60306549072266,116.17425537109375,190.2083740234375,260.37286376953125,312.05181884765625,452.1822814941406,747.92919921875,1201.6563720703125,1353.9246826171875,1840.5054931640625,2071.525146484375,2989.82666015625,3478.40966796875,4514.576171875,6024.134765625,7810.9345703125,8958.3662109375,25727.259765625,838.311767578125
10,0.0,0.00022736034588888288,0.0028404714539647102,0.004806692246347666,0.018209099769592285,0.05411843955516815,0.09297267347574234,1.2155077457427979,1.2876379489898682,1.519068717956543,2.4793176651000977,3.9895198345184326,5.264690399169922,10.840567588806152,13.90463924407959,19.799251556396484,31.287927627563477,47.729270935058594,91.90217590332031,142.69906616210938,229.30453491210938,294.94287109375,354.3081970214844,507.8603820800781,798.170654296875,1347.68798828125,1643.304443359375,1880.61083984375,2464.44873046875,3351.082275390625,3788.545654296875,5496.67138671875,6530.9384765625,7985.1494140625,11441.2294921875,28356.97265625,1000.602783203125
11,0.0,0.00023593357764184475,0.002580265747383237,0.005573621951043606,0.017800122499465942,0.052778299897909164,0.09035254269838333,1.244095802307129,1.3280569314956665,1.432114601135254,2.7601022720336914,4.339136123657227,5.688733100891113,11.909131050109863,16.41448974609375,22.07062530517578,34.80443572998047,27427.748046875,27133.900390625,27831.990234375,27561.279296875,29035.201171875,27729.1015625,29191.033203125,28833.474609375,27662.6328125,29278.712890625,30028.447265625,32356.939453125,26499.556640625,27899.333984375,25443.728515625,31255.58203125,30638.4375,33057.36328125,31672.7890625,1188.5927734375
12,0.0,0.00023411045549437404,0.002700093435123563,0.004917156416922808,0.017711712047457695,0.05110340937972069,0.08261623978614807,1.1859989166259766,1.2963309288024902,1.5682909488677979,2.5267467498779297,3.8751890659332275,5.244804382324219,11.804649353027344,14.38364315032959,22.315189361572266,32.33169174194336,57.037841796875,86.6083984375,136.03550720214844,246.08651733398438,326.66668701171875,382.3503112792969,550.0833129882812,923.0042724609375,1475.8743896484375,1818.26611328125,2031.3153076171875,2487.4697265625,3514.718994140625,4806.8740234375,7072.43310546875,8084.28271484375,10735.6923828125,14094.4453125,37680.94140625,1171.598388671875
13,0.0,0.0002299800398759544,0.002909897593781352,0.005704866722226143,0.0189878661185503,0.05450433865189552,0.09743350744247437,1.2123924493789673,1.2726309299468994,1.6406348943710327,2.6368534564971924,3.962550640106201,5.153027534484863,11.774502754211426,16.234712600708008,22.71406364440918,33.67214584350586,55.68008041381836,103.15193176269531,148.89207458496094,260.52569580078125,364.3805847167969,409.55859375,594.5301513671875,898.0753784179688,1575.0357666015625,1715.47119140625,2465.21240234375,3002.810546875,3616.99755859375,5012.51904296875,7189.57275390625,8688.4287109375,11351.5625,14482.2568359375,34964.6328125,1173.9879150390625
14,0.0,0.00025730408378876746,0.0028306881431490183,0.005493482109159231,0.020138302817940712,0.055059321224689484,0.08280351758003235,1.1137690544128418,1.2657017707824707,1.5045992136001587,2.889287233352661,4.47417688369751,5.42280912399292,12.905099868774414,17.060333251953125,23.344253540039062,39.362152099609375,2921.564208984375,2876.763916015625,3169.195556640625,2832.408203125,2791.82470703125,2958.734130859375,3384.789794921875,3470.685546875,3970.1806640625,3994.161376953125,4580.91845703125,4601.525390625,6420.9384765625,7138.41162109375,8805.40234375,10355.4150390625,11788.17578125,14614.13671875,35965.41015625,1266.832763671875
15,0.0,0.0002757800102699548,0.0031080255284905434,0.006301470100879669,0.021044431254267693,0.057155199348926544,0.09497645497322083,1.233136773109436,1.4520167112350464,1.6429849863052368,2.9728598594665527,4.218352794647217,5.723458290100098,13.453496932983398,17.22175407409668,25.18790054321289,38.2077751159668,64.3989486694336,127.34844207763672,176.67031860351562,309.6004638671875,439.12640380859375,525.9178466796875,663.3975830078125,1073.622802734375,1717.33544921875,2154.904541015625,2560.038330078125,3029.6181640625,3915.30078125,5414.36328125,7392.9375,8562.1201171875,11233.650390625,15370.984375,37881.89453125,1044.56396484375
16,0.0,0.0002575386897660792,0.0029947147704660892,0.005638996604830027,0.01816324144601822,0.05300087854266167,0.0853840783238411,1.2306146621704102,1.214729905128479,1.514042615890503,2.7678427696228027,4.021838665008545,5.730885028839111,10.849191665649414,15.469141006469727,20.0726261138916,32.57935333251953,222.7705535888672,258.825927734375,315.1402587890625,419.637939453125,480.2996826171875,572.7935180664062,797.1857299804688,1030.4012451171875,1536.331787109375,1846.1273193359375,2294.672607421875,3022.496826171875,3733.320556640625,4717.01123046875,6267.9833984375,8385.55078125,10163.0078125,13777.7890625,32120.826171875,945.5364379882812
17,0.0,0.00020027271239086986,0.0023007213603705168,0.004119867458939552,0.013765822164714336,0.04334848374128342,0.07366975396871567,1.119705319404602,1.2868036031723022,1.400750756263733,2.291754961013794,3.240893602371216,4.372875213623047,9.35604476928711,11.192198753356934,17.55293846130371,24.395185470581055,41.0472297668457,71.36041259765625,109.33692169189453,191.20526123046875,272.2399597167969,293.635986328125,435.1499328613281,596.0828857421875,1022.51123046875,1261.4248046875,1629.817626953125,1888.37158203125,2584.1787109375,3265.115234375,5152.13916015625,6326.2119140625,7481.15625,10182.904296875,22131.31640625,715.7664184570312
18,0.0,0.0002559719141572714,0.0030696794856339693,0.00537297734990716,0.017620209604501724,0.05225708708167076,0.09310777485370636,1.228593349456787,1.2964282035827637,1.60154128074646,2.6935207843780518,4.147223949432373,5.743401527404785,12.52418041229248,15.453309059143066,21.737720489501953,33.328670501708984,46.536293029785156,80.00906372070312,119.50300598144531,211.73541259765625,261.13232421875,317.32470703125,440.5456237792969,676.442626953125,1097.172607421875,1386.4765625,1576.747314453125,1996.955810546875,2725.081298828125,3350.485107421875,4377.4853515625,5963.04638671875,7893.4697265625,10066.1982421875,23123.2734375,703.1571044921875
19,0.0,0.00021463495795615017,0.0026491107419133186,0.0048001310788095,0.016345318406820297,0.04959581047296524,0.07982569187879562,1.1552327871322632,1.180732250213623,1.4715815782546997,2.5971133708953857,3.9171142578125,4.8962531089782715,11.167396545410156,13.78501033782959,19.714086532592773,29.919950485229492,30694.03515625,31089.388671875,29956.9375,33076.171875,30112.96484375,27554.953125,27916.873046875,29129.279296875,32392.92578125,32873.6875,30386.4921875,29205.830078125,28883.541015625,31134.109375,31863.26171875,30246.12890625,31620.5234375,35626.375,28490.00390625,908.972900390625
20,0.0,0.00024035546812228858,0.003042927011847496,0.005675539840012789,0.017857488244771957,0.04808061569929123,0.08442258089780807,1.0622754096984863,1.3497490882873535,1.6372989416122437,2.6263742446899414,3.896289825439453,5.43026876449585,11.552611351013184,15.367059707641602,20.356698989868164,33.702125549316406,23343.369140625,23816.5078125,23731.81640625,24441.861328125,21621.302734375,26039.876953125,22854.5625,24039.228515625,22824.806640625,22965.443359375,23163.17578125,24076.326171875,24607.55078125,24342.673828125,26306.220703125,25349.28515625,28410.6328125,29517.83984375,32020.07421875,953.2088623046875
21,0.0,0.0002797696797642857,0.0033032542560249567,0.006222315598279238,0.02211378514766693,0.06481587886810303,0.11427587270736694,1.1885364055633545,1.3888193368911743,1.656678557395935,2.953967571258545,4.704043865203857,6.512076377868652,13.883035659790039,17.900516510009766,25.300634384155273,41.9887580871582,1428.479248046875,1535.656982421875,1515.677001953125,1818.2772216796875,1869.3448486328125,2002.75830078125,2108.37646484375,2681.13916015625,3243.4775390625,3642.486083984375,4081.1806640625,5233.5146484375,6650.71728515625,7571.24365234375,9753.25,11627.205078125,14285.1123046875,18385.50390625,43077.2265625,1258.89208984375
22,0.0,0.00022749268100596964,0.00261565949767828,0.005382775794714689,0.017399027943611145,0.050319209694862366,0.09263770282268524,1.1552506685256958,1.2659363746643066,1.489389419555664,2.506402015686035,3.8627758026123047,5.367560863494873,11.392685890197754,13.507966995239258,20.140422821044922,31.676067352294922,46.66234588623047,82.43675231933594,130.92860412597656,225.14356994628906,251.195068359375,314.12994384765625,499.42572021484375,741.092529296875,1246.2647705078125,1456.7642822265625,1707.1854248046875,2099.22021484375,2701.1181640625,3511.80712890625,4638.13818359375,5754.5537109375,7381.677734375,9764.3046875,23380.248046875,692.3234252929688
23,0.0,0.0002577327541075647,0.0029903058893978596,0.005841010250151157,0.020191334187984467,0.05860627442598343,0.09839236736297607,1.2010282278060913,1.3760985136032104,1.6393989324569702,2.7609751224517822,4.49498987197876,6.104161739349365,13.1559476852417,18.947696685791016,23.155282974243164,36.82600021362305,26949.67578125,25258.525390625,24748.62890625,25919.638671875,23614.71484375,24988.90234375,24267.05078125,21597.70703125,23726.177734375,24343.58203125,24716.46484375,22478.99609375,26356.365234375,24297.830078125,27387.294921875,26822.033203125,29015.041015625,29583.18359375,38366.8515625,1108.908935546875
24,0.0,0.00018483951862435788,0.002026110189035535,0.0037767912726849318,0.01253944355994463,0.03574613481760025,0.0631934404373169,1.1479507684707642,1.2185332775115967,1.4178880453109741,2.1425719261169434,2.8380768299102783,3.8839683532714844,9.249734878540039,9.95899486541748,14.248432159423828,21.72534942626953,35.22879409790039,60.522525787353516,89.33169555664062,174.6393280029297,212.03720092773438,247.81179809570312,372.65789794921875,555.3054809570312,941.5386352539062,1203.62158203125,1406.4195556640625,1841.0257568359375,2551.583984375,3328.149658203125,4852.88916015625,6244.8525390625,7543.0576171875,10529.32421875,26920.015625,945.6882934570312
25,0.0,0.0001818253513192758,0.0019240501569584012,0.0038208020851016045,0.011642759665846825,0.032985869795084,0.054023660719394684,1.2375677824020386,1.14333975315094,1.467978596687317,2.0368640422821045,2.6938400268554688,3.616429328918457,7.272069454193115,9.165377616882324,13.111461639404297,18.378562927246094,29.924129486083984,55.6542854309082,88.81501770019531,143.37135314941406,200.73765563964844,244.0933074951172,325.42901611328125,505.3115234375,770.7295532226562,990.2268676757812,1388.16455078125,1699.1903076171875,2319.82763671875,3013.929931640625,4295.91015625,5651.79150390625,6929.8955078125,8098.806640625,21952.80078125,849.8416748046875
26,0.0,0.00029297685250639915,0.0038696411065757275,0.007428973913192749,0.025216132402420044,0.06413600593805313,0.10647961497306824,1.2292242050170898,1.364109992980957,1.5922738313674927,3.187608003616333,4.720735549926758,6.515092849731445,14.951950073242188,19.4455509185791,24.383342742919922,40.711605072021484,549.8065185546875,620.2151489257812,699.869384765625,835.319580078125,908.2929077148438,967.7086791992188,1226.7364501953125,1631.0421142578125,2406.942138671875,2679.885498046875,2942.371826171875,3786.160400390625,4796.751953125,6174.21435546875,8011.30859375,9497.396484375,12290.7568359375,14992.044921875,37865.1875,1156.8406982421875
27,0.0,0.00023978929675649852,0.002800870453938842,0.005511327181011438,0.018786752596497536,0.056146685034036636,0.09462053328752518,1.150858998298645,1.31151282787323,1.481133222579956,2.659719944000244,4.023645401000977,5.533419132232666,12.231985092163086,14.537984848022461,24.640073776245117,38.6876106262207,32506.115234375,29636.73046875,28630.689453125,31514.685546875,29208.693359375,30313.28515625,28165.591796875,28224.552734375,29930.279296875,28029.634765625,30479.0859375,29691.173828125,30668.5625,28278.673828125,31725.90234375,31948.662109375,32036.57421875,36045.9375,35699.68359375,965.2071533203125
28,0.0,0.0003063949116040021,0.00414669793099165,0.007279145531356335,0.0228132214397192,0.06183980032801628,0.10690012574195862,1.194827914237976,1.3616150617599487,1.5925055742263794,3.0191855430603027,4.398232936859131,6.360311031341553,14.604228973388672,19.63838768005371,27.97281837463379,40.00294494628906,22450.474609375,22941.623046875,22610.341796875,22071.47265625,23443.509765625,21749.875,23389.5234375,23857.78125,23214.26171875,22685.80078125,22730.8203125,21239.44921875,22523.701171875,23699.44921875,22993.376953125,24954.453125,24446.26171875,26306.24609375,29655.125,787.6414184570312
29,0.0,0.0002470573817845434,0.0028628262225538492,0.005115365143865347,0.01741447113454342,0.05613500624895096,0.0834837257862091,1.2308640480041504,1.2850650548934937,1.592345952987671,2.6484899520874023,3.8206231594085693,5.093367576599121,12.5324068069458,15.503475189208984,22.5621337890625,32.69443893432617,52.9966926574707,90.16678619384766,135.43722534179688,234.70639038085938,296.8304748535156,338.6004638671875,500.96600341796875,745.9906616210938,1316.5853271484375,1473.4100341796875,1719.3775634765625,2121.512451171875,3110.29443359375,3613.1591796875,5465.31884765625,5832.0419921875,7969.07421875,10411.095703125,24866.513671875,784.2416381835938
30,0.0,0.0002620409650262445,0.0031891632825136185,0.005849921144545078,0.019319942221045494,0.05504036322236061,0.09921059012413025,1.2418920993804932,1.3354800939559937,1.6313492059707642,2.8507533073425293,4.449596405029297,6.096620082855225,13.888169288635254,19.4393367767334,23.857681274414062,38.8284797668457,66.1025619506836,110.9864730834961,174.97467041015625,299.59930419921875,377.03607177734375,461.248779296875,662.5300903320312,1047.2445068359375,1553.957275390625,1872.558837890625,2683.531494140625,3250.16064453125,4054.0751953125,5285.35498046875,7150.7724609375,8670.1748046875,11603.634765625,16710.345703125,38067.7890625,1086.238525390625
31,0.0,0.00020130968187004328,0.002408350585028529,0.004597288556396961,0.013635829091072083,0.042196258902549744,0.07800853252410889,1.2314890623092651,1.3289908170700073,1.4929568767547607,2.442300319671631,3.3948540687561035,4.3021392822265625,9.546468734741211,11.717849731445312,16.616865158081055,25.503807067871094,48.311683654785156,76.7697982788086,113.57709503173828,195.93785095214844,245.2205047607422,294.25140380859375,432.9620666503906,601.6647338867188,956.7990112304688,1200.290771484375,1661.5118408203125,1820.4466552734375,2646.59765625,3105.88134765625,4089.115478515625,5863.85791015625,7218.796875,9793.892578125,24698.98046875,746.6209106445312
32,0.0,0.0002668516826815903,0.003574203932657838,0.006015174090862274,0.020235491916537285,0.06208030506968498,0.10598016530275345,1.0970871448516846,1.2987102270126343,1.6286261081695557,2.897139310836792,4.492189407348633,6.294332981109619,14.093432426452637,17.561933517456055,27.401615142822266,38.4614143371582,119.39729309082031,160.22520446777344,212.65045166015625,335.1200866699219,396.7697448730469,456.3179016113281,610.6946411132812,950.0641479492188,1552.5592041015625,1899.05126953125,2288.5126953125,2821.119140625,3624.543701171875,4743.67138671875,6089.43017578125,7910.80615234375,9894.5888671875,13871.9560546875,35197.56640625,1015.969970703125
33,0.0,0.0002847865398507565,0.003578310599550605,0.006390777882188559,0.02217794582247734,0.058797016739845276,0.09450388699769974,1.3083155155181885,1.3072346448898315,1.6441826820373535,2.8773670196533203,4.501462936401367,6.294188976287842,14.401379585266113,19.116762161254883,25.65317726135254,39.77416229248047,106.08238983154297,159.49468994140625,211.29449462890625,374.9151611328125,439.699951171875,528.5740356445312,802.0678100585938,1120.5111083984375,1752.6739501953125,2335.166015625,2580.984130859375,3412.456298828125,4549.1611328125,5347.89892578125,7414.54443359375,9260.3544921875,11327.57421875,15270.9521484375,38147.125,1058.112060546875
34,0.0,0.0002763424126897007,0.0036228233948349953,0.006427610758692026,0.024136487394571304,0.06275849789381027,0.11008032411336899,1.1582324504852295,1.3740007877349854,1.6556826829910278,2.9899489879608154,4.840939521789551,6.492845058441162,15.00423526763916,18.12155532836914,27.49509048461914,41.68318176269531,542.5003051757812,547.31591796875,642.4468994140625,765.17626953125,838.4551391601562,923.2294311523438,1139.54052734375,1551.6993408203125,2222.08349609375,2541.664306640625,2999.44189453125,3398.65087890625,4818.90234375,5442.15625,7541.314453125,10194.5048828125,12678.0107421875,15413.466796875,39445.15625,1150.3450927734375
35,0.0,0.000292003940558061,0.0035011430736631155,0.006718519143760204,0.02343016117811203,0.07155585289001465,0.11242233961820602,1.2429553270339966,1.3951412439346313,1.6934359073638916,3.200216054916382,4.713170528411865,6.328591346740723,15.992131233215332,20.119260787963867,27.36393928527832,41.497413635253906,23121.0859375,23042.828125,24808.65234375,25038.4140625,26466.75390625,24807.02734375,26855.1328125,26404.9375,26672.09765625,25934.43359375,27855.2890625,26567.4296875,25706.330078125,27733.576171875,29410.46875,29755.537109375,30157.5703125,35652.1953125,45389.47265625,1274.8680419921875
36,0.0,0.0003246005217079073,0.0042013437487185,0.007816119119524956,0.025542862713336945,0.0728602185845375,0.1151518002152443,1.2377632856369019,1.398047685623169,1.7293111085891724,3.307150363922119,5.316558837890625,7.01400899887085,16.622583389282227,20.493579864501953,28.059162139892578,43.814876556396484,438.25579833984375,441.0212707519531,528.5111083984375,700.6751708984375,769.7246704101562,809.1187744140625,1098.202880859375,1356.6220703125,2107.460693359375,2474.059326171875,2936.793701171875,3457.007080078125,4433.31982421875,5055.29638671875,6814.4912109375,9168.7666015625,10508.576171875,14124.099609375,37941.1875,1014.3015747070312
37,0.0,0.0002564541937317699,0.002773114712908864,0.005267508793622255,0.018177494406700134,0.05006024241447449,0.08228999376296997,1.1817824840545654,1.2433949708938599,1.532796025276184,2.5998716354370117,3.718074083328247,5.349356651306152,11.344268798828125,13.927338600158691,21.45700454711914,34.15947341918945,101.46855926513672,149.58139038085938,199.04042053222656,318.1073303222656,410.42315673828125,455.5240173339844,671.9189453125,961.8819580078125,1458.12890625,1819.6737060546875,2458.586669921875,2727.912841796875,3498.734130859375,4684.05224609375,6394.01220703125,7885.23974609375,9711.296875,13372.220703125,32650.482421875,1052.2630615234375
38,0.0,0.00021720706718042493,0.002411241177469492,0.004748545121401548,0.014698891900479794,0.041130341589450836,0.08026266098022461,1.2375171184539795,1.248319387435913,1.4620661735534668,2.253654956817627,3.3727078437805176,4.644371032714844,9.720672607421875,12.665802955627441,17.2833251953125,24.11976432800293,42.02353286743164,74.63957977294922,101.56356048583984,192.70716857910156,221.35733032226562,253.9723663330078,390.79864501953125,617.3162841796875,1014.820556640625,1086.4715576171875,1579.244384765625,1822.578857421875,2547.881591796875,3072.591064453125,4285.37841796875,5308.75732421875,6903.6083984375,8602.7685546875,20609.173828125,551.7646484375
39,0.0,0.00020713375124614686,0.0022872688714414835,0.004386024549603462,0.01367062609642744,0.04087601602077484,0.07035304605960846,1.1552232503890991,1.2495652437210083,1.4022209644317627,2.233945608139038,3.3006529808044434,4.509613513946533,8.889317512512207,11.552543640136719,17.16866683959961,24.920034408569336,40.78375244140625,72.57624816894531,109.3541488647461,191.59048461914062,253.92527770996094,270.6805725097656,427.4746398925781,630.8386840820312,1013.2040405273438,1263.561767578125,1467.82470703125,1932.9439697265625,2750.335205078125,3268.561767578125,4651.4541015625,6360.23681640625,7724.42041015625,10080.689453125,22428.849609375,660.1195068359375
40,0.0,0.00026375666493549943,0.003169827163219452,0.005878468044102192,0.020960530266165733,0.059243280440568924,0.1001967042684555,1.2159698009490967,1.3814501762390137,1.6050901412963867,2.8646607398986816,4.46766471862793,6.3049397468566895,13.377082824707031,17.530946731567383,25.43735694885254,35.27601623535156,3966.037841796875,3988.453125,4073.613037109375,4244.703125,4343.8115234375,3953.59619140625,4377.8642578125,4666.16650390625,4971.55126953125,5450.4033203125,5274.69921875,5771.27880859375,6406.310546875,7512.65478515625,9438.998046875,11347.2490234375,12287.15625,15082.8525390625,34056.390625,1128.2265625
41,0.0,0.00021770558669231832,0.002605541842058301,0.00441714795306325,0.016231274232268333,0.04106337949633598,0.06901374459266663,1.138543725013733,1.1965608596801758,1.5850833654403687,2.3702392578125,3.5104732513427734,4.859100341796875,10.069174766540527,13.520207405090332,17.726219177246094,30.03108024597168,30785.64453125,29247.173828125,28305.43359375,30899.62890625,27001.884765625,32455.533203125,31228.40234375,32608.166015625,29102.80078125,27861.12890625,27158.326171875,27805.26171875,29690.59765625,26567.22265625,32455.517578125,30885.345703125,30236.73828125,34130.72265625,27035.529296875,840.5188598632812
42,0.0,0.0002491092018317431,0.003228266490623355,0.0062508294358849525,0.019610363990068436,0.05616772547364235,0.10190924257040024,1.1274423599243164,1.2867478132247925,1.6268969774246216,2.883758544921875,4.165485858917236,5.478231906890869,12.522236824035645,18.39403533935547,23.790122985839844,38.0166130065918,62.078495025634766,104.34976959228516,156.29891967773438,279.50408935546875,364.5212097167969,439.0615234375,606.1500244140625,904.22021484375,1643.122802734375,1819.912109375,2235.579345703125,2981.4296875,3748.018798828125,4723.740234375,6832.5283203125,7822.76416015625,10605.8720703125,13833.482421875,38239.98046875,1064.505859375
43,0.0,0.00027961403247900307,0.0033503472805023193,0.006441779434680939,0.021344613283872604,0.05952813848853111,0.10485631227493286,1.2512147426605225,1.311154842376709,1.7149064540863037,3.0936295986175537,4.2670512199401855,6.305904388427734,14.410789489746094,18.028356552124023,25.434314727783203,40.500274658203125,80.73197174072266,134.69369506835938,197.09535217285156,320.8337097167969,451.09759521484375,516.603515625,759.871826171875,1189.398193359375,1995.4061279296875,2155.176513671875,2699.294921875,3601.01806640625,4666.99609375,5930.05322265625,7985.28564453125,10590.1005859375,12361.54296875,17249.451171875,42526.65625,1194.55078125
44,0.0,0.00025302532594650984,0.002836227184161544,0.005380564369261265,0.01825513131916523,0.052292656153440475,0.09706620126962662,1.1524487733840942,1.4340401887893677,1.518513798713684,2.703550100326538,3.872274160385132,5.814594745635986,12.927303314208984,16.189437866210938,22.238162994384766,34.10624313354492,27644.228515625,28134.1484375,25992.5625,26895.5,24659.787109375,29501.9140625,25102.044921875,25952.537109375,26546.814453125,25944.658203125,25734.640625,27779.068359375,24067.46875,27464.966796875,27809.830078125,28613.966796875,27860.9140625,30613.193359375,33393.40625,934.4566040039062
45,0.0,0.00026452852762304246,0.0028936590533703566,0.0058131772093474865,0.019242817535996437,0.05277766287326813,0.08835513144731522,1.1973305940628052,1.3442597389221191,1.5638636350631714,2.9466471672058105,4.455185413360596,5.889218807220459,12.26638412475586,16.129854202270508,21.615222930908203,33.08506393432617,56.62826919555664,101.41340637207031,158.0111083984375,240.9779510498047,308.30975341796875,355.9530029296875,551.6578369140625,791.842529296875,1275.2900390625,1469.4066162109375,1999.8934326171875,2290.646728515625,3277.92626953125,3890.89501953125,5434.64599609375,6561.658203125,8518.83984375,10805.0703125,26040.4609375,911.640380859375
46,0.0,0.00025741124409250915,0.003249733941629529,0.0058907028287649155,0.019445862621068954,0.05382341518998146,0.09268530458211899,1.1857905387878418,1.2838881015777588,1.5968836545944214,2.7350168228149414,4.059587001800537,5.9154558181762695,12.582463264465332,16.13995933532715,23.7457332611084,37.051116943359375,94.45470428466797,141.64797973632812,191.32131958007812,278.6714782714844,363.17095947265625,416.44976806640625,608.1348266601562,911.16796875,1352.56884765625,1809.0140380859375,2240.111572265625,2524.833251953125,3582.241455078125,4481.29443359375,6498.71337890625,8256.943359375,11218.1923828125,14274.8857421875,37125.6328125,1153.973876953125
47,0.0,0.00019785741460509598,0.0024613882414996624,0.004748006816953421,0.01442957203835249,0.03954295068979263,0.06845065951347351,1.1303013563156128,1.2511610984802246,1.4822546243667603,2.3339176177978516,3.369669198989868,4.491533279418945,9.835043907165527,12.722885131835938,18.760465621948242,30.167512893676758,319.0896911621094,337.3442077636719,380.2777404785156,468.36474609375,531.5338134765625,603.7539672851562,761.402587890625,960.3262939453125,1615.8409423828125,1639.1492919921875,2259.533203125,2555.126953125,3534.943115234375,4827.72705078125,6460.83544921875,7693.615234375,10096.7568359375,13145.3974609375,31973.296875,1063.333984375
48,0.0,0.0002139329444617033,0.002590144518762827,0.004715357907116413,0.015811055898666382,0.04722001776099205,0.08034893125295639,1.1727707386016846,1.336321473121643,1.547236442565918,2.446556568145752,3.5308477878570557,4.787047863006592,10.216803550720215,12.747386932373047,18.917810440063477,30.85682487487793,47.803321838378906,85.45557403564453,137.19900512695312,232.52975463867188,312.17510986328125,396.2830810546875,575.2955322265625,766.8829956054688,1309.4365234375,1666.286865234375,2147.18359375,2306.567626953125,3271.72314453125,4120.93798828125,6051.04248046875,7367.826171875,9645.46484375,12514.4970703125,32231.26953125,1117.1368408203125
49,0.0,0.0002832504687830806,0.003287829691544175,0.006028227508068085,0.020358335226774216,0.05988550931215286,0.10350489616394043,1.2524133920669556,1.3847336769104004,1.6220718622207642,3.037431478500366,4.673548221588135,6.169203281402588,14.673291206359863,17.9002742767334,27.35466957092285,37.656314849853516,67.435302734375,127.24447631835938,196.81283569335938,332.9194641113281,421.7030944824219,478.3385925292969,805.717041015625,1118.0067138671875,1730.2205810546875,2097.260986328125,2761.855224609375,3166.49169921875,4330.08935546875,5407.42529296875,8470.2392578125,9630.576171875,11743.646484375,17523.48046875,41074.0078125,1284.292724609375
50,0.0,0.00016722340660635382,0.0018395702354609966,0.0035877558402717113,0.011696028523147106,0.03555554524064064,0.05920424312353134,1.1157153844833374,1.1983160972595215,1.3152672052383423,2.112043619155884,2.9972081184387207,3.7647507190704346,8.483838081359863,9.815288543701172,13.97696304321289,20.289243698120117,30.053421020507812,55.37336730957031,78.03096008300781,138.60455322265625,174.0629119873047,219.15049743652344,294.6517639160156,429.6817626953125,734.070556640625,944.029296875,1321.1781005859375,1569.7318115234375,2058.869873046875,2625.955322265625,3625.87353515625,4884.2919921875,5639.9560546875,7655.78759765625,18664.484375,620.1402587890625
51,0.0,0.0002692475391086191,0.0034311681520193815,0.006162263918668032,0.020408811047673225,0.06266996264457703,0.10359065979719162,1.2960379123687744,1.2823057174682617,1.6218805313110352,3.0465145111083984,4.5381035804748535,5.88592529296875,12.832423210144043,17.92880630493164,23.407543182373047,35.9852294921875,44318.48828125,44305.4921875,45536.44140625,43551.171875,46689.38671875,46097.05078125,41362.44140625,42712.27734375,39356.90625,40689.9140625,42401.69921875,42406.47265625,43940.01171875,40950.9140625,42269.21484375,41144.05078125,43049.234375,42414.04296875,34923.859375,1037.0408935546875
52,0.0,0.00024233688600361347,0.002761550946161151,0.005233313422650099,0.01742067001760006,0.04941234365105629,0.08636400103569031,1.1756882667541504,1.2594184875488281,1.4797296524047852,2.4618730545043945,3.706089973449707,5.168310642242432,11.386168479919434,14.92260456085205,21.20088005065918,33.32567596435547,894.4697265625,948.2924194335938,966.7840576171875,991.2650756835938,1142.3404541015625,1129.162841796875,1308.3372802734375,1613.1290283203125,2096.36962890625,2355.3505859375,2554.861083984375,3007.7392578125,3834.557861328125,4807.6806640625,7128.35302734375,8311.2509765625,10609.658203125,14033.9951171875,31975.47265625,1089.828369140625
53,0.0,0.00018636492313817143,0.0021743441466242075,0.003983532078564167,0.013058391399681568,0.03779592365026474,0.06801491975784302,1.2300702333450317,1.3133374452590942,1.4569218158721924,2.4517083168029785,3.150970935821533,4.145324230194092,8.777440071105957,11.136751174926758,14.82616901397705,23.73167610168457,37.322757720947266,68.3370132446289,100.2106704711914,173.35604858398438,225.36489868164062,268.22119140625,412.00921630859375,599.2002563476562,928.034912109375,1275.221435546875,1576.3909912109375,1879.8843994140625,2497.646484375,3249.851318359375,5125.271484375,6665.08642578125,7883.99853515625,10537.404296875,25845.021484375,798.6131591796875
54,0.0,0.0003184734669048339,0.00471612811088562,0.008455776609480381,0.029930496588349342,0.07949383556842804,0.14491945505142212,1.2950317859649658,1.461591362953186,1.806653618812561,3.426396608352661,5.9305500984191895,8.194754600524902,18.560407638549805,23.24342918395996,35.09465789794922,51.88510513305664,118.8349609375,192.6457977294922,268.8703308105469,414.507568359375,516.0736694335938,599.5604248046875,886.4716796875,1283.6727294921875,2115.526611328125,2439.855224609375,3124.035888671875,3774.43896484375,5298.50341796875,5584.30615234375,8289.46484375,9563.818359375,11584.5361328125,16203.3232421875,40028.5703125,1004.862548828125
55,0.0,0.0002802931994665414,0.0037947241216897964,0.006779625080525875,0.021107643842697144,0.05830330029129982,0.10176169127225876,1.2276780605316162,1.3901736736297607,1.5544464588165283,2.9780449867248535,4.870849609375,6.428433418273926,13.858291625976562,18.909086227416992,27.428483963012695,41.958492279052734,25508.8515625,24914.705078125,23550.0390625,25428.861328125,26077.166015625,25798.54296875,26770.28515625,25068.517578125,24359.041015625,24188.189453125,24464.384765625,24668.876953125,27192.501953125,25054.025390625,26246.888671875,29471.279296875,27930.83984375,34051.40234375,41705.5078125,1355.1748046875
56,0.0,0.00025604484835639596,0.003117972519248724,0.005927765276283026,0.019335195422172546,0.05183636024594307,0.08895771205425262,1.216094970703125,1.356842279434204,1.5177052021026611,2.7843379974365234,4.208749294281006,5.466090679168701,13.272889137268066,17.31450843811035,24.898731231689453,34.64727783203125,58.829471588134766,104.42485046386719,175.37928771972656,272.89251708984375,385.8830261230469,455.69482421875,588.6929321289062,1001.6676635742188,1513.0164794921875,1781.1876220703125,2479.985107421875,2731.077392578125,4231.873046875,4972.31591796875,7081.298828125,8907.314453125,11216.1494140625,14182.7490234375,40913.1328125,1206.9278564453125
57,0.0,0.00021993023983668536,0.0026859231293201447,0.004704262129962444,0.015477214008569717,0.04733705520629883,0.07969994843006134,1.1534607410430908,1.2993782758712769,1.4688154458999634,2.5765440464019775,3.5777785778045654,4.610743999481201,10.40063762664795,13.744091987609863,18.264738082885742,30.14383316040039,1514.0399169921875,1562.7156982421875,1747.841552734375,1875.89892578125,1703.196533203125,1969.592041015625,2085.762939453125,2376.9638671875,2825.53466796875,3068.501708984375,3337.688232421875,3735.815673828125,4515.10498046875,5853.978515625,7034.29638671875,8000.39892578125,9848.2900390625,12627.1689453125,28906.48046875,857.1251220703125
58,0.0,0.00022414184059016407,0.0025035038124769926,0.004764181561768055,0.0169975608587265,0.04262154549360275,0.07745979726314545,1.1468735933303833,1.2739386558532715,1.431588888168335,2.5575616359710693,3.538923978805542,4.672828197479248,10.519594192504883,13.2764892578125,19.227584838867188,28.34441566467285,26867.0078125,28618.9140625,30131.59765625,28450.126953125,29184.822265625,27591.990234375,27579.421875,28665.9140625,27558.732421875,27755.349609375,25641.541015625,26783.736328125,28106.484375,26974.568359375,28728.806640625,29103.6484375,29895.47265625,32043.82421875,29246.001953125,961.0399169921875
59,0.0,0.00027361983666196465,0.003792236326262355,0.006464674603193998,0.023743288591504097,0.06459944695234299,0.11256610602140427,1.224722981452942,1.4546297788619995,1.5578304529190063,3.188910961151123,5.238765239715576,6.284730434417725,14.67383861541748,18.89217185974121,27.027353286743164,37.95990753173828,28679.755859375,30270.728515625,29094.052734375,30006.9765625,32264.759765625,27545.916015625,30952.0625,26442.26171875,28603.38671875,29195.126953125,29698.2890625,28158.28125,31434.169921875,30679.162109375,29743.78515625,30661.580078125,30379.994140625,36449.90625,39406.578125,1147.2723388671875
60,0.0,0.00025044308858923614,0.0030785533599555492,0.005502704996615648,0.017939576879143715,0.046129852533340454,0.08151547610759735,1.260251522064209,1.336862564086914,1.5397510528564453,2.570826768875122,3.6494576930999756,5.450592994689941,11.491069793701172,15.795560836791992,18.712059020996094,28.983997344970703,30234.669921875,33610.11328125,30531.716796875,30045.826171875,32323.689453125,29771.140625,27438.513671875,27341.6328125,29771.044921875,28860.490234375,28445.140625,29295.392578125,28559.330078125,27412.28515625,28995.162109375,28818.42578125,28155.224609375,30556.64453125,22740.2734375,614.0465087890625
61,0.0,0.00030428869649767876,0.003833221271634102,0.007165694609284401,0.02245502918958664,0.06682103127241135,0.10811833292245865,1.2744051218032837,1.4408308267593384,1.6667230129241943,3.0931289196014404,4.887027263641357,6.523341655731201,14.3226900100708,19.788625717163086,28.212221145629883,42.751548767089844,77.05309295654297,143.18360900878906,186.51658630371094,342.7087097167969,469.300537109375,535.7032470703125,739.8090209960938,1048.1395263671875,1696.6416015625,2038.473876953125,2728.067626953125,2992.89453125,4311.75537109375,5655.99658203125,7007.9150390625,9169.2265625,11658.2490234375,14874.4638671875,42633.01953125,1259.66650390625
62,0.0,0.00021481644944287837,0.0024447767063975334,0.004841480869799852,0.0165653508156538,0.050848182290792465,0.09196531772613525,1.186059832572937,1.1898270845413208,1.5095231533050537,2.547633647918701,3.840235710144043,5.11684513092041,11.90489387512207,13.995984077453613,19.860103607177734,29.771684646606445,25171.29296875,25471.2578125,25243.48828125,28815.4375,25326.310546875,26190.189453125,26292.87109375,27372.8046875,23401.50390625,24193.029296875,24091.392578125,25904.638671875,25058.9765625,26530.09765625,25437.46875,26441.421875,28470.357421875,28178.130859375,28789.603515625,914.5653076171875
63,0.0,0.00033247616374865174,0.0042657386511564255,0.008136162534356117,0.027988813817501068,0.08645573258399963,0.13101926445960999,1.2319854497909546,1.4301621913909912,1.8251036405563354,3.355957269668579,5.5052809715271,7.818296432495117,19.73293685913086,21.970888137817383,31.641510009765625,49.86890411376953,96.15347290039062,171.61997985839844,249.8599853515625,392.8656921386719,537.3223876953125,601.5303955078125,889.2676391601562,1229.686767578125,2162.147216796875,2503.047607421875,2962.670166015625,3765.17333984375,5071.2177734375,5513.62109375,7663.00830078125,9602.380859375,11648.46875,16034.5302734375,39124.32421875,1088.864501953125
64,0.0,0.00027373351622372866,0.0032077645882964134,0.006686078850179911,0.021502064540982246,0.06361079961061478,0.09716882556676865,1.1773099899291992,1.382737398147583,1.6530247926712036,2.8127527236938477,4.531793117523193,5.851635932922363,14.105131149291992,17.98900032043457,23.28428840637207,41.484588623046875,13567.55859375,13520.6376953125,13411.146484375,14102.69140625,12799.8623046875,13082.041015625,13157.3408203125,12416.9541015625,13555.0517578125,13630.0849609375,13859.685546875,13804.3203125,15074.9580078125,15329.041015625,17213.11328125,17831.732421875,20558.525390625,21118.2734375,37404.1015625,1080.8095703125
65,0.0,0.00022980612993706018,0.0027700206264853477,0.004575680010020733,0.014604710973799229,0.046134527772665024,0.07310574501752853,1.1189614534378052,1.1879403591156006,1.3926740884780884,2.41930890083313,3.3210225105285645,4.542695999145508,9.868785858154297,12.446409225463867,16.42316436767578,27.09334945678711,43.49443054199219,76.7341537475586,114.847900390625,210.05873107910156,272.0411682128906,296.0582275390625,429.4816589355469,751.155517578125,1200.8525390625,1416.5667724609375,1910.9622802734375,2327.797119140625,3149.067138671875,3560.11083984375,5320.66748046875,6583.423828125,8955.982421875,10759.2509765625,28210.646484375,852.066650390625
66,0.0,0.0002455340581946075,0.0031599432695657015,0.0058207157999277115,0.019155021756887436,0.05067579075694084,0.08613194525241852,1.169549584388733,1.2862129211425781,1.5634069442749023,2.737795114517212,4.097213268280029,5.162513732910156,11.0941743850708,15.149849891662598,22.006080627441406,33.8714599609375,530.6614990234375,566.6984252929688,561.4961547851562,666.2017822265625,776.9852905273438,840.0869140625,1053.9970703125,1396.4967041015625,1819.361572265625,2174.401123046875,2647.66064453125,3140.268310546875,4552.9560546875,5323.6591796875,7238.05126953125,9367.37890625,11777.22265625,16047.412109375,38594.76953125,1188.0142822265625
67,0.0,0.00018357766384724528,0.0021550459787249565,0.004082783125340939,0.013197023421525955,0.03662920370697975,0.06146761029958725,1.150118350982666,1.2227736711502075,1.3898342847824097,2.0433549880981445,3.3713479042053223,4.2035908699035645,8.535000801086426,10.62695598602295,14.556114196777344,24.015380859375,39.32786560058594,58.90521240234375,99.48348999023438,162.90728759765625,195.61538696289062,261.6929626464844,366.5093688964844,539.2445678710938,850.6420288085938,1111.69384765625,1415.3031005859375,1620.1004638671875,2111.758056640625,2841.32763671875,3724.024658203125,4967.12060546875,5859.435546875,8105.3134765625,17927.548828125,620.4388427734375
68,0.0,0.0002669052919372916,0.0033119842410087585,0.00663953460752964,0.021755417808890343,0.05904081091284752,0.09819904714822769,1.2096081972122192,1.2556346654891968,1.6269139051437378,2.914973735809326,4.756690502166748,6.095904350280762,13.176572799682617,18.320096969604492,24.77334976196289,37.89902114868164,171.58157348632812,213.5680694580078,266.4793395996094,419.764404296875,491.03521728515625,580.074951171875,838.2601928710938,1224.152099609375,1829.256591796875,2124.11669921875,2798.47119140625,3177.951171875,4479.95263671875,5709.58349609375,7864.75244140625,9163.421875,12354.56640625,18046.48046875,41751.04296875,1258.07275390625
69,0.0,0.0002853965852409601,0.0035205509047955275,0.007020534016191959,0.021750815212726593,0.062168292701244354,0.11921951174736023,1.1685432195663452,1.3314611911773682,1.6774975061416626,3.058029890060425,4.741406440734863,6.255786895751953,15.009836196899414,17.73280906677246,26.388513565063477,40.2373161315918,10677.3798828125,10853.2763671875,10799.037109375,11425.3759765625,12025.5810546875,11340.2822265625,10542.064453125,11661.71875,9912.490234375,12563.5771484375,11976.4345703125,12068.392578125,12086.1845703125,12539.482421875,15177.3359375,14986.0244140625,17822.61328125,20984.015625,37759.91796875,1103.179931640625
70,0.0,0.0002459139795973897,0.0029564397409558296,0.005403927061706781,0.018331820145249367,0.055385906249284744,0.08706784248352051,1.169372320175171,1.3568767309188843,1.5646111965179443,2.4764821529388428,3.788606882095337,5.439789295196533,12.234708786010742,16.09109115600586,23.114383697509766,32.89907455444336,25871.140625,25475.357421875,24815.841796875,26264.98828125,25312.0,25294.705078125,26220.93359375,28939.96484375,29982.3828125,26841.736328125,26726.2578125,25297.392578125,27672.9140625,25109.59765625,25128.544921875,29651.708984375,30580.6328125,32853.078125,40102.27734375,1173.6707763671875
71,0.0,0.00024523629690520465,0.003002217737957835,0.005802399944514036,0.019427834078669548,0.051075272262096405,0.0935797169804573,1.2079998254776,1.363065242767334,1.5320121049880981,2.7076432704925537,3.9350287914276123,5.652714252471924,12.18575668334961,15.828075408935547,22.974313735961914,36.230674743652344,1892.0565185546875,1861.723388671875,2053.550537109375,2189.878662109375,2144.116455078125,2302.464111328125,2499.783203125,2430.095458984375,3050.21142578125,3293.58154296875,3758.099609375,4113.72802734375,4834.55419921875,5712.609375,8354.5859375,9410.1328125,11442.5263671875,15255.0693359375,38403.2265625,1236.307861328125
72,0.0,0.00020146978204138577,0.0021057594567537308,0.004097869619727135,0.013698231428861618,0.03743528202176094,0.06626638770103455,1.1099475622177124,1.2864420413970947,1.4632623195648193,2.273158073425293,3.281499147415161,4.110232830047607,8.832205772399902,11.567818641662598,16.603160858154297,23.56527328491211,20606.47265625,20440.4296875,19865.732421875,22001.42578125,21735.720703125,21932.677734375,20727.724609375,19951.765625,20301.880859375,20950.16796875,21295.0703125,20037.640625,19711.82421875,20566.26171875,21073.068359375,19418.26953125,22635.15234375,24173.025390625,18244.841796875,521.5399780273438
73,0.0,0.00018731264572124928,0.0021267104893922806,0.004281823523342609,0.013905289582908154,0.036643967032432556,0.06362523138523102,1.1616054773330688,1.216232180595398,1.4400184154510498,2.2376763820648193,3.057933807373047,4.349462985992432,9.402315139770508,10.647324562072754,15.450591087341309,25.316598892211914,38.796993255615234,78.38714599609375,106.53285217285156,193.97056579589844,239.95782470703125,294.4853820800781,443.6015319824219,679.4579467773438,1068.3114013671875,1414.9586181640625,1789.8262939453125,2139.157958984375,2989.77392578125,3683.307861328125,5421.9921875,7140.32080078125,9148.7421875,12349.244140625,26449.1640625,908.5741577148438
74,0.0,0.0002670307003427297,0.0029876166954636574,0.005733770318329334,0.019037943333387375,0.051767054945230484,0.08711007982492447,1.2912033796310425,1.2908313274383545,1.5618071556091309,2.5162038803100586,4.090338706970215,5.437797546386719,12.007698059082031,16.827224731445312,23.536258697509766,37.373783111572266,158.41050720214844,186.66720581054688,259.9414978027344,381.75323486328125,444.8770446777344,508.9057312011719,720.1602172851562,1022.29052734375,1492.202880859375,1986.58740234375,2672.961181640625,2867.937255859375,4222.744140625,5610.43115234375,6812.9453125,8641.345703125,11216.1806640625,14187.50390625,37555.6328125,1073.055908203125
75,0.0,0.00024722039233893156,0.0031171829905360937,0.005437856074422598,0.019586231559515,0.05569807067513466,0.10449805110692978,1.160943865776062,1.3236949443817139,1.470515251159668,2.761202812194824,4.282219886779785,5.594075679779053,12.485766410827637,16.856658935546875,22.826213836669922,38.108272552490234,29815.443359375,28860.388671875,28082.9453125,31231.958984375,29368.6328125,28418.623046875,28467.041015625,27245.4453125,28003.451171875,29376.041015625,30822.357421875,31829.857421875,30343.46484375,29932.765625,31240.05078125,31281.662109375,30393.515625,35957.12109375,36309.859375,1087.30810546875
76,0.0,0.0002964935847558081,0.003958079032599926,0.006815101020038128,0.02221803367137909,0.06299933046102524,0.09870869666337967,1.1451867818832397,1.2783536911010742,1.5189738273620605,2.8526644706726074,4.622427940368652,5.512053489685059,13.861651420593262,16.49698829650879,23.286691665649414,32.11542892456055,313.3318176269531,375.6910095214844,422.8406982421875,512.0616455078125,543.4375,602.6586303710938,758.4264526367188,928.2719116210938,1403.0347900390625,1664.3232421875,1931.4150390625,2209.49267578125,2869.791748046875,3123.01123046875,4340.974609375,4937.5732421875,5874.0595703125,8395.6103515625,18835.109375,317.3783874511719
77,0.0,0.00027434935327619314,0.00350531586445868,0.006676568649709225,0.02259533852338791,0.058565884828567505,0.10405387729406357,1.2523301839828491,1.3229377269744873,1.7106943130493164,2.8784658908843994,4.798942565917969,6.4713053703308105,14.285408020019531,17.345603942871094,28.092681884765625,40.04926681518555,372.7251281738281,416.3915100097656,504.2958068847656,650.8596801757812,714.248291015625,764.4050903320312,1060.5914306640625,1441.1156005859375,2022.8521728515625,2405.6787109375,3023.974365234375,3470.466796875,4697.98681640625,5966.17529296875,7564.46337890625,10013.5966796875,12816.2919921875,15869.15234375,40811.68359375,1229.2669677734375
78,0.0,0.00029941104003228247,0.004191041924059391,0.007749056443572044,0.025578640401363373,0.06778129935264587,0.11228794604539871,1.2508280277252197,1.3111480474472046,1.6772760152816772,3.1168875694274902,5.444964408874512,7.636024475097656,17.882057189941406,22.18486213684082,35.930702209472656,47.314125061035156,281.6324462890625,346.3459167480469,411.0917663574219,552.19580078125,687.9093017578125,809.2841796875,1067.6900634765625,1618.767333984375,2146.759033203125,2807.95556640625,3216.998291015625,3883.066162109375,4981.21533203125,6391.71240234375,7803.91259765625,9568.1220703125,12317.4091796875,15407.4248046875,39212.23046875,1043.5531005859375
79,0.0,0.00024175056023523211,0.0028313412331044674,0.0052365995943546295,0.0188788753002882,0.0526781789958477,0.08767125755548477,1.1987462043762207,1.2472834587097168,1.5234971046447754,2.7742056846618652,3.982787847518921,5.1605024337768555,11.60531234741211,15.556063652038574,21.16509246826172,33.784385681152344,31432.552734375,30989.556640625,29888.349609375,31079.84375,29112.037109375,30624.541015625,29599.66015625,32904.7265625,29779.4296875,29592.5546875,30734.859375,31046.619140625,29638.20703125,28909.244140625,32294.37109375,33002.16796875,32091.037109375,35845.265625,33004.890625,1106.6051025390625
80,0.0,0.00034253165358677506,0.004480433184653521,0.009118621237576008,0.03080439195036888,0.08147880434989929,0.12511003017425537,1.281370997428894,1.4343301057815552,1.729556918144226,3.7831881046295166,6.004051685333252,8.209115982055664,18.869871139526367,25.610794067382812,33.46662139892578,50.145172119140625,189.6766357421875,276.77569580078125,326.98577880859375,512.4966430664062,581.654296875,692.0496215820312,1002.7910766601562,1374.656005859375,2138.11669921875,2673.731201171875,3067.028076171875,4005.904052734375,4723.1064453125,5529.630859375,8083.83203125,9086.2158203125,11159.8203125,15993.39453125,36519.16015625,1031.12158203125
81,0.0,0.00022957101464271545,0.0028356253169476986,0.005385625641793013,0.01568606309592724,0.047525905072689056,0.07398885488510132,1.1487586498260498,1.311213731765747,1.5280437469482422,2.424821376800537,3.7815098762512207,5.295921325683594,11.334454536437988,14.502175331115723,20.769527435302734,32.53213119506836,49.539031982421875,89.85054779052734,135.0324249267578,256.2455139160156,346.56988525390625,368.2745056152344,570.7046508789062,814.149169921875,1252.72900390625,1617.9283447265625,1915.8258056640625,2386.173095703125,3699.390625,4061.002685546875,5567.67236328125,6889.9697265625,9356.0126953125,12435.9306640625,30042.98828125,908.934814453125
82,0.0,0.00020683826005551964,0.0021394656505435705,0.00414742948487401,0.013563985005021095,0.039873603731393814,0.0687614157795906,1.154723882675171,1.1597825288772583,1.4578330516815186,2.379990577697754,3.2424514293670654,4.397822380065918,9.522470474243164,11.98169994354248,17.249849319458008,25.54916763305664,41.87720489501953,70.31800079345703,108.63536834716797,177.61703491210938,226.6927490234375,281.7306823730469,431.4796447753906,634.6871948242188,1027.2884521484375,1225.4508056640625,1567.850341796875,1839.9281005859375,2635.34814453125,3303.1162109375,5027.57080078125,6086.5625,7578.70458984375,9950.470703125,24168.685546875,769.7730712890625
83,0.0,0.00021075928816571832,0.0025788075290620327,0.004868703428655863,0.01616493985056877,0.04395586624741554,0.0794098973274231,1.2962814569473267,1.2359048128128052,1.4371870756149292,2.556049346923828,3.6133179664611816,4.5522074699401855,9.221107482910156,12.134507179260254,16.81273078918457,29.570098876953125,42.63321304321289,77.91506958007812,125.10664367675781,202.1773681640625,288.5605773925781,339.4508361816406,516.0477905273438,827.2864990234375,1300.199951171875,1559.096435546875,2034.5982666015625,2503.93505859375,3611.746337890625,4248.423828125,6552.2412109375,7332.00146484375,8774.7099609375,13062.0263671875,31106.42578125,1044.08837890625
84,0.0,0.00023761091870255768,0.002763903234153986,0.005643557291477919,0.018242264166474342,0.04899178445339203,0.08509192615747452,1.1216057538986206,1.3430191278457642,1.509408712387085,2.6883292198181152,3.8514821529388428,5.17892599105835,11.695470809936523,15.734423637390137,21.924461364746094,31.964141845703125,832.161865234375,861.9225463867188,886.393310546875,983.4580688476562,1076.3052978515625,1121.14306640625,1363.7423095703125,1608.6021728515625,2255.4345703125,2562.151611328125,3029.4228515625,3636.542236328125,4662.21923828125,5495.73583984375,6880.103515625,9100.2275390625,10889.1181640625,15068.55859375,34220.8515625,1105.04931640625
85,0.0,0.00027119790320284665,0.003094400279223919,0.005974633153527975,0.019671861082315445,0.057789336889982224,0.10189970582723618,1.2542644739151,1.3669097423553467,1.6115127801895142,2.7701773643493652,4.262893199920654,5.834886074066162,14.076834678649902,16.408649444580078,23.396366119384766,35.65629959106445,38516.48828125,35835.08984375,37817.7890625,39727.46875,38012.77734375,39627.4453125,37093.2890625,37287.890625,37335.75,34815.5234375,34514.984375,35034.140625,36358.81640625,32569.869140625,36620.765625,37290.05078125,35691.14453125,39515.25390625,36102.43359375,1094.0330810546875
86,0.0,0.00021972412650939077,0.0025173421017825603,0.004637555219233036,0.015638524666428566,0.04326467961072922,0.06735163927078247,1.159013271331787,1.2559585571289062,1.4535731077194214,2.474104166030884,3.895148992538452,4.624410152435303,9.224685668945312,12.168025016784668,17.907278060913086,25.627113342285156,10963.1708984375,10451.8271484375,11439.4130859375,11738.73828125,10550.0302734375,10584.6181640625,11483.9345703125,10021.9287109375,11194.638671875,10921.4609375,11699.826171875,11576.88671875,11216.783203125,11627.046875,14427.54296875,13449.98046875,14459.7041015625,17814.59765625,24914.86328125,1006.9100341796875
87,0.0,0.0003166794194839895,0.003921214025467634,0.006986523978412151,0.025134507566690445,0.06919019669294357,0.11163797974586487,1.2212584018707275,1.5061484575271606,1.7692002058029175,3.268745183944702,5.141690254211426,7.629593372344971,16.442384719848633,20.707679748535156,31.447437286376953,48.46005630493164,9129.8759765625,9358.763671875,9131.2880859375,9802.96875,9826.0703125,8993.24609375,9652.0556640625,10635.2763671875,11152.6689453125,10096.41015625,10784.8525390625,11154.453125,11701.93359375,11834.4248046875,13688.095703125,15263.0126953125,16828.16796875,20851.634765625,40787.25390625,1001.8544311523438
88,0.0,0.00025202191318385303,0.003277371870353818,0.006312727928161621,0.019426273182034492,0.05544094368815422,0.09660535305738449,1.1742653846740723,1.3263064622879028,1.5296103954315186,2.5603997707366943,4.3160080909729,5.923773765563965,12.457891464233398,15.434028625488281,23.933032989501953,35.71437072753906,231.56028747558594,293.67620849609375,363.3291320800781,468.9562683105469,552.894287109375,642.359375,863.66943359375,1133.1885986328125,1756.2720947265625,2149.398193359375,2608.856201171875,3157.15673828125,4244.85107421875,5482.47216796875,7536.4697265625,9338.9404296875,11151.041015625,15512.3828125,39618.1953125,1081.2685546875
89,0.0,0.00017085963918361813,0.0017696680733934045,0.0033856022637337446,0.01020375918596983,0.03249215707182884,0.052760157734155655,1.0825737714767456,1.1486613750457764,1.2996398210525513,1.9048902988433838,2.7514727115631104,3.6825954914093018,7.185154438018799,8.802912712097168,11.47249984741211,19.078357696533203,53.93160629272461,74.45155334472656,102.89161682128906,159.47999572753906,192.41525268554688,234.781982421875,313.778564453125,449.1712951660156,817.6324462890625,943.2943115234375,1255.89404296875,1538.883056640625,2027.510498046875,2581.3330078125,3935.945556640625,5090.39501953125,5880.3994140625,8029.99072265625,20788.392578125,648.7927856445312
90,0.0,0.0002676626027096063,0.003145060734823346,0.006327844690531492,0.020542558282613754,0.053103599697351456,0.10001509636640549,1.2274564504623413,1.3091611862182617,1.6828556060791016,2.679466485977173,4.861253261566162,5.651729583740234,12.565869331359863,16.1877498626709,22.940969467163086,38.63882064819336,58.213111877441406,109.52456665039062,167.89990234375,287.5246887207031,368.6824035644531,430.6119079589844,650.5280151367188,1038.023193359375,1646.5684814453125,2027.39111328125,2529.024169921875,3009.671875,4349.76220703125,4882.7958984375,7631.17626953125,9184.2587890625,10756.076171875,15833.80078125,37576.47265625,1037.4619140625
91,0.0,0.00023332939599640667,0.0029725616332143545,0.00518817501142621,0.018386907875537872,0.05128040909767151,0.08590897917747498,1.1971197128295898,1.2753658294677734,1.6838836669921875,2.8225436210632324,3.886937141418457,5.2110371589660645,11.761740684509277,16.180299758911133,23.082826614379883,35.05632400512695,28892.013671875,27885.701171875,28134.525390625,28347.599609375,30818.029296875,29299.8125,25537.09765625,28681.955078125,27648.259765625,27802.62890625,26109.193359375,28162.978515625,28628.236328125,29631.451171875,28710.833984375,29927.150390625,29025.056640625,32309.75390625,30473.357421875,945.2664184570312
92,0.0,0.0002405472769169137,0.0027238172478973866,0.005420854315161705,0.01727932132780552,0.046840786933898926,0.08292511105537415,1.2194842100143433,1.3388564586639404,1.5167863368988037,2.588848352432251,3.9205470085144043,4.7391180992126465,11.91447925567627,13.966813087463379,19.9840087890625,34.051734924316406,86.19024658203125,126.2229232788086,178.5715789794922,268.1523742675781,357.827392578125,401.3786926269531,550.0970458984375,910.0518188476562,1421.346435546875,1586.6473388671875,2192.97314453125,2651.196533203125,3464.033203125,4491.80810546875,6998.35498046875,9075.5048828125,11000.7841796875,13390.140625,33658.62890625,1124.6370849609375
93,0.0,0.0002616059791762382,0.0032484016846865416,0.005854968447238207,0.020886290818452835,0.05844836309552193,0.09573675692081451,1.118320345878601,1.2857223749160767,1.591255784034729,2.9405405521392822,4.440070152282715,5.800923824310303,12.85273265838623,16.572343826293945,23.330005645751953,38.12134552001953,26737.453125,27867.568359375,26236.96484375,27583.744140625,27855.458984375,25827.0234375,24849.041015625,26462.830078125,26752.326171875,26293.048828125,27434.462890625,25726.22265625,27145.060546875,28054.755859375,28190.025390625,27943.470703125,29798.4921875,31119.154296875,37816.83203125,1023.6423950195312
94,0.0,0.00023669075744692236,0.0027238966431468725,0.00531313382089138,0.016597477719187737,0.044238824397325516,0.07757856696844101,1.1498997211456299,1.2691668272018433,1.4510769844055176,2.214878559112549,3.758061408996582,5.001198768615723,11.02763557434082,13.60669994354248,18.02806282043457,28.01678466796875,30415.50390625,30602.384765625,32497.9296875,27946.28125,30394.802734375,27652.25,31600.06640625,32052.09375,30899.384765625,28725.55078125,29394.4765625,30513.869140625,26324.73828125,28678.076171875,27316.490234375,32170.517578125,30113.8125,31612.384765625,23097.876953125,708.8623046875
95,0.0,0.0002022011176450178,0.0022569966968148947,0.004361026920378208,0.014213376678526402,0.03710179775953293,0.06356601417064667,1.1861375570297241,1.2738076448440552,1.4623682498931885,2.265554904937744,3.2510573863983154,4.380071640014648,8.888631820678711,11.167511940002441,16.59389877319336,25.208040237426758,41.151580810546875,72.32889556884766,119.33885955810547,217.2515411376953,267.220458984375,317.4161071777344,451.956298828125,642.5359497070312,1063.8988037109375,1320.0152587890625,1750.4970703125,2204.419189453125,3065.067138671875,3821.94091796875,5109.6728515625,6600.47412109375,8324.5751953125,11471.9609375,28651.1875,881.8295288085938
96,0.0,0.00028570074937306345,0.0036223260685801506,0.006888906937092543,0.023771092295646667,0.0678018257021904,0.1166333258152008,1.3112722635269165,1.4596530199050903,1.6070431470870972,3.036994457244873,5.019434928894043,6.974894046783447,14.7573881149292,19.303516387939453,25.819772720336914,45.473636627197266,14229.4267578125,15316.302734375,15104.0029296875,15638.6083984375,15673.9951171875,16149.818359375,15945.2958984375,16443.359375,16852.95703125,17355.63671875,18784.49609375,18814.693359375,19531.908203125,20288.767578125,22340.60546875,23143.7265625,25244.46875,30722.525390625,41359.546875,1224.3408203125
97,0.0,0.000241394285694696,0.0027338219806551933,0.005280589684844017,0.017120666801929474,0.05039208382368088,0.08987659215927124,1.2217823266983032,1.2547061443328857,1.5162618160247803,2.5642428398132324,3.8943283557891846,5.0599284172058105,11.417543411254883,15.548001289367676,20.694927215576172,35.809932708740234,556.766845703125,585.0336303710938,633.3306274414062,723.616455078125,793.498291015625,879.4253540039062,1043.544921875,1335.1812744140625,1946.087890625,2283.612060546875,2835.022705078125,3194.52880859375,4220.953125,5095.8564453125,7256.9091796875,8800.5712890625,11648.390625,14028.044921875,36111.90234375,1204.7060546875
98,0.0,0.0001957862259587273,0.002334695076569915,0.004234442487359047,0.014404001645743847,0.03908159211277962,0.06428425759077072,1.150016188621521,1.2708103656768799,1.3974590301513672,2.2262558937072754,3.2192516326904297,4.561363697052002,9.43531322479248,11.49789810180664,15.882857322692871,26.391551971435547,13568.5341796875,13113.45703125,13575.6845703125,13990.3994140625,13191.3583984375,13966.2236328125,13732.974609375,11939.91796875,14907.9287109375,13897.982421875,13717.26171875,13552.6845703125,14034.208984375,14966.4541015625,14849.0244140625,15807.7705078125,16240.2724609375,19240.666015625,24196.017578125,743.4032592773438
99,0.0,0.00024060101713985205,0.0027689908165484667,0.005209590774029493,0.01596621610224247,0.050147853791713715,0.07565344125032425,1.141733169555664,1.2258535623550415,1.523438572883606,2.501164674758911,3.729311227798462,5.104587554931641,11.667805671691895,13.921394348144531,20.134864807128906,29.53915023803711,82.94584655761719,112.45415496826172,169.49266052246094,267.50830078125,318.07196044921875,371.79425048828125,568.151123046875,875.9098510742188,1304.778564453125,1574.541259765625,2115.265380859375,2386.47021484375,3343.295654296875,3803.425048828125,5754.22509765625,6334.38525390625,9099.08984375,12274.6806640625,30349.048828125,904.1243896484375
100,0.0,0.0002179741277359426,0.0025780124124139547,0.005044834688305855,0.016230041161179543,0.04678468406200409,0.07841505855321884,1.2013412714004517,1.2324976921081543,1.533897042274475,2.4897210597991943,3.5852649211883545,4.867067813873291,11.205301284790039,12.894495010375977,20.239463806152344,30.879182815551758,25293.123046875,26608.2890625,26101.59765625,26354.47265625,25351.271484375,24096.5078125,23707.115234375,26038.833984375,23819.396484375,23065.06640625,24449.53515625,24051.376953125,27452.265625,26965.66796875,25911.568359375,25639.451171875,27401.115234375,30363.171875,28664.662109375,924.9172973632812
101,0.0,0.00020384702656883746,0.002243603812530637,0.0043091848492622375,0.013240623287856579,0.039584334939718246,0.06679586321115494,1.170629858970642,1.2721567153930664,1.3716753721237183,2.353499174118042,3.3359341621398926,4.375351428985596,8.969582557678223,11.537103652954102,15.333033561706543,25.390579223632812,83.9113540649414,122.03885650634766,158.57798767089844,247.19544982910156,319.8758850097656,334.3742370605469,450.8112487792969,730.7279663085938,1230.56005859375,1484.4296875,1872.3372802734375,2166.027587890625,2941.870361328125,3809.37548828125,5319.62158203125,6594.294921875,8480.2001953125,10961.302734375,26054.615234375,833.3489379882812
102,0.0,0.00023391882132273167,0.0024555318523198366,0.0049346801824867725,0.016104746609926224,0.044411566108465195,0.08116243779659271,1.0804094076156616,1.3299624919891357,1.4553489685058594,2.3503458499908447,3.506190538406372,4.807039737701416,10.460674285888672,13.755370140075684,19.9487361907959,26.959529876708984,44.893184661865234,82.35757446289062,131.71910095214844,215.25369262695312,261.77227783203125,327.1447448730469,493.5006408691406,687.5374755859375,1092.2645263671875,1475.5235595703125,1726.8935546875,2152.95166015625,3011.7744140625,3602.268310546875,4454.44775390625,5624.92724609375,7681.35986328125,10687.3662109375,24682.373046875,825.7549438476562
103,0.0,0.0002262649213662371,0.002582334214821458,0.004909028299152851,0.01489308848977089,0.04428473860025406,0.07617724686861038,1.2096892595291138,1.3182158470153809,1.540146827697754,2.3802435398101807,3.6750426292419434,4.944571495056152,10.301457405090332,12.66788101196289,17.598651885986328,28.556777954101562,43.84697723388672,77.5157470703125,118.20072174072266,194.61148071289062,273.5132141113281,301.10699462890625,442.09100341796875,654.1962890625,1050.3643798828125,1343.873046875,1724.066162109375,2105.25390625,3047.274169921875,3511.879150390625,5093.4990234375,6384.94921875,8245.9853515625,12157.138671875,25537.197265625,802.7937622070312
104,0.0,0.00027509129722602665,0.0032593896612524986,0.006812998093664646,0.022485624998807907,0.056450191885232925,0.1092655211687088,1.1879104375839233,1.3671650886535645,1.6885735988616943,3.050602674484253,4.726757049560547,6.804112434387207,14.50846004486084,18.591796875,28.0921573638916,43.60695266723633,130.83657836914062,188.16082763671875,239.66392517089844,377.3666076660156,470.3180847167969,520.8970947265625,804.1279296875,1266.3470458984375,2140.88427734375,2483.71923828125,3026.41552734375,3673.24560546875,5238.51904296875,5892.87744140625,8619.7900390625,10578.203125,13151.1220703125,17532.955078125,42910.12109375,1245.78955078125
105,0.0,0.0002160552830900997,0.0024695643223822117,0.004556793253868818,0.014534884132444859,0.04215144366025925,0.07030025124549866,1.1216849088668823,1.2146260738372803,1.4535834789276123,2.621946334838867,3.4967727661132812,4.790646076202393,9.465686798095703,12.232376098632812,17.85081672668457,26.93749237060547,25077.63671875,24337.30859375,21729.484375,23097.2890625,22750.15625,23117.310546875,23918.9921875,23060.421875,22837.62890625,22761.265625,23908.263671875,22491.765625,24811.01171875,23302.439453125,25779.669921875,25997.92578125,26220.888671875,28450.537109375,32969.23828125,1052.2806396484375
106,0.0,0.0002646564971655607,0.0030230218544602394,0.005788877140730619,0.020312175154685974,0.051802895963191986,0.08818208426237106,1.17562735080719,1.2954068183898926,1.612119197845459,2.8322601318359375,4.1444010734558105,5.624642848968506,12.484313011169434,17.062997817993164,23.846317291259766,35.656009674072266,70.5140609741211,112.2931900024414,173.29644775390625,309.4156188964844,384.0531005859375,424.0223083496094,702.8858032226562,946.9352416992188,1623.9722900390625,2076.750732421875,2766.19677734375,3010.209228515625,4397.3251953125,5213.744140625,7276.05078125,9451.6708984375,11882.62109375,16724.501953125,41574.359375,1299.926025390625
107,0.0,0.00026943726697936654,0.003446542425081134,0.0062243081629276276,0.023093080148100853,0.06002463772892952,0.10380038619041443,1.2302805185317993,1.372788667678833,1.6210726499557495,2.9638001918792725,4.604498863220215,6.363320827484131,15.156829833984375,18.18674659729004,23.8287353515625,41.85264205932617,7233.849609375,6344.1357421875,6993.28564453125,6502.81201171875,6754.70361328125,6075.08642578125,7113.69189453125,6856.60986328125,8107.36328125,8343.080078125,8547.005859375,9028.099609375,10021.4326171875,10486.2529296875,12905.1005859375,13219.5302734375,15756.3486328125,22564.236328125,41497.328125,1363.50927734375
108,0.0,0.00023961732222232968,0.002974027069285512,0.005345216486603022,0.016887791454792023,0.04996390640735626,0.08413034677505493,1.1133921146392822,1.2392710447311401,1.5525542497634888,2.612903356552124,3.8906331062316895,5.0632805824279785,11.53662109375,14.917491912841797,21.452852249145508,33.018802642822266,303.67071533203125,372.8224792480469,419.9767150878906,508.91571044921875,567.307373046875,651.2355346679688,849.514892578125,1156.3829345703125,1640.3011474609375,1971.309326171875,2435.49755859375,2761.1376953125,3843.681640625,4617.4814453125,6295.4970703125,7629.0224609375,10292.080078125,12949.994140625,33063.0703125,1015.8096313476562
109,0.0,0.00026511462056078017,0.0030667525716125965,0.00580370519310236,0.01996598206460476,0.05747823044657707,0.0947636291384697,1.1377010345458984,1.313825249671936,1.5415096282958984,2.7221436500549316,4.195201396942139,6.063541889190674,12.930302619934082,15.526235580444336,22.55301856994629,37.56609344482422,147.8740692138672,209.21775817871094,230.7397003173828,378.2781982421875,442.09820556640625,504.636962890625,653.5294189453125,1007.4375610351562,1510.826171875,1909.9156494140625,2165.299560546875,2815.627197265625,3638.146484375,4750.18310546875,6103.99951171875,8356.552734375,9773.6005859375,14182.2587890625,34376.16796875,1098.676025390625
110,0.0,0.00021162359917070717,0.002098424592986703,0.004130727611482143,0.01412508636713028,0.03976697847247124,0.06343328952789307,1.2067910432815552,1.2483528852462769,1.3797639608383179,2.2513234615325928,3.234278917312622,4.64723539352417,9.609106063842773,11.017704010009766,15.894539833068848,24.323760986328125,36.47612762451172,70.67913055419922,92.96595001220703,161.80775451660156,230.1630401611328,249.47789001464844,381.6424865722656,614.8851318359375,909.8515014648438,1102.53125,1489.559814453125,1842.58154296875,2083.89013671875,2567.6787109375,3782.33349609375,4898.4404296875,5620.66552734375,7849.6865234375,18433.08984375,560.78955078125
111,0.0,0.000246935902396217,0.002820510882884264,0.005519614554941654,0.017398381605744362,0.049225229769945145,0.08713234215974808,1.2191429138183594,1.3200395107269287,1.4600876569747925,2.706972360610962,4.114125728607178,5.188511848449707,11.115379333496094,15.265864372253418,20.94432830810547,35.162986755371094,2145.589599609375,2502.571044921875,2219.718017578125,2584.720703125,2484.343017578125,2558.259033203125,2605.221435546875,3011.29833984375,3762.55859375,3774.35595703125,4401.046875,4588.82275390625,5868.08935546875,6741.55859375,8927.765625,11052.080078125,12741.9736328125,16821.36328125,38340.46484375,1289.5870361328125
112,0.0,0.0001988969452213496,0.0024065005127340555,0.004416214302182198,0.014665018767118454,0.03876969963312149,0.06695850938558578,1.1575284004211426,1.224979043006897,1.3354454040527344,2.217381000518799,3.1592929363250732,4.451829433441162,8.145977020263672,11.626465797424316,16.478723526000977,23.472074508666992,49.808860778808594,87.83610534667969,117.02384948730469,212.27590942382812,252.95635986328125,291.8848876953125,447.9808654785156,675.9143676757812,1058.8197021484375,1380.5880126953125,1677.5745849609375,1858.4173583984375,2799.452880859375,3227.66845703125,4900.4990234375,5913.572265625,7507.69140625,9654.599609375,23158.544921875,714.6564331054688
113,0.0,0.0002441676042508334,0.0028960807248950005,0.005386678036302328,0.015321972779929638,0.049749262630939484,0.07744263112545013,1.1453074216842651,1.35811185836792,1.507851004600525,2.478745937347412,3.7848188877105713,5.54677677154541,11.4752836227417,14.672403335571289,20.334388732910156,32.929664611816406,26351.232421875,29289.09375,29214.00390625,30237.69140625,28690.9296875,29336.173828125,28654.95703125,27785.056640625,29139.3828125,28585.369140625,29181.19140625,26463.72265625,28715.72265625,27552.7578125,30638.607421875,30102.3046875,30802.705078125,35398.515625,30005.6015625,1011.42578125
114,0.0,0.0002160774020012468,0.002508187433704734,0.0051148128695786,0.015282763168215752,0.0427522175014019,0.06817061454057693,1.2459779977798462,1.2610896825790405,1.3113969564437866,2.2851431369781494,3.698498249053955,4.602785110473633,9.198433876037598,12.432172775268555,16.61900520324707,29.3712215423584,45.705596923828125,77.30531311035156,122.03577423095703,213.0335235595703,268.60943603515625,324.8464660644531,472.02691650390625,745.1923217773438,1165.52001953125,1318.86181640625,1722.1260986328125,2042.3084716796875,2960.595703125,3541.42578125,5498.6171875,6452.8125,7608.0322265625,9631.1787109375,25257.404296875,779.8659057617188
115,0.0,0.00022810226073488593,0.0023009232245385647,0.004294108133763075,0.016044892370700836,0.040293145924806595,0.07028943300247192,1.123806357383728,1.2927075624465942,1.509885549545288,2.3924448490142822,3.406477451324463,4.438729286193848,10.383044242858887,12.961190223693848,18.198333740234375,29.849660873413086,68.63079833984375,105.47039794921875,150.6827850341797,239.71669006347656,295.50946044921875,373.2536926269531,550.0265502929688,770.9207763671875,1244.2738037109375,1548.953369140625,1974.8133544921875,2245.21533203125,3055.558837890625,3519.549072265625,5702.3818359375,6816.5029296875,8458.7421875,11332.291015625,27125.56640625,809.5543212890625
116,0.0,0.00020105013391003013,0.002182184485718608,0.004134119022637606,0.012099407613277435,0.040185846388339996,0.07200690358877182,1.1036547422409058,1.2216448783874512,1.5058308839797974,2.1125783920288086,3.0112788677215576,4.106695175170898,7.936813831329346,10.577049255371094,15.153300285339355,22.684734344482422,35.491737365722656,65.1480484008789,101.12164306640625,167.748291015625,245.02610778808594,286.2481689453125,388.3544006347656,596.1036376953125,969.5361938476562,1182.2962646484375,1547.8358154296875,1985.3345947265625,2781.087158203125,3281.6572265625,5050.22314453125,6377.35107421875,7462.68505859375,10919.5146484375,26492.005859375,906.487060546875
117,0.0,0.00023118805256672204,0.0024715850595384836,0.004759517032653093,0.017633479088544846,0.04805707558989525,0.07900281250476837,1.191936731338501,1.3035476207733154,1.4969991445541382,2.5048575401306152,3.661418914794922,5.258049011230469,11.10480785369873,14.749529838562012,20.659210205078125,32.4740104675293,138.3478546142578,186.8126983642578,220.4733428955078,346.1229553222656,404.7196350097656,453.05950927734375,676.0274047851562,1020.18701171875,1578.25634765625,1825.812255859375,2365.109619140625,2830.553955078125,4198.3212890625,4458.07177734375,6523.6611328125,8476.8740234375,10947.3681640625,14618.728515625,39456.35546875,1188.3770751953125
118,0.0,0.00022017426090314984,0.002642074367031455,0.0050079841166734695,0.015207502990961075,0.043981727212667465,0.07450824975967407,1.1699520349502563,1.2200952768325806,1.5000625848770142,2.629265785217285,3.5422604084014893,5.013364315032959,10.194704055786133,13.454453468322754,19.033615112304688,30.781476974487305,25561.9453125,23770.67578125,25801.728515625,22694.12109375,23818.642578125,23838.28125,24912.4140625,25004.693359375,23557.783203125,22433.681640625,23428.95703125,24546.08203125,26713.73046875,27006.75,27746.90625,24955.041015625,28630.78515625,32881.93359375,35195.78125,1192.64453125
119,0.0,0.00022408700897358358,0.002655707998201251,0.004925707820802927,0.017660511657595634,0.05604445934295654,0.09123318642377853,1.233942985534668,1.3063509464263916,1.483900547027588,2.633721351623535,3.8174638748168945,5.249130725860596,11.911423683166504,15.189885139465332,21.081811904907227,31.935365676879883,48.83028030395508,86.76229858398438,123.9623794555664,231.45758056640625,283.7863464355469,331.580810546875,516.4069213867188,770.0498657226562,1319.2232666015625,1528.2313232421875,1904.07958984375,2337.388671875,2998.20361328125,3693.078125,5657.60498046875,6748.50146484375,8334.23828125,11342.666015625,27447.38671875,895.4689331054688
120,0.0,0.0002498533867765218,0.0029038426000624895,0.005722854286432266,0.01942264474928379,0.05390249937772751,0.09944138675928116,1.1955714225769043,1.3029959201812744,1.6319178342819214,2.7851593494415283,4.2505693435668945,6.299386024475098,13.312566757202148,16.093002319335938,22.916393280029297,34.21857452392578,75.04950714111328,111.1362533569336,163.5499725341797,293.7036437988281,335.30413818359375,408.2607727050781,567.2174072265625,905.6702880859375,1464.64306640625,1780.03955078125,2304.966552734375,2651.9541015625,3488.36181640625,4358.90283203125,6077.888671875,8125.08447265625,10446.009765625,13973.392578125,32823.23046875,1167.255859375
121,0.0,0.00023648027854505926,0.0027971789240837097,0.005052616819739342,0.015932200476527214,0.051100537180900574,0.0787261426448822,1.1649625301361084,1.3440192937850952,1.5933464765548706,2.424370288848877,3.774334192276001,5.081065654754639,11.313436508178711,14.017281532287598,19.131267547607422,29.288774490356445,52.47098922729492,90.48615264892578,124.97020721435547,245.93792724609375,295.802490234375,363.0565185546875,519.3299560546875,904.9197998046875,1325.0438232421875,1733.095458984375,2124.963134765625,2454.947021484375,3283.827880859375,4098.244140625,5805.62841796875,7524.85107421875,9253.63671875,12658.3955078125,30498.2578125,953.75439453125
122,0.0,0.0002545671013649553,0.0029521749820560217,0.005778227932751179,0.01899600401520729,0.05309357866644859,0.09208141267299652,1.2041611671447754,1.278971552848816,1.6202954053878784,2.834155797958374,4.171482086181641,5.612806797027588,12.40418815612793,16.100370407104492,22.662193298339844,37.4345703125,120.98088836669922,168.6074981689453,221.6173553466797,341.9682312011719,438.1383972167969,478.5892639160156,706.6447143554688,1031.329345703125,1574.75830078125,1934.58544921875,2522.470703125,3046.064697265625,4082.771728515625,4901.90478515625,6916.31298828125,8612.1142578125,11194.16015625,15403.103515625,34384.2421875,1112.5791015625
123,0.0,0.00025934900622814894,0.002946221735328436,0.005899909883737564,0.02025778219103813,0.054136522114276886,0.09818606823682785,1.2370318174362183,1.3089475631713867,1.626469373703003,2.7681984901428223,4.351347923278809,5.5219902992248535,11.20976448059082,16.3428955078125,23.589290618896484,36.238765716552734,268.32470703125,291.5991516113281,387.0045166015625,472.799560546875,549.3941650390625,594.956298828125,817.517333984375,1083.9168701171875,1629.8837890625,1925.5009765625,2562.3193359375,3081.4150390625,3558.94384765625,4673.95458984375,6670.4365234375,8146.22509765625,9518.822265625,13526.40625,31375.728515625,915.1354370117188
124,0.0,0.00025614764308556914,0.003130003111436963,0.0061996388249099255,0.020029522478580475,0.057851191610097885,0.09493185579776764,1.1754869222640991,1.3996702432632446,1.613362431526184,2.6155636310577393,4.028680324554443,5.925120830535889,12.55080509185791,16.3148250579834,23.67042350769043,36.653175354003906,109.96255493164062,151.88009643554688,192.9437255859375,331.2605895996094,401.63739013671875,449.9718322753906,639.70654296875,995.9863891601562,1483.9869384765625,1777.8333740234375,2343.435546875,2619.603759765625,4026.375244140625,4378.54248046875,6955.32177734375,7748.96728515625,10503.2392578125,14900.236328125,35238.5,985.0626220703125
125,0.0,0.0003120434994343668,0.0038998019881546497,0.0074570393189787865,0.025400761514902115,0.06614140421152115,0.11415945738554001,1.2785154581069946,1.5037425756454468,1.6937644481658936,3.297792673110962,5.343667030334473,7.404826641082764,16.044017791748047,20.917781829833984,32.07419967651367,43.21320343017578,372.17376708984375,465.62896728515625,502.40985107421875,636.2223510742188,749.4400634765625,820.3978271484375,1117.9119873046875,1454.37353515625,2150.800537109375,2536.510009765625,3165.790771484375,3796.916015625,4886.27587890625,5919.56005859375,7644.90625,9181.7568359375,12158.45703125,16050.48046875,35664.828125,1103.4295654296875
126,0.0,0.00018814847862813622,0.0020904045086354017,0.004017157945781946,0.011943195946514606,0.036431387066841125,0.06239526346325874,1.1933674812316895,1.1692397594451904,1.354086995124817,2.227957010269165,2.9946064949035645,3.875131607055664,7.961411952972412,9.779033660888672,14.875579833984375,22.596660614013672,33.61813735961914,61.03361129760742,89.84642028808594,169.9227752685547,230.71292114257812,261.910400390625,386.8586120605469,571.2962036132812,961.233154296875,1194.221923828125,1549.3304443359375,1840.5430908203125,2610.2666015625,3308.876953125,5051.68701171875,6057.3388671875,7541.44921875,9870.947265625,23991.568359375,770.1925659179688
127,0.0,0.0003601769858505577,0.005230414681136608,0.00874277763068676,0.029787244275212288,0.07590351998806,0.13477136194705963,1.257985234260559,1.3572566509246826,1.7294939756393433,3.416508197784424,5.659276485443115,8.2889404296875,18.187591552734375,24.215063095092773,34.67048645019531,53.053932189941406,96.67721557617188,163.5255126953125,240.43057250976562,399.199462890625,481.8343505859375,595.5667114257812,881.0087890625,1199.8695068359375,2159.107666015625,2397.64599609375,3087.356689453125,3652.759765625,4872.9619140625,5609.99658203125,8227.6982421875,9186.06640625,12136.7060546875,16282.830078125,43934.30859375,1035.8828125
128,0.0,0.0003361802373547107,0.004276247229427099,0.00779355876147747,0.02627643756568432,0.07476414740085602,0.13592150807380676,1.2563518285751343,1.519748568534851,1.7058992385864258,3.2131755352020264,5.3881378173828125,7.534427165985107,17.966516494750977,22.55679702758789,32.46281433105469,46.518619537353516,3929.8017578125,4087.95947265625,4250.34375,3902.519775390625,3855.672607421875,3848.884521484375,4114.63134765625,4319.87841796875,4525.330078125,5562.13330078125,5269.8994140625,6046.92431640625,6582.4912109375,7080.42333984375,8472.966796875,10052.513671875,11625.72265625,15957.900390625,38697.50390625,989.5176391601562
129,0.0,0.00022521194478031248,0.0026718326844274998,0.005340467672795057,0.017263058573007584,0.048658862709999084,0.08225791156291962,1.1936169862747192,1.304879069328308,1.5668790340423584,2.5717029571533203,3.8696749210357666,5.308224201202393,12.09344482421875,14.511364936828613,21.904829025268555,34.7790412902832,49.52842330932617,90.85771942138672,146.00201416015625,254.3182373046875,307.72869873046875,378.6425476074219,598.9848022460938,884.6304321289062,1397.6468505859375,1750.1112060546875,2175.795166015625,2625.87451171875,3296.76904296875,4326.77294921875,5991.845703125,7988.0205078125,9777.9541015625,12529.814453125,31885.046875,980.0841064453125
130,0.0,0.00023574255465064198,0.002862372435629368,0.005175584927201271,0.017544077709317207,0.04847366735339165,0.08732270449399948,1.1607273817062378,1.2933812141418457,1.5209832191467285,2.690600633621216,4.097040176391602,5.409567832946777,11.844451904296875,15.098301887512207,20.927085876464844,28.849451065063477,144.73802185058594,181.73416137695312,231.8662872314453,326.4956970214844,408.26873779296875,459.30865478515625,632.7430419921875,918.4127807617188,1499.8193359375,1768.4888916015625,2212.383544921875,2473.01904296875,3311.6416015625,4145.455078125,6743.70849609375,7852.8203125,9428.904296875,13295.7275390625,31561.140625,991.4249267578125
131,0.0,0.00025723493308760226,0.0032334462739527225,0.005997318774461746,0.02025344967842102,0.05914409086108208,0.09727493673563004,1.2077856063842773,1.375928282737732,1.5484035015106201,2.6765289306640625,4.451364040374756,6.072445869445801,13.31470775604248,17.11571502685547,23.048765182495117,37.762718200683594,115.52149200439453,156.7828826904297,220.25973510742188,375.86151123046875,427.50726318359375,521.5302124023438,706.6075439453125,990.83251953125,1525.509521484375,1873.798095703125,2442.164794921875,2846.004150390625,3635.619873046875,4316.59619140625,6959.37255859375,8480.490234375,11138.341796875,14358.287109375,35259.10546875,1092.2523193359375
132,0.0,0.00022506383538711816,0.002821926726028323,0.0053468020632863045,0.01682683639228344,0.04447140544652939,0.07578014582395554,1.1978143453598022,1.321213960647583,1.508906364440918,2.530529737472534,3.587739944458008,4.76611328125,9.741998672485352,13.975668907165527,18.830087661743164,31.603715896606445,26751.958984375,26732.2421875,26460.552734375,29380.693359375,27107.064453125,27146.333984375,25824.33984375,27667.205078125,26648.513671875,25831.375,30628.923828125,27588.81640625,26022.2265625,27224.40234375,29170.45703125,27917.419921875,30340.552734375,33436.6328125,32511.484375,1054.4169921875
133,0.0,0.00032775584259070456,0.004427388310432434,0.008885195478796959,0.027344094589352608,0.07779241353273392,0.12760397791862488,1.3070228099822998,1.4413169622421265,1.8060688972473145,3.341975688934326,6.014151573181152,8.6354398727417,19.24823570251465,26.6247501373291,34.43413543701172,56.902793884277344,423.1827087402344,521.0902099609375,571.1702880859375,778.2081909179688,840.9312133789062,958.015869140625,1256.5848388671875,1678.8875732421875,2515.177978515625,3083.901611328125,3646.044677734375,4037.51318359375,5724.748046875,6873.7431640625,9304.9326171875,10063.09765625,12799.1533203125,18229.02734375,43198.2578125,1183.65869140625
134,0.0,0.00028305090381763875,0.0031455298885703087,0.0064775776118040085,0.01911798119544983,0.05722961947321892,0.10986168682575226,1.1122174263000488,1.3838579654693604,1.6192066669464111,2.759881019592285,4.320765972137451,5.985486030578613,12.67208480834961,15.522195816040039,22.951539993286133,36.83277130126953,26612.490234375,27587.65234375,28413.005859375,29006.599609375,27213.302734375,26317.7578125,28906.333984375,27379.251953125,28827.521484375,26383.11328125,27101.701171875,26346.646484375,28943.9609375,25641.65625,26241.625,28313.8984375,28996.0859375,29133.10546875,27031.560546875,815.2288208007812
135,0.0,0.00025573992752470076,0.0032101876568049192,0.005944557022303343,0.019423162564635277,0.059744980186223984,0.09041658788919449,1.1908891201019287,1.3149707317352295,1.6102215051651,2.7481517791748047,4.296890735626221,5.980795383453369,13.438457489013672,16.317846298217773,23.015771865844727,37.26813507080078,109.79934692382812,156.4662322998047,209.55673217773438,344.1331481933594,413.7737121582031,498.6473693847656,707.450927734375,1040.63037109375,1705.221435546875,1972.4891357421875,2595.673583984375,3211.201171875,4481.55322265625,5481.00439453125,7652.1689453125,9771.5908203125,11538.861328125,15477.55078125,41415.09765625,1292.941162109375
136,0.0,0.00023850669094827026,0.002599545521661639,0.005397503729909658,0.019310517236590385,0.05545157939195633,0.09103422611951828,1.2691978216171265,1.3749936819076538,1.53995943069458,2.9042627811431885,4.145580768585205,5.6807756423950195,12.241047859191895,15.231826782226562,21.369157791137695,36.165672302246094,87.8625259399414,139.74513244628906,176.9535675048828,316.3793640136719,400.1050109863281,474.39910888671875,658.1021118164062,950.3150024414062,1459.28759765625,1784.3045654296875,2158.709716796875,2861.690673828125,3686.92333984375,4783.26416015625,6814.13623046875,8818.537109375,11914.6328125,15113.349609375,36932.77734375,1219.311767578125
137,0.0,0.00026695174165070057,0.0032536089420318604,0.006484488490968943,0.02053106389939785,0.06433970481157303,0.10225293785333633,1.2449097633361816,1.2957974672317505,1.5555554628372192,2.8527047634124756,4.656723499298096,6.830993175506592,13.111430168151855,17.32552146911621,24.197633743286133,39.8356819152832,88.4396743774414,140.72288513183594,196.48114013671875,313.7870788574219,394.6973876953125,486.93780517578125,782.0438842773438,1022.8955688476562,1686.02001953125,2065.58251953125,2583.613525390625,3166.576904296875,4321.568359375,4645.03125,6807.1865234375,9288.4208984375,11068.865234375,14204.1513671875,40562.41015625,1072.1680908203125
138,0.0,0.00017128301260527223,0.001892133615911007,0.0034477091394364834,0.010495836846530437,0.030320335179567337,0.05424399673938751,1.1738826036453247,1.152226209640503,1.306418538093567,1.9349905252456665,2.7194998264312744,3.573007345199585,7.243630409240723,8.751370429992676,11.885588645935059,17.34629249572754,30.5955753326416,50.780025482177734,83.29779815673828,144.26797485351562,185.94024658203125,215.54307556152344,310.8288879394531,517.9771728515625,775.4424438476562,893.1196899414062,1349.6546630859375,1617.109130859375,2162.94140625,2575.468505859375,4081.33935546875,4802.38623046875,5378.08642578125,7539.33544921875,19165.6328125,547.923828125
139,0.0,0.00027264130767434835,0.0032344923820346594,0.005793841555714607,0.020344309508800507,0.06332962214946747,0.10371677577495575,1.2551119327545166,1.330851674079895,1.634967565536499,2.835402488708496,4.370125770568848,5.924671649932861,14.11962604522705,18.917633056640625,25.147003173828125,38.25624465942383,24299.64453125,27441.57421875,26265.97265625,25973.078125,26855.09765625,24323.80078125,26909.76953125,28646.396484375,25086.611328125,25246.94921875,24048.78515625,25705.462890625,26667.677734375,26778.263671875,26482.171875,27944.6171875,30574.50390625,32292.318359375,34111.62109375,1068.642333984375
140,0.0,0.0002465791767463088,0.0029336626175791025,0.005799705162644386,0.01794516108930111,0.04952111467719078,0.08259577304124832,1.1474043130874634,1.2943917512893677,1.5264551639556885,2.7571239471435547,4.098682403564453,5.410229682922363,11.392926216125488,15.034258842468262,22.917367935180664,33.9439697265625,26365.177734375,27798.41796875,27162.708984375,25307.369140625,29424.951171875,25593.548828125,26558.4609375,29011.455078125,28187.28515625,28195.974609375,30841.23828125,30824.953125,28402.861328125,27870.189453125,29612.537109375,30872.658203125,33846.73046875,37782.37109375,40639.9453125,1320.436767578125
141,0.0,0.00019426514336373657,0.002170978579670191,0.004414487164467573,0.01479143463075161,0.04503798112273216,0.08260691165924072,1.2111845016479492,1.2375869750976562,1.5353877544403076,2.3784677982330322,3.2978367805480957,4.546392917633057,9.672621726989746,13.116066932678223,17.05951499938965,25.46207618713379,40.96817398071289,73.33834838867188,105.62114715576172,177.04176330566406,236.57830810546875,247.32322692871094,389.0708312988281,627.8175048828125,969.5477905273438,1186.1353759765625,1456.68212890625,1822.8902587890625,2461.535888671875,2861.606201171875,4520.17822265625,5691.63232421875,6484.50390625,8417.1279296875,21744.8046875,674.2992553710938
142,0.0,0.00018255300528835505,0.0023358245380222797,0.0040658749639987946,0.012854374013841152,0.03734356164932251,0.061486706137657166,1.124621868133545,1.2816740274429321,1.426092505455017,2.3193018436431885,3.2891767024993896,4.210892677307129,8.630210876464844,10.736496925354004,14.679558753967285,23.16827964782715,32.383052825927734,66.05638885498047,100.51748657226562,176.03842163085938,216.8148193359375,269.5591735839844,394.888427734375,585.0857543945312,974.7589111328125,1122.6048583984375,1340.3175048828125,1702.43212890625,2338.371826171875,3010.43603515625,4252.90234375,5149.0751953125,6367.0458984375,9414.4765625,22295.01171875,706.8565673828125
143,0.0,0.00025866838404908776,0.003142403205856681,0.006374385207891464,0.020001858472824097,0.05558231100440025,0.09195271879434586,1.2392991781234741,1.32599675655365,1.6300309896469116,2.8252291679382324,4.331090450286865,6.074681282043457,12.946086883544922,16.53072738647461,24.05097007751465,39.57267379760742,177.74615478515625,211.60882568359375,287.48907470703125,414.87646484375,474.7829284667969,563.959716796875,771.8013305664062,1070.2318115234375,1789.596435546875,1986.18408203125,2685.14404296875,2997.2412109375,4377.56787109375,5310.66748046875,7304.8212890625,8517.0986328125,11244.8408203125,14192.1396484375,36011.171875,1007.5324096679688
144,0.0,0.00019093553419224918,0.002020689658820629,0.0038750935345888138,0.01275965292006731,0.03823040425777435,0.07121753692626953,1.2543669939041138,1.2097432613372803,1.3759897947311401,2.2134742736816406,3.1144697666168213,4.244656562805176,8.284151077270508,10.205571174621582,13.242259979248047,19.828603744506836,33.97221755981445,56.15082550048828,87.287841796875,156.1566162109375,200.6299285888672,232.9542236328125,325.0627136230469,521.2761840820312,792.4846801757812,1041.883544921875,1176.5570068359375,1513.0462646484375,1860.470703125,2433.358642578125,3157.085205078125,4227.0390625,5295.48046875,6992.45263671875,16970.404296875,473.25726318359375
145,0.0,0.00021444026788230985,0.002495105843991041,0.004781185649335384,0.015641357749700546,0.04661770537495613,0.08046799153089523,1.2544941902160645,1.242598295211792,1.4833327531814575,2.325995683670044,3.6212692260742188,4.6383867263793945,10.030485153198242,12.99482250213623,19.907833099365234,28.401987075805664,39.40998840332031,76.83445739746094,124.8222427368164,212.4580078125,274.7278137207031,301.07745361328125,423.5496520996094,705.34326171875,1123.50390625,1431.2020263671875,1673.704345703125,2167.2314453125,2566.335693359375,3443.09375,4854.42822265625,5946.35205078125,7725.5009765625,9970.0029296875,26285.29296875,899.0291748046875
146,0.0,0.00021177133021410555,0.002395631279796362,0.004879162181168795,0.014862721785902977,0.04451726749539375,0.08048224449157715,1.159645915031433,1.2929655313491821,1.4977177381515503,2.480442523956299,3.425225257873535,4.902951717376709,10.042702674865723,12.207188606262207,18.844377517700195,27.800649642944336,48.73100280761719,81.52619171142578,117.73150634765625,219.06753540039062,269.52557373046875,290.0550537109375,466.5059509277344,717.9007568359375,1117.6090087890625,1284.3896484375,1876.125244140625,2015.1656494140625,2981.787353515625,3770.44970703125,5372.1552734375,6862.6552734375,9097.6083984375,12326.1552734375,28453.193359375,972.1600341796875
147,0.0,0.0002608262002468109,0.003120172070339322,0.0055563803762197495,0.019398048520088196,0.056038204580545425,0.09289649873971939,1.2566550970077515,1.2787522077560425,1.5788487195968628,2.708787202835083,4.225378036499023,6.107177257537842,12.721619606018066,16.00004005432129,23.074058532714844,35.25080108642578,25808.384765625,27649.845703125,26631.703125,25934.748046875,24359.025390625,26860.76953125,27732.8359375,25432.119140625,27246.75390625,27163.400390625,25676.91796875,24563.224609375,25445.228515625,26599.673828125,25874.8515625,28116.43359375,27945.62890625,31616.7578125,28376.7890625,832.0264282226562
148,0.0,0.0002205323107773438,0.002616433659568429,0.004934845957905054,0.016642041504383087,0.04636099934577942,0.08001677691936493,1.324347972869873,1.2642148733139038,1.546158790588379,2.704268217086792,3.5257058143615723,4.711839199066162,9.948257446289062,13.025535583496094,19.38641929626465,30.179885864257812,386.18701171875,400.9190673828125,468.1466979980469,549.0581665039062,642.439697265625,690.2056274414062,860.388671875,1174.976806640625,1625.787109375,1818.05908203125,2436.62890625,3095.822265625,3596.854248046875,4534.21533203125,6205.06005859375,8098.98974609375,9744.630859375,13539.2822265625,31565.919921875,1055.501953125
149,0.0,0.00029821135103702545,0.0037843298632651567,0.0076371715404093266,0.026086274534463882,0.06744072586297989,0.1140400618314743,1.2236778736114502,1.4203115701675415,1.66002357006073,2.927252769470215,4.646430015563965,6.382913589477539,15.292993545532227,20.84984588623047,29.111133575439453,41.53345489501953,165.4271697998047,215.68557739257812,273.0859375,396.98046875,467.86346435546875,565.9442749023438,711.5562744140625,1074.14453125,1598.0040283203125,1973.5728759765625,2269.960205078125,2739.875732421875,3420.4130859375,4167.5830078125,5570.84423828125,7052.49609375,8018.060546875,11902.044921875,26331.345703125,677.6377563476562
150,0.0,0.00029351425473578274,0.0034460928291082382,0.006252312567085028,0.02029508352279663,0.06160026788711548,0.09957887977361679,1.2192703485488892,1.2795681953430176,1.4986644983291626,2.6397364139556885,4.1888508796691895,6.420838356018066,13.378096580505371,17.964946746826172,25.59441375732422,37.55604553222656,56.48371887207031,92.37165069580078,145.4252471923828,248.68154907226562,333.7967224121094,365.86944580078125,556.4603881835938,777.9080200195312,1265.6468505859375,1643.471923828125,2050.950439453125,2212.470458984375,3418.15576171875,3614.69140625,4925.90478515625,6587.90966796875,8217.322265625,10835.1279296875,28051.380859375,753.1729736328125
151,0.0,0.0002531670907046646,0.0030918619595468044,0.005479427520185709,0.01841265894472599,0.05129095911979675,0.09074858576059341,1.1724170446395874,1.3494117259979248,1.6166877746582031,2.662241220474243,4.266088008880615,6.035604476928711,11.724849700927734,16.928157806396484,23.480560302734375,36.36878967285156,17793.2421875,16571.185546875,17479.228515625,17307.912109375,15798.5068359375,17165.01171875,15465.318359375,16533.216796875,18654.82421875,18666.001953125,18513.14453125,18350.708984375,20304.51171875,20502.75,22059.724609375,23146.783203125,23819.88671875,29868.7421875,35394.45703125,970.2354125976562
152,0.0,0.0002215563436038792,0.002475056331604719,0.004459342919290066,0.015358147211372852,0.04496721923351288,0.0724993646144867,1.2139675617218018,1.3854957818984985,1.527484655380249,2.4829230308532715,3.453585624694824,4.428979396820068,9.894271850585938,13.201020240783691,16.92694664001465,27.37351417541504,45.01599884033203,74.8323974609375,115.55420684814453,196.37716674804688,260.9661560058594,300.1358947753906,450.3248291015625,688.462646484375,1053.630859375,1190.5775146484375,1731.935302734375,1900.5401611328125,2880.1982421875,3620.7041015625,4896.42138671875,6589.19384765625,7802.47119140625,10536.685546875,25297.609375,869.8958129882812
153,0.0,0.00024443172151222825,0.0027864836156368256,0.004965704400092363,0.016613144427537918,0.04899116978049278,0.07891223579645157,1.255753755569458,1.2758750915527344,1.4497615098953247,2.3639976978302,3.6214582920074463,5.03090763092041,11.2252197265625,14.25699234008789,19.401290893554688,30.15869140625,132.64895629882812,179.04953002929688,210.49766540527344,325.3051452636719,415.485107421875,460.60888671875,645.7343139648438,951.235107421875,1393.2138671875,1651.5714111328125,2237.306396484375,2646.105224609375,3405.01513671875,4252.08642578125,5881.689453125,7419.5205078125,9992.3681640625,13697.458984375,31731.720703125,1001.5933837890625
154,0.0,0.000270040996838361,0.0032954630441963673,0.006515538319945335,0.021184606477618217,0.06557933241128922,0.10565563291311264,1.3716810941696167,1.3135907649993896,1.6568830013275146,3.0306153297424316,4.578013896942139,5.996085166931152,12.76962947845459,18.39598274230957,26.48099708557129,40.39699935913086,927.2371826171875,1011.6026611328125,1015.4473266601562,1298.51025390625,1261.22705078125,1263.765380859375,1626.9903564453125,1872.6915283203125,2381.0615234375,2743.775634765625,3365.840576171875,3727.439208984375,4582.01708984375,6044.6279296875,7596.00146484375,9629.0029296875,10784.169921875,14883.0576171875,36468.83203125,1056.416015625
155,0.0,0.0002697898307815194,0.0032577572856098413,0.005796647164970636,0.019036896526813507,0.05253557488322258,0.09389869123697281,1.2181211709976196,1.2573423385620117,1.6415722370147705,2.765843629837036,4.470992565155029,5.721704006195068,12.815244674682617,16.75270652770996,24.29693031311035,37.10369873046875,30983.908203125,28111.4609375,26001.337890625,26284.44140625,28633.9453125,29699.546875,26342.798828125,24908.587890625,28187.48046875,26991.251953125,25771.1875,25821.30078125,24660.1328125,27177.48046875,28956.681640625,29246.92578125,29697.74609375,32852.28125,35224.171875,1149.0218505859375
156,0.0,0.000528409262187779,0.008339166641235352,0.01483843568712473,0.048186540603637695,0.13620470464229584,0.21981185674667358,1.403510570526123,1.5730953216552734,2.403905153274536,4.796069622039795,8.870946884155273,12.83802604675293,29.556438446044922,39.270626068115234,59.49576187133789,72.92652893066406,7971.484375,8165.46826171875,9064.33203125,8805.162109375,8923.0947265625,8212.091796875,9131.31640625,9653.6142578125,11719.59765625,11014.8447265625,12167.2421875,13489.8486328125,14097.7724609375,15017.484375,17226.201171875,19458.369140625,21405.98828125,27532.744140625,48123.56640625,1069.937255859375
157,0.0,0.0002122915757354349,0.002351450501009822,0.004565330687910318,0.015362059697508812,0.04594966396689415,0.07892893999814987,1.198691964149475,1.2185766696929932,1.4629255533218384,2.3058550357818604,3.4608535766601562,4.869696617126465,10.251248359680176,12.89899730682373,15.926865577697754,26.19318962097168,36.86591339111328,76.12781524658203,100.15776824951172,181.46234130859375,208.43177795410156,255.83255004882812,373.19976806640625,611.3634033203125,948.2391967773438,1083.8525390625,1373.7310791015625,1772.5599365234375,2447.834228515625,2932.979736328125,4106.45361328125,5018.01123046875,6426.85888671875,8544.48046875,21112.412109375,712.0930786132812
158,0.0,0.0003638843190856278,0.005003143101930618,0.010066336020827293,0.03311876952648163,0.08397331833839417,0.14914344251155853,1.2914608716964722,1.4774106740951538,1.8557251691818237,3.6987385749816895,5.921359062194824,8.712530136108398,20.761550903320312,25.96769905090332,39.61233901977539,54.78819274902344,118.46871185302734,194.93838500976562,289.4811706542969,480.2718200683594,549.5375366210938,649.8743896484375,906.3285522460938,1360.248046875,2316.86181640625,2620.739013671875,3218.543701171875,3760.989013671875,4940.6640625,5423.154296875,7625.13916015625,9166.3974609375,11783.4990234375,15420.3623046875,38304.48046875,998.7554321289062
159,0.0,0.0002629022637847811,0.003053195308893919,0.006155936047434807,0.020085128024220467,0.05806027725338936,0.1005101427435875,1.2707020044326782,1.3554455041885376,1.5752534866333008,2.8391175270080566,4.658847808837891,5.734749794006348,13.539290428161621,16.857133865356445,25.611421585083008,37.839088439941406,264.60101318359375,315.0205078125,373.3819580078125,475.0891418457031,538.9393920898438,633.4931640625,843.417724609375,1082.497802734375,1625.6185302734375,1908.2703857421875,2488.690185546875,2916.11279296875,3967.3447265625,4505.2041015625,6107.265625,8259.30078125,9648.62890625,12941.0126953125,31358.568359375,904.564697265625
160,0.0,0.0002600574807729572,0.003260768484324217,0.006477570626884699,0.0203121155500412,0.059257615357637405,0.10118807107210159,1.4058724641799927,1.346570611000061,1.6575307846069336,2.8160018920898438,4.315918445587158,5.598903656005859,13.157922744750977,16.665075302124023,25.7463321685791,39.33982467651367,1510.214599609375,1584.2354736328125,1697.863525390625,1744.68408203125,1744.1517333984375,1945.952880859375,2261.2255859375,2476.294189453125,3076.382568359375,3347.9755859375,3709.92822265625,4573.7216796875,5387.916015625,6463.404296875,8234.1923828125,10278.5400390625,11375.9501953125,16444.66796875,38473.5,1162.42431640625
161,0.0,0.0002473501954227686,0.002772641135379672,0.005518036428838968,0.01809186302125454,0.05003476142883301,0.08446269482374191,1.1876637935638428,1.3267847299575806,1.4161087274551392,2.6581504344940186,3.921915054321289,5.141127109527588,11.733733177185059,14.936957359313965,21.397581100463867,29.891666412353516,629.5584106445312,729.4971313476562,747.7978515625,843.7413940429688,948.2491455078125,993.60986328125,1202.2430419921875,1526.2886962890625,1996.22412109375,2380.43212890625,2830.03515625,3208.500732421875,4244.52685546875,5376.42236328125,7727.009765625,9647.052734375,11541.1455078125,14276.0703125,36127.03125,1026.452392578125
162,0.0,0.0003584575606510043,0.004763157572597265,0.009073957800865173,0.027969544753432274,0.08449501544237137,0.13634535670280457,1.2578141689300537,1.4462822675704956,1.740823745727539,3.246246337890625,5.426819801330566,7.756906509399414,17.986501693725586,23.22811508178711,32.165653228759766,48.35586166381836,743.112548828125,789.3609008789062,817.1973876953125,996.0675659179688,1056.7864990234375,1191.1375732421875,1391.436279296875,1845.04833984375,2708.272705078125,3228.622802734375,3498.654052734375,3953.024169921875,4968.20947265625,5721.849609375,7650.533203125,8618.2646484375,11161.0927734375,15255.529296875,34570.79296875,851.8971557617188
163,0.0,0.0002938681864179671,0.0033216325100511312,0.006480925716459751,0.02078792080283165,0.05734981223940849,0.1010088101029396,1.1637153625488281,1.3553152084350586,1.6444876194000244,2.865804433822632,4.502974987030029,6.076725482940674,13.430943489074707,18.02271270751953,23.84025001525879,33.853477478027344,68.83203125,116.10950469970703,160.04957580566406,305.7845764160156,381.05926513671875,428.1054992675781,700.1537475585938,1072.331298828125,1645.957763671875,2004.830078125,2637.80615234375,3017.7822265625,4017.4658203125,5365.9130859375,7829.04638671875,9445.5205078125,12131.2724609375,15111.1591796875,37493.44921875,1039.3353271484375
164,0.0,0.0002660453028511256,0.003362283343449235,0.006095947697758675,0.019890395924448967,0.05285775288939476,0.09700638055801392,1.166199803352356,1.3574050664901733,1.6096036434173584,2.704113006591797,4.276490211486816,5.893041610717773,12.779167175292969,19.10044288635254,25.29109764099121,39.16438293457031,111.75396728515625,165.7880401611328,214.7382354736328,351.065185546875,434.58282470703125,505.2644348144531,782.5615844726562,1129.7081298828125,1721.43212890625,2092.27978515625,2513.444091796875,3400.32861328125,4453.4423828125,5132.5224609375,7047.103515625,9503.88671875,11231.685546875,15209.8017578125,39619.0390625,1116.7757568359375
165,0.0,0.00023672364477533847,0.0026396012399345636,0.005121197085827589,0.016885720193386078,0.04545089974999428,0.08442490547895432,1.2719111442565918,1.309509038925171,1.5564911365509033,2.4618828296661377,3.677987813949585,4.932178974151611,10.7974853515625,14.90530014038086,21.04590606689453,33.98950958251953,51.40762710571289,94.89189147949219,150.73394775390625,262.5143127441406,348.39056396484375,400.086181640625,619.5848388671875,881.4971313476562,1485.7523193359375,1813.6142578125,2255.174072265625,3111.54345703125,4335.25830078125,5259.15576171875,7314.81201171875,9669.71875,12356.9609375,16907.05859375,42170.515625,1253.5548095703125
166,0.0,0.00023361654893960804,0.0027498947456479073,0.005590492859482765,0.017874862998723984,0.05152956768870354,0.08537393808364868,1.0943927764892578,1.3182449340820312,1.404706358909607,2.8030455112457275,4.264267921447754,5.331075191497803,11.308537483215332,15.428051948547363,21.755542755126953,31.269948959350586,51.47576141357422,92.9507827758789,138.72119140625,261.3216552734375,328.5307312011719,357.97314453125,546.3048095703125,832.2864990234375,1397.3052978515625,1844.5777587890625,2161.634521484375,2750.982666015625,3384.0390625,4459.7490234375,6066.7353515625,8290.3125,9861.830078125,13380.724609375,34301.33984375,1104.216796875
167,0.0,0.00024190862313844264,0.0030832684133201838,0.006241194438189268,0.021546820178627968,0.05771936476230621,0.09839379787445068,1.2283271551132202,1.3821277618408203,1.5339049100875854,2.6711106300354004,4.260386943817139,5.622865676879883,12.559369087219238,16.16627311706543,22.792661666870117,37.29450988769531,164.28225708007812,208.7907257080078,278.8896484375,363.3077697753906,465.1691589355469,531.1435546875,751.41845703125,1117.291015625,1567.686767578125,2030.4560546875,2414.67626953125,2756.654541015625,3630.1337890625,4877.51611328125,6981.5693359375,7877.416015625,11280.3291015625,14813.6728515625,37872.9921875,1047.564453125
168,0.0,0.00023530764156021178,0.00291983550414443,0.005577895790338516,0.018259942531585693,0.051457479596138,0.08177465945482254,1.197598934173584,1.336137294769287,1.4123361110687256,2.696812868118286,3.8728294372558594,5.147409915924072,11.12081527709961,15.82204818725586,20.453458786010742,34.82487869262695,2045.2156982421875,2002.996337890625,2036.01611328125,2244.596923828125,2235.447021484375,2244.80908203125,2516.9140625,2869.0390625,3308.633056640625,3883.421142578125,4224.6787109375,4663.75146484375,5770.64208984375,6728.41943359375,8523.40625,10791.8505859375,13014.5986328125,16301.7763671875,34510.5625,1108.8720703125
169,0.0,0.0002734674490056932,0.003515303833410144,0.006254184991121292,0.02004886604845524,0.05315232649445534,0.09790343046188354,1.1479954719543457,1.3778685331344604,1.5769298076629639,2.9985556602478027,4.513747215270996,6.182368278503418,13.544954299926758,17.298194885253906,22.875873565673828,39.17572021484375,583.1488037109375,642.0278930664062,721.0907592773438,834.4931030273438,904.5701904296875,979.9907836914062,1156.441162109375,1414.106689453125,2049.921142578125,2252.796630859375,2760.661376953125,3398.677490234375,4082.4453125,5201.826171875,6782.07421875,8878.7939453125,10693.908203125,13732.0908203125,31909.7734375,1012.45556640625
170,0.0,0.00021483017189893872,0.0024450188502669334,0.004609313327819109,0.014530323445796967,0.04184025153517723,0.0668482705950737,1.1194560527801514,1.1894716024398804,1.3480212688446045,2.2656333446502686,3.4016573429107666,4.392608642578125,9.291287422180176,12.639491081237793,19.064895629882812,24.828964233398438,45.2939567565918,81.00083923339844,128.94818115234375,226.96713256835938,288.9017639160156,364.35577392578125,506.9190368652344,803.4478149414062,1279.6104736328125,1512.82666015625,1947.8626708984375,2190.421142578125,3193.240234375,4109.78369140625,5804.10009765625,7609.16357421875,9818.904296875,13453.9306640625,32432.76953125,986.8914184570312
171,0.0,0.00029018890927545726,0.0036223570350557566,0.006695147603750229,0.023619748651981354,0.07083378732204437,0.10557786375284195,1.1205326318740845,1.2804315090179443,1.5312912464141846,2.940722703933716,4.721078395843506,6.3222432136535645,14.81093978881836,18.268434524536133,27.21821403503418,39.992164611816406,199.2836151123047,250.73487854003906,300.04595947265625,411.1779479980469,490.6896057128906,566.3599243164062,744.4026489257812,1183.695556640625,1765.292236328125,2077.37548828125,2343.8740234375,3134.377197265625,3673.11962890625,4852.90625,6468.9248046875,7946.97900390625,10797.1337890625,14179.0029296875,31594.9140625,994.8492431640625
172,0.0,0.000191124840057455,0.002190919825807214,0.004191859159618616,0.013313911855220795,0.03410147503018379,0.05948864296078682,1.1538723707199097,1.2518521547317505,1.3813886642456055,2.294651985168457,3.1739776134490967,4.328914165496826,9.04186725616455,10.63334846496582,15.421100616455078,23.900583267211914,37.64553451538086,71.3654556274414,96.39933776855469,179.7565155029297,203.32814025878906,293.1516418457031,434.94183349609375,599.9797973632812,942.8225708007812,1256.5654296875,1556.6072998046875,1870.5904541015625,2783.05029296875,3384.479248046875,5030.22412109375,6391.47021484375,7384.6083984375,11365.642578125,26653.884765625,890.0504150390625
173,0.0,0.00024762755492702127,0.0030954505782574415,0.005744230002164841,0.02042367495596409,0.0550132617354393,0.0978909507393837,1.2055416107177734,1.402048945426941,1.5433083772659302,2.839247703552246,4.011568546295166,5.751932144165039,13.706001281738281,16.993330001831055,24.7305965423584,36.200950622558594,104.78805541992188,145.75350952148438,200.21356201171875,324.0968933105469,406.06927490234375,469.8097839355469,678.80029296875,978.4846801757812,1556.576171875,2040.6951904296875,2301.869384765625,3122.92578125,3812.41455078125,5283.775390625,7554.0595703125,8906.2451171875,10605.4794921875,14354.791015625,39485.8515625,1079.2767333984375
174,0.0,0.0001974234910449013,0.0022261945996433496,0.0040458980947732925,0.01413025427609682,0.036803312599658966,0.0607093870639801,1.1208195686340332,1.1937413215637207,1.4495792388916016,2.1859381198883057,2.9929897785186768,4.143077373504639,9.044023513793945,11.609086036682129,16.448686599731445,25.804380416870117,321.6097106933594,380.6206359863281,368.0784606933594,488.57891845703125,552.3789672851562,632.351806640625,756.9612426757812,974.5244140625,1495.843017578125,1628.65478515625,1990.056884765625,2535.586181640625,2951.314697265625,4210.09716796875,5569.359375,7209.70849609375,8791.9296875,12393.8251953125,29062.41796875,917.9503173828125
175,0.0,0.00025927519891411066,0.003055524080991745,0.006216320209205151,0.01864200085401535,0.05481031909584999,0.08986394107341766,1.1917998790740967,1.3161776065826416,1.5876529216766357,2.779632568359375,4.241340637207031,5.9695611000061035,12.993086814880371,16.06136131286621,22.612934112548828,32.732852935791016,26723.859375,26646.490234375,27985.12109375,28617.7421875,27247.341796875,28162.392578125,28092.296875,27065.697265625,28730.96875,26368.693359375,28054.61328125,28972.59765625,26196.505859375,27916.576171875,29975.412109375,29617.4765625,30347.1640625,33483.1875,34644.11328125,979.6495361328125
176,0.0,0.000244816648773849,0.0029698668513447046,0.00528749218210578,0.01862424984574318,0.051114801317453384,0.0831938162446022,1.256917119026184,1.222904086112976,1.6676043272018433,2.627971887588501,3.925703525543213,5.494279384613037,12.135392189025879,15.034704208374023,21.491302490234375,35.00210952758789,762.0162353515625,859.4547729492188,811.97216796875,942.9102783203125,1024.070556640625,1077.8341064453125,1262.8585205078125,1539.4627685546875,2042.8226318359375,2474.068603515625,3029.56982421875,3400.987548828125,4213.5166015625,5772.93310546875,7636.4892578125,8884.55859375,11045.1962890625,16366.9658203125,36589.265625,1077.913330078125
177,0.0,0.0002571837976574898,0.003066933946684003,0.005827205255627632,0.019121773540973663,0.05346282199025154,0.0876561775803566,1.2330601215362549,1.284571647644043,1.658827304840088,2.796870231628418,4.140845775604248,5.799947738647461,12.8248291015625,15.89004898071289,23.00582504272461,33.738773345947266,151.9154510498047,199.43988037109375,231.76646423339844,368.2626953125,453.20068359375,494.7893371582031,744.0584106445312,1046.032958984375,1755.274658203125,1898.7735595703125,2578.646240234375,2786.513671875,4019.965576171875,4827.615234375,6827.17041015625,8758.4609375,11185.1474609375,15966.5478515625,39694.23828125,1209.6573486328125
178,0.0,0.00023964932188391685,0.0026768408715724945,0.005354427266865969,0.018058961257338524,0.05677947402000427,0.0941968560218811,1.1851654052734375,1.3444937467575073,1.5579562187194824,2.5577476024627686,4.318243503570557,5.381565093994141,11.313156127929688,15.030274391174316,21.296077728271484,35.42760467529297,29773.63671875,31648.46484375,27741.7421875,29418.341796875,26385.568359375,26849.6640625,26689.79296875,29008.048828125,27514.876953125,27987.787109375,28777.666015625,27766.119140625,28852.76953125,27211.333984375,27575.634765625,30402.591796875,32537.703125,36267.9765625,35821.36328125,1261.05908203125
179,0.0,0.00020185693574603647,0.002194802276790142,0.004251971375197172,0.014021330513060093,0.04124801233410835,0.0714430883526802,1.1699934005737305,1.3094793558120728,1.401592493057251,2.243438482284546,3.2876076698303223,4.6398606300354,9.620503425598145,12.192827224731445,16.8171443939209,25.53247833251953,41.22111129760742,78.78778839111328,111.47953796386719,194.5272979736328,260.7204284667969,284.1015625,409.20550537109375,630.947265625,1063.4947509765625,1315.498291015625,1685.58251953125,2041.0303955078125,2800.584228515625,3548.540283203125,5145.85302734375,7011.39501953125,8195.98046875,10238.7822265625,27911.34765625,962.08642578125
180,0.0,0.00022001538309268653,0.0026847445406019688,0.004646950401365757,0.016707925125956535,0.046762529760599136,0.07849825173616409,1.2091609239578247,1.3106197118759155,1.5529072284698486,2.4126768112182617,3.7757017612457275,5.149279594421387,10.274808883666992,14.278953552246094,18.84349250793457,29.008460998535156,49.89882278442383,84.54338836669922,126.14008331298828,244.47024536132812,271.1195983886719,350.49658203125,511.2693176269531,853.5020141601562,1161.8892822265625,1533.080810546875,1791.3382568359375,2400.484130859375,3223.297607421875,3862.193603515625,5701.26123046875,7454.69482421875,9020.2021484375,12294.5361328125,29321.841796875,890.2687377929688
181,0.0,0.00030457848333753645,0.003765551373362541,0.006800277624279261,0.024376071989536285,0.062127772718667984,0.11367017775774002,1.1392334699630737,1.4043939113616943,1.7113713026046753,3.1706700325012207,5.103506088256836,6.396573066711426,14.987340927124023,18.28784942626953,28.85347557067871,41.945316314697266,613.04443359375,664.8961791992188,694.6672973632812,862.7945556640625,917.633544921875,1075.4151611328125,1261.8935546875,1696.260009765625,2286.646240234375,2705.982177734375,3474.446533203125,4028.894287109375,5313.97607421875,5898.91455078125,8935.388671875,11044.7109375,12895.794921875,17351.740234375,43337.31640625,1206.4853515625
182,0.0,0.00022756238467991352,0.0026120482943952084,0.004811169113963842,0.015483994036912918,0.04359551519155502,0.0743231400847435,1.083868145942688,1.2685261964797974,1.4239095449447632,2.4769980907440186,3.731363534927368,4.805224895477295,10.251629829406738,12.463238716125488,20.645755767822266,28.70035743713379,13995.30859375,15497.474609375,14008.623046875,15006.712890625,15401.052734375,14835.22265625,15039.9423828125,14485.4248046875,14784.794921875,14123.3447265625,16102.9814453125,15435.2724609375,15610.6728515625,14825.779296875,16658.9765625,16599.541015625,18245.564453125,21026.9375,26611.443359375,794.4085083007812
183,0.0,0.0002423392579657957,0.0028267139568924904,0.005997702945023775,0.01793227717280388,0.0542982742190361,0.0942833349108696,1.2575381994247437,1.358005404472351,1.6163660287857056,2.87675142288208,4.085853576660156,5.622129917144775,12.439874649047852,16.12751579284668,21.99081802368164,32.80512237548828,24624.439453125,24429.037109375,24762.025390625,24513.646484375,24690.888671875,25833.517578125,24992.12890625,24827.4140625,25223.685546875,24762.38671875,24726.802734375,26092.58984375,25392.14453125,26041.5703125,28367.361328125,29216.619140625,30202.416015625,34730.37890625,41782.30078125,1240.741455078125
184,0.0,0.00024291629961226135,0.0029534087516367435,0.0055335150100290775,0.018482018262147903,0.05365202948451042,0.0902598425745964,1.256476879119873,1.2617634534835815,1.4531733989715576,2.5413475036621094,3.9242305755615234,5.342257976531982,12.360250473022461,15.481534004211426,23.103281021118164,33.55194854736328,26337.837890625,26538.64453125,29028.244140625,26075.96484375,27382.44140625,26443.349609375,28702.8984375,26850.029296875,26888.876953125,26159.6171875,26610.29296875,26778.552734375,25670.6328125,26957.99609375,29914.08203125,29750.75,30887.2421875,30595.619140625,33868.83984375,992.0580444335938
185,0.0,0.00021029217168688774,0.0024535672273486853,0.004795399960130453,0.016352254897356033,0.04544275999069214,0.07531573623418808,1.202139139175415,1.3269836902618408,1.4826775789260864,2.644230842590332,3.6252200603485107,4.778597354888916,9.86150074005127,13.250768661499023,18.537376403808594,29.02025604248047,43.004112243652344,75.72663116455078,112.65251922607422,205.3730926513672,268.81768798828125,288.6456298828125,470.7373962402344,686.84765625,970.2530517578125,1327.1917724609375,1748.0977783203125,2022.2401123046875,2904.755126953125,3552.88671875,4855.84619140625,6355.96728515625,7536.4111328125,9689.15625,25171.28125,830.5595092773438
186,0.0,0.0002902815758716315,0.003798789344727993,0.007068611681461334,0.025134921073913574,0.06591646373271942,0.1162707582116127,1.2147594690322876,1.4508990049362183,1.7160452604293823,3.034871816635132,4.89704704284668,6.518850803375244,15.461840629577637,19.945066452026367,29.269630432128906,46.39236831665039,1031.3472900390625,1043.5076904296875,1162.60986328125,1264.268310546875,1337.412109375,1387.2685546875,1595.3558349609375,2009.529052734375,2750.442626953125,3042.613525390625,3578.707275390625,4193.5,4977.20068359375,5966.41845703125,7541.00439453125,9798.5791015625,11827.9912109375,16734.990234375,37948.2890625,1001.3643188476562
187,0.0,0.00021717743948101997,0.0026040745433419943,0.005037952214479446,0.016569634899497032,0.044243503361940384,0.07787371426820755,1.1496249437332153,1.3351194858551025,1.4498947858810425,2.54301118850708,3.641009569168091,4.93984842300415,10.30532455444336,12.865793228149414,19.32840919494629,25.591495513916016,44.25956344604492,76.14574432373047,106.71350860595703,199.28663635253906,249.90679931640625,283.3153381347656,440.2559814453125,623.7947998046875,955.7881469726562,1238.46923828125,1464.8184814453125,1901.8043212890625,2382.069580078125,3021.368896484375,4394.7978515625,4949.45166015625,6564.59033203125,8515.564453125,21616.607421875,621.153076171875
188,0.0,0.00018494416144676507,0.002112687798216939,0.003840493271127343,0.011535982601344585,0.0338788777589798,0.05630379542708397,1.126493215560913,1.2445900440216064,1.3694829940795898,1.9984325170516968,2.8889126777648926,3.7600436210632324,7.223721504211426,9.352270126342773,12.569914817810059,20.323318481445312,28.2508602142334,54.8535270690918,80.27552032470703,149.59751892089844,188.90866088867188,209.2433624267578,300.1908874511719,511.0022888183594,707.7055053710938,911.0156860351562,1153.822021484375,1379.771240234375,1892.70263671875,2277.6474609375,3348.604248046875,4062.957763671875,4693.43115234375,6657.62890625,15944.26953125,454.53570556640625
189,0.0,0.00022011630062479526,0.002399617340415716,0.0047851144336164,0.01563541404902935,0.04602579027414322,0.07764038443565369,1.114288330078125,1.2693564891815186,1.421120524406433,2.596583127975464,3.6155943870544434,4.8037238121032715,10.109057426452637,12.29689884185791,18.727466583251953,28.805248260498047,44.068477630615234,78.70681762695312,108.98247528076172,191.07838439941406,254.93138122558594,287.00335693359375,455.7242736816406,625.0487670898438,1102.05224609375,1390.3125,1622.5023193359375,2079.497314453125,3087.23095703125,3511.376220703125,4977.90478515625,5980.029296875,7524.79833984375,10196.318359375,25087.8359375,714.9200439453125
190,0.0,0.00025021526380442083,0.0028464277274906635,0.005448050796985626,0.017575277015566826,0.05269046872854233,0.0873032882809639,1.24489426612854,1.2595620155334473,1.6303681135177612,2.7587082386016846,4.011087894439697,5.326343059539795,11.66874885559082,15.835498809814453,22.965621948242188,33.70967102050781,234.45809936523438,288.9776611328125,315.65899658203125,429.57666015625,517.312744140625,567.2677612304688,769.6008911132812,1111.6607666015625,1549.037841796875,1858.33935546875,2174.65771484375,2844.483154296875,3620.406982421875,4465.35009765625,6471.58642578125,7927.2548828125,10303.908203125,14356.203125,34719.91015625,999.4735717773438
191,0.0,0.00021631251729559153,0.002465697005391121,0.004738179035484791,0.016079524531960487,0.04265274107456207,0.07442896068096161,1.117453932762146,1.2917624711990356,1.5161856412887573,2.5302443504333496,3.8173258304595947,4.713091850280762,10.484994888305664,13.625774383544922,18.924049377441406,30.71104621887207,241.37574768066406,294.5718994140625,347.5917053222656,451.5550842285156,519.0365600585938,573.1986083984375,722.4412231445312,1022.652587890625,1492.8031005859375,1788.693359375,1973.1868896484375,2389.799560546875,3388.5927734375,4253.03662109375,6092.73388671875,7661.9306640625,9182.228515625,12854.8798828125,31533.78515625,1024.9052734375
192,0.0,0.00018112135876435786,0.0019829939119517803,0.0039275591261684895,0.012935873121023178,0.03908371180295944,0.06529707461595535,1.2171434164047241,1.1566184759140015,1.4783672094345093,1.9666614532470703,2.9718616008758545,4.242279052734375,7.907855987548828,11.425873756408691,13.651448249816895,21.52792739868164,33.68691635131836,59.85087203979492,87.63549041748047,137.90750122070312,197.8334503173828,207.3602294921875,344.63006591796875,493.1796875,836.5718994140625,907.7459106445312,1266.689697265625,1466.178466796875,1899.7510986328125,2588.498779296875,3548.752685546875,4947.84228515625,6512.93212890625,7854.29833984375,18484.673828125,556.4420166015625
193,0.0,0.00034096575109288096,0.00454773148521781,0.008272971026599407,0.032209910452365875,0.08913401514291763,0.1372513473033905,1.322239875793457,1.3879538774490356,1.7733505964279175,3.673062801361084,6.050641059875488,8.507972717285156,18.841083526611328,22.332660675048828,29.57301902770996,50.42898941040039,31267.201171875,27613.296875,28211.708984375,31772.078125,31692.56640625,30560.3828125,30667.939453125,29919.548828125,29798.9765625,30011.091796875,27954.349609375,30051.373046875,27496.265625,30945.181640625,30173.4140625,35360.36328125,34720.87109375,36804.7109375,42963.82421875,954.1732788085938
194,0.0,0.00021196361922193319,0.0021914602257311344,0.004089361522346735,0.013441032730042934,0.03403298556804657,0.057371653616428375,1.163632869720459,1.1657233238220215,1.3935579061508179,2.127884864807129,3.0705509185791016,4.465234279632568,8.740409851074219,11.344569206237793,14.985992431640625,24.062036514282227,251.6708526611328,276.4685974121094,316.6564025878906,388.22100830078125,454.968017578125,484.1201477050781,645.353271484375,841.98876953125,1197.6422119140625,1430.9879150390625,1662.9359130859375,2183.205078125,3065.299560546875,3840.43310546875,4901.98193359375,6656.55615234375,7726.689453125,11304.74609375,24480.05078125,771.9498291015625
195,0.0,0.00024252412549685687,0.0025539181660860777,0.00540246581658721,0.017829064279794693,0.04730920493602753,0.08045956492424011,1.2071008682250977,1.2751924991607666,1.476335048675537,2.653071403503418,3.9955787658691406,4.915299892425537,11.275473594665527,15.518770217895508,20.425262451171875,32.982845306396484,62.90849304199219,111.86700439453125,146.2953338623047,265.63531494140625,342.6094665527344,386.7034606933594,620.4546508789062,850.7060546875,1388.88623046875,1658.900634765625,2195.447998046875,2733.95166015625,3806.947509765625,4869.46240234375,7048.513671875,8667.4912109375,10382.8203125,14834.6259765625,33885.95703125,1217.7071533203125
196,0.0,0.00024021975696086884,0.0025619997177273035,0.005239599850028753,0.017499316483736038,0.047419916838407516,0.07994884252548218,1.1829826831817627,1.2999380826950073,1.5253806114196777,2.408259153366089,3.702885389328003,4.8072028160095215,11.039263725280762,13.269895553588867,19.38864517211914,32.6490478515625,45.251678466796875,88.4271469116211,132.26388549804688,230.19566345214844,301.4751281738281,333.61627197265625,508.9796447753906,769.5337524414062,1264.382080078125,1443.99853515625,2119.153076171875,2500.0263671875,3239.548828125,4292.32177734375,6136.0517578125,7624.3564453125,8986.478515625,12390.130859375,33923.2734375,959.5307006835938
197,0.0,0.0002653599367477,0.0030997912399470806,0.006237873341888189,0.021258773282170296,0.059775494039058685,0.10294342041015625,1.186214566230774,1.4259666204452515,1.584525465965271,2.920055389404297,4.459460735321045,6.015631198883057,14.127360343933105,16.564523696899414,25.85487174987793,35.6790885925293,30730.826171875,27447.953125,30016.43359375,26798.701171875,29075.837890625,25499.3671875,26980.8125,28818.857421875,30277.0859375,27745.833984375,28131.8046875,26408.8046875,28006.638671875,26065.423828125,28549.169921875,31974.935546875,33390.6875,34274.9375,33705.765625,948.9614868164062
198,0.0,0.0002253381971968338,0.002504493109881878,0.004786081146448851,0.01660490408539772,0.043243974447250366,0.07566341757774353,1.1942851543426514,1.269866704940796,1.4738421440124512,2.4816393852233887,3.800971746444702,4.948678970336914,11.155925750732422,12.941507339477539,19.732398986816406,29.979524612426758,66.1563949584961,97.50758361816406,138.83384704589844,258.7242126464844,331.0323181152344,382.4536437988281,521.145751953125,873.92529296875,1302.5113525390625,1724.46337890625,2187.986083984375,2397.35009765625,3456.001708984375,5027.57421875,6119.05712890625,8013.91015625,9906.5703125,13416.4697265625,31861.7890625,1224.171630859375
199,0.0,0.00022627718863077462,0.002679250668734312,0.005093763582408428,0.017200011759996414,0.05029112473130226,0.0812363475561142,1.1442298889160156,1.191993236541748,1.4408526420593262,2.5946130752563477,3.7414419651031494,5.559060573577881,10.521990776062012,13.75820541381836,20.141857147216797,28.534099578857422,52.145408630371094,85.57792663574219,143.711669921875,233.34774780273438,310.075927734375,359.91741943359375,521.330322265625,821.53515625,1386.1829833984375,1559.4329833984375,2080.6025390625,2505.861572265625,3264.688232421875,4288.46630859375,5895.65673828125,7576.88623046875,9237.44140625,12231.888671875,29783.7734375,1025.9268798828125
200,0.0,0.00020233019313309342,0.0024479867424815893,0.004578432068228722,0.014998537488281727,0.04263481870293617,0.0775027722120285,1.1344307661056519,1.2269006967544556,1.4640988111495972,2.5157060623168945,3.4238829612731934,4.667418956756592,10.139543533325195,12.560587882995605,17.167890548706055,26.851110458374023,3164.8984375,3133.124755859375,3567.2890625,3124.674072265625,3266.03857421875,3399.3623046875,3389.112548828125,3566.564453125,3654.027099609375,4117.4833984375,4290.18212890625,4402.5693359375,4907.8564453125,5729.30859375,7181.70849609375,8596.0400390625,9562.111328125,12993.9736328125,27243.908203125,938.8208618164062
201,0.0,0.00021511982777155936,0.0027691663708537817,0.004985701758414507,0.01616201549768448,0.0516166090965271,0.0854761153459549,1.1282442808151245,1.274455189704895,1.5605756044387817,2.306318759918213,3.9486184120178223,5.3853888511657715,11.646737098693848,15.216718673706055,19.242746353149414,29.50812339782715,46.99225997924805,82.90509033203125,122.27557373046875,212.419921875,253.33096313476562,332.78021240234375,460.8896484375,713.1373291015625,1154.974853515625,1475.6097412109375,1764.662841796875,2128.234130859375,2840.34814453125,3357.3701171875,4871.40673828125,6496.4833984375,7711.4638671875,10620.3037109375,25372.44921875,821.3941650390625
202,0.0,0.000246600218815729,0.0029445544350892305,0.0061059133149683475,0.019616153091192245,0.05578963831067085,0.09550417214632034,1.1499778032302856,1.28553307056427,1.619788408279419,2.8523197174072266,4.081235885620117,5.804136276245117,13.826729774475098,16.137895584106445,24.287588119506836,36.968997955322266,781.1614379882812,828.0870361328125,850.8955078125,1049.364501953125,1094.7403564453125,1182.36376953125,1370.8182373046875,1625.6259765625,2196.281005859375,2715.162109375,3256.37548828125,3974.955078125,5366.2412109375,5834.9140625,7576.0234375,9399.3720703125,12778.76953125,14595.0966796875,37080.46875,1133.433837890625
203,0.0,0.0002706033701542765,0.0031225779093801975,0.006055240519344807,0.02114410512149334,0.057468291372060776,0.09854006767272949,1.1494373083114624,1.3423140048980713,1.6962593793869019,2.8672890663146973,4.365424156188965,5.7016496658325195,13.295817375183105,17.634235382080078,26.641551971435547,36.986690521240234,327.3473205566406,405.1283264160156,447.7303466796875,583.457763671875,664.411865234375,704.1265258789062,908.5555419921875,1393.5166015625,1869.680419921875,2320.59814453125,2686.993408203125,3359.33349609375,4340.125,5521.3642578125,7111.4228515625,8781.1435546875,11645.5107421875,14485.3603515625,40941.21875,1135.4620361328125
204,0.0,0.0002732267021201551,0.0034649199806153774,0.0063950065523386,0.02162403240799904,0.06239771097898483,0.10415319353342056,1.203648328781128,1.4063389301300049,1.690508246421814,3.1525886058807373,4.793603897094727,6.089362621307373,13.779812812805176,17.678564071655273,26.554885864257812,38.918983459472656,4183.09716796875,4706.107421875,4023.406005859375,4461.74462890625,4427.97802734375,4386.873046875,4706.951171875,4604.05615234375,5397.64453125,5510.02783203125,5836.3828125,6379.09033203125,6982.26708984375,7914.806640625,9672.6904296875,11576.6494140625,14710.333984375,17753.189453125,39520.5703125,1059.5235595703125
205,0.0,0.00021009800548199564,0.00273897428996861,0.004890554118901491,0.015512174926698208,0.04396853968501091,0.07419738173484802,1.1027458906173706,1.303559422492981,1.4503982067108154,2.4029507637023926,3.4414219856262207,4.723207473754883,10.228306770324707,12.201329231262207,19.134708404541016,27.970922470092773,709.4610595703125,765.1205444335938,765.6732788085938,792.513916015625,898.7433471679688,936.159423828125,1139.9451904296875,1403.78271484375,1803.6990966796875,2069.441162109375,2504.52978515625,2782.145263671875,3801.188232421875,4433.0263671875,5551.0478515625,7428.48046875,8474.4365234375,12211.80078125,29264.3515625,939.0172729492188
206,0.0,0.00023932709882501513,0.0028552613221108913,0.005330685526132584,0.01911754347383976,0.05453966185450554,0.08571577817201614,1.206455111503601,1.2897694110870361,1.4586882591247559,2.66288161277771,3.789198398590088,5.361866474151611,11.67225456237793,15.874695777893066,19.861886978149414,34.923641204833984,27589.87890625,25961.736328125,26335.7578125,27929.8828125,25107.369140625,27351.7265625,27672.89453125,25599.498046875,26028.96484375,26536.779296875,24870.8046875,23597.416015625,26019.27734375,26782.685546875,28630.873046875,27275.857421875,29634.625,32787.90234375,34522.4921875,952.8038330078125
207,0.0,0.0001958049979293719,0.002444168785586953,0.004571106750518084,0.01463946420699358,0.04796804115176201,0.089505635201931,1.1284546852111816,1.2977240085601807,1.538773775100708,2.3831875324249268,3.415762424468994,4.814907550811768,9.752182006835938,13.521442413330078,18.856775283813477,27.166915893554688,227.4938201904297,258.0245666503906,311.5451965332031,358.53369140625,446.7213134765625,478.251708984375,611.7510375976562,834.9166259765625,1271.93017578125,1556.612060546875,1836.4586181640625,2264.3056640625,2897.67431640625,3655.86767578125,5143.91162109375,6340.96826171875,7787.14990234375,10077.5,26522.962890625,866.9376220703125
208,0.0,0.0002512375940568745,0.0031010531820356846,0.005174826830625534,0.017671013250947,0.04837075620889664,0.09087228775024414,1.2078052759170532,1.3155242204666138,1.6426057815551758,2.694493293762207,3.9956202507019043,5.395480632781982,12.80670166015625,15.842623710632324,22.56283187866211,34.772010803222656,106.44022369384766,143.5894775390625,202.27447509765625,336.8408203125,402.62957763671875,476.53973388671875,662.6544189453125,1009.31201171875,1557.5556640625,1922.682373046875,2387.282470703125,2940.983154296875,4305.9951171875,5399.45556640625,7054.4521484375,9330.2607421875,10834.2802734375,16191.876953125,41408.9765625,1298.4615478515625
209,0.0,0.00021618990285787731,0.0022524890955537558,0.00437167938798666,0.013841390609741211,0.0386466309428215,0.06184881925582886,1.1904432773590088,1.307708501815796,1.4275039434432983,2.263129711151123,3.521688222885132,4.377130508422852,9.017559051513672,12.090452194213867,17.059528350830078,29.171072006225586,1002.5137939453125,995.1661987304688,1110.0611572265625,1191.6676025390625,1188.0650634765625,1345.3988037109375,1421.2939453125,1650.98486328125,2157.73583984375,2471.7646484375,2899.002197265625,3384.616455078125,4175.23779296875,5262.787109375,6618.21435546875,9220.8388671875,11569.048828125,14087.5283203125,30650.4375,893.3500366210938
210,0.0,0.00022870693646837026,0.0025452892296016216,0.0049288650043308735,0.016272826120257378,0.043305013328790665,0.0735321044921875,1.231202483177185,1.2825329303741455,1.5137760639190674,2.3611433506011963,3.3910155296325684,4.7266974449157715,11.283919334411621,14.289508819580078,21.345596313476562,31.357839584350586,87.91981506347656,128.40768432617188,184.0304718017578,285.6737365722656,367.1955871582031,412.4664001464844,620.2781372070312,959.967529296875,1368.5506591796875,1734.572021484375,2312.874267578125,2855.130126953125,3711.6123046875,5147.4248046875,6221.12060546875,8705.80859375,11231.2255859375,15475.876953125,39763.70703125,1198.204345703125
211,0.0,0.0002654727140907198,0.0032591645140200853,0.006464990321546793,0.023013997822999954,0.05980423837900162,0.09788476675748825,1.1690198183059692,1.3279966115951538,1.5266541242599487,3.075838804244995,4.538108825683594,6.206379413604736,12.845741271972656,17.48371124267578,26.179134368896484,36.10287857055664,29881.2734375,29643.140625,30613.4296875,31207.08984375,30467.03515625,28279.130859375,28233.171875,28253.732421875,29935.201171875,26152.58984375,29590.3125,29345.27734375,28559.26953125,29476.021484375,31311.798828125,31404.462890625,32741.728515625,33988.7578125,32678.705078125,1015.2610473632812
212,0.0,0.00025143419043160975,0.0029406510293483734,0.006069438066333532,0.019748330116271973,0.05466165393590927,0.08725938200950623,1.1556954383850098,1.3195459842681885,1.4804996252059937,2.7233521938323975,4.12615966796875,5.491470813751221,12.934989929199219,15.990633010864258,22.557172775268555,36.7615966796875,94.51030731201172,136.11424255371094,191.25352478027344,295.9512634277344,380.8156433105469,428.6427917480469,542.5511474609375,860.9741821289062,1603.4188232421875,1674.0638427734375,2336.118896484375,2685.649658203125,3594.7451171875,4356.68310546875,5545.1611328125,6997.958984375,9395.87890625,12563.244140625,32673.6015625,865.9108276367188
213,0.0,0.00022402015747502446,0.002700332785025239,0.004798147827386856,0.016392327845096588,0.0476824976503849,0.08008604496717453,1.1785638332366943,1.272123098373413,1.480474591255188,2.6715803146362305,3.7135121822357178,4.733241081237793,9.6041898727417,13.247941017150879,17.867013931274414,29.36905288696289,46.08235549926758,86.06124877929688,134.63674926757812,234.0947723388672,312.6990051269531,341.5472106933594,475.6150817871094,788.0416259765625,1301.153076171875,1563.0660400390625,2236.3154296875,2475.111572265625,3670.767578125,4227.07568359375,6409.8125,8436.6005859375,10666.9638671875,15299.318359375,33603.23046875,1234.0255126953125
214,0.0,0.0002491890627425164,0.0029479055665433407,0.006026166025549173,0.020040052011609077,0.06097680330276489,0.10313256829977036,1.3149363994598389,1.345781922340393,1.539912223815918,2.6460719108581543,3.9992334842681885,5.675640106201172,12.416738510131836,16.424610137939453,23.372095108032227,34.307891845703125,70.64495849609375,120.89513397216797,166.48736572265625,287.8720703125,350.8109130859375,406.7191467285156,607.9873046875,888.289306640625,1328.2532958984375,1656.031005859375,2191.102294921875,2563.550537109375,3483.7626953125,4370.38525390625,5762.49951171875,6932.04345703125,9269.6982421875,12268.6611328125,27655.75390625,792.8279418945312
215,0.0,0.0002441624237690121,0.0030252072028815746,0.0052627199329435825,0.018295297399163246,0.04885187745094299,0.08437123149633408,1.1606409549713135,1.2264567613601685,1.4780163764953613,2.556445598602295,3.894810199737549,5.699547290802002,11.882696151733398,14.857333183288574,22.6566162109375,32.36875534057617,665.2119140625,698.5256958007812,745.4090576171875,829.7109375,936.232177734375,1018.52001953125,1209.1573486328125,1553.2515869140625,2192.464111328125,2651.445556640625,3075.0751953125,3239.899658203125,4890.01318359375,5874.7822265625,8754.837890625,9514.1005859375,12489.234375,17925.349609375,42417.3984375,1213.244140625
216,0.0,0.0003085214120801538,0.0037887829821556807,0.007179880514740944,0.022632194682955742,0.06905373185873032,0.11476708203554153,1.2694967985153198,1.2875794172286987,1.6121050119400024,3.0743117332458496,4.782728672027588,6.56199836730957,15.527811050415039,18.89710235595703,26.380970001220703,39.33098220825195,143.41998291015625,194.47598266601562,239.4708709716797,386.58282470703125,452.2025146484375,488.6675720214844,686.128173828125,984.0640258789062,1508.6077880859375,1974.4820556640625,2417.12451171875,2851.113037109375,3624.43408203125,4575.76416015625,6368.76611328125,8100.37451171875,9289.3212890625,11943.822265625,31640.1328125,863.5849609375
217,0.0,0.0002741036005318165,0.0034211245365440845,0.0060324291698634624,0.020638519898056984,0.054558709263801575,0.09246477484703064,1.1831670999526978,1.2954195737838745,1.6058155298233032,2.6278131008148193,3.9852726459503174,5.927217960357666,12.216504096984863,16.59375,21.800899505615234,35.79719161987305,24440.072265625,21778.13671875,21745.9609375,24261.25390625,22447.630859375,22071.1484375,24105.478515625,21931.45703125,21593.373046875,24350.091796875,22306.57421875,24859.349609375,21891.41796875,21965.96875,23685.228515625,25413.0234375,26780.921875,30833.41015625,31912.845703125,978.890380859375
218,0.0,0.0001964379334822297,0.0023704359773546457,0.00441374396905303,0.013512199744582176,0.04371299222111702,0.07447520643472672,1.091078758239746,1.231526255607605,1.4149776697158813,2.229546070098877,3.1107871532440186,4.298783302307129,9.50982666015625,11.547029495239258,17.21010971069336,24.907421112060547,38.61928939819336,73.3370361328125,103.60033416748047,181.49359130859375,233.4141082763672,261.4078063964844,443.6352844238281,630.0315551757812,1055.58056640625,1257.53759765625,1705.4180908203125,1985.547607421875,2618.679443359375,3620.2802734375,4600.08740234375,5900.3154296875,8032.638671875,9716.8505859375,23681.517578125,751.1043090820312
219,0.0,0.00024695173487998545,0.00292666582390666,0.0058804829604923725,0.018945947289466858,0.05561890825629234,0.09356924891471863,1.2326273918151855,1.231659173965454,1.6675013303756714,2.7234840393066406,3.9643311500549316,5.932555198669434,12.24341106414795,15.967103004455566,23.68018341064453,35.61640167236328,3377.209716796875,3530.069091796875,3709.14111328125,3476.714599609375,3755.57763671875,3624.218017578125,3783.840087890625,4013.011474609375,4415.42822265625,4372.931640625,5257.09619140625,5305.7255859375,6384.677734375,6885.0966796875,8449.23828125,10442.037109375,12772.1337890625,15790.8671875,37464.16796875,1221.5625
220,0.0,0.0002537878172006458,0.0030431763734668493,0.005828984547406435,0.020926708355545998,0.05481981486082077,0.09757094085216522,1.2528984546661377,1.1664952039718628,1.5557196140289307,2.8350565433502197,4.134485721588135,5.917917251586914,12.135124206542969,17.43701171875,23.363706588745117,37.65927505493164,16609.1796875,17711.296875,16550.287109375,16590.599609375,15220.3466796875,19182.8203125,17885.48046875,18055.94921875,16482.8125,16967.0546875,16446.29296875,19011.66015625,18902.49609375,19609.4296875,20417.185546875,22074.02734375,22770.97265625,29473.1171875,39994.42578125,1053.167724609375
221,0.0,0.00024731847224757075,0.0029921981040388346,0.006040747277438641,0.01902962662279606,0.054666973650455475,0.09365526586771011,1.2644023895263672,1.3059717416763306,1.5140249729156494,2.7282779216766357,4.005857944488525,5.589101791381836,11.567024230957031,15.095260620117188,22.002948760986328,33.75396728515625,175.75730895996094,213.25897216796875,270.7156066894531,361.662841796875,439.4739685058594,493.02093505859375,703.5211181640625,974.1780395507812,1577.974609375,1899.7222900390625,2532.22802734375,2997.33447265625,3772.367919921875,4820.869140625,6591.0947265625,7667.79638671875,9543.849609375,14490.37109375,36596.37109375,1176.4359130859375
222,0.0,0.0002451656910125166,0.0030519787687808275,0.005758203566074371,0.020479725673794746,0.05860031023621559,0.09483838081359863,1.1604523658752441,1.3468743562698364,1.5787827968597412,2.8921642303466797,4.2200822830200195,5.806539535522461,12.120599746704102,16.177738189697266,22.657176971435547,33.52099609375,85.28633117675781,129.10110473632812,181.45791625976562,292.9348449707031,373.5448303222656,402.00396728515625,573.0106811523438,843.6370849609375,1376.7530517578125,1609.530029296875,2016.5531005859375,2458.34521484375,3275.40576171875,4035.737548828125,5695.37744140625,6614.2763671875,7851.24462890625,11019.06640625,31911.1171875,873.747314453125
223,0.0,0.0002897357626352459,0.003562130033969879,0.00639698700979352,0.020173590630292892,0.06122850626707077,0.10029846429824829,1.1903271675109863,1.3887404203414917,1.6200335025787354,3.117307186126709,4.644723415374756,6.3826751708984375,14.093244552612305,18.043746948242188,28.071361541748047,41.2198486328125,25479.318359375,25327.45703125,24550.58203125,23578.77734375,24535.224609375,23280.951171875,24880.984375,25743.1796875,23308.98046875,25208.669921875,25455.6171875,27230.025390625,25014.244140625,24428.009765625,25873.884765625,26312.32421875,27558.8046875,30877.75,40353.4921875,1171.4654541015625
224,0.0,0.000289289717329666,0.0034557017497718334,0.006745487917214632,0.022444987669587135,0.062441613525152206,0.1041518971323967,1.1923929452896118,1.3567756414413452,1.5711216926574707,2.9009504318237305,4.369333267211914,6.14396333694458,14.681231498718262,19.257976531982422,26.029687881469727,43.122154235839844,3148.94140625,3221.35009765625,3095.880126953125,3337.429443359375,3418.573974609375,3340.366455078125,3402.737548828125,3733.964599609375,4339.779296875,4722.55224609375,4931.65283203125,5245.9697265625,6277.65283203125,7511.70947265625,9296.7373046875,11270.474609375,13508.7705078125,17708.869140625,38996.44140625,1148.6807861328125
225,0.0,0.00021986011415719986,0.002485682489350438,0.004707587417215109,0.015382267534732819,0.0473804846405983,0.07957636564970016,1.2001532316207886,1.2650625705718994,1.469058632850647,2.642763614654541,3.6066505908966064,4.825247287750244,10.176077842712402,14.345744132995605,20.17715072631836,28.963001251220703,49.8040657043457,87.59534454345703,132.2561798095703,250.52505493164062,295.7348937988281,367.4081726074219,565.6190185546875,825.0408325195312,1306.62158203125,1564.588623046875,2248.366455078125,2428.821533203125,3468.97265625,3888.75732421875,6031.79052734375,7202.42138671875,9468.4384765625,13617.4970703125,32563.59765625,976.4984741210938
226,0.0,0.00023348451941274107,0.0028477455489337444,0.005342018324881792,0.017997387796640396,0.05061032995581627,0.08925414830446243,1.245212197303772,1.3070449829101562,1.633661150932312,2.631174325942993,4.077258586883545,5.337666034698486,11.475149154663086,15.025883674621582,21.684070587158203,30.731958389282227,16541.81640625,18534.5390625,16707.669921875,16491.228515625,17838.640625,16964.552734375,17657.703125,17259.9453125,18500.12890625,16726.87890625,17287.388671875,17721.876953125,17118.87109375,19169.66796875,18785.724609375,19423.15625,20740.6015625,22456.025390625,36421.1953125,1037.288330078125
227,0.0,0.00022525842359755188,0.0024734344333410263,0.004742576740682125,0.01577494479715824,0.045748259872198105,0.07266353070735931,1.197252631187439,1.3330223560333252,1.4853235483169556,2.402764320373535,3.6856632232666016,4.360690593719482,10.110142707824707,12.842077255249023,18.601882934570312,29.020029067993164,46.10729217529297,75.3544921875,114.75257110595703,213.839111328125,238.47076416015625,287.1361999511719,462.9319763183594,697.1192626953125,1142.6002197265625,1329.0533447265625,1802.3575439453125,2043.3551025390625,2828.1650390625,3712.26416015625,5004.85009765625,6635.3876953125,8302.0947265625,11758.1484375,29180.8125,892.1569213867188
228,0.0,0.0002533891820348799,0.003156340913847089,0.006078359670937061,0.01978653483092785,0.054914701730012894,0.0900009498000145,1.2846124172210693,1.3166582584381104,1.513063669204712,2.864311695098877,4.109001159667969,5.324728488922119,12.03293514251709,15.021584510803223,21.84724235534668,33.915103912353516,9340.81640625,9798.5419921875,9421.806640625,9740.748046875,9208.94921875,9536.2568359375,9243.0986328125,10112.9384765625,10454.6484375,10052.8408203125,10598.0146484375,11138.1396484375,11485.8447265625,12317.2412109375,13924.87109375,14600.466796875,15704.1328125,20254.09765625,37200.984375,1176.1700439453125
229,0.0,0.00016984168905764818,0.0019885043147951365,0.0036965487524867058,0.011565154418349266,0.035369813442230225,0.05847347155213356,1.0956907272338867,1.2648775577545166,1.448728322982788,1.9549789428710938,2.8491153717041016,3.706376075744629,7.723420143127441,9.718789100646973,14.116012573242188,19.137187957763672,32446.87109375,32550.986328125,31750.044921875,30144.693359375,32537.052734375,31687.91796875,34204.03515625,29445.583984375,32002.849609375,30276.361328125,29755.26953125,28938.609375,32294.2265625,27422.162109375,30899.904296875,32869.3046875,30694.677734375,32252.61328125,20880.5703125,728.672607421875
230,0.0,0.0002425204002065584,0.0028468985110521317,0.0054011596366763115,0.01839401014149189,0.0534747950732708,0.0851893201470375,1.265726923942566,1.2037817239761353,1.5208468437194824,2.6342713832855225,3.9445900917053223,5.244944095611572,11.226238250732422,15.303112030029297,21.00992202758789,32.725685119628906,62.66080856323242,97.1187515258789,154.95582580566406,259.2909240722656,352.9587097167969,413.1390686035156,592.3403930664062,907.19189453125,1419.1661376953125,1696.111328125,2278.8046875,2603.217529296875,3956.209716796875,4324.68310546875,6257.234375,8282.708984375,9635.95703125,13986.0234375,35510.3125,1130.4423828125
231,0.0,0.0002261521585751325,0.0026771086268126965,0.005131936632096767,0.016827808693051338,0.05339062586426735,0.08360064029693604,1.1359695196151733,1.3656657934188843,1.4622737169265747,2.5334792137145996,4.050637722015381,5.581760406494141,11.489609718322754,15.148337364196777,20.65796661376953,31.480701446533203,130.3602752685547,168.75643920898438,220.81201171875,335.18194580078125,383.9206237792969,467.2747497558594,636.3706665039062,950.669189453125,1453.3758544921875,1782.025390625,2169.821533203125,2412.35595703125,3290.99658203125,4230.05322265625,5834.51025390625,7636.5732421875,8870.7451171875,11676.5869140625,29387.74609375,888.41455078125
232,0.0,0.00022133879247121513,0.002660514088347554,0.005183798726648092,0.015751056373119354,0.0528576523065567,0.08152782917022705,1.208451509475708,1.2269363403320312,1.3714488744735718,2.519102096557617,3.8302266597747803,5.407174587249756,11.114173889160156,15.146157264709473,21.087961196899414,31.563003540039062,47.13720703125,88.18330383300781,129.86363220214844,211.1967010498047,301.77020263671875,340.6603088378906,511.7440185546875,815.9915771484375,1271.4613037109375,1388.256591796875,1940.9246826171875,2362.12060546875,3230.962158203125,3723.999755859375,4830.88330078125,6220.27734375,8197.9140625,10627.40234375,26205.171875,740.4904174804688
233,0.0,0.00025882298359647393,0.002981095341965556,0.005902471020817757,0.019780457019805908,0.05487080663442612,0.09466991573572159,1.128167986869812,1.2827928066253662,1.619721531867981,2.8448355197906494,4.456500053405762,6.196177005767822,13.859646797180176,15.925361633300781,26.291044235229492,36.95705032348633,60.589080810546875,102.14053344726562,159.91294860839844,266.3794250488281,342.4329528808594,368.9325256347656,597.7050170898438,899.3607788085938,1462.87353515625,1711.3336181640625,2132.45849609375,2659.9697265625,3358.6171875,4213.201171875,6219.05078125,7547.5712890625,9505.37890625,13999.107421875,29906.58203125,934.0381469726562
234,0.0,0.00023530145699623972,0.0029086743015795946,0.0054587386548519135,0.01762765273451805,0.05205658823251724,0.08518493920564651,1.205674409866333,1.3668748140335083,1.5049421787261963,2.470421075820923,3.9438209533691406,5.079469680786133,10.317139625549316,14.543721199035645,19.701290130615234,28.62287712097168,77.12779235839844,119.95940399169922,167.84249877929688,259.8995666503906,318.7489013671875,396.0592041015625,511.6031799316406,798.2769775390625,1298.2340087890625,1653.06103515625,1912.1907958984375,2277.161865234375,3306.084228515625,4099.15380859375,5531.94140625,7035.04150390625,8263.427734375,12224.2607421875,30374.5546875,933.9957885742188
235,0.0,0.00017586970352567732,0.0018772240728139877,0.003577898256480694,0.011018783785402775,0.032665133476257324,0.05867273360490799,1.1473479270935059,1.1805646419525146,1.3922178745269775,1.9440321922302246,2.8319058418273926,3.9580321311950684,7.36494255065918,8.599912643432617,13.652334213256836,20.890605926513672,28.803180694580078,53.4954833984375,79.33734130859375,137.98036193847656,175.92213439941406,206.41688537597656,290.87152099609375,456.7731018066406,819.1521606445312,932.0103149414062,1094.1368408203125,1590.00732421875,2050.552490234375,2458.3310546875,3638.332763671875,4967.2255859375,5830.9296875,7561.8779296875,17592.357421875,561.1912841796875
