,layer_1,layer_2,layer_3,layer_4,layer_5,layer_6,layer_7,layer_8,layer_9,layer_10,layer_11,layer_12,layer_13,layer_14,layer_15,layer_16,layer_17,layer_18,layer_19,layer_20,layer_21,layer_22,layer_23,layer_24,layer_25,layer_26,layer_27,layer_28,layer_29,layer_30,layer_31,layer_32,layer_33,layer_34,layer_35,layer_36,layer_37
0,0.0,0.0033024894073605537,0.0184639859944582,0.05671887472271919,0.15464860200881958,0.41730859875679016,0.8544842600822449,2.186105489730835,3.0262770652770996,3.8324079513549805,4.352680683135986,4.963935852050781,5.644202709197998,8.349910736083984,10.02389907836914,11.434040069580078,11.909316062927246,12.882256507873535,17.003389358520508,17.7811222076416,23.388566970825195,26.07737159729004,26.829837799072266,36.860050201416016,46.59962844848633,79.91080474853516,108.87005615234375,133.2711944580078,172.24996948242188,242.0449981689453,300.1562194824219,487.4400329589844,616.71484375,923.5507202148438,1262.397216796875,3170.631591796875,93.29317474365234
1,0.0,0.0026189538184553385,0.01570390723645687,0.04728347063064575,0.1224241852760315,0.35818785429000854,0.7126757502555847,2.0618467330932617,2.6403815746307373,3.4878547191619873,4.003244876861572,4.473079681396484,4.810699462890625,7.236273765563965,8.389351844787598,9.735373497009277,10.719138145446777,11.515850067138672,13.474623680114746,14.979637145996094,19.740148544311523,23.350229263305664,23.531505584716797,30.210254669189453,45.05252456665039,78.741455078125,98.07212829589844,126.97333526611328,174.94894409179688,219.7330780029297,315.1127624511719,445.9429626464844,599.1218872070312,935.3864135742188,1198.3656005859375,3286.44970703125,88.17286682128906
2,0.0,0.003652208484709263,0.021816400811076164,0.062272727489471436,0.16623179614543915,0.4266012907028198,0.9091339111328125,2.170208692550659,3.1061060428619385,4.34624719619751,4.569326400756836,5.383906364440918,6.233197212219238,9.552692413330078,10.840047836303711,12.407699584960938,12.092187881469727,1445.9158935546875,1487.9136962890625,1420.881103515625,1397.55859375,1582.7923583984375,1521.9827880859375,1589.4532470703125,1481.4678955078125,1691.0040283203125,1610.8548583984375,1568.3095703125,1723.7943115234375,1660.34228515625,1740.850830078125,1902.41455078125,2175.97412109375,2407.8447265625,2876.361572265625,4158.74462890625,107.4737319946289
3,0.0,0.0037401863373816013,0.02199152484536171,0.0656810849905014,0.16865640878677368,0.4648267924785614,0.9811764359474182,2.3644211292266846,3.146721363067627,4.3575568199157715,4.89777946472168,5.734103202819824,6.333120346069336,10.299057006835938,11.630512237548828,12.896946907043457,14.214679718017578,15.610539436340332,18.722925186157227,19.7669620513916,25.978961944580078,29.77768898010254,28.970075607299805,40.068111419677734,57.02952194213867,99.37405395507812,117.55066680908203,164.08981323242188,228.03379821777344,292.62060546875,376.8313903808594,613.379638671875,836.7213134765625,1201.4835205078125,1531.851318359375,3977.16064453125,127.23986053466797
4,0.0,0.003927311394363642,0.023195510730147362,0.06989260762929916,0.17514342069625854,0.48030683398246765,1.0333596467971802,2.377497434616089,3.4334523677825928,4.544195652008057,4.7165303230285645,5.692668437957764,7.012783050537109,10.273630142211914,11.940011978149414,14.694633483886719,14.966626167297363,16.330289840698242,20.20539665222168,23.082958221435547,30.494403839111328,35.56019592285156,36.951805114746094,46.84018325805664,64.34246826171875,105.75358581542969,128.28395080566406,172.30111694335938,233.25,326.2012023925781,423.5096435546875,650.943603515625,875.076904296875,1240.84814453125,1798.671142578125,4851.23583984375,121.19474029541016
5,0.0,0.0030616200529038906,0.016249503940343857,0.047854065895080566,0.12651324272155762,0.3204615116119385,0.7030802369117737,1.9621381759643555,2.574977159500122,3.3398935794830322,3.766951322555542,4.477951526641846,4.816516876220703,7.166114807128906,9.16616439819336,9.357059478759766,10.529752731323242,11.386575698852539,13.923834800720215,15.881738662719727,20.598445892333984,22.506481170654297,24.58745574951172,30.52063751220703,43.9765625,74.42649841308594,93.36454010009766,110.38848114013672,167.03240966796875,232.4848175048828,280.4759521484375,447.7359619140625,574.5091552734375,859.95166015625,1230.3878173828125,3396.404052734375,94.01054382324219
6,0.0,0.003020781558007002,0.01625789701938629,0.046378351747989655,0.13595913350582123,0.3405141234397888,0.6879600882530212,1.9776763916015625,2.7337448596954346,3.2488179206848145,3.9466235637664795,4.4318528175354,4.869844436645508,7.383734703063965,8.547003746032715,9.475976943969727,10.06422233581543,377.9432067871094,371.0281982421875,350.24420166015625,369.4849548339844,370.3007507324219,395.4326477050781,381.7223205566406,374.2493896484375,389.5022888183594,435.1326599121094,472.8571472167969,498.6717224121094,573.5576171875,601.4583129882812,778.5484619140625,905.0765380859375,1244.321533203125,1600.7420654296875,3531.18115234375,84.84774017333984
7,0.0,0.004274384584277868,0.02530667372047901,0.07247437536716461,0.18467271327972412,0.5239176154136658,1.0393389463424683,2.3728137016296387,3.303091526031494,4.554137706756592,4.984613418579102,5.700263977050781,7.244375228881836,10.857028007507324,11.908615112304688,14.638603210449219,14.957545280456543,32.64973449707031,35.221160888671875,38.87256622314453,45.313480377197266,51.84223556518555,50.03239440917969,62.09859848022461,78.88601684570312,121.70836639404297,153.36053466796875,190.0376739501953,283.2750244140625,353.8908996582031,493.0472717285156,704.160400390625,909.7059326171875,1362.6026611328125,2016.382080078125,5298.076171875,150.94290161132812
8,0.0,0.004593204706907272,0.02658703923225403,0.07616665959358215,0.2063303142786026,0.5441561341285706,1.1455848217010498,2.668860912322998,3.6107685565948486,4.922299861907959,5.341155529022217,6.4535722732543945,7.865370273590088,12.107928276062012,14.478172302246094,16.087671279907227,15.981972694396973,1613.0130615234375,1491.34912109375,1548.02490234375,1572.60009765625,1486.4097900390625,1652.0198974609375,1640.632568359375,1654.5611572265625,1704.5611572265625,1573.39208984375,1767.451171875,1791.9495849609375,1864.0523681640625,2100.7890625,2077.94970703125,2414.819091796875,2837.3818359375,3525.527099609375,5797.0205078125,149.51048278808594
9,0.0,0.003483949927613139,0.021690716966986656,0.059939004480838776,0.17328770458698273,0.41442322731018066,0.9497060775756836,2.2152364253997803,2.986339569091797,4.028116226196289,4.4835100173950195,5.402332305908203,6.531168460845947,9.947250366210938,10.746268272399902,12.784235000610352,14.2328519821167,13.947178840637207,19.11163330078125,20.572628021240234,27.402616500854492,30.6629581451416,30.818931579589844,41.4245719909668,55.66142272949219,89.17416381835938,114.97969055175781,153.4075469970703,212.30938720703125,272.89520263671875,381.58935546875,588.9715576171875,723.5371704101562,1071.7957763671875,1423.2623291015625,4029.234130859375,107.9727554321289
10,0.0,0.0033079783897846937,0.019828034564852715,0.06418632715940475,0.1602383255958557,0.49560680985450745,0.9066938757896423,2.261491060256958,3.0523884296417236,4.2663726806640625,4.782291412353516,5.285429954528809,6.213307857513428,9.360088348388672,11.267708778381348,11.314766883850098,13.727303504943848,13.489978790283203,18.167957305908203,19.648801803588867,26.399173736572266,27.774261474609375,27.913681030273438,40.39311599731445,51.34342956542969,93.11505126953125,110.75273895263672,143.97264099121094,207.84622192382812,265.3963317871094,329.1251525878906,501.3138122558594,711.9397583007812,1025.69287109375,1375.982421875,3872.10205078125,115.41120910644531
11,0.0,0.003564737504348159,0.020827146247029305,0.06561737507581711,0.17393536865711212,0.4464428722858429,0.8919963836669922,2.232672929763794,3.1928935050964355,4.237645626068115,4.504460334777832,5.455038070678711,6.297708511352539,9.896811485290527,11.61267375946045,12.436688423156738,12.90506362915039,25802.521484375,28814.044921875,29190.96875,25458.99609375,26214.345703125,28704.216796875,27223.33203125,26780.126953125,27328.7734375,24242.078125,24232.421875,25505.9921875,24779.537109375,22704.4453125,20595.474609375,21506.220703125,20635.71875,20760.701171875,4211.97021484375,114.46814727783203
12,0.0,0.0034321085549890995,0.020267941057682037,0.06471367180347443,0.17146684229373932,0.43746834993362427,0.9106869697570801,2.276682138442993,3.1409339904785156,4.002922534942627,4.4121479988098145,5.337372303009033,5.820278167724609,9.24082088470459,11.120854377746582,12.787596702575684,14.114336967468262,14.087420463562012,19.35371971130371,19.266218185424805,27.372543334960938,31.17268943786621,31.41659164428711,38.75471115112305,57.29866027832031,96.68706512451172,119.94689178466797,140.87522888183594,207.13632202148438,277.7264404296875,333.8705749511719,540.6532592773438,695.6838989257812,1053.3153076171875,1589.9466552734375,4603.52294921875,119.02850341796875
13,0.0,0.0036064921878278255,0.022447235882282257,0.06421215087175369,0.1643591970205307,0.4558282792568207,0.9149637818336487,2.293137788772583,3.3538472652435303,4.065616130828857,4.936457633972168,5.533564567565918,6.138072490692139,10.077332496643066,10.763967514038086,12.418645858764648,14.08963394165039,90.29087829589844,96.46379852294922,94.14752197265625,105.40925598144531,108.11378479003906,104.91608428955078,110.02161407470703,131.0443572998047,161.65957641601562,177.1282196044922,213.84478759765625,296.58245849609375,350.866455078125,400.6788635253906,652.8287963867188,776.3880004882812,1258.995361328125,1660.122314453125,5040.41943359375,114.27323913574219
14,0.0,0.0038577287923544645,0.022167911753058434,0.07170627266168594,0.18902558088302612,0.4596019387245178,1.0189241170883179,2.317969560623169,3.180846929550171,4.494132041931152,4.797011852264404,5.487000942230225,6.74906587600708,10.423629760742188,11.76803207397461,14.103169441223145,14.18696403503418,49.57610321044922,56.08304977416992,53.991214752197266,63.4431037902832,66.7729721069336,71.15050506591797,80.43035125732422,94.85208129882812,139.3946990966797,162.33670043945312,195.89059448242188,287.2167053222656,358.1205139160156,416.86248779296875,610.1380004882812,811.7256469726562,1316.6463623046875,1688.55126953125,4837.4521484375,124.46464538574219
15,0.0,0.004370430018752813,0.02523648738861084,0.06978318840265274,0.18296408653259277,0.5458517074584961,1.1871169805526733,2.5657896995544434,3.5088346004486084,4.623746395111084,5.14711332321167,6.514188766479492,6.9320220947265625,11.261589050292969,12.82192325592041,14.980795860290527,16.63768768310547,235.12478637695312,233.21009826660156,227.178955078125,233.107421875,244.39573669433594,240.13929748535156,265.3595886230469,273.7330017089844,306.41546630859375,351.0258483886719,384.8365173339844,443.3258972167969,520.6383666992188,562.771484375,824.8543090820312,989.71337890625,1426.4356689453125,1955.498291015625,4907.08740234375,141.78204345703125
16,0.0,0.003614757675677538,0.024267224594950676,0.06861791014671326,0.17112009227275848,0.46119922399520874,1.001845121383667,2.3255205154418945,3.173823833465576,4.385430812835693,5.029763698577881,5.653216361999512,6.399613380432129,10.095220565795898,11.908867835998535,13.957449913024902,14.064390182495117,29536.388671875,28218.333984375,30422.853515625,28193.2734375,29130.24609375,25869.974609375,27038.140625,26575.60546875,26288.201171875,25095.3515625,24822.609375,23156.421875,23824.689453125,21269.087890625,23764.62890625,20769.87890625,20132.31640625,19685.80078125,4335.41796875,123.58677673339844
17,0.0,0.0030956994742155075,0.01756560057401657,0.0508822500705719,0.13566328585147858,0.351437509059906,0.7535810470581055,2.064157485961914,2.8459746837615967,3.809664726257324,3.9860875606536865,4.698521137237549,5.520376682281494,8.138002395629883,9.144061088562012,10.288447380065918,11.606406211853027,12.039820671081543,14.558215141296387,16.312664031982422,21.960344314575195,24.962926864624023,25.765209197998047,31.764549255371094,43.58677673339844,74.07940673828125,102.65076446533203,124.2265853881836,183.75656127929688,231.31646728515625,286.0298767089844,494.8491516113281,633.8265991210938,875.9630126953125,1223.4725341796875,3423.291259765625,86.15788269042969
18,0.0,0.00398515909910202,0.021159997209906578,0.0723390057682991,0.17006973922252655,0.41269931197166443,0.9322522282600403,2.3212950229644775,3.1972594261169434,4.05016565322876,4.76986837387085,5.5232343673706055,6.4548139572143555,10.636319160461426,11.412035942077637,13.064416885375977,13.163025856018066,14.887996673583984,18.533504486083984,19.27333641052246,26.893787384033203,30.42230796813965,32.21332550048828,38.10626220703125,54.50550079345703,95.26870727539062,116.0088119506836,173.42759704589844,203.59979248046875,292.07476806640625,352.0968017578125,648.4544677734375,767.9707641601562,1179.319091796875,1606.2318115234375,4233.95068359375,116.12370300292969
19,0.0,0.0033406149595975876,0.019815834239125252,0.05772850289940834,0.15892057120800018,0.42354172468185425,0.8429059386253357,2.137108564376831,2.9657139778137207,4.022062301635742,4.489384651184082,5.142394542694092,5.773440837860107,9.478403091430664,11.416302680969238,11.686041831970215,12.459613800048828,601.3057861328125,609.9446411132812,567.5332641601562,589.4224243164062,566.6943359375,588.43017578125,614.5140991210938,677.3056640625,686.3383178710938,680.946044921875,712.0867919921875,787.5989990234375,889.44189453125,933.8126220703125,1140.2041015625,1307.887451171875,1691.3486328125,2125.37158203125,4208.47998046875,124.99256134033203
20,0.0,0.003888156032189727,0.023618463426828384,0.06469736248254776,0.17364145815372467,0.47288259863853455,0.9424605369567871,2.3594324588775635,3.070768117904663,4.416852951049805,4.7564544677734375,5.524806499481201,6.3611884117126465,10.44713020324707,11.69542121887207,13.636039733886719,14.346529960632324,237.3883514404297,225.6759796142578,229.75782775878906,238.57554626464844,251.75035095214844,252.4417266845703,280.5921325683594,259.75689697265625,309.480712890625,340.9697570800781,373.57708740234375,428.71307373046875,520.5113525390625,595.0700073242188,768.0137939453125,992.5116577148438,1329.77880859375,1745.8983154296875,4231.14013671875,126.93885040283203
21,0.0,0.004402195569127798,0.025479454547166824,0.08437003195285797,0.21570487320423126,0.5401115417480469,1.191085696220398,2.4413697719573975,3.6337547302246094,4.83395528793335,5.2515411376953125,6.062591075897217,6.967390537261963,11.423430442810059,13.751873016357422,14.79814338684082,16.204069137573242,44.776790618896484,46.14219284057617,48.28369140625,54.24700927734375,56.630332946777344,62.52124786376953,70.54383087158203,88.9049072265625,134.97613525390625,168.1294708251953,213.53204345703125,260.0487365722656,359.4859313964844,471.84814453125,784.7366333007812,923.112060546875,1387.349609375,2038.5831298828125,5386.60302734375,143.51974487304688
22,0.0,0.003718177555128932,0.02205103449523449,0.06567612290382385,0.18399594724178314,0.47768649458885193,1.0078794956207275,2.345503568649292,3.2117955684661865,4.785486221313477,4.902105808258057,6.273764133453369,6.692521572113037,9.62367057800293,11.164977073669434,11.264226913452148,13.1493558883667,13.69408893585205,18.601083755493164,18.983659744262695,26.22056770324707,29.80901336669922,29.416255950927734,37.57897186279297,53.713035583496094,97.00376892089844,116.78218078613281,151.32275390625,225.8970489501953,289.17578125,376.62176513671875,604.5863037109375,792.6739501953125,1051.340087890625,1555.15478515625,4094.8251953125,111.26032257080078
23,0.0,0.003836509305983782,0.023929543793201447,0.06971918791532516,0.17287613451480865,0.4963110685348511,1.0668106079101562,2.395925521850586,3.2748327255249023,4.469679832458496,4.699924945831299,5.804589748382568,6.760892868041992,9.797574996948242,11.877230644226074,14.433805465698242,14.849690437316895,23789.54296875,23402.63671875,22407.064453125,25041.419921875,22270.66015625,23209.166015625,23786.59375,23285.59375,22159.30078125,22384.8828125,23354.3046875,22051.05078125,18951.9375,20478.59765625,19544.82421875,18904.134765625,17045.8359375,16938.884765625,5122.90087890625,136.87081909179688
24,0.0,0.002760055474936962,0.016468077898025513,0.04569105803966522,0.11805916577577591,0.3167138993740082,0.6676318645477295,1.9141877889633179,2.65286922454834,3.3637964725494385,3.86222767829895,4.038172721862793,4.630107879638672,6.909138202667236,7.962368011474609,9.403663635253906,9.319591522216797,10.553404808044434,13.341840744018555,14.394801139831543,19.547943115234375,23.28631591796875,22.947790145874023,29.932281494140625,42.326751708984375,64.15411376953125,86.92865753173828,105.3783950805664,149.79331970214844,200.12808227539062,266.8766174316406,394.2418212890625,544.7302856445312,803.5170288085938,1171.087890625,3363.74462890625,78.38076782226562
25,0.0,0.0027054965030401945,0.015190497040748596,0.04005032405257225,0.10960537940263748,0.2968285083770752,0.6480326056480408,1.8738933801651,2.587263822555542,3.223931312561035,3.508871555328369,4.029714584350586,4.567669868469238,6.787415504455566,7.952006816864014,8.80295467376709,8.915223121643066,9.50101375579834,11.433465957641602,13.477812767028809,16.958816528320312,19.67076301574707,20.751449584960938,27.698230743408203,37.950714111328125,67.10431671142578,84.157470703125,96.4436264038086,143.0979461669922,203.80813598632812,241.5219268798828,374.8490905761719,469.31890869140625,733.3118896484375,1063.82958984375,2882.302734375,83.54235076904297
26,0.0,0.004929312504827976,0.03003655932843685,0.08376016467809677,0.22157536447048187,0.5835897326469421,1.1637741327285767,2.472522735595703,3.5463454723358154,5.13528299331665,5.802535533905029,6.501497268676758,7.775516510009766,12.468414306640625,14.628012657165527,16.157142639160156,16.82563018798828,43.357261657714844,49.258819580078125,51.32671356201172,60.686744689941406,63.58775329589844,65.3045883178711,83.03297424316406,100.1697998046875,149.3466033935547,184.5618438720703,230.30667114257812,310.1658935546875,384.3682556152344,547.0007934570312,842.1007690429688,1088.74072265625,1533.2955322265625,2378.712890625,6291.58154296875,183.8076934814453
27,0.0,0.003576365066692233,0.021442731842398643,0.06395001709461212,0.18287481367588043,0.46114152669906616,1.0288633108139038,2.398134708404541,3.285560131072998,4.221219062805176,4.482720851898193,5.686275482177734,6.5443644523620605,9.53442096710205,11.738428115844727,13.605057716369629,14.992852210998535,1445.642578125,1390.662353515625,1429.390869140625,1323.174072265625,1372.6597900390625,1380.5679931640625,1428.682861328125,1356.7130126953125,1418.6038818359375,1418.451904296875,1500.0892333984375,1576.81005859375,1649.508544921875,1790.559326171875,1824.469970703125,2033.9154052734375,2424.572021484375,2824.6416015625,4791.59423828125,116.69722747802734
28,0.0,0.00466045131906867,0.030899694189429283,0.08642349392175674,0.2194608449935913,0.5565970540046692,1.1883288621902466,2.615828037261963,3.853792667388916,4.937726974487305,5.626431941986084,6.744903564453125,7.915012359619141,12.551834106445312,14.604691505432129,16.53495979309082,18.97415542602539,14013.6806640625,14951.779296875,13194.501953125,15701.794921875,13770.9599609375,13965.1611328125,14817.326171875,13482.798828125,14442.38671875,13862.70703125,14058.2529296875,14116.859375,14505.8203125,14015.818359375,14551.1123046875,15399.2216796875,14286.810546875,14756.048828125,5323.6572265625,139.0601043701172
29,0.0,0.0038484365213662386,0.022511664777994156,0.06471266597509384,0.16603326797485352,0.45020851492881775,0.9228965044021606,2.1808056831359863,3.2862861156463623,4.1311469078063965,4.838077545166016,5.355610370635986,6.260571479797363,10.126995086669922,11.408355712890625,12.48746109008789,14.120624542236328,15.212567329406738,19.9498291015625,22.773056030273438,29.17519187927246,33.34202575683594,34.541221618652344,41.07133865356445,56.54440689086914,93.2248306274414,121.98180389404297,157.7809295654297,222.18690490722656,300.4269714355469,350.76080322265625,608.5466918945312,767.193115234375,1113.2518310546875,1621.4810791015625,4318.240234375,131.689697265625
30,0.0,0.004133265465497971,0.024315442889928818,0.08284816145896912,0.19287528097629547,0.4950932264328003,1.0223548412322998,2.4451515674591064,3.6021006107330322,4.675201892852783,4.962782859802246,6.066622257232666,7.200236797332764,10.623330116271973,13.071558952331543,13.145855903625488,16.41046142578125,15.643881797790527,22.115076065063477,23.855195999145508,29.916481018066406,33.4701042175293,33.56351089477539,48.80829620361328,65.11746215820312,105.5785903930664,130.2960205078125,155.3463592529297,211.31895446777344,307.1904296875,408.46221923828125,587.025146484375,833.3768920898438,1141.6783447265625,1728.33935546875,4848.5048828125,137.8208770751953
31,0.0,0.002995475195348263,0.018213067203760147,0.05331017076969147,0.13938111066818237,0.3736587166786194,0.7462995052337646,2.0366642475128174,2.8364195823669434,3.782306671142578,4.398998260498047,4.700873851776123,5.480159282684326,7.867771625518799,9.77916145324707,10.256406784057617,11.427594184875488,26714.345703125,24672.234375,23301.5703125,26940.13671875,23101.640625,26103.884765625,22533.04296875,23947.712890625,26341.25390625,22588.9765625,23892.548828125,21375.60546875,19324.240234375,22217.005859375,18956.60546875,19009.033203125,21362.58984375,17882.962890625,3357.902587890625,95.67391204833984
32,0.0,0.0044038547202944756,0.026439815759658813,0.08000679314136505,0.1786459982395172,0.4888240098953247,0.9572522044181824,2.4377267360687256,3.3692896366119385,4.691118240356445,4.957706451416016,6.131921768188477,6.872626304626465,11.549006462097168,13.98287582397461,16.31011390686035,16.531282424926758,551.764892578125,536.0016479492188,548.4600219726562,531.478759765625,580.6068725585938,542.1751708984375,572.192626953125,580.03759765625,637.259765625,623.9243774414062,707.4409790039062,793.661376953125,846.4899291992188,960.7958984375,1330.943603515625,1507.92529296875,1939.18701171875,2660.15966796875,5829.01123046875,154.61695861816406
33,0.0,0.004485899116843939,0.026500338688492775,0.07878325134515762,0.1977236419916153,0.5591325163841248,1.1983115673065186,2.5011143684387207,3.5039141178131104,5.014902591705322,5.494338035583496,6.067493438720703,6.965052127838135,11.460246086120605,13.468531608581543,15.43033504486084,16.414472579956055,386.6935729980469,424.88214111328125,395.7109069824219,428.8832702636719,418.89166259765625,477.1056213378906,398.53375244140625,439.4093017578125,530.2425537109375,504.08001708984375,568.5457763671875,637.4865112304688,720.7379150390625,784.5086059570312,1073.3699951171875,1284.925537109375,1769.3719482421875,2179.15869140625,5853.2275390625,142.6945343017578
34,0.0,0.004555562045425177,0.02746753580868244,0.08161821216344833,0.20496231317520142,0.5525496006011963,1.100581407546997,2.568912982940674,3.6086063385009766,4.916040897369385,5.220167636871338,6.54166841506958,7.224226951599121,11.936530113220215,13.18420696258545,14.752593040466309,16.136661529541016,22.307701110839844,25.841442108154297,26.187456130981445,33.27549743652344,36.644859313964844,39.591495513916016,51.31352996826172,72.80355072021484,130.4858856201172,144.74574279785156,182.37442016601562,262.1285705566406,351.0594177246094,445.1784362792969,605.5581665039062,895.97216796875,1418.8228759765625,1968.921875,5412.95849609375,150.9917449951172
35,0.0,0.004769382532685995,0.029168328270316124,0.08286763727664948,0.21930858492851257,0.5628137588500977,1.1759361028671265,2.660963296890259,3.5544118881225586,4.97059440612793,5.336999416351318,6.267192363739014,7.15056037902832,11.99341869354248,14.350258827209473,16.560667037963867,16.298032760620117,244.96566772460938,267.2154846191406,247.64404296875,259.34429931640625,259.03057861328125,279.32183837890625,284.7536926269531,313.49462890625,346.7638854980469,403.05133056640625,423.1061706542969,525.3993530273438,585.6385498046875,731.9059448242188,999.7172241210938,1221.4305419921875,1767.2015380859375,2124.508056640625,5397.13330078125,148.7622833251953
36,0.0,0.005371228326112032,0.03279426321387291,0.09058113396167755,0.24029895663261414,0.5847784876823425,1.226657509803772,2.519993782043457,3.9914281368255615,5.517780303955078,5.910629749298096,6.977636814117432,8.285161972045898,13.363120079040527,16.37303924560547,17.284048080444336,19.290157318115234,119.88294982910156,129.6940460205078,123.03802490234375,136.56973266601562,139.7545623779297,139.783447265625,152.11056518554688,175.5507049560547,222.0823516845703,252.29849243164062,299.3365478515625,396.3495788574219,477.4948425292969,574.3074951171875,849.901611328125,1122.11474609375,1562.069091796875,1987.0543212890625,6043.6181640625,177.2191619873047
37,0.0,0.0037966964300721884,0.02317754179239273,0.06325197964906693,0.16897596418857574,0.45525097846984863,1.0001425743103027,2.391381025314331,3.1845452785491943,4.191529750823975,4.723570346832275,5.653786659240723,6.653313636779785,9.635760307312012,11.58016586303711,12.126913070678711,12.944439888000488,16.490575790405273,19.5423641204834,21.63033676147461,27.966175079345703,32.44881820678711,33.6653938293457,46.69613265991211,55.002079010009766,91.7568588256836,120.49879455566406,149.95162963867188,219.4845733642578,267.5278625488281,372.0229187011719,568.5214233398438,743.7435302734375,1056.68310546875,1665.0926513671875,4522.20703125,121.27754974365234
38,0.0,0.003286340506747365,0.020043259486556053,0.061854541301727295,0.1570219248533249,0.3799630403518677,0.8676759004592896,2.191279888153076,2.943481206893921,4.078426837921143,4.186705589294434,5.373355388641357,5.784296035766602,8.681621551513672,9.987330436706543,11.206881523132324,12.056604385375977,12.61766242980957,16.87160301208496,18.850011825561523,25.219711303710938,27.417327880859375,30.924795150756836,39.1220703125,58.7077751159668,98.1754379272461,116.93572235107422,158.71498107910156,202.46971130371094,273.85931396484375,347.9935302734375,571.21142578125,725.7489013671875,1162.94775390625,1502.9903564453125,3698.4599609375,102.96887969970703
39,0.0,0.003279108554124832,0.01810506545007229,0.05406343936920166,0.13568128645420074,0.3351960778236389,0.7907018065452576,2.086779832839966,2.869018793106079,3.642069101333618,3.975191831588745,4.714690208435059,5.397240161895752,8.377784729003906,9.029212951660156,10.644330978393555,10.74283504486084,11.47254753112793,14.232233047485352,14.677118301391602,20.55154037475586,23.73723793029785,23.895774841308594,32.80219650268555,44.13175964355469,82.33185577392578,90.30213928222656,123.2108154296875,180.0636749267578,229.20877075195312,298.25921630859375,475.3682556152344,629.6480102539062,932.2743530273438,1253.1671142578125,3642.477783203125,101.67559814453125
40,0.0,0.004080777056515217,0.02497635781764984,0.07350006699562073,0.20352593064308167,0.5123513340950012,1.0479484796524048,2.475285768508911,3.2960054874420166,4.400662422180176,4.984141826629639,5.631296157836914,6.705785274505615,10.823037147521973,11.922253608703613,13.4481782913208,16.133771896362305,4169.9619140625,4218.91455078125,4505.8544921875,3917.8173828125,4144.92431640625,3963.804443359375,3838.662109375,3535.4501953125,3626.176513671875,3161.0,3370.225341796875,3180.314697265625,3138.179931640625,2924.134521484375,2905.840576171875,2867.674072265625,3320.9501953125,3382.302490234375,5177.55224609375,155.9990692138672
41,0.0,0.003215733915567398,0.019051501527428627,0.053048089146614075,0.1493837833404541,0.3902395963668823,0.8019123673439026,2.0608277320861816,2.9424757957458496,3.763753890991211,4.155691623687744,4.788956165313721,5.744236469268799,8.275654792785645,10.017857551574707,11.094205856323242,11.665752410888672,25994.001953125,25324.64453125,23391.775390625,27508.46875,27572.265625,27463.77734375,26410.017578125,25448.48046875,22032.021484375,23324.09375,24429.703125,23037.328125,23397.724609375,20798.673828125,20739.087890625,18856.224609375,19317.861328125,18452.552734375,3871.51025390625,103.57512664794922
42,0.0,0.0037947504315525293,0.02256776951253414,0.07063667476177216,0.1724807769060135,0.4969194531440735,1.0618771314620972,2.431519031524658,3.3731915950775146,4.42411994934082,4.696529388427734,5.682395935058594,6.555094242095947,10.066619873046875,12.395367622375488,13.44392204284668,15.456633567810059,15.6400728225708,19.83493423461914,19.534454345703125,29.634855270385742,31.504236221313477,34.99909591674805,45.168251037597656,59.97355270385742,93.89923858642578,119.2155532836914,171.20681762695312,234.7303466796875,304.4808349609375,394.8583984375,664.6873779296875,800.6061401367188,1328.09814453125,1721.1878662109375,4925.2734375,127.31746673583984
43,0.0,0.004569994285702705,0.025567514821887016,0.08374206721782684,0.20490339398384094,0.5721069574356079,1.1401723623275757,2.5515987873077393,3.465806245803833,4.765355587005615,5.302758693695068,6.573882102966309,7.6289591789245605,11.653093338012695,13.771751403808594,15.452744483947754,15.831231117248535,15374.509765625,15870.4765625,16326.92578125,15444.2978515625,13212.7001953125,15911.98046875,14145.03125,15176.1376953125,14708.5234375,13463.1298828125,13808.875,13176.2060546875,12272.0146484375,13312.626953125,12136.4111328125,11242.99609375,12046.7705078125,10800.177734375,4944.35400390625,150.1147918701172
44,0.0,0.003989907912909985,0.022365642711520195,0.07103320211172104,0.1828426569700241,0.4845959544181824,1.0201042890548706,2.4439761638641357,3.378718137741089,4.370889663696289,5.199377059936523,6.169641971588135,6.6429924964904785,10.604703903198242,12.23029899597168,12.646829605102539,13.771621704101562,16.094444274902344,20.98568344116211,21.970481872558594,28.637224197387695,32.44983673095703,34.53080749511719,42.14467239379883,58.78895568847656,87.90521240234375,116.45183563232422,147.09170532226562,223.89151000976562,294.9268493652344,389.1334533691406,590.8278198242188,731.404541015625,1089.2437744140625,1630.924560546875,4560.4130859375,124.36227416992188
45,0.0,0.00383036769926548,0.021953536197543144,0.07064848393201828,0.17673029005527496,0.47951045632362366,1.0364117622375488,2.3287994861602783,3.4988784790039062,4.656731605529785,5.040566921234131,5.940192699432373,6.948676586151123,10.097969055175781,12.00665283203125,13.932902336120605,14.4273681640625,15.81652545928955,18.152101516723633,21.890657424926758,27.949039459228516,32.543434143066406,32.35143280029297,45.759925842285156,60.34165954589844,111.63404083251953,123.21441650390625,180.08331298828125,254.3307342529297,341.0069580078125,395.621337890625,668.9163818359375,885.726806640625,1220.5548095703125,1855.8660888671875,5050.65625,119.84647369384766
46,0.0,0.004137522075325251,0.02401009574532509,0.07098670303821564,0.1830470860004425,0.47603994607925415,1.0442136526107788,2.233093500137329,3.292996406555176,4.2761030197143555,4.889624118804932,5.388833045959473,6.513823509216309,10.776379585266113,12.561269760131836,13.115248680114746,14.80433464050293,784.8389282226562,752.6165161132812,740.7908935546875,774.8046875,727.7407836914062,849.3314208984375,753.365966796875,858.24072265625,823.3126831054688,881.35546875,883.650146484375,980.5740966796875,1024.8963623046875,1223.665283203125,1400.9580078125,1539.8475341796875,2034.4425048828125,2390.920654296875,4699.72216796875,128.86817932128906
47,0.0,0.003321208758279681,0.017603116109967232,0.051244884729385376,0.1287018060684204,0.3559878170490265,0.8161765336990356,2.063253164291382,2.8738231658935547,3.690002679824829,4.18587589263916,4.477989673614502,5.106541156768799,8.314536094665527,9.070879936218262,10.320821762084961,11.090887069702148,15.320815086364746,19.08378791809082,20.487520217895508,25.200321197509766,26.68514060974121,30.089385986328125,35.23770523071289,49.33442687988281,76.232421875,99.82148742675781,126.8865966796875,180.0994415283203,225.55056762695312,297.84112548828125,450.4779052734375,596.1409301757812,865.3333129882812,1370.5618896484375,3581.5546875,97.88008117675781
48,0.0,0.00336715136654675,0.01850977912545204,0.0571611151099205,0.14601168036460876,0.3896685838699341,0.850452721118927,2.1919944286346436,2.9134440422058105,3.8697004318237305,4.227449417114258,4.833498477935791,5.640408992767334,8.842607498168945,9.989309310913086,10.67410945892334,12.070039749145508,13.22388744354248,16.42790985107422,18.36756134033203,23.243417739868164,25.24962615966797,29.39891242980957,37.193328857421875,52.54880905151367,81.74712371826172,102.68852233886719,132.6337890625,189.15003967285156,261.43731689453125,328.6876220703125,529.7015991210938,667.431396484375,995.7559204101562,1472.67919921875,4205.48681640625,110.97639465332031
49,0.0,0.00420907000079751,0.025782333686947823,0.07902256399393082,0.2018658071756363,0.5010755658149719,1.089471697807312,2.5653510093688965,3.432889223098755,4.673267841339111,5.173491477966309,6.158199310302734,7.3445234298706055,10.83727741241455,13.754865646362305,14.119187355041504,14.560216903686523,126.9136734008789,140.70782470703125,133.9000244140625,135.69981384277344,146.26004028320312,147.29185485839844,156.05276489257812,174.4127197265625,219.75732421875,231.93731689453125,271.97222900390625,375.30865478515625,424.1991882324219,507.5017395019531,752.7518920898438,899.608154296875,1397.9610595703125,1783.96923828125,4795.818359375,142.1020965576172
50,0.0,0.002669766778126359,0.014975283294916153,0.04313844442367554,0.10952989757061005,0.30979621410369873,0.6774625182151794,2.0122597217559814,2.5870256423950195,3.2928879261016846,4.057145118713379,4.3126220703125,4.634576320648193,6.838840961456299,7.701807498931885,8.53330135345459,9.497232437133789,9.922540664672852,12.761326789855957,13.877367973327637,19.173255920410156,21.723581314086914,21.98050880432129,28.0993595123291,37.81340026855469,65.76648712158203,84.47904968261719,107.61406707763672,137.38853454589844,193.90147399902344,242.30279541015625,388.3818054199219,491.3937072753906,798.0189819335938,972.7026977539062,2861.263671875,72.71631622314453
51,0.0,0.004127996042370796,0.024274731054902077,0.07307279109954834,0.19140726327896118,0.5256648063659668,1.1205294132232666,2.3905394077301025,3.4273619651794434,4.545699119567871,5.116680145263672,6.452233791351318,6.679401874542236,11.009224891662598,12.222869873046875,13.8280668258667,14.888901710510254,18009.552734375,17589.443359375,16072.060546875,17038.712890625,18558.15625,17803.57421875,16253.4716796875,17622.818359375,17220.5390625,17233.32421875,16048.4267578125,14483.1220703125,14925.333984375,14471.037109375,12895.05859375,13448.5830078125,14372.001953125,13607.98046875,5271.5673828125,134.27369689941406
52,0.0,0.0034303730353713036,0.020136293023824692,0.06078247353434563,0.15990766882896423,0.42597639560699463,0.9142616391181946,2.2318196296691895,3.135538339614868,4.223830223083496,4.67427921295166,5.1809611320495605,5.955572605133057,9.548017501831055,10.735288619995117,11.866809844970703,12.705623626708984,754.6551513671875,762.9282836914062,746.6303100585938,724.8060302734375,692.32763671875,692.5181274414062,621.5733032226562,640.1641845703125,592.8107299804688,551.3131103515625,494.90008544921875,543.1362915039062,562.7692260742188,531.4384155273438,709.9179077148438,813.6831665039062,1137.7742919921875,1635.051025390625,4344.2412109375,119.18128967285156
53,0.0,0.002908919472247362,0.015955850481987,0.04708458483219147,0.1239534243941307,0.33292046189308167,0.6756249070167542,2.1023831367492676,2.7041640281677246,3.3512754440307617,3.734780788421631,4.281238555908203,4.993812561035156,7.0721001625061035,8.276031494140625,9.581267356872559,10.57306957244873,11.084128379821777,14.237707138061523,15.647453308105469,19.830106735229492,22.527299880981445,22.14508056640625,34.047733306884766,41.569305419921875,73.03628540039062,88.69281768798828,116.2867431640625,159.96688842773438,234.22811889648438,278.58489990234375,442.02874755859375,544.3712768554688,867.3657836914062,1227.945068359375,3433.276123046875,83.0845947265625
54,0.0,0.005632487591356039,0.03579583764076233,0.11047955602407455,0.26201584935188293,0.7363497614860535,1.5672264099121094,2.995944023132324,4.3926777839660645,5.950066566467285,6.354919910430908,8.057706832885742,10.000767707824707,14.850691795349121,17.501663208007812,20.080963134765625,20.752174377441406,57.58796310424805,63.52008056640625,63.307456970214844,72.4139404296875,84.09113311767578,87.99698638916016,102.57997131347656,130.7144012451172,191.0474395751953,229.26341247558594,293.64288330078125,365.5269470214844,475.0576171875,630.837890625,987.39990234375,1229.9195556640625,1897.8643798828125,2574.938720703125,6706.84033203125,203.64776611328125
55,0.0,0.004484263714402914,0.027346806600689888,0.0788329541683197,0.19372090697288513,0.51396644115448,1.080552101135254,2.445901393890381,3.4820384979248047,4.819618225097656,5.063019275665283,6.033565521240234,7.462947368621826,11.414560317993164,14.112757682800293,16.075725555419922,16.691614151000977,27647.7421875,26189.1484375,28409.380859375,26069.244140625,26945.07421875,26049.302734375,24935.60546875,25852.4140625,26398.650390625,24161.65234375,22669.73046875,22177.400390625,23034.216796875,21210.849609375,22362.19140625,20139.404296875,21739.228515625,21403.904296875,5363.3271484375,150.93475341796875
56,0.0,0.00391293503344059,0.023435089737176895,0.06801977008581161,0.18219433724880219,0.4872366487979889,1.0492990016937256,2.365818977355957,3.3838717937469482,4.294675827026367,4.54292631149292,5.71594762802124,6.464531421661377,10.457490921020508,11.89419937133789,13.492904663085938,14.176946640014648,93.14512634277344,94.15149688720703,94.32139587402344,102.84241485595703,112.01408386230469,106.60127258300781,120.57472229003906,134.757568359375,174.87550354003906,196.22828674316406,235.67039489746094,302.63580322265625,372.439697265625,409.97540283203125,650.342529296875,903.4334106445312,1236.131103515625,1768.064208984375,4629.5009765625,130.25216674804688
57,0.0,0.003263836493715644,0.019366109743714333,0.05705409497022629,0.15385016798973083,0.41042324900627136,0.939653217792511,2.174219846725464,3.064523696899414,3.961533308029175,4.4330291748046875,5.1792402267456055,5.223758697509766,8.719518661499023,10.531366348266602,12.502439498901367,11.673516273498535,27495.380859375,28407.93359375,29271.708984375,30345.013671875,26369.078125,25989.513671875,27168.12109375,24774.494140625,26364.197265625,27248.255859375,26814.783203125,24800.439453125,24001.34765625,25115.283203125,22746.25,20137.345703125,18569.890625,20572.533203125,4014.17822265625,108.99392700195312
58,0.0,0.0031188742723315954,0.018247829750180244,0.05507650971412659,0.14141395688056946,0.4106527864933014,0.8753130435943604,2.2925713062286377,2.8270342350006104,3.522122621536255,3.877603054046631,4.7349853515625,5.3405537605285645,8.079689025878906,9.56182861328125,11.642900466918945,11.735000610351562,3144.042236328125,3282.21435546875,3038.396240234375,3259.3466796875,3226.5361328125,3416.763671875,3203.5771484375,3137.83203125,3029.447265625,3298.055419921875,3021.342529296875,3186.167236328125,3499.847412109375,3482.75244140625,3702.157958984375,3551.12548828125,4267.82958984375,4549.65380859375,3829.001708984375,110.2411880493164
59,0.0,0.004172656685113907,0.026502301916480064,0.07591983675956726,0.20776911079883575,0.5764967203140259,1.1919050216674805,2.5894980430603027,3.6065309047698975,5.233579158782959,5.5739006996154785,6.837526798248291,7.6221699714660645,11.758354187011719,13.163400650024414,14.555096626281738,16.14541244506836,17.47780990600586,22.986583709716797,24.911548614501953,32.65763473510742,39.892642974853516,39.63951110839844,49.45974349975586,69.15159606933594,123.77794647216797,148.84716796875,195.5992889404297,272.3311462402344,358.56005859375,488.8350830078125,733.8873291015625,1042.297607421875,1546.686279296875,2098.859130859375,5770.68359375,145.34983825683594
60,0.0,0.0038781301118433475,0.02324143797159195,0.06466984003782272,0.18012553453445435,0.4161837697029114,0.9082071781158447,2.391613483428955,3.2105562686920166,4.237926006317139,4.633662223815918,5.199188709259033,6.614027500152588,9.331957817077637,10.853343963623047,12.742921829223633,14.509937286376953,1047.73486328125,1098.320068359375,1115.00048828125,1036.9307861328125,1057.7242431640625,1134.3272705078125,1226.6630859375,1199.425537109375,1169.8790283203125,1136.9515380859375,1388.4493408203125,1265.8380126953125,1393.6253662109375,1432.8836669921875,1590.081298828125,1740.5535888671875,2119.697998046875,2445.295654296875,4096.55126953125,108.65412902832031
61,0.0,0.0046639214269816875,0.029479848220944405,0.08229474723339081,0.20631851255893707,0.5426232218742371,1.1890449523925781,2.472076892852783,3.674576759338379,5.010831356048584,5.128774166107178,6.72847843170166,8.039807319641113,11.347967147827148,14.539587020874023,15.038400650024414,17.291296005249023,26.495630264282227,32.58343505859375,35.32212829589844,44.71437454223633,49.38330078125,49.24979019165039,63.29259490966797,79.06787872314453,135.8555450439453,162.11468505859375,207.46450805664062,277.8854064941406,376.5342102050781,512.4288940429688,802.3150634765625,1101.9727783203125,1487.5347900390625,2008.241455078125,6617.96923828125,166.29013061523438
62,0.0,0.003249751403927803,0.018951330333948135,0.05637039989233017,0.15719813108444214,0.4223305284976959,0.8767549395561218,2.1826748847961426,2.9762823581695557,3.9756760597229004,3.844127893447876,4.591928005218506,5.740145683288574,8.527093887329102,10.4242525100708,11.260811805725098,12.914920806884766,16.785785675048828,20.70403289794922,20.87794303894043,27.25143051147461,31.701204299926758,34.35404586791992,42.625125885009766,55.73838424682617,90.99404907226562,109.74163055419922,138.6268768310547,191.65057373046875,252.40603637695312,307.6543884277344,537.4957885742188,652.5362548828125,1043.443603515625,1475.1497802734375,4294.234375,109.51737213134766
63,0.0,0.005418932996690273,0.033649079501628876,0.09905986487865448,0.26652419567108154,0.6477205157279968,1.5187774896621704,2.902862548828125,3.9652748107910156,5.824773788452148,6.227798938751221,7.440923690795898,8.367303848266602,13.191014289855957,16.165687561035156,17.401765823364258,18.97481346130371,358.8885803222656,411.299072265625,385.89599609375,372.4914855957031,395.5402526855469,391.0799560546875,398.9990234375,436.6531066894531,454.9996032714844,505.9574279785156,576.0940551757812,631.57958984375,779.7743530273438,861.250732421875,1192.106201171875,1359.757080078125,1943.5087890625,2550.684326171875,7679.369140625,188.5238494873047
64,0.0,0.004112180322408676,0.024476610124111176,0.07067213952541351,0.20291276276111603,0.5239624381065369,1.123782753944397,2.4460675716400146,3.6196720600128174,5.057724475860596,5.144065856933594,6.109134197235107,6.602926254272461,10.44653034210205,13.156550407409668,14.765178680419922,16.712961196899414,11338.8623046875,12446.5625,11531.35546875,10801.5615234375,11513.0703125,11493.337890625,12025.140625,10786.05078125,10315.1904296875,11272.734375,10383.2705078125,11150.7021484375,9960.421875,8862.4091796875,8875.951171875,8383.265625,8414.2939453125,8350.74609375,5010.5283203125,137.1092071533203
65,0.0,0.0033109551295638084,0.020288636907935143,0.0604337714612484,0.15181872248649597,0.4045523405075073,0.88453209400177,2.3195221424102783,2.8346495628356934,3.8768489360809326,4.132932662963867,5.00626277923584,5.916109561920166,8.948896408081055,10.349996566772461,12.09082317352295,11.938867568969727,13.355613708496094,15.920915603637695,17.1158390045166,22.110746383666992,25.034149169921875,26.7626895904541,38.06606674194336,46.63413619995117,76.07003784179688,98.3040542602539,132.9773406982422,172.0759735107422,251.54046630859375,322.0616455078125,467.7795715332031,669.5763549804688,918.470703125,1402.2567138671875,3835.561279296875,110.21319580078125
66,0.0,0.003872038098052144,0.021346203982830048,0.06803364306688309,0.16473764181137085,0.44365009665489197,0.8957653045654297,2.237896680831909,3.116448402404785,4.046136379241943,4.295186996459961,5.472458362579346,6.279719352722168,9.579647064208984,10.401215553283691,11.854866981506348,12.570352554321289,64.53288269042969,67.67823791503906,68.5167007446289,69.85997009277344,75.29932403564453,74.8536376953125,88.28305053710938,97.64682006835938,138.98997497558594,164.5292205810547,196.970947265625,251.7411346435547,330.0815124511719,392.3317565917969,551.2808227539062,810.9685668945312,1129.134765625,1652.4759521484375,4451.9560546875,133.73971557617188
67,0.0,0.002916369354352355,0.017427900806069374,0.050671037286520004,0.12168947607278824,0.34146741032600403,0.7312840819358826,1.9967124462127686,2.620063543319702,3.4332287311553955,3.8066742420196533,4.283334732055664,5.249248504638672,7.352478504180908,8.876822471618652,9.531633377075195,10.043109893798828,11.294903755187988,15.06435775756836,15.698966026306152,20.318330764770508,23.181453704833984,24.456796646118164,31.67317771911621,45.52392578125,73.0834732055664,103.03333282470703,135.34317016601562,177.5943145751953,243.01332092285156,299.23919677734375,500.06939697265625,654.1956787109375,981.180419921875,1198.0257568359375,3419.511474609375,90.00010681152344
68,0.0,0.004276373889297247,0.025066960602998734,0.07444848865270615,0.21153244376182556,0.49501386284828186,1.0709949731826782,2.4703927040100098,3.1979587078094482,4.809160232543945,5.113997459411621,5.926833152770996,7.224513053894043,10.065210342407227,12.201281547546387,13.470622062683105,15.751091003417969,125.21903991699219,139.02593994140625,138.74758911132812,142.0054473876953,147.4435577392578,158.20291137695312,161.62376403808594,171.77056884765625,221.4606170654297,252.6428680419922,290.009521484375,372.0311279296875,457.1383361816406,486.445556640625,732.5678100585938,955.0474243164062,1403.860595703125,1962.289794921875,5612.376953125,143.5584716796875
69,0.0,0.004435230512171984,0.028173506259918213,0.0793992206454277,0.20590458810329437,0.5740132331848145,1.187374472618103,2.533698797225952,3.9391584396362305,4.99122428894043,5.6193461418151855,6.4728875160217285,7.644802093505859,12.069235801696777,14.689091682434082,16.570222854614258,17.40827178955078,219.28147888183594,222.02789306640625,226.28878784179688,232.73292541503906,238.9193572998047,237.54666137695312,255.39991760253906,267.6933898925781,294.6226806640625,333.7308349609375,380.37371826171875,451.64202880859375,551.5479736328125,641.091552734375,933.5840454101562,1196.4981689453125,1707.183349609375,2058.1064453125,5199.43603515625,157.39479064941406
70,0.0,0.003667950863018632,0.0222622137516737,0.068572998046875,0.1765194684267044,0.4400649666786194,0.9745904803276062,2.351983070373535,3.251690626144409,4.1919660568237305,4.682619571685791,5.548276901245117,6.213650703430176,9.650378227233887,11.378408432006836,13.587526321411133,14.97838306427002,320.3023986816406,306.16680908203125,316.75408935546875,332.2606506347656,311.9850158691406,314.47314453125,335.7561950683594,327.2848205566406,376.8378601074219,424.0713806152344,427.8179626464844,521.9407348632812,594.5177001953125,670.4485473632812,823.0486450195312,1000.8529052734375,1412.205078125,1990.650390625,4535.40625,118.92866516113281
71,0.0,0.0037091169506311417,0.021543284878134727,0.06510298699140549,0.18147093057632446,0.4606318175792694,0.9479891657829285,2.2985177040100098,3.1540732383728027,4.034891128540039,4.4617919921875,5.587031364440918,5.8195481300354,9.542694091796875,11.168695449829102,11.716654777526855,13.933104515075684,2232.359130859375,2091.103515625,2403.517578125,2148.101806640625,2374.465087890625,2213.58154296875,2143.84228515625,1960.3175048828125,2043.8173828125,1752.7520751953125,2002.16259765625,1805.769775390625,1749.0008544921875,1699.5653076171875,1591.8406982421875,1903.6005859375,2099.02587890625,2478.4326171875,4622.0615234375,117.76283264160156
72,0.0,0.0030954242683947086,0.018563587218523026,0.050464607775211334,0.13346175849437714,0.34770557284355164,0.7327816486358643,1.9688835144042969,2.535809278488159,3.351971387863159,4.0474443435668945,4.909308910369873,5.222523212432861,7.730091094970703,9.316383361816406,9.507396697998047,10.196078300476074,20090.568359375,23513.556640625,22310.8515625,20121.404296875,20305.1875,21268.404296875,20869.4375,20020.44140625,20998.373046875,18627.13671875,21053.74609375,18449.619140625,18654.91015625,16655.021484375,15745.31640625,15807.0810546875,15570.001953125,15485.5673828125,3576.937255859375,96.09269714355469
73,0.0,0.0028474987484514713,0.017427200451493263,0.04814491420984268,0.12342752516269684,0.36993464827537537,0.7287318706512451,2.085317373275757,2.715385913848877,3.5394909381866455,4.017688751220703,4.442586898803711,5.383827209472656,7.379542350769043,8.745744705200195,9.782174110412598,10.823814392089844,18829.931640625,19871.890625,18433.931640625,19258.271484375,20049.84765625,18464.462890625,18713.8125,19636.916015625,17663.859375,17703.20703125,16970.25,16634.958984375,15962.94921875,15000.048828125,15137.1005859375,14663.5029296875,13462.73046875,14189.4501953125,3248.60205078125,87.80512237548828
74,0.0,0.003909823019057512,0.024571310728788376,0.06787507981061935,0.17532604932785034,0.41270875930786133,0.9444779753684998,2.3401520252227783,3.0428261756896973,4.286584377288818,4.836070537567139,5.47935676574707,6.237584114074707,9.76386547088623,11.41797161102295,13.618379592895508,14.954568862915039,72.5613021850586,81.92347717285156,90.48333740234375,90.20417785644531,92.38804626464844,90.18807220458984,100.69110870361328,123.5906753540039,158.0576629638672,186.68971252441406,215.2439727783203,301.07916259765625,357.3624572753906,453.01556396484375,660.1464233398438,770.4036254882812,1188.2349853515625,1621.6165771484375,4530.3583984375,124.09249114990234
75,0.0,0.0037797787226736546,0.022003255784511566,0.06735268235206604,0.16373157501220703,0.47936388850212097,0.9625332355499268,2.3687021732330322,3.154437303543091,4.333893299102783,4.580987453460693,5.6154093742370605,6.464694499969482,10.35304069519043,12.28038501739502,13.516498565673828,14.094822883605957,1819.510986328125,1632.4779052734375,1810.0133056640625,1798.3990478515625,1666.0120849609375,1745.85302734375,1741.33056640625,1832.6787109375,1849.259521484375,1987.538330078125,1806.5858154296875,1943.257080078125,1974.8760986328125,2126.3994140625,2429.603515625,2379.438720703125,2791.18603515625,3375.485107421875,4500.1943359375,131.4131622314453
76,0.0,0.005240875296294689,0.029722442850470543,0.08956597000360489,0.22073498368263245,0.5085297226905823,1.0447083711624146,2.4131197929382324,3.663480758666992,4.664076328277588,5.427441596984863,6.711297988891602,7.649860382080078,13.003217697143555,15.214896202087402,16.697193145751953,17.76286506652832,27.283231735229492,34.640830993652344,34.535640716552734,47.2653923034668,47.08070373535156,47.84348678588867,60.39329528808594,81.59626770019531,130.1195068359375,159.5899200439453,199.07203674316406,288.20269775390625,364.2811279296875,482.2140808105469,758.2017822265625,1070.8516845703125,1386.090087890625,1967.9998779296875,5463.63232421875,182.3212890625
77,0.0,0.0044466471299529076,0.026110345497727394,0.07773949205875397,0.20470666885375977,0.5334461331367493,1.1034607887268066,2.5881235599517822,3.3469362258911133,4.839007377624512,5.003063678741455,6.664895057678223,7.563891410827637,11.02933406829834,13.853657722473145,15.449520111083984,16.464797973632812,155.0210723876953,153.0574951171875,160.89442443847656,169.63282775878906,176.77369689941406,175.60174560546875,187.4547882080078,194.57382202148438,236.1786346435547,298.7816162109375,316.2950744628906,389.39483642578125,456.4192810058594,575.6627807617188,770.909423828125,985.4065551757812,1505.6488037109375,2130.7763671875,5198.76708984375,144.92152404785156
78,0.0,0.0050824303179979324,0.033107955008745193,0.10115736722946167,0.26387664675712585,0.6697154641151428,1.361920714378357,2.9439008235931396,4.017269134521484,5.653540134429932,6.6965413093566895,8.08680248260498,9.011811256408691,13.641267776489258,15.473002433776855,18.229928970336914,20.556299209594727,102.78047180175781,112.84333038330078,107.90907287597656,118.5647964477539,128.51028442382812,122.92478942871094,148.9610137939453,166.57809448242188,239.72962951660156,277.3896484375,311.14569091796875,461.50372314453125,567.8518676757812,666.0677490234375,1023.912841796875,1325.63037109375,1750.050048828125,2404.965576171875,6103.38134765625,211.49420166015625
79,0.0,0.003549294313415885,0.021257290616631508,0.06659544259309769,0.16989067196846008,0.4116712212562561,0.9339748024940491,2.2652745246887207,2.985731601715088,3.9819254875183105,4.56323766708374,5.513370513916016,6.0535101890563965,9.081646919250488,10.319477081298828,12.37005615234375,12.768768310546875,949.1268310546875,900.0344848632812,898.4754028320312,896.91015625,868.4458618164062,864.2266235351562,920.9227905273438,907.9445190429688,959.9677734375,956.3445434570312,1035.7008056640625,1066.607421875,1204.79345703125,1191.7169189453125,1393.982421875,1549.732666015625,1990.7333984375,2490.158447265625,5016.177734375,126.48088073730469
80,0.0,0.005684783216565847,0.03470970317721367,0.1007988452911377,0.27092036604881287,0.6918148994445801,1.35671865940094,2.6766231060028076,4.062860012054443,5.586274147033691,6.419465065002441,7.390285491943359,9.057924270629883,14.142446517944336,17.156227111816406,19.19038200378418,20.325143814086914,242.94015502929688,256.9696350097656,270.4759521484375,264.7515563964844,264.788818359375,267.6429138183594,295.47833251953125,324.4415588378906,365.0469055175781,377.00128173828125,442.9237365722656,525.3128662109375,642.4820556640625,781.6739501953125,1023.8346557617188,1234.3895263671875,1854.9742431640625,2427.109619140625,6385.515625,207.64096069335938
81,0.0,0.0036884434521198273,0.022854268550872803,0.0663621574640274,0.1773049682378769,0.46761825680732727,0.9513324499130249,2.1145923137664795,3.0322227478027344,4.343840599060059,4.874202251434326,5.640468120574951,6.361454010009766,9.545998573303223,10.902397155761719,12.323846817016602,13.919119834899902,14.513555526733398,18.220233917236328,20.657493591308594,26.879682540893555,29.514461517333984,31.34417724609375,43.5169563293457,55.30420684814453,101.06722259521484,122.53997039794922,154.9350128173828,213.88282775878906,315.13726806640625,371.62371826171875,608.4527587890625,747.7836303710938,1202.34033203125,1587.266845703125,4246.28173828125,124.07257080078125
82,0.0,0.0031718495301902294,0.017429931089282036,0.05071670934557915,0.13455726206302643,0.3781939744949341,0.8209545016288757,2.1675736904144287,2.959573984146118,4.0200066566467285,4.3455586433410645,5.053605556488037,5.442000389099121,7.696525573730469,9.63082504272461,10.069279670715332,10.450119972229004,11.688766479492188,15.387494087219238,16.399930953979492,21.455814361572266,23.18341827392578,23.897754669189453,30.51528549194336,46.14717102050781,72.2131576538086,88.37568664550781,124.54597473144531,176.97706604003906,241.90719604492188,264.1357727050781,459.3645935058594,595.248779296875,822.3806762695312,1270.4144287109375,3256.28759765625,97.057861328125
83,0.0,0.0032442340161651373,0.017284290865063667,0.055595848709344864,0.14222292602062225,0.3895113468170166,0.8292129635810852,2.1760494709014893,2.8003790378570557,3.731579065322876,4.349127292633057,4.608598232269287,5.625102519989014,7.74824857711792,9.24463939666748,10.77038860321045,12.282787322998047,25042.30859375,25351.8515625,25863.173828125,22652.771484375,22503.697265625,21663.990234375,23737.666015625,21824.751953125,20989.208984375,21914.81640625,21635.099609375,20420.30078125,19195.275390625,18409.08984375,20233.607421875,18722.97265625,19227.052734375,17070.822265625,4124.17626953125,106.77381896972656
84,0.0,0.003536136355251074,0.0203552208840847,0.06059504300355911,0.1589231640100479,0.4044923186302185,0.8818690180778503,2.1672959327697754,2.9026403427124023,3.755439281463623,4.335535526275635,5.238781452178955,5.593437671661377,9.175869941711426,10.440960884094238,11.763177871704102,12.803553581237793,12782.5517578125,11291.9697265625,11190.59375,12713.6845703125,12184.291015625,12040.5732421875,11931.630859375,11601.2490234375,12559.478515625,11632.6748046875,12320.103515625,11742.80859375,12852.3193359375,12292.5244140625,12822.1484375,12287.5009765625,12629.2861328125,12955.0205078125,4335.89599609375,110.24838256835938
85,0.0,0.0039485422894358635,0.02341044321656227,0.07727202028036118,0.19951628148555756,0.48033320903778076,1.0199685096740723,2.3699355125427246,3.2537264823913574,4.506096839904785,4.612820625305176,5.696895122528076,6.382427215576172,11.268750190734863,13.946939468383789,14.68511962890625,16.891321182250977,2277.67041015625,2234.919189453125,2137.151123046875,2201.041015625,2388.666259765625,2137.361572265625,2177.822998046875,2030.8480224609375,2418.794677734375,2261.854248046875,2273.692626953125,2296.65966796875,2294.723388671875,2525.255126953125,2742.541748046875,2980.792724609375,3284.043212890625,3930.4833984375,4874.07373046875,128.07679748535156
86,0.0,0.0036004516296088696,0.020090704783797264,0.05493737384676933,0.14878349006175995,0.3603752851486206,0.7967299222946167,2.0203511714935303,2.9199771881103516,3.803062677383423,4.225452423095703,5.047581195831299,5.969500541687012,8.772039413452148,9.62723445892334,11.689146041870117,12.79774284362793,10619.298828125,10039.38671875,11130.62890625,11319.6689453125,10599.46484375,10542.2294921875,9921.6669921875,11212.5693359375,10820.955078125,10171.7177734375,10067.1083984375,9244.5224609375,9144.59375,9040.1728515625,7687.244140625,7236.6357421875,7775.10791015625,7749.71240234375,4067.171630859375,119.20333862304688
87,0.0,0.005073015112429857,0.029637804254889488,0.09242185205221176,0.26033997535705566,0.6447458863258362,1.2986044883728027,2.8217296600341797,3.7244577407836914,5.1785712242126465,6.301263332366943,7.081887722015381,8.613137245178223,13.596299171447754,15.863913536071777,17.71669578552246,19.95180892944336,320.7228698730469,335.0683898925781,355.0549011230469,343.3236389160156,349.9380798339844,337.60174560546875,364.620849609375,375.3516845703125,433.3255920410156,478.96734619140625,517.8427124023438,621.069091796875,728.4977416992188,866.3352661132812,1125.2672119140625,1324.618408203125,1849.5697021484375,2355.16455078125,6035.84130859375,191.547607421875
88,0.0,0.0041237990371882915,0.024891113862395287,0.07425061613321304,0.19325532019138336,0.4972116947174072,1.0198352336883545,2.2831153869628906,3.3084614276885986,4.266073703765869,4.7440714836120605,5.954890251159668,6.622432708740234,9.99280071258545,12.04977798461914,12.248662948608398,14.01010799407959,25664.376953125,25793.212890625,27319.09765625,28476.79296875,27099.63671875,25521.3125,27161.640625,25016.12109375,26667.931640625,22811.5625,23851.93359375,24646.67578125,23070.259765625,23963.884765625,22341.81640625,21425.44921875,22312.638671875,20890.75390625,5142.12548828125,134.29632568359375
89,0.0,0.0026478853542357683,0.015516278333961964,0.0414462611079216,0.1129835918545723,0.3230406641960144,0.7158004641532898,1.949763298034668,2.580548048019409,3.3405163288116455,3.797633409500122,4.683377265930176,4.884097099304199,6.95129919052124,8.727078437805176,8.997370719909668,9.685297012329102,364.0195617675781,398.3057861328125,388.98876953125,393.5374755859375,389.52484130859375,423.9593505859375,396.2060241699219,394.7359619140625,441.46893310546875,454.2530517578125,483.0062561035156,549.0081787109375,573.4725341796875,642.8107299804688,767.644287109375,886.9287719726562,1101.7637939453125,1442.3436279296875,2575.545166015625,72.93451690673828
90,0.0,0.0038116539362818003,0.022862328216433525,0.07032657414674759,0.17858915030956268,0.4596807062625885,0.8988756537437439,2.3555538654327393,3.205057144165039,4.166865825653076,4.4837822914123535,5.4544267654418945,6.050952911376953,10.180458068847656,12.18940258026123,12.934314727783203,14.594186782836914,20514.15625,19898.572265625,20139.265625,17411.47265625,19302.48046875,17604.98828125,17561.11328125,18835.953125,16634.63671875,17688.240234375,18339.724609375,16960.82421875,16539.462890625,15611.6083984375,17333.798828125,15386.060546875,13018.0166015625,13719.9892578125,4715.4111328125,137.43785095214844
91,0.0,0.0037348640616983175,0.020634518936276436,0.06363806128501892,0.16476301848888397,0.4594036936759949,0.9362688660621643,2.217008352279663,3.272692918777466,4.185614585876465,4.587386131286621,5.2226033210754395,6.611306190490723,9.401419639587402,10.936356544494629,12.473468780517578,13.653181076049805,468.6468811035156,459.49346923828125,485.9378967285156,464.3547058105469,507.52728271484375,472.7091979980469,527.1060180664062,544.7933349609375,577.4202880859375,575.5821533203125,630.166259765625,695.0214233398438,737.810302734375,861.640625,991.2503051757812,1213.723388671875,1556.754150390625,2083.404296875,4981.12939453125,118.333740234375
92,0.0,0.0036426102742552757,0.020520422607660294,0.059584639966487885,0.16203655302524567,0.43312299251556396,0.9015332460403442,2.085583209991455,2.9150729179382324,3.9386377334594727,4.377129077911377,5.394003391265869,6.268738746643066,8.186938285827637,10.346224784851074,11.504302978515625,12.346875190734863,454.0165710449219,408.0799560546875,424.9818420410156,431.2598571777344,452.2689208984375,472.033447265625,461.55224609375,467.8446350097656,517.5587158203125,576.1651611328125,584.062744140625,598.8034057617188,705.5775146484375,763.5302124023438,1030.4146728515625,1175.31982421875,1568.146240234375,2020.9044189453125,4774.63720703125,120.5971450805664
93,0.0,0.003966854885220528,0.02341136336326599,0.07334091514348984,0.18208444118499756,0.5096314549446106,1.092116117477417,2.4985666275024414,3.4306743144989014,4.320051670074463,5.051458358764648,6.122600078582764,7.1381683349609375,10.586283683776855,12.486858367919922,14.374119758605957,16.30916404724121,64.8873062133789,68.5058822631836,65.25887298583984,79.57131958007812,79.91803741455078,83.20403289794922,93.10626983642578,107.03230285644531,152.02493286132812,184.03756713867188,213.47080993652344,281.8620910644531,329.8240051269531,424.3338928222656,651.67529296875,847.2842407226562,1252.8277587890625,1803.853759765625,4418.76806640625,120.90354919433594
94,0.0,0.003704601898789406,0.02297382988035679,0.061417557299137115,0.16276247799396515,0.40957337617874146,0.8029350638389587,2.184148073196411,2.970625638961792,4.05967378616333,4.355583190917969,5.222555160522461,6.327518463134766,9.448871612548828,10.387242317199707,11.724862098693848,12.617759704589844,28160.083984375,29697.1328125,32847.44140625,31005.169921875,28659.1328125,31236.3359375,30860.119140625,28198.806640625,29877.369140625,30619.11328125,27807.51171875,26960.98046875,28148.63671875,24970.892578125,25380.017578125,24632.595703125,20602.552734375,24602.37109375,3698.5869140625,119.1207046508789
95,0.0,0.003052657702937722,0.01843300461769104,0.05070583522319794,0.12288745492696762,0.3761206865310669,0.781981348991394,2.121415615081787,2.955847978591919,3.6387686729431152,4.092171669006348,4.657734394073486,5.4699883460998535,7.562154769897461,8.702549934387207,10.153726577758789,10.411821365356445,12.18305492401123,14.561957359313965,17.3433780670166,21.072607040405273,22.818065643310547,22.819061279296875,32.335697174072266,43.750980377197266,84.3698501586914,98.38822174072266,126.87053680419922,169.37039184570312,233.21572875976562,291.46795654296875,475.9385986328125,654.2887573242188,939.6338500976562,1280.009521484375,3375.364501953125,100.34066009521484
96,0.0,0.0042687454260885715,0.026437845081090927,0.08293621987104416,0.20018048584461212,0.5510026216506958,1.1310005187988281,2.5183231830596924,3.7474918365478516,4.932361602783203,5.557653427124023,6.305680751800537,7.467733860015869,11.302080154418945,14.28654956817627,16.401391983032227,16.44749641418457,1253.487060546875,1309.68359375,1145.8668212890625,1168.434814453125,1058.942626953125,1168.9864501953125,1091.94873046875,1007.3387451171875,1058.35693359375,960.8489990234375,954.344482421875,951.8711547851562,888.8888549804688,911.746337890625,1077.2115478515625,1239.5474853515625,1650.5760498046875,2308.24951171875,5842.55615234375,154.72845458984375
97,0.0,0.0036540471483021975,0.02159341610968113,0.0637064129114151,0.16723047196865082,0.44007107615470886,0.8969707489013672,2.238283395767212,3.0564401149749756,4.042236328125,4.689775466918945,5.095872402191162,6.294834613800049,9.309659957885742,11.212442398071289,11.69154167175293,13.023723602294922,30.906766891479492,34.071712493896484,35.21479034423828,39.73835754394531,44.32174301147461,45.03752899169922,54.874481201171875,67.61959838867188,100.6898193359375,125.10200500488281,152.23513793945312,216.70419311523438,286.47210693359375,360.8835754394531,557.0424194335938,711.5991821289062,1157.957275390625,1510.005859375,4000.858642578125,120.1299819946289
98,0.0,0.003030347405001521,0.018502023071050644,0.05091478303074837,0.14220640063285828,0.37667420506477356,0.7324005365371704,2.073808193206787,2.642303466796875,3.4658243656158447,3.921013355255127,4.43706750869751,5.1362810134887695,7.706933975219727,8.83088207244873,9.95213508605957,10.088884353637695,14712.509765625,13437.1005859375,13497.140625,13316.81640625,13227.0078125,13322.7080078125,12907.240234375,12200.7734375,12354.0927734375,12247.8955078125,11010.8798828125,12616.75,10110.38671875,10685.046875,10126.599609375,9670.634765625,9320.470703125,9782.869140625,3636.276123046875,95.67094421386719
99,0.0,0.0037557377945631742,0.023716898635029793,0.06204523146152496,0.15008795261383057,0.4049097001552582,0.9122002124786377,2.1417603492736816,2.866095542907715,3.9569625854492188,4.342157363891602,5.167697429656982,6.146660327911377,9.365592956542969,10.447443962097168,12.007549285888672,12.7940673828125,126.28340911865234,129.68972778320312,139.04815673828125,139.71343994140625,142.28819274902344,136.60855102539062,163.39231872558594,164.33975219726562,206.4598846435547,235.9325408935547,256.45916748046875,318.9753112792969,390.8730773925781,484.79827880859375,665.3927612304688,901.7720336914062,1121.5115966796875,1668.5211181640625,3895.99462890625,121.72211456298828
100,0.0,0.0032978260423988104,0.019000845029950142,0.05974157154560089,0.14813336730003357,0.3977092504501343,0.8731781840324402,2.189725637435913,2.9500672817230225,3.766869306564331,4.254944324493408,4.695895195007324,5.543288230895996,8.821297645568848,9.963299751281738,11.648143768310547,11.879265785217285,732.5496215820312,741.1278076171875,718.9349975585938,747.669921875,723.0816040039062,743.0789794921875,757.4368896484375,801.3435668945312,775.002685546875,856.1163330078125,783.8270263671875,1008.8965454101562,993.5635375976562,975.8632202148438,1228.7733154296875,1357.7589111328125,1614.810302734375,2177.93359375,3946.09375,115.113525390625
101,0.0,0.003115548286587,0.016411593183875084,0.04823044314980507,0.1452273577451706,0.35647186636924744,0.7639135122299194,1.9565455913543701,2.6990113258361816,3.627869129180908,3.9530556201934814,4.275561332702637,5.051034450531006,8.130778312683105,9.032466888427734,9.785455703735352,10.90809440612793,108.59137725830078,109.03722381591797,102.6194076538086,110.38780212402344,112.1734619140625,108.98654174804688,122.23845672607422,140.89840698242188,172.24395751953125,195.94305419921875,213.3113250732422,273.5736389160156,347.6144714355469,411.0299072265625,568.681396484375,743.5530395507812,1039.6373291015625,1479.3385009765625,3755.2412109375,105.65729522705078
102,0.0,0.0035943284165114164,0.02045304886996746,0.06072491034865379,0.14320282638072968,0.423669695854187,0.8343973755836487,2.1282641887664795,3.1296286582946777,3.7932465076446533,4.235279083251953,5.331066608428955,5.363977432250977,9.050504684448242,10.373184204101562,11.636350631713867,12.664712905883789,12.83316707611084,17.217355728149414,17.372968673706055,22.480560302734375,28.100557327270508,25.777570724487305,34.31346130371094,47.0029296875,84.1543197631836,105.07734680175781,130.3613739013672,181.154052734375,265.93194580078125,295.6343078613281,484.11566162109375,631.641357421875,1039.7301025390625,1438.134521484375,3908.067138671875,120.96778869628906
103,0.0,0.0034840095322579145,0.019355786964297295,0.05307045206427574,0.1468089073896408,0.435445100069046,0.8442196846008301,2.2572617530822754,3.1502771377563477,3.922912120819092,4.532857418060303,5.19810676574707,5.941092491149902,8.169011116027832,10.237160682678223,11.916661262512207,12.107870101928711,13.23253059387207,17.080293655395508,17.29859733581543,24.22390365600586,26.450551986694336,27.042911529541016,39.76021194458008,51.00080108642578,82.37517547607422,105.05781555175781,138.64332580566406,209.402099609375,270.82769775390625,332.3961486816406,539.9423828125,699.6277465820312,954.8728637695312,1494.91650390625,4014.313720703125,104.20213317871094
104,0.0,0.004574683960527182,0.027059758082032204,0.08189930766820908,0.21039064228534698,0.5570884346961975,1.190902829170227,2.6103532314300537,3.759209632873535,5.090879440307617,5.437491416931152,6.872378826141357,8.072596549987793,11.466797828674316,13.601400375366211,15.318875312805176,15.833569526672363,197.09909057617188,193.57066345214844,218.20144653320312,221.1585693359375,207.6259765625,225.44700622558594,233.66688537597656,264.7144470214844,302.9721374511719,332.55535888671875,369.1751403808594,460.4904479980469,541.2304077148438,659.7507934570312,864.2110595703125,1065.517333984375,1543.929931640625,2115.504150390625,5094.884765625,178.4031982421875
105,0.0,0.0031465422362089157,0.018071552738547325,0.05419310927391052,0.14339785277843475,0.3850870728492737,0.8225216269493103,2.0984549522399902,2.774837017059326,3.682033061981201,4.082336902618408,4.766005039215088,5.432671546936035,8.249828338623047,9.236332893371582,10.461417198181152,11.303267478942871,70.87877655029297,77.76478576660156,77.16981506347656,77.89801788330078,82.26664733886719,88.74687194824219,94.69989776611328,109.9645004272461,146.7609405517578,163.38294982910156,190.68865966796875,251.11898803710938,286.0131530761719,361.8045654296875,550.5938720703125,660.6148071289062,1018.6469116210938,1426.154541015625,4272.88330078125,98.9681625366211
106,0.0,0.0039364490658044815,0.02309860661625862,0.07144062221050262,0.18162758648395538,0.49719223380088806,0.933660089969635,2.383415699005127,3.4279654026031494,4.236523628234863,4.514796257019043,5.191420078277588,6.476634979248047,10.064432144165039,12.098849296569824,12.924969673156738,14.624342918395996,49.88072967529297,52.501495361328125,55.07706069946289,61.19405746459961,68.03072357177734,68.79075622558594,72.7631607055664,94.27066802978516,141.17282104492188,149.88528442382812,189.54953002929688,263.5246276855469,338.397705078125,438.1927185058594,656.9248046875,787.5660400390625,1167.4195556640625,1615.4232177734375,5431.76318359375,130.07504272460938
107,0.0,0.004524451680481434,0.02664339914917946,0.0850231871008873,0.19835856556892395,0.5558684468269348,1.036597490310669,2.395099639892578,3.355595350265503,4.660578727722168,5.26231050491333,6.489032745361328,7.325462341308594,10.962474822998047,13.406865119934082,13.969470977783203,15.951631546020508,6354.83935546875,5833.2861328125,6108.32421875,6550.2255859375,6301.67431640625,6098.42041015625,6047.69482421875,5970.6220703125,5619.04150390625,5374.3671875,4978.37255859375,5461.427734375,4920.716796875,4792.22216796875,4367.7685546875,4051.38916015625,4423.47607421875,5115.78564453125,5594.9404296875,160.08262634277344
108,0.0,0.0035713762044906616,0.020958242937922478,0.06023775041103363,0.16509652137756348,0.46675825119018555,0.8817212581634521,2.21867036819458,3.1483757495880127,4.323199272155762,4.767974376678467,5.338479518890381,6.104567527770996,9.847225189208984,10.726875305175781,12.128043174743652,13.235166549682617,37.834983825683594,43.22272872924805,39.996822357177734,46.22412109375,52.2088623046875,52.78175354003906,65.07650756835938,77.1275863647461,117.23162841796875,135.4065399169922,162.9454345703125,228.1980743408203,268.27044677734375,345.5183410644531,542.5535278320312,720.9141235351562,1090.699951171875,1578.9061279296875,4696.439453125,117.64250183105469
109,0.0,0.004209986422210932,0.02437538653612137,0.07198253273963928,0.199292853474617,0.5133635401725769,1.075153112411499,2.376694440841675,3.290677785873413,4.6754069328308105,5.021846771240234,5.948470115661621,6.724654674530029,11.481379508972168,12.57779598236084,14.25963020324707,14.7560396194458,559.1126708984375,548.9635009765625,502.8908996582031,505.9945068359375,557.6129150390625,511.90423583984375,538.0752563476562,570.20654296875,617.1978759765625,625.9700927734375,667.3839111328125,662.4736328125,821.6520385742188,904.993408203125,1107.02978515625,1260.45068359375,1796.4779052734375,2262.65185546875,4934.337890625,139.8245086669922
110,0.0,0.0032529979944229126,0.018346596509218216,0.05329682677984238,0.1303560733795166,0.3737744390964508,0.8066785931587219,2.1392853260040283,2.8859171867370605,3.6211798191070557,4.21804141998291,4.977526664733887,5.651598930358887,7.9810357093811035,9.261201858520508,10.513710975646973,11.315315246582031,11.710371971130371,14.210509300231934,16.37898826599121,21.673612594604492,25.64259910583496,25.612825393676758,34.85890579223633,46.76372146606445,90.98330688476562,106.05730438232422,140.8148193359375,189.0729522705078,274.4215087890625,345.5106201171875,566.6788940429688,714.0220947265625,1061.65185546875,1436.9337158203125,3319.86962890625,101.95475769042969
111,0.0,0.0036110850051045418,0.021365700289607048,0.06403511017560959,0.1644287258386612,0.4809325933456421,0.996940553188324,2.3302090167999268,3.0857906341552734,4.3005218505859375,4.491423606872559,5.68035364151001,6.271545886993408,9.608224868774414,11.582608222961426,12.84195327758789,14.443713188171387,212.76004028320312,217.86834716796875,214.1904296875,233.35682678222656,239.34120178222656,243.66473388671875,252.7249298095703,266.7060241699219,315.3712158203125,330.9664306640625,375.2499694824219,425.4031982421875,471.6878967285156,553.0413818359375,722.8067626953125,891.6766967773438,1417.8212890625,1851.59228515625,4440.71142578125,124.71971130371094
112,0.0,0.0031886582728475332,0.017766958102583885,0.05155976489186287,0.13422861695289612,0.3660450577735901,0.801067054271698,2.0767743587493896,2.7121217250823975,3.569073438644409,3.818977117538452,4.744109153747559,5.496819496154785,7.384857177734375,8.802454948425293,10.26983642578125,10.469428062438965,397.62481689453125,413.9251708984375,402.3328857421875,423.9751281738281,432.4342041015625,400.3119812011719,434.9898986816406,432.7901306152344,435.2861022949219,492.73797607421875,485.74554443359375,565.0231323242188,603.1868896484375,667.3369140625,838.5913696289062,931.3319702148438,1194.7440185546875,1563.6611328125,3168.593017578125,104.63117980957031
113,0.0,0.003891364438459277,0.023028768599033356,0.06258365511894226,0.16758771240711212,0.39796674251556396,0.9040465354919434,2.208601236343384,3.138648509979248,4.1773762702941895,4.505186557769775,5.427134990692139,6.128084659576416,9.922650337219238,11.097149848937988,12.350648880004883,13.57906723022461,1357.496337890625,1202.4091796875,1290.054931640625,1245.7559814453125,1238.8480224609375,1284.38427734375,1304.7625732421875,1322.579833984375,1348.734375,1375.9111328125,1404.509765625,1494.894287109375,1479.9412841796875,1568.671875,1869.1484375,2028.476318359375,2263.845458984375,2721.18212890625,4302.4921875,137.26394653320312
114,0.0,0.0034475200809538364,0.019439827650785446,0.06107015162706375,0.14407266676425934,0.38016122579574585,0.8437666296958923,2.153778076171875,3.0059852600097656,4.0436110496521,4.338489532470703,5.14618444442749,5.924606800079346,8.82041072845459,10.317123413085938,11.374070167541504,12.376849174499512,13.433499336242676,17.57977867126465,19.415369033813477,24.982036590576172,29.216045379638672,27.988346099853516,37.685916900634766,49.04346466064453,91.02593994140625,109.2971420288086,146.0639190673828,203.6937255859375,289.848388671875,361.1807556152344,571.5956420898438,703.4439086914062,1047.3719482421875,1476.22998046875,3965.747802734375,124.09532928466797
115,0.0,0.0035687691997736692,0.019825253635644913,0.05492417886853218,0.1405225247144699,0.4220459461212158,0.7893118858337402,2.1004292964935303,2.840491771697998,3.7448410987854004,3.9243791103363037,4.734515190124512,5.462310314178467,8.146556854248047,9.634712219238281,10.898040771484375,11.506669044494629,1411.4320068359375,1369.960205078125,1381.9283447265625,1500.3365478515625,1326.8167724609375,1533.8458251953125,1445.095703125,1487.29345703125,1623.6473388671875,1675.0946044921875,1660.152099609375,1556.663330078125,1702.9718017578125,1853.0738525390625,1866.5867919921875,2256.20654296875,2500.546630859375,2812.22021484375,3775.158935546875,128.67152404785156
116,0.0,0.0030697218608111143,0.016851756721735,0.051104918122291565,0.1307300478219986,0.39470282196998596,0.7786781191825867,2.0305986404418945,2.747117280960083,3.6319897174835205,3.8337454795837402,4.315812587738037,5.457147598266602,7.464416027069092,9.748537063598633,9.94896125793457,11.048416137695312,867.7615966796875,822.3589477539062,855.9159545898438,863.9955444335938,847.3359375,838.9599609375,911.9404296875,874.6057739257812,918.0219116210938,962.715087890625,957.73876953125,1026.778564453125,1148.3515625,1209.810546875,1343.2843017578125,1498.0404052734375,1733.5927734375,2042.019287109375,3057.80224609375,90.88030242919922
117,0.0,0.003364825388416648,0.019835013896226883,0.05658867210149765,0.14960889518260956,0.4175399839878082,0.8751842975616455,2.2461910247802734,3.0403287410736084,3.8425133228302,4.126291751861572,4.9660325050354,6.1905670166015625,8.847918510437012,10.589293479919434,10.25956916809082,11.860166549682617,153.48199462890625,160.393310546875,150.52272033691406,167.98794555664062,164.01356506347656,159.05667114257812,163.188720703125,183.7547607421875,219.56517028808594,237.31329345703125,270.4033508300781,323.84814453125,370.2013854980469,441.99285888671875,605.2858276367188,789.9356689453125,1043.884521484375,1515.153076171875,4074.945556640625,96.0873031616211
118,0.0,0.003322720993310213,0.01829243265092373,0.05574273318052292,0.1509130895137787,0.39455050230026245,0.7433996796607971,2.1289727687835693,2.902501106262207,3.8376922607421875,4.120931625366211,4.861604690551758,5.8319878578186035,8.672510147094727,10.222902297973633,11.52685832977295,12.541545867919922,339.26318359375,363.4263916015625,361.5297546386719,336.1202697753906,359.5919494628906,352.4284973144531,384.7396240234375,378.6387634277344,403.2578430175781,439.210205078125,452.6177673339844,532.2799682617188,553.026123046875,616.6697387695312,768.8543090820312,876.2388305664062,1249.5941162109375,1616.027099609375,3884.007568359375,108.35847473144531
119,0.0,0.0035925854463130236,0.019903428852558136,0.06147276610136032,0.1612107753753662,0.4991883337497711,0.9235271215438843,2.2378761768341064,3.196838617324829,4.292919158935547,4.742526531219482,5.447281360626221,6.4236674308776855,8.993066787719727,10.826228141784668,12.591524124145508,13.468260765075684,14978.876953125,15786.23046875,15037.16796875,15708.623046875,14861.8037109375,15828.2939453125,15509.1005859375,15939.6748046875,13932.4013671875,14144.7958984375,13249.986328125,13135.212890625,13043.7236328125,13849.3583984375,13707.376953125,11000.712890625,11277.73828125,11078.677734375,4028.034912109375,112.99559783935547
120,0.0,0.00375412218272686,0.022351166233420372,0.0664345920085907,0.17925873398780823,0.4649330973625183,1.0492525100708008,2.376411199569702,3.2696197032928467,4.396228790283203,4.941039085388184,5.479909420013428,7.072578430175781,9.499752044677734,11.793152809143066,14.385512351989746,14.428658485412598,5828.908203125,5681.33349609375,5660.78125,5836.357421875,5719.01513671875,5886.94677734375,5701.283203125,5138.97412109375,5320.9150390625,5379.470703125,5084.4560546875,4799.80224609375,4511.1181640625,4155.3330078125,4236.99853515625,4353.83837890625,4304.806640625,4521.07861328125,4885.59619140625,140.08340454101562
121,0.0,0.0035652127116918564,0.020282642915844917,0.05741486698389053,0.1690143495798111,0.41850730776786804,0.9299256801605225,2.241180658340454,3.1053433418273926,3.988499402999878,4.464416980743408,5.116936206817627,6.147744178771973,9.567902565002441,11.138668060302734,13.18189811706543,14.080565452575684,13.564092636108398,16.674848556518555,19.98957061767578,24.67882537841797,27.327024459838867,27.543954849243164,35.79397964477539,45.9874153137207,76.01530456542969,104.35922241210938,129.1006622314453,192.58554077148438,241.88235473632812,326.21502685546875,472.2777099609375,663.9064331054688,965.7595825195312,1483.552734375,4100.333984375,102.28070831298828
122,0.0,0.0039014630019664764,0.023612938821315765,0.07012414932250977,0.17295411229133606,0.4979698061943054,1.0286312103271484,2.4703588485717773,3.120176076889038,4.691281318664551,4.837371349334717,5.5646162033081055,6.57090950012207,10.747846603393555,11.917830467224121,13.231791496276855,15.053214073181152,27872.541015625,28870.05078125,28690.36328125,26935.18359375,29015.341796875,27886.869140625,30178.2578125,30249.30078125,26440.330078125,28008.6015625,24640.64453125,27462.09765625,27378.373046875,23409.857421875,25654.779296875,21865.5,23732.09375,23303.11328125,5124.13525390625,134.41709899902344
123,0.0,0.003822275437414646,0.022612279281020164,0.07296471297740936,0.1836252212524414,0.47269853949546814,1.0438930988311768,2.4476051330566406,3.346668243408203,4.233013153076172,4.827164173126221,6.120729923248291,6.364404678344727,10.401926040649414,12.239808082580566,13.629229545593262,14.625040054321289,19.583127975463867,23.336181640625,24.241012573242188,31.43338394165039,34.146385192871094,37.270301818847656,48.11349105834961,64.13751983642578,103.14810180664062,127.30011749267578,172.7146759033203,222.41232299804688,305.71295166015625,389.1131286621094,598.5147705078125,759.4713134765625,1174.180419921875,1738.678955078125,4564.62109375,128.8466796875
124,0.0,0.003972660284489393,0.024318581447005272,0.07290742546319962,0.18641003966331482,0.5112054347991943,1.0192147493362427,2.5141167640686035,3.718953847885132,4.628559589385986,5.306687355041504,6.367640018463135,6.994373321533203,10.811387062072754,12.788517951965332,14.264742851257324,16.014299392700195,210.0572509765625,203.81234741210938,205.08026123046875,195.1036834716797,208.92803955078125,213.0625,228.47926330566406,251.89926147460938,279.6643371582031,307.0296936035156,340.54144287109375,414.96612548828125,469.0083923339844,616.6879272460938,803.1743774414062,984.8707885742188,1385.8902587890625,1717.48828125,4748.3974609375,128.40963745117188
125,0.0,0.004767273087054491,0.03112843632698059,0.08654351532459259,0.22704850137233734,0.599571168422699,1.1235158443450928,2.602147102355957,3.956005334854126,5.146792411804199,5.678443431854248,7.179222106933594,8.348095893859863,12.628583908081055,16.730579376220703,16.664257049560547,18.702714920043945,1143.9615478515625,1138.70068359375,1090.0853271484375,1077.9559326171875,1178.4580078125,1028.8372802734375,1004.9420776367188,991.5189208984375,1080.7811279296875,1019.5640258789062,1008.6743774414062,1060.1993408203125,989.7514038085938,1031.24853515625,1358.6480712890625,1454.096923828125,2081.17138671875,2696.673583984375,6718.21923828125,174.14707946777344
126,0.0,0.002815705956891179,0.01578882522881031,0.04778393357992172,0.12829016149044037,0.3663645386695862,0.7406219840049744,2.0493717193603516,2.609391689300537,3.392761468887329,3.7855329513549805,4.477814674377441,5.09319543838501,6.94207763671875,7.94681978225708,9.000385284423828,10.534319877624512,9.953268051147461,13.239041328430176,13.869531631469727,18.884235382080078,20.022113800048828,21.18419647216797,29.0317325592041,38.868900299072266,72.09870910644531,83.78587341308594,108.12081146240234,152.6016845703125,186.1569366455078,268.7851867675781,423.04461669921875,595.0432739257812,725.0634155273438,1097.2545166015625,3046.733642578125,79.8224105834961
127,0.0,0.005977144930511713,0.03924611955881119,0.11398995667695999,0.27610599994659424,0.7103865742683411,1.3853213787078857,2.9183099269866943,4.6787109375,6.005512714385986,6.85955286026001,8.626903533935547,9.7182035446167,16.117103576660156,19.47361183166504,20.873329162597656,21.459110260009766,981.6851196289062,993.6365356445312,945.2433471679688,1066.3258056640625,971.2405395507812,975.0579223632812,930.8511962890625,894.5338745117188,908.7794189453125,781.9666137695312,836.9850463867188,918.2716064453125,969.8475341796875,1123.099853515625,1339.594482421875,1502.620849609375,2227.08837890625,2808.811279296875,7620.8974609375,203.69619750976562
128,0.0,0.0053889392875134945,0.031368326395750046,0.08902560919523239,0.26386758685112,0.6031324863433838,1.2243444919586182,2.6425070762634277,3.9981305599212646,5.651661396026611,6.182095050811768,7.468729019165039,8.874612808227539,13.127985954284668,15.92348861694336,17.171085357666016,19.44582176208496,30.136659622192383,37.09089279174805,41.98139572143555,49.378692626953125,57.91228485107422,58.91624450683594,76.46190643310547,102.48761749267578,165.16659545898438,200.91119384765625,247.9792938232422,358.8886413574219,483.93585205078125,646.7188720703125,979.7399291992188,1282.775146484375,2031.3577880859375,2637.0849609375,7014.9853515625,185.9042205810547
129,0.0,0.0035547821316868067,0.021754691377282143,0.061333004385232925,0.15942685306072235,0.4349372684955597,0.918036162853241,2.3529751300811768,3.018461227416992,4.153759002685547,4.295570373535156,5.024782180786133,6.457589149475098,9.31671142578125,11.183361053466797,12.330854415893555,12.748631477355957,13.774418830871582,18.109506607055664,18.6667423248291,23.1668758392334,29.24781036376953,31.679636001586914,39.93255615234375,56.667510986328125,94.63697814941406,119.43363189697266,138.81651306152344,216.76434326171875,288.56689453125,359.2424621582031,577.2301025390625,718.5374755859375,1121.3912353515625,1610.104248046875,4378.65234375,111.87979125976562
130,0.0,0.0036684898659586906,0.02220229245722294,0.060733694583177567,0.16856421530246735,0.4600924253463745,0.9293318390846252,2.3181800842285156,3.174852132797241,3.991377592086792,4.479040145874023,5.374244213104248,6.118971347808838,9.015292167663574,11.672708511352539,12.976652145385742,14.141335487365723,451.1021423339844,415.64495849609375,416.330078125,454.7998962402344,442.70391845703125,409.4850158691406,409.01318359375,447.74969482421875,499.6695556640625,522.775634765625,565.508544921875,564.3741455078125,696.0855712890625,714.5182495117188,929.0265502929688,1146.310546875,1512.35400390625,2074.114013671875,4977.81005859375,128.3673095703125
131,0.0,0.004149553366005421,0.025470083579421043,0.07384892553091049,0.19227150082588196,0.467480331659317,1.0280174016952515,2.527406930923462,3.2062768936157227,4.715630531311035,5.217491626739502,5.676405906677246,7.369782447814941,11.251416206359863,13.260367393493652,15.16746997833252,15.975296020507812,246.99400329589844,241.5915985107422,241.25674438476562,252.8773956298828,249.31146240234375,260.9624328613281,232.70025634765625,278.5786437988281,307.7240905761719,329.0380859375,376.0167236328125,429.1955261230469,494.9870910644531,599.9111328125,822.9808959960938,1040.27880859375,1296.2652587890625,1911.5443115234375,5080.2392578125,132.96316528320312
132,0.0,0.003484313143417239,0.0191559549421072,0.05568449944257736,0.1533551663160324,0.4299018979072571,0.8400965929031372,2.0794942378997803,3.2460134029388428,3.857292652130127,4.448890209197998,4.934312343597412,6.095524787902832,8.22734260559082,10.245912551879883,11.710648536682129,13.13012981414795,396.15277099609375,385.770263671875,386.0307312011719,414.92608642578125,424.67010498046875,402.9032287597656,432.1033630371094,435.270751953125,455.43841552734375,513.2786254882812,549.0321044921875,549.1691284179688,631.6119995117188,718.5900268554688,825.1742553710938,1045.2850341796875,1361.3240966796875,1835.593017578125,3911.73779296875,106.37158203125
133,0.0,0.005573760252445936,0.034726519137620926,0.10761535912752151,0.3001859486103058,0.7214827537536621,1.4595686197280884,3.0174190998077393,4.346199035644531,5.727850914001465,6.870668411254883,8.564234733581543,10.021859169006348,14.974491119384766,19.083690643310547,19.469871520996094,22.29049301147461,741.7901000976562,723.65283203125,795.9963989257812,880.9664916992188,856.5214233398438,850.47314453125,861.6146850585938,832.8125,864.9223022460938,960.2686767578125,1087.622802734375,1178.3560791015625,1250.144287109375,1324.737060546875,1706.4095458984375,2038.4820556640625,2484.009765625,3356.6328125,6870.71435546875,212.99928283691406
134,0.0,0.004582151770591736,0.02578321471810341,0.07673916965723038,0.1700093299150467,0.48036715388298035,1.040124773979187,2.4518966674804688,3.2729849815368652,4.662056922912598,4.753149509429932,5.7969231605529785,7.150485038757324,10.809221267700195,13.10866641998291,14.218488693237305,15.80134105682373,28304.376953125,28063.69921875,27432.099609375,26717.125,26417.041015625,28648.2890625,25002.357421875,27013.30859375,25797.78125,26564.7421875,26908.42578125,24322.11328125,23206.576171875,21867.98828125,23123.98828125,22694.912109375,20975.61328125,20874.939453125,4739.6953125,152.54237365722656
135,0.0,0.004066340625286102,0.024821942672133446,0.07091645151376724,0.2082943171262741,0.4952963590621948,1.1227409839630127,2.3642125129699707,3.412724733352661,4.742264747619629,5.01961088180542,5.723099708557129,6.8496994972229,10.742534637451172,12.657756805419922,13.653614044189453,14.658346176147461,111.97576904296875,117.33045959472656,123.97769927978516,121.21045684814453,127.8224868774414,130.18377685546875,145.00332641601562,156.67544555664062,198.2679443359375,216.15972900390625,276.51043701171875,332.7455749511719,420.5008850097656,510.7364807128906,758.9266357421875,991.2908325195312,1327.3758544921875,1867.49560546875,4788.98388671875,146.50563049316406
136,0.0,0.003578030504286289,0.020709319040179253,0.06500038504600525,0.16805942356586456,0.475509375333786,0.9693926572799683,2.3130548000335693,3.3557565212249756,4.395693778991699,4.6200432777404785,5.476622581481934,6.221619129180908,8.897134780883789,10.492717742919922,12.366249084472656,12.883309364318848,676.952392578125,534.2682495117188,602.8954467773438,621.5470581054688,611.9230346679688,569.1650390625,665.5210571289062,659.6500244140625,709.612548828125,736.1190795898438,751.4636840820312,792.0078125,913.728515625,922.1106567382812,1156.4173583984375,1315.6685791015625,1797.7811279296875,2032.858154296875,4370.77197265625,118.5541763305664
137,0.0,0.004219469148665667,0.02556343749165535,0.07458850741386414,0.20032647252082825,0.5706407427787781,1.1491901874542236,2.349889039993286,3.6045448780059814,4.7695631980896,5.110894680023193,6.249297142028809,7.375759124755859,10.973221778869629,13.181868553161621,15.753580093383789,16.539838790893555,20.61924934387207,25.340402603149414,28.031330108642578,37.48649215698242,39.38991165161133,41.47019577026367,55.43211364746094,68.08351135253906,116.81344604492188,142.3207244873047,173.3611602783203,254.81471252441406,363.1952819824219,437.50048828125,714.6795043945312,913.3116455078125,1335.9906005859375,1962.8218994140625,5603.13818359375,160.7737579345703
138,0.0,0.002774773398414254,0.015086852014064789,0.04290007799863815,0.1125631034374237,0.30751854181289673,0.7026848196983337,2.0625927448272705,2.5275304317474365,3.305948257446289,3.732792377471924,4.108626365661621,4.636080265045166,6.440762042999268,8.252157211303711,8.532401084899902,8.868468284606934,130.0202178955078,137.96148681640625,135.1463623046875,137.58445739746094,143.56344604492188,142.00201416015625,149.26609802246094,167.64434814453125,188.80023193359375,197.95851135253906,220.51763916015625,276.1703186035156,302.9455871582031,348.01312255859375,460.2009582519531,598.926513671875,813.575927734375,1015.9064331054688,2578.13916015625,71.12422943115234
139,0.0,0.003995159640908241,0.023466462269425392,0.0672682374715805,0.18689796328544617,0.4919636845588684,1.0256373882293701,2.31400728225708,3.282771110534668,4.497953414916992,4.812094211578369,5.897730827331543,6.335330486297607,10.636322021484375,11.842615127563477,14.048604011535645,14.313592910766602,26622.36328125,24509.208984375,27082.46875,24058.029296875,24455.2421875,24199.869140625,27718.75,26316.701171875,26762.494140625,23235.6953125,23351.052734375,20145.037109375,23847.08203125,20559.1328125,22146.505859375,20513.8984375,19601.6640625,20400.193359375,4762.96435546875,133.2649688720703
140,0.0,0.0039762151427567005,0.022574670612812042,0.0617806613445282,0.17645353078842163,0.43794143199920654,0.914848804473877,2.129596710205078,3.2429513931274414,4.058206081390381,4.590789318084717,5.152033805847168,6.02190637588501,9.955650329589844,11.941217422485352,12.049776077270508,13.853062629699707,3160.688232421875,3069.66748046875,3356.230712890625,3367.258056640625,3177.770751953125,3106.7109375,3617.897216796875,3198.20556640625,3477.265625,3109.4970703125,3311.212646484375,3475.726318359375,3583.948974609375,3418.690185546875,3743.855224609375,3918.547119140625,4400.109375,4783.64404296875,4832.0751953125,128.1892547607422
141,0.0,0.0029545770958065987,0.016988899558782578,0.05103549361228943,0.13166041672229767,0.39735060930252075,0.8109354376792908,2.106549024581909,2.8453493118286133,3.532224178314209,4.0676093101501465,4.801167011260986,5.390768051147461,7.489340305328369,9.156665802001953,10.572145462036133,11.18310260772705,12.358139038085938,14.947186470031738,16.032649993896484,21.315338134765625,23.5190486907959,25.28102684020996,33.22105407714844,43.20074462890625,79.35137939453125,89.88545227050781,122.96003723144531,175.45388793945312,233.2271728515625,290.4248962402344,458.574951171875,604.638671875,842.0608520507812,1261.5831298828125,3874.46826171875,90.98711395263672
142,0.0,0.0028017631266266108,0.016334248706698418,0.04858531430363655,0.12118593603372574,0.3244774341583252,0.6414243578910828,1.988844871520996,2.561753273010254,3.663026809692383,3.9386894702911377,4.244565963745117,5.435194969177246,7.781132221221924,8.238420486450195,8.926568031311035,10.35840892791748,10.481344223022461,13.499883651733398,14.519890785217285,18.029176712036133,20.874391555786133,21.307329177856445,29.786306381225586,41.96600341796875,67.30802917480469,85.79640197753906,113.74700164794922,161.77162170410156,200.29551696777344,241.47982788085938,409.9106140136719,566.935546875,774.4762573242188,1188.433837890625,3197.7744140625,87.89697265625
143,0.0,0.004205105826258659,0.025762226432561874,0.07070431113243103,0.21432505548000336,0.47811415791511536,1.1152187585830688,2.4163107872009277,3.5848867893218994,4.769617080688477,5.011289119720459,5.832000255584717,6.606176853179932,10.833288192749023,13.586496353149414,14.158496856689453,15.472916603088379,247.50125122070312,277.38818359375,275.5281982421875,271.6028747558594,273.1836853027344,261.75054931640625,293.426513671875,301.5815734863281,359.9476318359375,370.6845703125,437.08062744140625,514.8511352539062,588.8510131835938,661.510009765625,850.4923095703125,1121.0582275390625,1422.2965087890625,1995.4788818359375,4806.84619140625,136.37985229492188
144,0.0,0.002826667856425047,0.015871867537498474,0.04472777619957924,0.1260034143924713,0.3450320065021515,0.6934815049171448,2.001460313796997,2.6394760608673096,3.3706071376800537,3.8141558170318604,4.5249505043029785,4.803067207336426,7.2664361000061035,8.691646575927734,9.511999130249023,10.8822603225708,10.808878898620605,15.007204055786133,15.353944778442383,21.25054359436035,24.177005767822266,26.035057067871094,34.03969192504883,42.088165283203125,71.31956481933594,83.50804138183594,117.64020538330078,143.02459716796875,215.0419158935547,257.6746826171875,451.82867431640625,591.8265380859375,868.5524291992188,1151.6800537109375,3294.07177734375,81.17098999023438
145,0.0,0.0033156550489366055,0.018259886652231216,0.05573035776615143,0.14424046874046326,0.430513858795166,0.8324245810508728,2.036221504211426,2.9457058906555176,4.0511794090271,4.369736671447754,5.129746913909912,5.96822452545166,8.315825462341309,9.78606128692627,11.873102188110352,12.486221313476562,15262.9423828125,14949.6494140625,16501.142578125,15864.44921875,15721.82421875,16042.626953125,17587.775390625,15764.126953125,14523.42578125,14311.6455078125,14333.349609375,14253.7060546875,13866.94921875,13501.234375,11482.5849609375,10919.6044921875,11658.6865234375,11521.4306640625,3859.953857421875,115.33415985107422
146,0.0,0.0031308114994317293,0.017711622640490532,0.05287281796336174,0.138855442404747,0.38878166675567627,0.8851882815361023,2.1928625106811523,2.9251201152801514,3.7418575286865234,4.228373050689697,4.877103328704834,5.4670491218566895,8.760172843933105,9.316022872924805,11.156290054321289,12.470637321472168,13.316688537597656,17.74553871154785,17.677309036254883,25.405067443847656,28.29723358154297,29.102968215942383,38.34153366088867,55.783935546875,85.69603729248047,106.54187774658203,147.26193237304688,208.4232177734375,281.48516845703125,328.7032470703125,532.3981323242188,751.749267578125,1070.0279541015625,1434.1041259765625,3950.2734375,93.51628112792969
147,0.0,0.0038488670252263546,0.02368294447660446,0.07271984219551086,0.18806128203868866,0.4764275550842285,1.050102710723877,2.3241167068481445,3.466146230697632,4.541417598724365,5.065680027008057,6.005735874176025,6.450582504272461,10.202978134155273,13.250611305236816,15.073881149291992,14.45139217376709,26748.4296875,25016.484375,26171.826171875,26836.373046875,26917.013671875,25463.7890625,23488.611328125,26242.458984375,26735.78125,25952.763671875,23313.26953125,22759.078125,24386.220703125,21637.0234375,19712.5,18843.85546875,17961.2109375,21384.90625,4540.17822265625,131.49990844726562
148,0.0,0.0031206300482153893,0.017087560147047043,0.053854379802942276,0.14762215316295624,0.40078914165496826,0.837458610534668,2.099667549133301,2.9927566051483154,3.92097806930542,4.055065631866455,5.2493205070495605,5.378063678741455,8.149209976196289,9.952801704406738,11.54788875579834,11.865561485290527,316.5920715332031,299.32977294921875,293.2040100097656,338.35394287109375,342.21746826171875,330.7613220214844,347.23089599609375,341.29150390625,375.6612548828125,402.14862060546875,429.8529968261719,493.9816589355469,562.3214111328125,627.2361450195312,762.5919799804688,928.57763671875,1214.6319580078125,1676.216552734375,4483.58544921875,96.96361541748047
149,0.0,0.004809735808521509,0.029292965307831764,0.08770952373743057,0.23394809663295746,0.6544871926307678,1.2384302616119385,2.611725330352783,3.928715229034424,5.196909427642822,5.896271705627441,7.120777606964111,8.459259986877441,13.117375373840332,14.149674415588379,16.227033615112305,18.53326988220215,56.96554183959961,62.52405548095703,63.20459747314453,71.32361602783203,76.6180419921875,78.69488525390625,91.88575744628906,113.86089324951172,157.6842498779297,184.77500915527344,227.84707641601562,318.0382995605469,426.57708740234375,542.2677001953125,856.993408203125,1035.373291015625,1621.4488525390625,2123.32861328125,5205.01806640625,165.8482666015625
150,0.0,0.004673704504966736,0.027550991624593735,0.07991555333137512,0.19976148009300232,0.544963002204895,1.0667212009429932,2.3829448223114014,3.4995973110198975,4.3520612716674805,5.462223052978516,6.2056474685668945,7.036367893218994,12.400320053100586,13.474815368652344,15.521746635437012,16.296052932739258,17.96092987060547,22.662750244140625,24.892059326171875,33.616477966308594,38.738182067871094,38.76290512084961,47.259063720703125,62.74455642700195,115.29309844970703,144.1004180908203,177.14344787597656,253.28359985351562,344.71051025390625,427.5108947753906,700.0867919921875,941.47900390625,1294.0789794921875,1862.55419921875,4982.7431640625,145.511962890625
151,0.0,0.0037440345622599125,0.02314881607890129,0.06925671547651291,0.1838916391134262,0.48159030079841614,0.9808667302131653,2.4069604873657227,3.2252707481384277,4.212466239929199,4.714731216430664,5.62950325012207,6.61844539642334,10.126067161560059,12.213191986083984,12.83755111694336,13.668844223022461,14485.869140625,15368.9189453125,15453.1396484375,14320.9248046875,14657.9765625,14624.923828125,16983.30859375,16442.763671875,15133.13671875,15064.54296875,16347.5068359375,15235.978515625,15934.876953125,13515.2548828125,15224.90625,15294.75390625,15414.8095703125,16590.123046875,4526.744140625,119.65057373046875
152,0.0,0.0034835131373256445,0.018951483070850372,0.05697835609316826,0.15247178077697754,0.4045495092868805,0.849105715751648,2.18595814704895,2.980656385421753,3.820896863937378,4.145102024078369,5.171409606933594,5.805998802185059,8.991802215576172,9.832159042358398,11.364434242248535,12.040426254272461,14162.2265625,13254.8359375,12419.1875,12160.138671875,12724.9990234375,13254.759765625,13544.548828125,12117.998046875,12322.888671875,11829.4189453125,12512.1005859375,12553.392578125,11174.923828125,10289.9560546875,9709.298828125,8890.4443359375,9369.7431640625,9068.8408203125,3926.5107421875,114.9316635131836
153,0.0,0.003712539793923497,0.02141110599040985,0.060190893709659576,0.15674668550491333,0.4235764443874359,0.8661879301071167,2.1229512691497803,2.785721778869629,3.804156541824341,4.50615930557251,4.9907755851745605,6.044181823730469,8.726402282714844,9.98663330078125,11.27686595916748,12.902231216430664,133.94656372070312,149.81906127929688,136.7508544921875,138.8394012451172,135.9111328125,144.260009765625,161.56857299804688,167.45852661132812,206.10394287109375,238.9668426513672,251.91351318359375,305.123779296875,395.3262634277344,475.8966064453125,682.3499145507812,724.5655517578125,1116.3350830078125,1668.097412109375,4403.1220703125,119.13733673095703
154,0.0,0.003950097132474184,0.025986358523368835,0.07794458419084549,0.19581006467342377,0.49315476417541504,1.0613163709640503,2.3642969131469727,3.6731514930725098,4.496253490447998,5.4365129470825195,6.2746782302856445,6.848544120788574,9.939386367797852,13.441672325134277,14.283992767333984,16.66813087463379,291.07659912109375,298.7030334472656,322.51220703125,312.69464111328125,298.90716552734375,313.02117919921875,339.86883544921875,351.95458984375,368.57672119140625,402.1624755859375,435.64794921875,487.23992919921875,593.06689453125,644.531005859375,887.7974243164062,1089.5772705078125,1463.33203125,1867.7728271484375,4835.30517578125,136.05006408691406
155,0.0,0.004142589867115021,0.023973390460014343,0.07127972692251205,0.17901258170604706,0.532745361328125,1.0447293519973755,2.2906224727630615,3.4738123416900635,4.375097274780273,5.135270595550537,6.155645370483398,7.083950519561768,9.990246772766113,12.590020179748535,14.312108993530273,15.151524543762207,40.782955169677734,47.57876968383789,46.262969970703125,52.77644729614258,60.38216018676758,59.91181564331055,70.37775421142578,85.60176849365234,137.16354370117188,149.1599578857422,184.85423278808594,262.2769775390625,360.72857666015625,406.2705383300781,614.6705932617188,820.0870361328125,1266.6912841796875,1730.185791015625,5013.87939453125,137.2064971923828
156,0.0,0.010772854089736938,0.06794121116399765,0.21240538358688354,0.49174177646636963,1.2527663707733154,2.564784526824951,4.063939094543457,7.105599403381348,9.473760604858398,11.380017280578613,14.591714859008789,16.97364616394043,27.718551635742188,35.13124084472656,38.68540573120117,42.63482666015625,496.66326904296875,487.5258483886719,478.2733459472656,521.7332763671875,530.6160278320312,538.3258666992188,553.09814453125,624.7257690429688,742.0880126953125,834.2395629882812,939.2682495117188,1129.8218994140625,1438.5753173828125,1643.3536376953125,2268.778076171875,3267.23388671875,4288.65966796875,5576.32080078125,13977.35546875,385.5213317871094
157,0.0,0.003327897982671857,0.01958208903670311,0.056804630905389786,0.14709608256816864,0.38811469078063965,0.7787684798240662,2.069160223007202,2.662616729736328,3.638160228729248,4.281163215637207,5.094614505767822,5.504488468170166,8.284309387207031,9.433813095092773,11.111186027526855,11.779068946838379,12.305068016052246,16.652250289916992,17.30581283569336,22.418270111083984,23.725269317626953,27.342845916748047,36.98140335083008,46.916595458984375,81.1037368774414,102.98551940917969,129.5639190673828,188.37669372558594,264.9425354003906,324.76513671875,510.1434631347656,690.2017211914062,950.6055297851562,1344.7625732421875,3592.72265625,106.58880615234375
158,0.0,0.006414174567908049,0.03763159364461899,0.12088527530431747,0.3166695833206177,0.7071598172187805,1.53144109249115,3.211050033569336,4.645420074462891,6.689234256744385,7.60579776763916,8.890955924987793,10.839654922485352,18.643747329711914,20.164264678955078,23.370784759521484,26.183961868286133,7234.91015625,7012.853515625,6698.22607421875,6779.42724609375,6728.1103515625,6691.8740234375,6765.0478515625,6403.6103515625,6151.62939453125,5853.63916015625,6119.63671875,5737.9951171875,5579.7021484375,5284.55517578125,5540.4462890625,6020.74365234375,5885.08447265625,6016.76220703125,7988.6015625,227.72850036621094
159,0.0,0.003930723760277033,0.022776024416089058,0.06848595291376114,0.1791856735944748,0.5053890943527222,1.0808000564575195,2.4631054401397705,3.3932199478149414,4.435544013977051,5.127763748168945,5.908200263977051,6.5289130210876465,10.49853801727295,12.045949935913086,13.374490737915039,15.5460786819458,18987.314453125,17250.134765625,17820.9765625,19983.671875,16907.712890625,17830.74609375,18375.095703125,18000.396484375,17066.251953125,17709.486328125,15940.083984375,15237.58203125,16025.138671875,14824.0107421875,14184.5400390625,14376.7109375,13132.30859375,15112.1171875,4428.43310546875,135.61026000976562
160,0.0,0.003861555829644203,0.02376791089773178,0.07603522390127182,0.1820022463798523,0.49702006578445435,0.9263407588005066,2.1777901649475098,3.2438995838165283,4.472822189331055,4.743434906005859,5.555264949798584,6.422567367553711,9.772125244140625,11.692007064819336,13.44299030303955,13.197338104248047,6059.38330078125,6109.75537109375,6111.00146484375,6240.60498046875,5701.63427734375,5573.45654296875,6107.28369140625,5895.90625,5995.6416015625,5627.3603515625,6046.072265625,6186.39892578125,5719.775390625,6610.9853515625,6165.62744140625,6628.693359375,6863.49853515625,7508.904296875,4775.93603515625,128.38499450683594
161,0.0,0.0035880482755601406,0.022931639105081558,0.0614907331764698,0.16691188514232635,0.43852922320365906,0.8834177851676941,2.1733644008636475,2.9187519550323486,3.860161781311035,4.274792194366455,5.0487494468688965,5.906859874725342,8.42428207397461,10.559566497802734,11.335297584533691,11.878164291381836,985.4917602539062,891.9554443359375,885.561279296875,935.8246459960938,887.7138671875,918.5532836914062,1015.45361328125,887.6130981445312,1005.3331909179688,996.9205322265625,1091.8236083984375,1112.63037109375,1130.9288330078125,1273.068359375,1473.852294921875,1698.71337890625,2087.3212890625,2592.843505859375,5099.1162109375,116.48870849609375
162,0.0,0.005325874779373407,0.03411057963967323,0.10634437948465347,0.2756706178188324,0.7157623767852783,1.5195937156677246,2.939483642578125,4.194239139556885,5.6657328605651855,6.404691219329834,8.143675804138184,8.944762229919434,14.451838493347168,18.353506088256836,19.773731231689453,22.262033462524414,239.44139099121094,238.41116333007812,241.4815673828125,248.6027069091797,247.0535125732422,254.24281311035156,284.319580078125,298.2151184082031,367.4223327636719,397.6120910644531,443.42919921875,551.5569458007812,635.4340209960938,782.7318115234375,1127.540771484375,1390.1658935546875,1879.5657958984375,2786.691162109375,6689.34228515625,192.97706604003906
163,0.0,0.004585888236761093,0.026634475216269493,0.07593876868486404,0.1920795887708664,0.5586572289466858,1.0688660144805908,2.337815999984741,3.492924451828003,4.641038417816162,4.729023456573486,5.857591152191162,7.376804828643799,11.494124412536621,12.952439308166504,14.960213661193848,15.97700023651123,114.53633117675781,115.09269714355469,109.68245697021484,130.88009643554688,135.36849975585938,123.3240966796875,151.53097534179688,148.86788940429688,188.62815856933594,229.94512939453125,262.1021423339844,336.9147644042969,426.1361389160156,491.6244812011719,782.12939453125,985.7796630859375,1475.64501953125,2198.78662109375,5643.2763671875,166.5926971435547
164,0.0,0.004174557980149984,0.024936025962233543,0.07218116521835327,0.19008049368858337,0.49751442670822144,1.1233596801757812,2.538759708404541,3.555698871612549,4.694586753845215,5.328479766845703,5.8088812828063965,7.079071521759033,10.736221313476562,13.180022239685059,15.797582626342773,16.459808349609375,74.37895202636719,86.41422271728516,88.71709442138672,87.05619049072266,95.03297424316406,105.35734558105469,107.61100769042969,116.86791229248047,161.0623779296875,190.628662109375,226.5531005859375,302.994384765625,387.29571533203125,483.8790283203125,661.9296264648438,826.2572631835938,1293.631591796875,1622.21630859375,4784.97802734375,142.64312744140625
165,0.0,0.003472791286185384,0.02052561193704605,0.05739258602261543,0.1538330465555191,0.39319077134132385,0.8753741979598999,2.2505147457122803,3.062746286392212,3.824366807937622,4.1942243576049805,5.195122241973877,5.617147922515869,8.357104301452637,10.324363708496094,10.953771591186523,12.315629959106445,13.727067947387695,16.634441375732422,17.939844131469727,23.458402633666992,27.349496841430664,28.206485748291016,40.620243072509766,54.77774429321289,82.07962036132812,101.02593231201172,135.172607421875,211.44410705566406,256.3255615234375,336.4915466308594,513.1069946289062,638.65478515625,939.94970703125,1453.4248046875,4110.12841796875,119.84603881835938
166,0.0,0.003628258826211095,0.022385239601135254,0.06609055399894714,0.15904837846755981,0.42765194177627563,0.9878835678100586,2.2945802211761475,3.204153060913086,4.187164306640625,4.721019744873047,5.518155574798584,6.447511672973633,9.757551193237305,11.476187705993652,12.54973316192627,12.730307579040527,15.342286109924316,17.820554733276367,19.519493103027344,26.773731231689453,30.569543838500977,28.336210250854492,39.453006744384766,52.89507293701172,89.79551696777344,111.67628479003906,156.78713989257812,204.663818359375,300.93182373046875,366.9789733886719,585.0343627929688,759.8287963867188,1120.9180908203125,1564.8331298828125,4033.51416015625,115.72052001953125
167,0.0,0.0037473838310688734,0.022393254563212395,0.07254432141780853,0.2027762532234192,0.4987099766731262,0.9849907755851746,2.2851386070251465,3.218019723892212,4.473102569580078,5.1597394943237305,6.013941764831543,6.743808746337891,10.6090726852417,12.0826416015625,13.027260780334473,14.35838508605957,14.418055534362793,19.213626861572266,21.497934341430664,27.816038131713867,35.00757598876953,34.087650299072266,45.74754333496094,56.2999153137207,101.9520492553711,126.101806640625,169.75672912597656,246.6331329345703,308.0971374511719,377.3660888671875,604.9911499023438,868.04150390625,1260.684326171875,1803.591552734375,5312.15087890625,128.66531372070312
168,0.0,0.0036728051491081715,0.021497365087270737,0.06884539127349854,0.16848859190940857,0.45726820826530457,1.0395442247390747,2.3379790782928467,3.1091907024383545,4.070960521697998,4.7637248039245605,5.197093963623047,6.226719856262207,9.704190254211426,10.589412689208984,11.785666465759277,13.903036117553711,60.19491958618164,68.98210906982422,68.2254409790039,69.7242202758789,73.7931900024414,77.07377624511719,87.96914672851562,99.40125274658203,144.61557006835938,159.25234985351562,187.85479736328125,264.91082763671875,341.5160827636719,396.3255920410156,554.6407470703125,708.9102783203125,983.7890625,1465.5960693359375,4030.26416015625,110.87284088134766
169,0.0,0.0043654609471559525,0.022824618965387344,0.07329573482275009,0.19187189638614655,0.49256259202957153,1.0873074531555176,2.254056215286255,3.2415781021118164,4.376461982727051,5.021430492401123,6.159690856933594,7.014547824859619,10.601936340332031,13.432875633239746,13.630228042602539,16.05328369140625,78.30681610107422,82.34039306640625,78.07581329345703,87.15129089355469,91.94566345214844,89.69536590576172,106.21747589111328,122.27389526367188,159.14596557617188,181.2210693359375,225.14161682128906,294.2516784667969,360.8587951660156,462.43890380859375,653.6279296875,908.8858032226562,1212.415283203125,1729.1915283203125,5463.595703125,135.62933349609375
170,0.0,0.0031073286663740873,0.017989536747336388,0.05078835040330887,0.13866440951824188,0.35722044110298157,0.772714376449585,2.008500576019287,2.7547359466552734,3.553328275680542,3.964693069458008,4.54921817779541,5.1913557052612305,7.999118328094482,9.33025074005127,9.843533515930176,11.42016887664795,12.370949745178223,15.473084449768066,17.004924774169922,21.971899032592773,25.105117797851562,25.957250595092773,35.451175689697266,43.20071792602539,75.5331039428711,95.93643951416016,127.89923095703125,189.4810333251953,236.64735412597656,290.9183044433594,453.1856994628906,554.0985107421875,852.0301513671875,1339.791015625,3644.797119140625,102.6265640258789
171,0.0,0.004952489398419857,0.02761276811361313,0.07526375353336334,0.20299537479877472,0.5610473155975342,1.041511058807373,2.57906436920166,3.4787144660949707,4.734296798706055,5.27655029296875,6.197706699371338,7.422677993774414,12.369401931762695,15.219167709350586,14.90902042388916,17.554275512695312,32.48084259033203,41.18564987182617,41.12004089355469,47.48250198364258,51.132774353027344,53.28398132324219,62.84161376953125,89.01477813720703,131.5054931640625,165.73826599121094,214.67832946777344,279.9902038574219,410.50665283203125,475.0347595214844,837.104736328125,1092.3529052734375,1656.4874267578125,2117.859130859375,5994.7861328125,180.93885803222656
172,0.0,0.0028944159857928753,0.016348661854863167,0.04748203232884407,0.12433991581201553,0.37669363617897034,0.6968850493431091,2.037001371383667,2.7938387393951416,3.5643560886383057,3.7462964057922363,4.6397175788879395,4.923868656158447,7.667307376861572,8.602959632873535,9.433597564697266,10.45709228515625,26907.13671875,25629.505859375,25785.28125,25608.529296875,24481.58984375,24877.556640625,24969.193359375,23863.171875,26001.314453125,25501.484375,24545.609375,23204.451171875,22939.435546875,21373.810546875,21127.517578125,21342.84765625,20014.408203125,18920.94140625,3124.986572265625,92.44717407226562
173,0.0,0.0037313024513423443,0.022674560546875,0.06875178962945938,0.17700210213661194,0.4539221227169037,0.9713501334190369,2.312809944152832,3.1001434326171875,4.1672139167785645,4.730041980743408,5.1932902336120605,6.1454668045043945,9.664176940917969,11.151599884033203,12.840009689331055,14.370732307434082,520.5311889648438,532.8078002929688,555.1762084960938,553.3432006835938,606.013427734375,554.26123046875,572.09765625,598.7591552734375,613.1473999023438,647.4664916992188,664.0949096679688,737.5485229492188,803.4342651367188,895.0284423828125,1100.5999755859375,1339.659912109375,1675.7528076171875,2080.498779296875,4263.27880859375,118.01412963867188
174,0.0,0.002877277322113514,0.017215587198734283,0.051206592470407486,0.13424448668956757,0.3804793357849121,0.7456411719322205,2.0161235332489014,2.6908535957336426,3.3565683364868164,3.858666181564331,4.209543228149414,4.825009822845459,7.198801040649414,8.711797714233398,9.438366889953613,11.074238777160645,105.53025817871094,99.6775894165039,114.4936752319336,114.57292175292969,119.05300903320312,124.96260833740234,134.36024475097656,143.26988220214844,163.18722534179688,188.31838989257812,211.2856903076172,258.9350891113281,317.0135803222656,376.60919189453125,553.384033203125,683.8482666015625,987.8955688476562,1379.0809326171875,3458.771484375,87.83013153076172
175,0.0,0.004049146547913551,0.022659894078969955,0.06752802431583405,0.18773680925369263,0.45252007246017456,0.9335612058639526,2.3172693252563477,3.134338617324829,4.029513835906982,4.907930374145508,5.204031944274902,6.4421257972717285,9.920027732849121,12.10293960571289,12.237398147583008,13.936026573181152,62.99251937866211,66.2137222290039,70.21484375,71.47221374511719,75.07078552246094,79.598876953125,95.86170959472656,107.1048583984375,141.95364379882812,158.0242919921875,204.19091796875,262.9447021484375,326.03216552734375,433.13189697265625,607.0982666015625,786.9364013671875,1287.0167236328125,1763.92431640625,5127.78076171875,154.1483154296875
176,0.0,0.0037465111818164587,0.02287386916577816,0.06352148950099945,0.16809269785881042,0.4652085602283478,0.9685401916503906,2.389805793762207,3.05151629447937,4.051271438598633,4.535577297210693,5.2839741706848145,5.789603233337402,8.69504165649414,11.294391632080078,13.072993278503418,12.9318208694458,340.9512634277344,308.14813232421875,308.7799072265625,318.1589050292969,336.7900695800781,318.4175109863281,318.3672790527344,334.0805358886719,403.9980163574219,413.4631042480469,453.3705139160156,508.2279968261719,587.185546875,682.7591552734375,832.3479614257812,1112.197021484375,1484.1055908203125,1749.3663330078125,4282.97314453125,122.4090805053711
177,0.0,0.0038768702652305365,0.022472044453024864,0.06671290844678879,0.1786813735961914,0.461045503616333,1.0070446729660034,2.3401944637298584,3.197390079498291,4.353468418121338,4.884963035583496,5.724338531494141,6.270362854003906,10.269715309143066,10.430566787719727,13.568729400634766,13.202545166015625,78.76397705078125,82.96287536621094,81.97915649414062,90.20406341552734,94.47198486328125,96.44841003417969,106.9874038696289,120.39395904541016,166.16070556640625,185.45748901367188,218.82656860351562,279.70574951171875,346.81927490234375,461.57440185546875,642.8237915039062,886.4277954101562,1221.9150390625,1832.4188232421875,5134.14013671875,131.04721069335938
178,0.0,0.003664003685116768,0.02116670273244381,0.060489118099212646,0.15978556871414185,0.42043766379356384,0.931302547454834,2.289630651473999,3.272237539291382,4.373625755310059,4.408660888671875,5.129437446594238,6.0129289627075195,9.502731323242188,10.744330406188965,12.403328895568848,12.863914489746094,10890.388671875,10619.2529296875,9729.4326171875,10268.3505859375,9745.3330078125,10723.28515625,10288.8125,9729.65625,10156.7421875,9664.89453125,9276.6591796875,9339.919921875,8927.568359375,8375.8662109375,8434.5205078125,7436.7822265625,7264.63134765625,7258.09033203125,4668.20263671875,115.54147338867188
179,0.0,0.003000872675329447,0.016552789136767387,0.05052895471453667,0.13528282940387726,0.3834335505962372,0.7777587175369263,2.1253013610839844,2.79030704498291,3.6936309337615967,4.075413703918457,4.611438274383545,5.1484856605529785,7.616249084472656,8.787517547607422,9.38159465789795,10.929366111755371,11.604610443115234,14.80945873260498,15.044418334960938,22.318689346313477,23.20412254333496,24.249486923217773,31.764995574951172,43.93125915527344,75.193115234375,91.384765625,116.00630950927734,160.5873260498047,233.1957550048828,257.8930358886719,432.6963195800781,587.7015380859375,895.710205078125,1221.5185546875,3503.541259765625,84.42979431152344
180,0.0,0.003444522153586149,0.02051202766597271,0.062330953776836395,0.159434974193573,0.3805013597011566,0.8125298023223877,2.115260601043701,2.8826422691345215,4.262199401855469,4.628890037536621,5.064426898956299,6.248190402984619,8.715697288513184,10.24802017211914,12.18106460571289,12.595577239990234,170.1317901611328,185.87083435058594,194.3361358642578,176.34812927246094,179.1446990966797,196.29986572265625,193.66348266601562,212.32156372070312,262.90081787109375,282.1862487792969,292.163818359375,363.306884765625,427.9856262207031,489.8518371582031,692.4434204101562,830.9639282226562,1123.3099365234375,1636.4073486328125,3869.70751953125,106.34822082519531
181,0.0,0.004808629397302866,0.030312636867165565,0.08719418942928314,0.2277880609035492,0.5797087550163269,1.1157699823379517,2.539104700088501,3.6515655517578125,5.328907489776611,5.480691432952881,6.866540431976318,7.944439888000488,12.461088180541992,14.219066619873047,15.332525253295898,16.534832000732422,130.83883666992188,150.7974090576172,153.5104522705078,151.8487548828125,169.742919921875,161.69715881347656,177.07029724121094,194.8594207763672,254.20298767089844,272.08148193359375,315.33209228515625,447.7217102050781,494.2315368652344,657.7374877929688,936.0379028320312,1252.2330322265625,1668.954833984375,2347.009521484375,6207.74853515625,158.677978515625
182,0.0,0.0036890332121402025,0.021316025406122208,0.05949465557932854,0.1524202972650528,0.40493345260620117,0.8724348545074463,2.142854690551758,2.9623849391937256,3.994131565093994,4.437870502471924,5.615744590759277,6.481025218963623,9.643320083618164,11.270727157592773,12.858400344848633,12.325666427612305,406.922119140625,458.30621337890625,402.81201171875,420.4411926269531,399.332763671875,433.2129821777344,448.9562072753906,467.9400329589844,491.4295349121094,552.0136108398438,564.6184692382812,586.7816772460938,709.0597534179688,784.97607421875,1032.55517578125,1237.6416015625,1542.2520751953125,2111.594482421875,4490.669921875,117.26834106445312
183,0.0,0.003772204974666238,0.02406393550336361,0.06771516054868698,0.17498882114887238,0.48608773946762085,1.016992211341858,2.332962989807129,3.287208080291748,4.146790981292725,4.67482852935791,5.6844282150268555,6.297956466674805,10.051429748535156,11.647953987121582,13.147191047668457,14.031119346618652,19.49408721923828,25.035818099975586,26.74124526977539,31.08083724975586,35.68169021606445,36.87095642089844,47.537078857421875,64.80441284179688,101.64772033691406,123.76210021972656,168.20411682128906,221.21176147460938,283.6178283691406,395.2939453125,610.2183837890625,754.5051879882812,1104.042724609375,1558.6025390625,4217.16845703125,130.0162353515625
184,0.0,0.003791618859395385,0.023618530482053757,0.06644223630428314,0.17177049815654755,0.46685341000556946,1.0101327896118164,2.434704303741455,3.2942209243774414,4.368007183074951,4.808135986328125,5.713318347930908,6.512670993804932,9.737520217895508,11.086931228637695,12.46098518371582,12.7374849319458,433.5916748046875,417.6388244628906,434.510009765625,474.3498840332031,456.22515869140625,441.71990966796875,475.03314208984375,528.4796142578125,532.2384033203125,530.2190551757812,570.7257690429688,601.2494506835938,706.9298706054688,794.614990234375,1059.916015625,1188.15283203125,1635.446533203125,2197.794189453125,4721.5908203125,123.36383056640625
185,0.0,0.0031615139450877905,0.018287817016243935,0.05557284876704216,0.14420364797115326,0.39315712451934814,0.8215268850326538,2.0810844898223877,2.7349693775177,3.902820587158203,4.096486568450928,5.242440700531006,5.566387176513672,8.37183666229248,9.893339157104492,11.288741111755371,12.014569282531738,12.72331714630127,16.108287811279297,18.25286865234375,25.336708068847656,26.315410614013672,27.9178409576416,37.3250617980957,49.98579788208008,81.1132583618164,108.66510772705078,132.0911407470703,199.2422637939453,261.986328125,321.861083984375,499.6859436035156,670.2852783203125,970.1077270507812,1343.4859619140625,3545.38037109375,100.83291625976562
186,0.0,0.004785276483744383,0.02970854565501213,0.08765103667974472,0.2390286922454834,0.6311597228050232,1.298963189125061,2.698810577392578,4.043549060821533,5.546574592590332,5.559844493865967,7.220527648925781,8.413885116577148,13.01487922668457,15.102897644042969,17.97648048400879,19.70142364501953,170.62506103515625,181.92218017578125,184.05319213867188,195.38197326660156,201.79415893554688,189.28480529785156,210.6491241455078,237.66697692871094,274.88739013671875,304.5991516113281,346.9943542480469,436.566650390625,560.5068359375,674.7240600585938,898.1701049804688,1107.8338623046875,1694.6453857421875,2357.272705078125,6388.7705078125,164.67947387695312
187,0.0,0.0034975006710737944,0.019176118075847626,0.056713204830884933,0.14782072603702545,0.3857460618019104,0.8440914154052734,2.194096088409424,2.8423314094543457,3.8406145572662354,4.1030802726745605,4.748113632202148,5.344266891479492,8.355499267578125,9.254326820373535,11.737772941589355,11.651883125305176,11.92701244354248,17.292720794677734,18.917057037353516,23.1927433013916,27.200075149536133,28.930295944213867,34.67525863647461,48.20381164550781,81.302978515625,104.43507385253906,140.7997283935547,188.5543212890625,258.6396484375,310.7980041503906,534.542236328125,659.6961669921875,976.2784423828125,1415.38916015625,3621.078125,102.93518829345703
188,0.0,0.003004524391144514,0.01658223383128643,0.046662747859954834,0.12444662302732468,0.3158247172832489,0.6728305816650391,1.9521287679672241,2.4796388149261475,3.2887144088745117,3.5472841262817383,4.511381149291992,4.860462188720703,6.847856044769287,8.225563049316406,9.132381439208984,10.361041069030762,10.34550666809082,13.131882667541504,14.397217750549316,18.397367477416992,21.07483673095703,23.17661476135254,28.36971664428711,37.94551086425781,59.84269714355469,84.59200286865234,109.07624053955078,140.3833465576172,209.92320251464844,246.31439208984375,399.27362060546875,481.59112548828125,692.8131103515625,1055.175048828125,2700.716552734375,83.81488037109375
189,0.0,0.003356938948854804,0.019016209989786148,0.05752386897802353,0.1505647599697113,0.39655300974845886,0.8690930604934692,2.1074366569519043,2.9023046493530273,3.7774415016174316,4.199965953826904,4.567379951477051,5.639289379119873,8.6593656539917,9.68935775756836,11.262910842895508,12.803043365478516,13.052678108215332,17.033775329589844,17.849390029907227,23.356653213500977,25.74665069580078,25.88917350769043,35.17110061645508,47.268882751464844,78.12161254882812,100.28934478759766,133.00172424316406,183.61962890625,250.2604217529297,312.72003173828125,456.66375732421875,642.6436767578125,940.5179443359375,1249.9517822265625,3714.6787109375,104.74604034423828
190,0.0,0.0037455835845321417,0.02131960354745388,0.06281565129756927,0.17680637538433075,0.44412803649902344,0.9502069354057312,2.3175222873687744,3.0856778621673584,3.8987817764282227,4.584993839263916,5.444343090057373,6.045505046844482,9.644553184509277,11.328908920288086,12.199336051940918,13.132630348205566,132.4250946044922,124.09683227539062,134.2218475341797,132.11659240722656,143.50535583496094,146.5620574951172,155.8321990966797,161.17910766601562,220.92510986328125,218.45314025878906,254.28701782226562,309.61944580078125,391.17523193359375,507.3444519042969,674.9083862304688,827.769287109375,1175.8177490234375,1748.8736572265625,4460.26171875,134.01222229003906
191,0.0,0.0031213522888720036,0.019474321976304054,0.05395352467894554,0.1459413766860962,0.41711166501045227,0.8218510150909424,2.1877095699310303,2.9651265144348145,3.439030408859253,4.080038070678711,4.870701789855957,5.538697242736816,8.518649101257324,9.870990753173828,10.648262977600098,11.457908630371094,919.518310546875,931.828857421875,945.23046875,938.6754150390625,969.2924194335938,951.8079833984375,954.6290283203125,1001.031005859375,979.3269653320312,1045.5780029296875,1095.1168212890625,1155.256103515625,1185.749755859375,1226.558349609375,1367.5960693359375,1555.0726318359375,1872.1595458984375,2185.5625,3803.5537109375,95.74098205566406
192,0.0,0.0027732709422707558,0.016455955803394318,0.04511689394712448,0.12106971442699432,0.322658896446228,0.7658044695854187,1.9186503887176514,2.595238447189331,3.7512974739074707,3.8496546745300293,4.420708179473877,5.061656475067139,7.562651634216309,8.797240257263184,9.571502685546875,9.951416015625,10.708760261535645,14.034533500671387,14.345135688781738,18.45015525817871,21.492385864257812,21.19696617126465,28.093229293823242,38.908607482910156,70.26787567138672,91.5074462890625,110.61125183105469,165.33865356445312,215.67626953125,268.6024475097656,450.1515808105469,554.6317138671875,831.1474609375,1182.3594970703125,2664.669677734375,87.77904510498047
193,0.0,0.006292357575148344,0.03670070692896843,0.12212039530277252,0.29565873742103577,0.7444514036178589,1.6059212684631348,2.980311393737793,4.563088893890381,6.6037278175354,7.557626247406006,9.616230964660645,10.34884262084961,16.165904998779297,18.216453552246094,19.51444435119629,22.708282470703125,85.0934066772461,86.5455322265625,90.84828186035156,110.09051513671875,106.56098937988281,116.08377075195312,132.51478576660156,163.70994567871094,240.66305541992188,264.2834777832031,343.87176513671875,455.4790344238281,638.8731079101562,789.9122924804688,1178.4588623046875,1588.7786865234375,2091.921875,3051.55517578125,8595.0712890625,221.65264892578125
194,0.0,0.003142404602840543,0.01602492481470108,0.048022836446762085,0.12420451641082764,0.31883475184440613,0.6744639277458191,2.0822508335113525,2.7155354022979736,3.4273014068603516,3.904395818710327,4.365379333496094,5.297871112823486,7.668722629547119,9.046643257141113,9.710550308227539,11.105106353759766,178.31655883789062,180.30613708496094,193.20114135742188,194.5404815673828,163.41111755371094,193.54457092285156,201.30641174316406,221.6946258544922,253.1142578125,280.752197265625,280.9924621582031,328.2246398925781,408.0061950683594,440.174560546875,621.8050537109375,748.9356689453125,1028.91162109375,1448.377685546875,3157.0634765625,87.97319030761719
195,0.0,0.003436402650550008,0.020252734422683716,0.06020617485046387,0.15488407015800476,0.4402915835380554,0.8625112771987915,2.122908353805542,3.1214077472686768,4.095123767852783,4.2488884925842285,5.230288982391357,6.192748546600342,8.835887908935547,9.944491386413574,13.106119155883789,12.64236068725586,63.568626403808594,61.1742057800293,67.85847473144531,68.84115600585938,74.859375,83.81401824951172,88.24859619140625,104.4251480102539,142.6971893310547,158.1832275390625,190.5260772705078,258.7098388671875,330.17034912109375,393.5185852050781,580.6469116210938,792.536865234375,1033.22412109375,1711.281005859375,4520.564453125,117.5814208984375
196,0.0,0.0034638463985174894,0.02045833319425583,0.05979643017053604,0.1534629911184311,0.42310428619384766,0.83213871717453,2.1712071895599365,3.0625524520874023,3.746805191040039,4.213351726531982,4.882274627685547,5.973155498504639,9.03061294555664,10.753495216369629,11.125197410583496,12.231287956237793,12.834447860717773,15.926557540893555,17.73678970336914,22.689437866210938,27.93242073059082,27.442384719848633,40.06312561035156,46.441314697265625,78.78990936279297,105.0851058959961,134.9757843017578,191.0102996826172,253.96200561523438,308.3966369628906,523.8389892578125,692.4797973632812,1043.6859130859375,1458.1748046875,4148.1162109375,114.76741027832031
197,0.0,0.003996715415269136,0.02624746784567833,0.07529862970113754,0.20240019261837006,0.5435423254966736,1.0605742931365967,2.5109450817108154,3.386507987976074,4.431172847747803,5.25661039352417,5.7544026374816895,7.8756561279296875,11.840285301208496,13.730389595031738,14.53032112121582,16.761919021606445,143.2575225830078,153.04855346679688,156.8866729736328,152.7483673095703,173.20191955566406,176.6301727294922,193.00140380859375,196.06744384765625,254.73248291015625,273.4150390625,323.22882080078125,419.7793884277344,490.8972473144531,595.586181640625,867.7394409179688,1045.18115234375,1412.9171142578125,1950.8035888671875,5559.57763671875,138.43455505371094
198,0.0,0.003374192165210843,0.019112946465611458,0.05500204116106033,0.14532427489757538,0.3959362506866455,0.8108596801757812,2.1315600872039795,2.9734318256378174,3.9310505390167236,4.154306888580322,4.835881233215332,5.569584369659424,8.536639213562012,9.469051361083984,12.015715599060059,11.65689468383789,97.50851440429688,89.7884521484375,92.31979370117188,99.38070678710938,102.14916229248047,102.4472885131836,115.02962493896484,133.24114990234375,161.00245666503906,180.7821807861328,213.8303985595703,271.9203186035156,318.0057678222656,386.6764831542969,562.8090209960938,714.9293823242188,1129.9068603515625,1490.642822265625,4339.29931640625,110.11113739013672
199,0.0,0.003288461361080408,0.01979213021695614,0.060320887714624405,0.15599918365478516,0.39543673396110535,0.8481814861297607,2.295283555984497,2.919894218444824,3.8936502933502197,4.075160503387451,5.15841817855835,5.3960466384887695,9.268073081970215,10.014344215393066,10.923356056213379,11.955535888671875,621.98291015625,536.5803833007812,555.9901733398438,624.8065185546875,600.6578979492188,593.2113037109375,632.3076171875,626.7614135742188,626.4605102539062,655.7161865234375,704.0597534179688,743.467529296875,806.1503295898438,881.52587890625,1137.1915283203125,1284.3765869140625,1555.950439453125,2014.52587890625,4144.24169921875,100.96522521972656
200,0.0,0.003037799848243594,0.018202710896730423,0.05423824489116669,0.1388857215642929,0.39115267992019653,0.7875077128410339,2.1451940536499023,2.9308762550354004,3.813424587249756,3.9769222736358643,4.55695915222168,5.373737812042236,8.358133316040039,9.009416580200195,11.693258285522461,10.916254997253418,103.30208587646484,112.74057006835938,106.83032989501953,112.30459594726562,121.08540344238281,118.28327941894531,117.799072265625,147.7622833251953,175.45437622070312,190.04159545898438,214.93331909179688,277.84619140625,340.4612121582031,396.1925354003906,521.2546997070312,707.71240234375,971.8125610351562,1363.1292724609375,3713.145263671875,99.47715759277344
201,0.0,0.003431689692661166,0.020001733675599098,0.06165618449449539,0.15330402553081512,0.4198755621910095,0.8759557008743286,2.25606369972229,3.082608938217163,3.9277541637420654,4.464293003082275,5.126543998718262,6.182435035705566,9.08246898651123,10.880739212036133,11.121888160705566,12.827047348022461,13.738662719726562,17.897418975830078,18.966014862060547,26.129016876220703,27.949161529541016,27.832595825195312,40.90951156616211,54.74431610107422,88.39608001708984,106.66727447509766,136.6212921142578,200.2879180908203,270.4803771972656,324.7335205078125,487.9978942871094,686.4351806640625,999.3333129882812,1325.58154296875,3879.01611328125,109.0225830078125
202,0.0,0.004097872879356146,0.02421785332262516,0.07070519030094147,0.18736787140369415,0.5137534737586975,1.1152292490005493,2.5442280769348145,3.53940749168396,4.588098526000977,5.109601020812988,5.867271900177002,6.682246208190918,11.711254119873047,12.305183410644531,13.596595764160156,15.67427921295166,82.02716064453125,84.47635650634766,83.29869079589844,96.35787963867188,95.802734375,95.67631530761719,109.97693634033203,131.24026489257812,173.9492950439453,192.8782958984375,223.117431640625,304.0580749511719,408.9049377441406,428.93212890625,694.6180419921875,855.5808715820312,1269.5953369140625,1797.004638671875,4768.52099609375,131.60394287109375
203,0.0,0.004410403780639172,0.024588536471128464,0.07289452850818634,0.17752796411514282,0.5030835866928101,1.0797312259674072,2.4239234924316406,3.3491783142089844,4.701360702514648,4.979433059692383,6.026961803436279,6.705125331878662,10.829302787780762,12.671156883239746,14.171905517578125,17.028932571411133,14444.2998046875,15913.125,15566.5244140625,15332.21484375,15022.1689453125,13980.1337890625,15557.8037109375,13233.7470703125,13252.3994140625,13695.7724609375,13353.9365234375,12480.3046875,11664.29296875,11515.767578125,11857.228515625,10443.474609375,10997.3525390625,11370.6962890625,5484.6474609375,141.6070098876953
204,0.0,0.004478979390114546,0.027082884684205055,0.08277316391468048,0.21136829257011414,0.5463985204696655,1.2224327325820923,2.579946279525757,3.7177886962890625,5.0413126945495605,5.416669845581055,6.854701519012451,7.465803146362305,11.00894546508789,14.247649192810059,15.608302116394043,17.033384323120117,595.5653076171875,558.791259765625,563.5125732421875,592.064697265625,583.4800415039062,597.65625,612.8547973632812,652.587890625,617.950439453125,651.7083129882812,705.2736206054688,816.1250610351562,853.3289184570312,950.7999267578125,1183.2889404296875,1415.97802734375,1933.2303466796875,2429.337646484375,5291.7060546875,139.8839111328125
205,0.0,0.0030569022055715322,0.01773461513221264,0.05504649132490158,0.1336742341518402,0.37912437319755554,0.7792348265647888,2.093184471130371,2.741751194000244,3.5981318950653076,4.0215983390808105,4.672313690185547,5.285926342010498,7.846367835998535,9.24320125579834,10.664764404296875,11.439026832580566,1655.946044921875,1662.0006103515625,1740.18603515625,1678.837158203125,1580.2071533203125,1648.016845703125,1693.67236328125,1489.931640625,1433.374267578125,1418.6046142578125,1286.6461181640625,1240.7716064453125,1086.767578125,1224.277587890625,1308.417236328125,1240.5650634765625,1527.9571533203125,1824.8741455078125,3913.1806640625,111.66976928710938
206,0.0,0.0035646127071231604,0.02181357331573963,0.0656602680683136,0.1557355672121048,0.4592827260494232,0.9369104504585266,2.249333143234253,3.218996286392212,4.222163200378418,4.6058478355407715,5.206202030181885,6.263282775878906,10.625996589660645,11.002655029296875,12.691508293151855,13.848555564880371,27314.859375,27838.080078125,24082.548828125,24925.736328125,25896.037109375,27490.498046875,24104.45703125,24643.75390625,22627.26171875,25701.841796875,22401.26171875,22446.79296875,22803.31640625,21510.3828125,18570.701171875,22060.61328125,20046.48046875,19435.95703125,4475.0107421875,132.27694702148438
207,0.0,0.0029032316524535418,0.016955820843577385,0.0506470762193203,0.1445290893316269,0.39009156823158264,0.8447101712226868,2.271477699279785,2.8241477012634277,3.7454240322113037,4.165764808654785,4.708362579345703,5.843623161315918,8.01659870147705,9.5350923538208,10.398502349853516,11.600798606872559,105.885986328125,111.21509552001953,111.10306549072266,116.83184814453125,120.0900650024414,122.13624572753906,132.06362915039062,137.58279418945312,166.15562438964844,182.72308349609375,211.5023193359375,259.2474365234375,318.119140625,390.47119140625,526.8333740234375,644.4511108398438,990.2238159179688,1356.661865234375,3668.67333984375,98.618408203125
208,0.0,0.0037515347357839346,0.021838361397385597,0.0651642382144928,0.16955089569091797,0.4631202518939972,1.0825705528259277,2.3900814056396484,3.27181077003479,4.171779632568359,4.8403000831604,5.729736804962158,6.61434268951416,10.001382827758789,11.664875030517578,12.751218795776367,13.460014343261719,158.05191040039062,152.6891326904297,154.5607452392578,166.66513061523438,167.44247436523438,176.2516326904297,183.95535278320312,197.5206756591797,236.3708038330078,269.8645324707031,300.57696533203125,348.9490051269531,422.6719055175781,479.4573669433594,706.1246948242188,890.8922729492188,1233.6666259765625,1704.69287109375,4620.943359375,137.88172912597656
209,0.0,0.003052184823900461,0.016831858083605766,0.05162294954061508,0.13052044808864594,0.39441952109336853,0.8127604722976685,2.0210981369018555,2.8096189498901367,3.3774309158325195,3.992027997970581,4.643441677093506,5.085796356201172,7.454822063446045,8.987783432006836,10.039612770080566,11.241853713989258,1503.019287109375,1397.4544677734375,1517.9063720703125,1477.0321044921875,1455.869873046875,1561.1630859375,1418.212158203125,1542.510498046875,1492.52587890625,1490.6190185546875,1638.6595458984375,1492.2369384765625,1702.2423095703125,1773.0523681640625,1954.216796875,2002.744140625,2357.919189453125,2994.895751953125,3858.040771484375,91.33601379394531
210,0.0,0.003625693963840604,0.02080973982810974,0.058375630527734756,0.1629447042942047,0.45313316583633423,0.8528032898902893,2.14520525932312,2.9766385555267334,4.28280782699585,4.689309597015381,4.940725803375244,5.683094024658203,9.02333927154541,9.529318809509277,12.17170238494873,13.017512321472168,1365.833740234375,1274.343505859375,1291.9173583984375,1333.1630859375,1312.800048828125,1305.8360595703125,1310.71630859375,1367.5550537109375,1503.7857666015625,1552.27978515625,1399.715087890625,1463.1092529296875,1476.903076171875,1651.73876953125,1836.6488037109375,1893.6041259765625,2224.473876953125,2977.9755859375,4158.08544921875,110.78091430664062
211,0.0,0.003960424568504095,0.026686502620577812,0.08091424405574799,0.2086600810289383,0.5249283909797668,1.0161421298980713,2.541393518447876,3.6099109649658203,4.474192142486572,5.329929351806641,5.990529537200928,7.100557804107666,11.947291374206543,13.703411102294922,15.38276481628418,15.615267753601074,15.959402084350586,20.302200317382812,20.301137924194336,28.743812561035156,34.245399475097656,33.00324630737305,44.595706939697266,63.836265563964844,103.78861236572266,139.95950317382812,175.68467712402344,239.9904327392578,317.8128662109375,417.9936828613281,680.69091796875,931.7930297851562,1382.1212158203125,2007.20703125,5678.13330078125,142.9807891845703
212,0.0,0.0038651840295642614,0.024958692491054535,0.07018452882766724,0.1788809597492218,0.4830709397792816,1.0447009801864624,2.2626001834869385,3.271003007888794,4.44369649887085,4.902545928955078,5.689753532409668,6.444356918334961,10.359609603881836,12.684103012084961,13.86728572845459,14.150652885437012,234.753173828125,250.2798614501953,237.22926330566406,264.56427001953125,262.7833557128906,253.1201934814453,267.1198425292969,278.04107666015625,333.9119567871094,358.6548156738281,366.3320617675781,441.41729736328125,535.139892578125,552.2608032226562,833.2247924804688,1030.7275390625,1356.8883056640625,1680.69677734375,4386.15576171875,119.59527587890625
213,0.0,0.003312877845019102,0.017924414947628975,0.055422067642211914,0.14685040712356567,0.3989914357662201,0.845012366771698,2.2476861476898193,2.969850540161133,3.7081716060638428,3.9470012187957764,4.537402629852295,5.584979057312012,8.649541854858398,9.173344612121582,10.892618179321289,12.26413631439209,13.435791969299316,16.3455867767334,18.152204513549805,25.540607452392578,28.35916519165039,29.207857131958008,36.512962341308594,49.303688049316406,87.22703552246094,106.78475952148438,128.69845581054688,190.90907287597656,252.0460205078125,322.5581970214844,495.1356506347656,666.9176635742188,977.8123168945312,1389.7320556640625,3777.880615234375,102.5328140258789
214,0.0,0.0040272981859743595,0.022899923846125603,0.07152140885591507,0.17783570289611816,0.48976126313209534,1.0022239685058594,2.4614858627319336,3.3827242851257324,4.30592155456543,4.703768730163574,5.622062683105469,6.706323623657227,10.316205978393555,11.63531494140625,13.133441925048828,14.312199592590332,128.50057983398438,136.67306518554688,124.61951446533203,143.48129272460938,144.05357360839844,155.79660034179688,159.32826232910156,173.01304626464844,209.68946838378906,240.8773193359375,282.8021240234375,341.4381408691406,425.44818115234375,516.289306640625,734.50341796875,943.7266845703125,1458.7154541015625,1926.4365234375,4988.1083984375,127.21246337890625
215,0.0,0.0037866237107664347,0.021357709541916847,0.06693880259990692,0.1732160747051239,0.504390299320221,0.9296687245368958,2.203941822052002,3.242070436477661,4.103434085845947,4.340453147888184,5.373716831207275,6.387967586517334,8.488785743713379,10.615070343017578,12.784279823303223,12.888598442077637,131.5579833984375,134.3223419189453,129.8446502685547,141.15394592285156,150.40000915527344,140.09568786621094,152.38790893554688,181.32907104492188,207.760009765625,244.98992919921875,265.7568359375,317.9539489746094,421.56683349609375,476.8370666503906,665.1880493164062,932.1385498046875,1199.44580078125,1837.9609375,4525.08349609375,122.1378173828125
216,0.0,0.004864566959440708,0.029824314638972282,0.08624162524938583,0.22429268062114716,0.5862752795219421,1.153146743774414,2.592604637145996,3.938944101333618,5.226578712463379,5.647782802581787,6.684327602386475,7.334296703338623,12.410655975341797,14.300199508666992,17.879587173461914,18.08586883544922,866.02978515625,857.21875,830.4156494140625,913.5756225585938,873.8239135742188,852.3034057617188,885.0256958007812,946.5657958984375,885.8993530273438,1017.4365234375,974.6610717773438,1058.516845703125,1172.3143310546875,1218.3836669921875,1497.58837890625,1683.3076171875,2113.24169921875,2556.60302734375,4983.8203125,164.9793701171875
217,0.0,0.004289945587515831,0.023958807811141014,0.067168690264225,0.17427319288253784,0.5112830400466919,1.0291907787322998,2.344418525695801,3.354006052017212,4.410281658172607,4.651256084442139,5.999988555908203,6.8265814781188965,11.072555541992188,13.183974266052246,13.058294296264648,14.856966018676758,2521.508544921875,2684.63818359375,2742.092529296875,2716.549072265625,2553.490234375,2550.4150390625,2623.447021484375,2347.44677734375,2440.608642578125,2356.5078125,2461.22119140625,2058.29296875,2144.261962890625,2124.93505859375,2160.502197265625,2246.67626953125,2542.205322265625,2920.9306640625,5024.00537109375,144.63816833496094
218,0.0,0.002995142014697194,0.01656959019601345,0.0503709577023983,0.13092824816703796,0.36053186655044556,0.7884953022003174,1.9860713481903076,2.988238573074341,3.5916008949279785,3.822313070297241,4.598574638366699,5.018745422363281,7.126720905303955,9.039789199829102,10.08889102935791,10.455588340759277,11.340282440185547,15.114954948425293,16.56968116760254,22.32105255126953,24.47323989868164,24.357952117919922,32.3370246887207,40.71975326538086,75.9732666015625,92.70964813232422,109.41320037841797,162.9818878173828,202.26280212402344,271.4285888671875,440.0417785644531,577.2823486328125,830.1295166015625,1265.362060546875,3510.270263671875,91.84434509277344
219,0.0,0.0037478257436305285,0.022102242335677147,0.06903298944234848,0.18756620585918427,0.44828152656555176,0.9442647099494934,2.369523763656616,3.1641974449157715,4.353466033935547,4.676701545715332,5.76765251159668,6.72743558883667,9.934553146362305,11.634159088134766,12.69137191772461,12.818829536437988,18.301956176757812,21.267486572265625,23.14942741394043,29.281822204589844,32.373600006103516,33.072994232177734,46.74775695800781,56.046958923339844,103.96153259277344,127.90497589111328,166.90847778320312,218.37843322753906,322.5940856933594,394.88671875,603.15283203125,828.9654541015625,1259.130615234375,1665.9300537109375,4899.43017578125,143.37753295898438
220,0.0,0.0039969622157514095,0.022740300744771957,0.07736328989267349,0.17714719474315643,0.5305646061897278,1.0390135049819946,2.3881032466888428,3.276973009109497,4.589090824127197,4.658303737640381,5.808618545532227,6.876450538635254,9.976836204528809,11.973407745361328,12.932853698730469,14.486749649047852,15048.12109375,15337.607421875,14673.203125,15044.666015625,14986.1708984375,13589.6005859375,13899.986328125,13625.5751953125,14357.724609375,13371.1728515625,13701.4765625,13073.1943359375,12277.9716796875,12664.45703125,12247.3076171875,11027.158203125,11431.4482421875,11126.9541015625,5438.0263671875,133.526123046875
221,0.0,0.003790594171732664,0.02087179198861122,0.07013307511806488,0.19011500477790833,0.47067201137542725,0.9118020534515381,2.3108808994293213,3.2619473934173584,4.103264808654785,4.5819268226623535,5.542158603668213,6.358653545379639,9.871262550354004,11.203314781188965,12.222320556640625,14.311217308044434,103.73641204833984,111.41276550292969,110.9901351928711,117.0322265625,123.54779052734375,126.89652252197266,135.10267639160156,134.25390625,176.2564697265625,197.46791076660156,235.19342041015625,310.50750732421875,382.26470947265625,449.7808837890625,684.5803833007812,792.5755615234375,1206.5701904296875,1560.44287109375,4357.21875,125.98540496826172
222,0.0,0.0037993737496435642,0.02157682180404663,0.06861686706542969,0.1922963410615921,0.46504682302474976,1.0162770748138428,2.3744688034057617,3.2653703689575195,4.204615592956543,4.765749454498291,5.523943901062012,6.300225257873535,9.53044319152832,12.131250381469727,12.562073707580566,14.454717636108398,346.013427734375,323.34820556640625,342.50396728515625,344.3843994140625,362.074462890625,355.2244873046875,358.02734375,383.6650695800781,444.8960876464844,425.6442565917969,484.000732421875,582.7249145507812,698.1911010742188,724.1716918945312,1020.8946533203125,1233.322998046875,1640.0355224609375,2130.93505859375,5635.45654296875,139.06161499023438
223,0.0,0.004371801391243935,0.02556990273296833,0.0758538693189621,0.19847166538238525,0.5311035513877869,1.1021220684051514,2.4715700149536133,3.6743004322052,4.821109771728516,5.202856540679932,6.277182579040527,6.71348762512207,11.155343055725098,12.965230941772461,14.929240226745605,16.694704055786133,3972.57958984375,4165.73193359375,4189.27880859375,4058.765625,4088.406494140625,3970.390380859375,3904.90771484375,3877.6005859375,3596.03076171875,3466.36572265625,3224.371337890625,3465.6787109375,3323.735107421875,2891.203857421875,3073.169677734375,2976.176025390625,3074.651611328125,3588.935791015625,5670.869140625,145.85435485839844
224,0.0,0.004396253265440464,0.02655024453997612,0.08559053391218185,0.21246182918548584,0.4985625743865967,1.1648924350738525,2.525392532348633,3.3709280490875244,4.693036079406738,4.608147621154785,6.079262733459473,6.757648944854736,11.589628219604492,13.394845962524414,15.022324562072754,15.675484657287598,130.72213745117188,141.828125,131.17503356933594,136.5507354736328,155.05096435546875,147.3319091796875,159.3464813232422,186.20338439941406,235.55760192871094,252.709228515625,295.88641357421875,376.4300842285156,407.6156311035156,516.5044555664062,719.0513916015625,983.9976806640625,1405.1759033203125,1861.9932861328125,5734.33447265625,148.3231658935547
225,0.0,0.0031559087801724672,0.017863892018795013,0.05425252765417099,0.15406166017055511,0.39925336837768555,0.8636297583580017,2.277301788330078,2.9685440063476562,3.7518179416656494,4.434667110443115,5.02878475189209,5.609617233276367,8.646346092224121,9.522553443908691,11.391945838928223,11.816248893737793,26815.556640625,27506.041015625,28993.5859375,26333.833984375,27790.490234375,24402.568359375,27171.1796875,25426.734375,24808.201171875,24280.0859375,24355.96484375,24424.0546875,22146.001953125,21178.20703125,21078.896484375,21577.841796875,20134.396484375,22445.876953125,3971.90478515625,101.8069076538086
226,0.0,0.003411670681089163,0.020197860896587372,0.0597376711666584,0.15513211488723755,0.40183594822883606,0.8489092588424683,2.0507240295410156,2.9343485832214355,3.752152919769287,4.311342239379883,5.006735324859619,5.805319786071777,9.278687477111816,10.935338973999023,11.13254451751709,12.512165069580078,63.04740905761719,65.2642822265625,65.0343017578125,76.21139526367188,75.40553283691406,74.93384552001953,85.82147216796875,101.61117553710938,141.99252319335938,157.86361694335938,203.59910583496094,252.09466552734375,345.1026306152344,394.7065124511719,588.7302856445312,800.6234741210938,1076.851806640625,1568.69091796875,4258.2568359375,115.3022689819336
227,0.0,0.003383040428161621,0.01858166977763176,0.056805871427059174,0.14791204035282135,0.40227168798446655,0.826102077960968,2.116102457046509,2.9017887115478516,3.94126558303833,4.223318576812744,4.870883464813232,5.512695789337158,8.76761245727539,9.767399787902832,11.653402328491211,11.810067176818848,13.377339363098145,16.326040267944336,18.342458724975586,21.433422088623047,27.483388900756836,26.960887908935547,36.198143005371094,46.80814743041992,79.52992248535156,97.20586395263672,121.7728500366211,181.62619018554688,229.43287658691406,299.7176818847656,463.35064697265625,627.9562377929688,996.0087280273438,1283.3275146484375,3264.4775390625,105.36505126953125
228,0.0,0.003682372160255909,0.022974494844675064,0.06326120346784592,0.1794208437204361,0.4406254291534424,0.977789580821991,2.2561001777648926,3.1436941623687744,4.302847385406494,4.8791608810424805,5.193666458129883,6.354528903961182,9.14046573638916,11.178363800048828,12.582206726074219,12.044161796569824,11164.3349609375,10835.9794921875,9506.646484375,10325.859375,11075.98046875,10437.4501953125,10549.060546875,10212.267578125,9274.2490234375,10110.6982421875,9510.2666015625,8909.744140625,8614.384765625,8006.31640625,8491.140625,7536.97314453125,7413.21923828125,7843.29541015625,4632.689453125,124.57854461669922
229,0.0,0.0026754382997751236,0.01459665596485138,0.041917674243450165,0.11269032955169678,0.32737696170806885,0.6421170830726624,2.054100751876831,2.72977352142334,3.329000949859619,3.7419018745422363,3.837627410888672,4.75313663482666,7.005673408508301,7.753476142883301,8.771986961364746,9.154316902160645,31970.47265625,31704.998046875,31939.34375,30283.75390625,31970.7421875,32183.734375,32672.837890625,30111.6015625,29873.6640625,27975.212890625,30290.748046875,27693.365234375,27142.177734375,23353.42578125,26044.62109375,24260.93359375,24356.060546875,23730.9765625,2872.8369140625,80.35822296142578
230,0.0,0.0036017766688019037,0.021269455552101135,0.05983955040574074,0.15661069750785828,0.45596009492874146,0.9279058575630188,2.215290069580078,3.1021008491516113,4.143402576446533,4.729692459106445,5.5454816818237305,5.778767108917236,8.450153350830078,11.216625213623047,12.333877563476562,13.590903282165527,30.00297737121582,34.23782730102539,35.913002014160156,40.89646911621094,43.062110900878906,45.2292594909668,55.02119827270508,70.36300659179688,108.38691711425781,122.10289001464844,170.24288940429688,214.29116821289062,269.8942565917969,366.3104248046875,564.7772827148438,730.890869140625,1146.4923095703125,1673.798095703125,4628.12890625,112.39645385742188
231,0.0,0.0036390863824635744,0.02201680839061737,0.06549862772226334,0.18221111595630646,0.4596686065196991,0.9864047169685364,2.2123234272003174,3.135058641433716,4.113491058349609,4.666423797607422,5.351027011871338,6.282499313354492,9.4500150680542,10.672170639038086,13.06096363067627,12.469057083129883,87.40229034423828,86.32218170166016,96.98516082763672,102.55175018310547,107.07733917236328,109.98481750488281,118.16250610351562,131.55662536621094,168.4681396484375,202.56192016601562,243.54620361328125,292.1287536621094,386.0294189453125,455.59393310546875,699.2388916015625,885.5989990234375,1390.6700439453125,1774.5726318359375,4630.18603515625,116.66527557373047
232,0.0,0.0035907954443246126,0.02226829342544079,0.06838319450616837,0.16560767590999603,0.461715966463089,0.8801878690719604,2.3183658123016357,3.169857978820801,4.135211944580078,4.8722004890441895,5.84258508682251,6.809249401092529,9.512038230895996,11.383454322814941,12.100752830505371,14.538432121276855,15.30855941772461,19.046035766601562,19.182817459106445,25.003143310546875,30.039121627807617,30.140758514404297,37.79915237426758,53.33339309692383,92.36215209960938,120.66584777832031,153.62489318847656,233.86611938476562,295.524658203125,386.76751708984375,595.4572143554688,724.7659912109375,1172.4305419921875,1571.627685546875,3869.61328125,113.74398803710938
233,0.0,0.003972211387008429,0.024550115689635277,0.07689067721366882,0.1914709210395813,0.4772213399410248,0.9826134443283081,2.3815572261810303,3.5188984870910645,4.539507865905762,5.320932865142822,5.815361499786377,6.409417629241943,10.176848411560059,12.24560546875,13.254953384399414,14.319205284118652,19762.9296875,18939.896484375,19670.955078125,19234.716796875,22995.220703125,20302.986328125,19106.064453125,17369.40234375,16554.98828125,18997.2109375,18685.017578125,17086.48828125,16668.90234375,15330.8173828125,15919.0390625,13444.904296875,15280.8369140625,15639.236328125,4719.171875,126.31774139404297
234,0.0,0.0034658308140933514,0.020060228183865547,0.05880541726946831,0.16260221600532532,0.47695985436439514,0.9518219828605652,2.3527095317840576,3.1495676040649414,4.139900207519531,4.579345703125,5.035414695739746,6.023825168609619,9.250955581665039,11.15274429321289,11.733092308044434,12.434541702270508,31245.517578125,28939.884765625,31927.263671875,28931.748046875,29510.93359375,27267.884765625,31863.529296875,29581.166015625,26473.34765625,28701.033203125,25940.38671875,24731.51953125,24562.322265625,24443.7734375,24619.130859375,22584.181640625,24029.359375,20449.046875,4189.03125,116.12289428710938
235,0.0,0.002615563804283738,0.015147330239415169,0.04399073123931885,0.1162504032254219,0.32700875401496887,0.7455176711082458,2.0531628131866455,2.5367484092712402,3.490147113800049,3.6101160049438477,4.172589302062988,4.864225387573242,7.001326560974121,8.004098892211914,9.598531723022461,9.638245582580566,10.179115295410156,12.919971466064453,15.118062973022461,18.414594650268555,20.673044204711914,22.118972778320312,28.577606201171875,37.755462646484375,61.3945198059082,79.26700592041016,94.01253509521484,139.5831298828125,200.8873291015625,251.36312866210938,382.3307189941406,484.4116516113281,677.6671752929688,1101.334228515625,2931.16357421875,69.2649154663086
