,layer_1,layer_2,layer_3,layer_4,layer_5,layer_6,layer_7,layer_8,layer_9,layer_10,layer_11,layer_12,layer_13,layer_14,layer_15,layer_16,layer_17,layer_18,layer_19,layer_20,layer_21,layer_22,layer_23,layer_24,layer_25,layer_26,layer_27,layer_28,layer_29
0,0.0,0.0008955747471190989,0.0017249095253646374,0.0031024550553411245,8.204678535461426,9.36676025390625,8.564857482910156,9.256628036499023,8.64204216003418,8.829309463500977,8.737658500671387,9.602139472961426,9.285313606262207,10.001837730407715,10.198724746704102,9.80704116821289,10.807133674621582,10.450407981872559,11.394830703735352,10.78950023651123,10.27457046508789,10.632195472717285,10.955138206481934,11.300453186035156,13.245474815368652,15.205961227416992,16.797943115234375,12.932279586791992,9.124844551086426
1,0.0,0.0008203876204788685,0.001609833911061287,0.0028710828628391027,8.617193222045898,9.016683578491211,8.108685493469238,9.114933967590332,9.769511222839355,9.003557205200195,9.536343574523926,9.052762031555176,9.077136993408203,9.161870002746582,10.496598243713379,10.282364845275879,10.538707733154297,11.332428932189941,10.128360748291016,10.835382461547852,11.113810539245605,10.503345489501953,11.869207382202148,11.565469741821289,12.906328201293945,14.89382266998291,17.932180404663086,15.769305229187012,11.204931259155273
2,0.0,0.0009754282073117793,0.0018398328684270382,0.003300565294921398,8.305572509765625,9.679397583007812,9.418980598449707,9.743115425109863,9.170317649841309,9.238133430480957,8.865106582641602,8.201290130615234,9.008377075195312,9.504204750061035,9.819580078125,10.389267921447754,10.446208953857422,10.761629104614258,10.56627368927002,10.8539400100708,11.21860408782959,11.87118911743164,11.210944175720215,11.839019775390625,13.037734031677246,13.520424842834473,17.422470092773438,14.29885482788086,10.118925094604492
3,0.0,0.0010389891685917974,0.002019349252805114,0.0035935440100729465,9.663262367248535,9.488923072814941,7.980422019958496,9.58981704711914,8.357630729675293,9.517969131469727,8.592507362365723,8.958808898925781,10.639561653137207,10.254414558410645,9.782713890075684,9.665376663208008,9.605386734008789,9.706262588500977,10.48442268371582,9.965998649597168,10.402054786682129,10.306013107299805,11.57631778717041,11.610526084899902,12.713223457336426,15.236186027526855,18.860294342041016,16.669456481933594,11.3414888381958
4,0.0,0.0010901225032284856,0.00209463806822896,0.004004226997494698,8.368671417236328,9.741730690002441,8.726701736450195,9.222260475158691,8.973766326904297,9.10403060913086,8.770485877990723,9.394771575927734,9.530635833740234,9.969843864440918,9.961172103881836,9.955706596374512,10.561552047729492,11.08269214630127,10.436029434204102,10.960996627807617,11.707743644714355,10.834110260009766,11.750158309936523,12.46852970123291,13.762027740478516,16.015981674194336,21.392459869384766,19.115875244140625,12.266526222229004
5,0.0,0.0008552749641239643,0.0016508653061464429,0.002894005039706826,7.942848205566406,9.57132339477539,8.73132038116455,8.84546947479248,8.825316429138184,8.570928573608398,9.224098205566406,8.859681129455566,9.685964584350586,10.250940322875977,9.913374900817871,10.037090301513672,10.950936317443848,10.3265962600708,11.112626075744629,10.115490913391113,11.49217414855957,11.308282852172852,11.021224975585938,11.353389739990234,13.301870346069336,14.598932266235352,16.167190551757812,13.01842975616455,9.539746284484863
6,0.0,0.0008716738666407764,0.0016377817373722792,0.002868827898055315,8.213436126708984,9.509787559509277,8.894416809082031,9.340449333190918,8.938565254211426,9.353836059570312,8.453514099121094,9.031980514526367,9.873818397521973,10.303648948669434,9.807662010192871,9.895649909973145,10.26206111907959,10.035543441772461,10.630171775817871,10.508807182312012,10.239555358886719,11.912651062011719,12.622330665588379,11.27550220489502,12.84106159210205,14.396161079406738,16.45405387878418,14.98263168334961,10.786262512207031
7,0.0,0.0010581820970401168,0.0020981680136173964,0.003574679372832179,9.048134803771973,8.3356294631958,9.493335723876953,8.750837326049805,9.00960636138916,9.469223976135254,8.989890098571777,8.963397026062012,9.601737022399902,9.634464263916016,9.875250816345215,10.973015785217285,10.27861499786377,9.724723815917969,11.149572372436523,11.054967880249023,10.543654441833496,10.115410804748535,11.41357135772705,11.688334465026855,13.548954010009766,15.913924217224121,19.648286819458008,18.059282302856445,13.274504661560059
8,0.0,0.0011104474542662501,0.0020921246614307165,0.0038005984388291836,8.12280559539795,9.616059303283691,9.167765617370605,8.552391052246094,9.127239227294922,9.200759887695312,9.706257820129395,8.767641067504883,9.612031936645508,10.453118324279785,10.759358406066895,10.057713508605957,10.335264205932617,11.1140775680542,10.24433708190918,10.242574691772461,10.832679748535156,10.644121170043945,10.846385955810547,11.551740646362305,12.061325073242188,14.497032165527344,19.375732421875,17.197887420654297,9.380107879638672
9,0.0,0.0009601135971024632,0.0019260586705058813,0.0035415454767644405,8.446598052978516,9.550859451293945,9.72138786315918,9.090079307556152,9.236396789550781,7.888705730438232,8.952836036682129,8.963212966918945,9.492573738098145,10.332684516906738,10.022104263305664,9.803406715393066,9.862845420837402,10.103362083435059,11.258354187011719,10.660504341125488,11.17391300201416,11.257844924926758,9.99234676361084,11.823201179504395,13.141617774963379,13.546069145202637,17.075227737426758,13.378713607788086,8.06209659576416
10,0.0,0.0009120445465669036,0.0017972799250856042,0.003638138994574547,7.749633312225342,8.92612361907959,8.395052909851074,8.916759490966797,8.666793823242188,8.936166763305664,8.469467163085938,8.619840621948242,9.712686538696289,9.796236038208008,10.368115425109863,9.86300277709961,9.859251976013184,9.985885620117188,11.180233001708984,10.791257858276367,10.789610862731934,10.333527565002441,12.357848167419434,11.192522048950195,12.780633926391602,14.92185115814209,17.52232551574707,15.331061363220215,10.334196090698242
11,0.0,0.0009020243887789547,0.0018407892202958465,0.0037263098638504744,8.631941795349121,9.097526550292969,8.227670669555664,9.13101577758789,8.495715141296387,8.924586296081543,9.12502384185791,9.601576805114746,10.208205223083496,9.69371223449707,9.62222957611084,10.514538764953613,10.740891456604004,9.461228370666504,10.194494247436523,10.073079109191895,10.738590240478516,10.604439735412598,12.378691673278809,11.64932632446289,13.489568710327148,14.535720825195312,18.256698608398438,16.3320255279541,11.67537784576416
12,0.0,0.000983289908617735,0.001963297836482525,0.0035469888243824244,8.444085121154785,8.573678016662598,8.214008331298828,8.65433120727539,8.010503768920898,8.631861686706543,9.013538360595703,9.267840385437012,9.617637634277344,9.263509750366211,10.116724967956543,10.272181510925293,10.058035850524902,10.489873886108398,10.165258407592773,11.108089447021484,11.713326454162598,10.704341888427734,12.11281681060791,11.427441596984863,13.008291244506836,14.857691764831543,19.28046417236328,15.930099487304688,11.881190299987793
13,0.0,0.0008941221749410033,0.001983433263376355,0.003981474786996841,8.053688049316406,9.53128719329834,9.695849418640137,9.027374267578125,8.89177417755127,9.203302383422852,8.388015747070312,8.889238357543945,9.53757381439209,10.014418601989746,10.292902946472168,10.117207527160645,10.989664077758789,10.993739128112793,9.858123779296875,10.432559967041016,10.769607543945312,10.973694801330566,10.909869194030762,10.968764305114746,14.010852813720703,16.24495506286621,19.6480655670166,16.833728790283203,11.12855339050293
14,0.0,0.0010228148894384503,0.002029965864494443,0.004023843444883823,8.242280006408691,8.98786735534668,8.54239273071289,9.197700500488281,8.826824188232422,8.763076782226562,8.767378807067871,9.031722068786621,9.753925323486328,10.060068130493164,9.557330131530762,9.352783203125,10.549662590026855,9.445672035217285,9.690627098083496,11.044042587280273,11.727944374084473,11.308073043823242,11.2599458694458,11.269375801086426,13.634702682495117,15.180858612060547,20.06782341003418,17.115673065185547,12.905327796936035
15,0.0,0.0011178740533068776,0.002107845386490226,0.00386404013261199,8.395753860473633,8.555785179138184,8.876575469970703,9.44094181060791,8.839892387390137,9.188111305236816,8.999090194702148,9.268453598022461,9.40046501159668,10.293834686279297,9.580265998840332,10.396915435791016,10.008172988891602,10.03936767578125,10.36640453338623,10.714836120605469,10.296847343444824,10.884373664855957,10.824631690979004,10.877084732055664,12.19229507446289,14.37842845916748,16.58268165588379,13.825600624084473,7.371461391448975
16,0.0,0.0010971140582114458,0.0021058879792690277,0.003620582167059183,8.24984073638916,8.703344345092773,9.30447006225586,8.985384941101074,9.455586433410645,9.565338134765625,8.400182723999023,9.805623054504395,9.308183670043945,9.999906539916992,10.997011184692383,9.641836166381836,10.724164009094238,10.566508293151855,10.752742767333984,10.779208183288574,10.154906272888184,11.018470764160156,11.63825798034668,12.025623321533203,12.549758911132812,14.751319885253906,18.744508743286133,15.794572830200195,12.521981239318848
17,0.0,0.0009447757038287818,0.0018588796956464648,0.0031438134610652924,8.76338005065918,8.395886421203613,9.019062042236328,8.382638931274414,9.00133991241455,8.687422752380371,8.612696647644043,8.704207420349121,9.209600448608398,9.882172584533691,9.669397354125977,9.964056015014648,10.564413070678711,10.479471206665039,10.840456008911133,10.78132438659668,10.278541564941406,11.63913631439209,11.471922874450684,12.614672660827637,13.041925430297852,14.245543479919434,17.99338722229004,15.608524322509766,10.48958683013916
18,0.0,0.000933388015255332,0.0018846207531169057,0.0033430883195251226,7.888452529907227,8.808199882507324,8.273680686950684,8.583100318908691,8.315820693969727,8.759346961975098,9.251864433288574,8.50253963470459,10.02968978881836,9.409173965454102,10.570367813110352,9.907416343688965,11.37288761138916,10.04068660736084,10.638118743896484,11.145003318786621,10.463305473327637,11.316709518432617,11.967906951904297,11.75989818572998,13.31957721710205,14.75818920135498,18.178363800048828,14.816604614257812,12.292351722717285
19,0.0,0.0008798391208983958,0.001822428428567946,0.0033794930204749107,8.050581932067871,8.62041187286377,8.823097229003906,9.163148880004883,8.69575309753418,9.089595794677734,9.669062614440918,8.54548454284668,10.077893257141113,10.359637260437012,10.169790267944336,9.976761817932129,10.27326774597168,9.654633522033691,11.284616470336914,10.705476760864258,10.77091121673584,11.118675231933594,11.571064949035645,11.357308387756348,12.223424911499023,14.004481315612793,17.383325576782227,14.236929893493652,9.999874114990234
20,0.0,0.0010885864030569792,0.00205786875449121,0.0035423545632511377,8.646728515625,9.063343048095703,8.492527961730957,8.955418586730957,8.337265968322754,9.034806251525879,9.044498443603516,9.644388198852539,10.192961692810059,10.009024620056152,10.092772483825684,9.537381172180176,9.951164245605469,10.61996841430664,10.096752166748047,10.882380485534668,10.625845909118652,11.229141235351562,10.654348373413086,12.497859954833984,12.851255416870117,13.394966125488281,17.323558807373047,13.343303680419922,8.191534042358398
21,0.0,0.0011116743553429842,0.0021259556524455547,0.003916081041097641,8.537764549255371,8.835760116577148,9.092267990112305,8.624065399169922,9.16450023651123,9.117928504943848,9.302764892578125,9.192660331726074,9.812859535217285,9.887246131896973,9.708931922912598,10.038472175598145,10.215497016906738,11.619826316833496,10.300869941711426,10.811396598815918,11.059439659118652,10.523538589477539,10.218172073364258,11.669042587280273,13.620399475097656,14.730940818786621,18.003742218017578,15.189969062805176,6.9093403816223145
22,0.0,0.000929317728150636,0.001904719159938395,0.003511829301714897,7.79408073425293,8.773098945617676,8.949057579040527,9.58189868927002,8.832880973815918,9.822112083435059,9.63814640045166,8.930586814880371,10.070611000061035,10.129242897033691,9.088033676147461,10.309144973754883,9.9594087600708,10.737626075744629,11.18605899810791,10.941526412963867,11.06457233428955,9.410628318786621,12.033522605895996,11.306695938110352,14.283671379089355,14.937289237976074,18.56974220275879,17.093713760375977,10.046510696411133
23,0.0,0.0010717697441577911,0.0020061915274709463,0.0038903234526515007,8.129301071166992,9.226015090942383,9.107807159423828,9.260637283325195,8.908305168151855,8.62320327758789,8.662561416625977,8.517068862915039,9.412737846374512,9.870896339416504,10.225212097167969,10.342193603515625,10.275507926940918,10.088523864746094,10.26666259765625,9.821207046508789,11.307405471801758,10.876764297485352,11.602217674255371,12.066468238830566,13.966259956359863,15.546195983886719,22.609207153320312,20.870370864868164,14.58081340789795
24,0.0,0.0008572612423449755,0.0016708539333194494,0.0031057344749569893,7.701878547668457,8.779881477355957,9.126585960388184,8.770574569702148,9.514076232910156,9.607878684997559,9.062978744506836,8.685090065002441,9.844964981079102,10.021085739135742,10.07105827331543,11.22800350189209,10.359641075134277,10.555754661560059,10.987105369567871,10.872581481933594,10.445199966430664,10.879463195800781,10.932519912719727,12.429485321044922,12.855168342590332,14.590349197387695,16.18946647644043,13.230667114257812,9.02843189239502
25,0.0,0.0008118736441247165,0.0015212483704090118,0.0027415899094194174,8.47157096862793,8.940766334533691,8.709723472595215,9.088589668273926,9.735464096069336,9.059022903442383,9.253482818603516,8.751955032348633,10.208866119384766,10.343393325805664,9.996764183044434,9.638334274291992,9.855961799621582,10.36743450164795,10.593648910522461,10.472434997558594,10.627923011779785,10.767717361450195,12.491971969604492,12.353170394897461,13.333303451538086,15.07592487335205,17.26580238342285,15.465439796447754,10.201932907104492
26,0.0,0.0010830973042175174,0.0021024199668318033,0.003741139080375433,8.965926170349121,8.243980407714844,8.978424072265625,8.479302406311035,9.60651969909668,8.814395904541016,9.730351448059082,8.997451782226562,9.646674156188965,9.56446647644043,10.13398265838623,10.935192108154297,10.216383934020996,9.889810562133789,10.9379243850708,11.840155601501465,10.689579963684082,10.178874969482422,12.501537322998047,12.172517776489258,13.608550071716309,15.39007568359375,19.48052978515625,18.204998016357422,10.794137001037598
27,0.0,0.000945378968026489,0.0019240363035351038,0.0038527147844433784,8.672057151794434,8.82814884185791,8.304974555969238,8.612203598022461,9.320378303527832,9.517529487609863,8.886944770812988,8.749372482299805,9.42261028289795,10.292075157165527,10.166918754577637,10.670051574707031,10.030813217163086,10.431049346923828,11.431822776794434,11.263526916503906,11.17204761505127,11.466461181640625,11.666779518127441,10.812604904174805,14.638626098632812,15.013212203979492,20.220977783203125,18.329923629760742,10.510072708129883
28,0.0,0.001206109533086419,0.002409609267488122,0.004171896260231733,7.975511074066162,8.886199951171875,9.050055503845215,9.502640724182129,8.165605545043945,9.016390800476074,8.597281455993652,9.38586139678955,9.69384765625,9.927090644836426,9.747220039367676,10.117671012878418,10.600635528564453,10.946788787841797,9.92195987701416,10.419196128845215,11.05709457397461,10.9457426071167,11.343734741210938,11.91701602935791,12.934256553649902,14.066838264465332,16.76803970336914,14.333006858825684,8.259056091308594
29,0.0,0.0009432988590560853,0.0019099488854408264,0.003670079866424203,8.056257247924805,8.986783027648926,8.304308891296387,8.917494773864746,9.5358247756958,9.360928535461426,8.566549301147461,9.610864639282227,9.150313377380371,9.69609546661377,10.10256290435791,10.387446403503418,10.062820434570312,10.726593017578125,10.304571151733398,10.941082954406738,11.330214500427246,10.881564140319824,11.081361770629883,11.444877624511719,12.855159759521484,14.939605712890625,19.24886131286621,17.05714225769043,11.501653671264648
30,0.0,0.001059975242242217,0.00212266412563622,0.003696702653542161,7.826766014099121,9.001633644104004,8.710545539855957,9.225414276123047,9.611629486083984,8.859877586364746,9.038670539855957,9.584468841552734,9.715010643005371,9.923959732055664,10.332928657531738,10.651551246643066,10.23892593383789,10.76687240600586,10.319964408874512,11.05780029296875,11.086795806884766,10.670646667480469,10.66353702545166,11.548669815063477,13.146846771240234,14.305341720581055,17.46053123474121,14.346625328063965,8.116533279418945
31,0.0,0.0008913345518521965,0.0016952735604718328,0.0030113798566162586,8.793156623840332,8.896186828613281,9.702446937561035,9.760714530944824,9.33437728881836,8.417618751525879,8.995800971984863,9.226688385009766,9.6796875,9.974327087402344,9.8761625289917,10.844289779663086,9.595799446105957,10.119827270507812,10.559057235717773,10.543413162231445,11.118367195129395,11.440625190734863,11.55005168914795,11.860418319702148,12.655394554138184,14.200504302978516,15.971303939819336,10.638748168945312,7.319708824157715
32,0.0,0.0010395661229267716,0.00207739369943738,0.003973810933530331,8.456686019897461,8.563841819763184,8.80497932434082,8.533305168151855,8.644368171691895,9.266517639160156,9.298395156860352,8.723978042602539,9.693354606628418,9.976716995239258,10.10893440246582,9.727900505065918,10.509265899658203,10.160893440246582,10.86683177947998,11.018630981445312,10.985848426818848,10.889822959899902,11.56421184539795,12.672329902648926,14.051767349243164,15.227663040161133,20.250017166137695,18.05202865600586,13.038945198059082
33,0.0,0.001123578636907041,0.002191743114963174,0.003925780765712261,8.058225631713867,9.568582534790039,8.803893089294434,8.617960929870605,9.227944374084473,9.109307289123535,8.082940101623535,8.886682510375977,9.670552253723145,10.700801849365234,9.542137145996094,10.354730606079102,10.258537292480469,10.314648628234863,10.49868106842041,10.492165565490723,10.380927085876465,11.64523983001709,11.749063491821289,11.277734756469727,12.89413833618164,13.680164337158203,17.16215705871582,12.455341339111328,6.939656734466553
34,0.0,0.0010400254977867007,0.0021046597976237535,0.004227675497531891,8.540907859802246,9.313199043273926,9.807723999023438,8.484336853027344,9.612066268920898,8.56547737121582,8.320473670959473,8.81420612335205,10.677650451660156,8.972123146057129,9.807084083557129,9.152259826660156,10.233563423156738,9.991459846496582,10.507179260253906,11.460470199584961,10.638519287109375,10.951742172241211,11.423282623291016,12.162565231323242,12.713310241699219,15.23598861694336,19.77698516845703,17.81601905822754,9.551766395568848
35,0.0,0.0011020968668162823,0.0022337844129651785,0.004347954876720905,8.748775482177734,8.952651023864746,9.488801002502441,9.16376781463623,8.867297172546387,9.33434009552002,8.569270133972168,9.167943954467773,10.158329963684082,9.983077049255371,9.912211418151855,10.666510581970215,9.091130256652832,10.421844482421875,10.12036418914795,10.606728553771973,10.453291893005371,10.362378120422363,12.615873336791992,11.87990665435791,13.403244972229004,14.359973907470703,20.33177375793457,17.608915328979492,12.423027038574219
36,0.0,0.0011348457774147391,0.002348510315641761,0.00423844438046217,8.772643089294434,8.961099624633789,9.442949295043945,8.655133247375488,8.36656665802002,9.237610816955566,9.267637252807617,8.106021881103516,9.495834350585938,9.531160354614258,10.143157958984375,10.064910888671875,10.191862106323242,10.032544136047363,10.743219375610352,9.92681884765625,10.392898559570312,10.670324325561523,11.117810249328613,11.938750267028809,13.473156929016113,15.868461608886719,18.164600372314453,16.75971221923828,10.061287879943848
37,0.0,0.0010370734380558133,0.001978736137971282,0.003497893689200282,8.451911926269531,9.219571113586426,8.522272109985352,9.73937702178955,9.356635093688965,9.055618286132812,8.756139755249023,9.472890853881836,10.29037094116211,10.919608116149902,9.530451774597168,10.559920310974121,10.537522315979004,10.264104843139648,11.255863189697266,11.163795471191406,11.408371925354004,10.435766220092773,10.05805492401123,11.630475044250488,11.953465461730957,14.54948902130127,17.0253963470459,13.580117225646973,8.266292572021484
38,0.0,0.000907301960978657,0.0017696722643449903,0.003269052831456065,8.539928436279297,8.899577140808105,9.702138900756836,9.52900218963623,9.440028190612793,8.7693452835083,9.169384956359863,8.356352806091309,9.920109748840332,9.844070434570312,10.971114158630371,9.028141021728516,10.339859962463379,9.405742645263672,10.550199508666992,11.364006042480469,10.913363456726074,10.80506706237793,11.380517959594727,12.720438957214355,12.964149475097656,14.0984468460083,18.713769912719727,15.613043785095215,10.345003128051758
39,0.0,0.0008800846990197897,0.0017283973284065723,0.0031496686860919,8.119430541992188,8.935441970825195,8.526689529418945,8.57557487487793,8.495633125305176,9.274409294128418,9.064398765563965,9.111827850341797,10.210064888000488,10.125018119812012,10.250250816345215,9.677088737487793,10.980561256408691,10.266263961791992,10.798844337463379,11.519521713256836,10.559453010559082,10.75716781616211,11.386758804321289,11.93832778930664,13.206209182739258,15.379826545715332,19.47957992553711,19.06601905822754,12.007970809936523
40,0.0,0.0009896078845486045,0.0020154493395239115,0.004126656334847212,8.364108085632324,9.026595115661621,9.459327697753906,9.209689140319824,9.085719108581543,9.524359703063965,9.145609855651855,9.01456356048584,9.991379737854004,10.333761215209961,10.134465217590332,10.047687530517578,9.92665958404541,10.442851066589355,11.113812446594238,11.391117095947266,10.163026809692383,11.443870544433594,11.184683799743652,12.346980094909668,14.359763145446777,15.267741203308105,20.19738006591797,20.72138786315918,12.287529945373535
41,0.0,0.0009850659407675266,0.0018447261536493897,0.0032618953846395016,8.90122127532959,8.408809661865234,9.038000106811523,8.375943183898926,9.420564651489258,8.658271789550781,8.01145076751709,9.302273750305176,10.148444175720215,10.088665962219238,9.45654582977295,9.616081237792969,11.100166320800781,10.444997787475586,10.143479347229004,10.840530395507812,10.798710823059082,10.290810585021973,11.871877670288086,11.288117408752441,12.057873725891113,14.872246742248535,17.11220359802246,14.812896728515625,9.19638729095459
42,0.0,0.0009591345442458987,0.001974115613847971,0.003972282633185387,8.635529518127441,8.798053741455078,9.748106956481934,8.993346214294434,9.460221290588379,9.462847709655762,8.905529022216797,8.678102493286133,9.522672653198242,9.05667781829834,10.064621925354004,9.923868179321289,11.081357955932617,10.08667278289795,10.549180030822754,10.555065155029297,9.644357681274414,12.194449424743652,11.629008293151855,12.355274200439453,13.257485389709473,16.822071075439453,20.96332550048828,19.586811065673828,13.265199661254883
43,0.0,0.0011570106726139784,0.0021997150033712387,0.0038543501868844032,8.628540992736816,8.964232444763184,8.377666473388672,9.407621383666992,8.807849884033203,8.759089469909668,8.922588348388672,9.621214866638184,10.393959999084473,9.884947776794434,8.814804077148438,10.079963684082031,10.786084175109863,10.323453903198242,10.782211303710938,10.590529441833496,10.895011901855469,10.843131065368652,11.39113712310791,11.355615615844727,13.163817405700684,14.420910835266113,19.84364891052246,16.076847076416016,8.021774291992188
44,0.0,0.0009594755829311907,0.0019695607479661703,0.0038760993629693985,8.246773719787598,8.820304870605469,8.719420433044434,8.891483306884766,9.197197914123535,8.443625450134277,9.094817161560059,9.248432159423828,10.173298835754395,10.02100658416748,10.16305923461914,10.984930038452148,10.576010704040527,10.491378784179688,10.345381736755371,10.97506046295166,10.784695625305176,11.782990455627441,11.427823066711426,12.175021171569824,13.03030776977539,14.872615814208984,19.328840255737305,16.74447250366211,11.094964981079102
45,0.0,0.0009918900905176997,0.0018757187062874436,0.003348079975694418,8.010292053222656,8.978618621826172,9.022162437438965,9.216506004333496,8.62319564819336,8.66816520690918,9.372716903686523,9.330780029296875,9.677318572998047,10.348912239074707,10.371195793151855,11.225759506225586,9.41983413696289,10.1417818069458,10.940145492553711,11.179834365844727,10.370277404785156,10.624420166015625,10.767403602600098,11.721774101257324,14.072834968566895,15.507974624633789,21.513141632080078,20.238290786743164,14.95862865447998
46,0.0,0.0011063539423048496,0.0021022246219217777,0.003807242028415203,8.888477325439453,8.799545288085938,8.710053443908691,9.90749740600586,8.654586791992188,8.965448379516602,8.578957557678223,9.168933868408203,10.15511703491211,9.275023460388184,10.19510555267334,9.778064727783203,10.757489204406738,10.705780029296875,10.6417818069458,10.253802299499512,11.313647270202637,10.666777610778809,11.843069076538086,12.215178489685059,13.99232006072998,14.407401084899902,18.44540023803711,16.11490249633789,10.525768280029297
47,0.0,0.0009187108371406794,0.0017840798245742917,0.0032473274040967226,8.661654472351074,8.609795570373535,8.646224021911621,8.560474395751953,9.03715705871582,9.337209701538086,8.474760055541992,8.524092674255371,10.841242790222168,9.639381408691406,10.297260284423828,9.080291748046875,11.062384605407715,9.612842559814453,9.855813026428223,11.020320892333984,11.432391166687012,10.993439674377441,11.228501319885254,12.110967636108398,13.563844680786133,15.816051483154297,18.221548080444336,15.643484115600586,11.35319995880127
48,0.0,0.0008881942485459149,0.001691178185865283,0.003166099777445197,8.198623657226562,8.632390975952148,9.612975120544434,8.986700057983398,8.984972953796387,8.526704788208008,8.729415893554688,9.254149436950684,9.419178009033203,9.866803169250488,9.14062786102295,9.626320838928223,10.532787322998047,9.8952054977417,10.78792667388916,10.204821586608887,10.578701972961426,10.431653022766113,10.452777862548828,10.970677375793457,12.796215057373047,14.675188064575195,17.478675842285156,13.623320579528809,8.319043159484863
49,0.0,0.0011426041601225734,0.0021671191789209843,0.0038728953804820776,8.431743621826172,8.699302673339844,8.79257583618164,9.124980926513672,8.924376487731934,9.212420463562012,9.110820770263672,9.145231246948242,10.163076400756836,10.24567985534668,10.439430236816406,10.436779022216797,9.637404441833496,10.309731483459473,9.66431713104248,11.131941795349121,10.3151273727417,10.390088081359863,10.37081527709961,12.049031257629395,13.468524932861328,14.149296760559082,18.750349044799805,16.84189796447754,11.366085052490234
50,0.0,0.0008179692085832357,0.0015913272509351373,0.0027254086453467607,8.005868911743164,9.294639587402344,9.136154174804688,9.257660865783691,9.453701972961426,8.9266996383667,8.695258140563965,9.23805046081543,9.459760665893555,9.6129732131958,9.92578411102295,10.214412689208984,10.417367935180664,10.384923934936523,10.404043197631836,10.523641586303711,11.546001434326172,11.65304946899414,11.980313301086426,12.30067253112793,13.736564636230469,14.991496086120605,16.575876235961914,13.533623695373535,10.98714542388916
51,0.0,0.0010053326841443777,0.0019859247840940952,0.003861375618726015,8.035871505737305,9.022578239440918,9.34803581237793,8.685799598693848,8.771208763122559,8.795931816101074,9.309106826782227,9.163309097290039,9.208596229553223,9.75270938873291,9.745372772216797,10.191346168518066,10.28127384185791,10.210273742675781,10.635168075561523,10.676971435546875,10.569404602050781,11.457844734191895,11.2189302444458,13.223797798156738,13.12822151184082,15.135164260864258,18.573877334594727,15.141070365905762,10.485198974609375
52,0.0,0.000897359917871654,0.0019064267398789525,0.004026696085929871,8.403289794921875,8.971200942993164,8.579771041870117,8.94159984588623,8.938945770263672,8.883661270141602,8.553680419921875,8.847859382629395,9.30986499786377,9.683951377868652,10.099931716918945,9.880205154418945,10.327218055725098,10.97148323059082,10.798402786254883,11.093305587768555,10.751167297363281,10.691076278686523,11.272298812866211,11.881668090820312,12.617420196533203,13.545215606689453,17.443355560302734,14.226602554321289,7.747070789337158
53,0.0,0.0008674720884300768,0.0016678087413311005,0.0030680743511766195,8.067840576171875,8.928330421447754,8.721694946289062,9.492757797241211,9.565482139587402,9.126522064208984,8.110849380493164,8.988409042358398,9.847484588623047,10.792603492736816,10.62755298614502,9.73911190032959,10.810345649719238,10.240856170654297,10.620909690856934,11.014476776123047,11.04032039642334,11.487756729125977,11.427271842956543,11.483885765075684,11.933424949645996,14.519381523132324,16.624929428100586,12.993505477905273,8.565267562866211
54,0.0,0.0012471686350181699,0.002599456114694476,0.0043936180882155895,8.060771942138672,8.605825424194336,9.582662582397461,8.430444717407227,9.096648216247559,8.824475288391113,8.68237018585205,9.363314628601074,10.831950187683105,9.431140899658203,9.895346641540527,9.992502212524414,9.899754524230957,9.330833435058594,10.072160720825195,10.812171936035156,10.91395378112793,10.837186813354492,11.427599906921387,12.173072814941406,13.880508422851562,15.852717399597168,21.024763107299805,21.026020050048828,11.05005168914795
55,0.0,0.0010648358147591352,0.0020928659942001104,0.003927375189960003,8.905786514282227,9.199106216430664,9.722821235656738,9.51059627532959,8.38300895690918,9.516029357910156,8.388108253479004,8.620012283325195,9.195545196533203,10.527135848999023,10.105294227600098,10.20008373260498,10.030906677246094,10.150725364685059,10.363892555236816,10.430622100830078,11.34703540802002,9.969765663146973,11.298924446105957,11.825634002685547,12.960827827453613,14.598201751708984,17.998939514160156,16.230220794677734,8.511415481567383
56,0.0,0.0009259208454750478,0.00209463806822896,0.0043214838951826096,9.115107536315918,8.94011402130127,9.599084854125977,8.4747953414917,9.192889213562012,9.74209213256836,9.415722846984863,9.283276557922363,9.440099716186523,10.779791831970215,10.175702095031738,9.824545860290527,10.549229621887207,11.222664833068848,10.169258117675781,10.216047286987305,11.123199462890625,9.919998168945312,11.514039039611816,11.821148872375488,13.812220573425293,15.151163101196289,18.94809913635254,17.258352279663086,11.144755363464355
57,0.0,0.0009694935288280249,0.0019048565300181508,0.003439671127125621,8.09097671508789,8.576750755310059,9.035698890686035,9.011789321899414,8.9110107421875,9.477182388305664,9.617518424987793,9.319706916809082,9.914663314819336,10.084085464477539,10.164430618286133,10.05622673034668,10.585450172424316,11.392138481140137,10.490120887756348,11.390067100524902,11.961441993713379,10.383676528930664,11.346988677978516,11.757551193237305,12.240554809570312,14.399154663085938,18.39997673034668,15.096428871154785,10.5106782913208
58,0.0,0.0009330325410701334,0.0017440784722566605,0.0034661469981074333,7.617021560668945,9.216527938842773,9.019793510437012,8.456281661987305,8.517537117004395,9.25483226776123,8.262365341186523,8.742826461791992,9.731100082397461,10.32574462890625,9.489362716674805,10.339221000671387,10.404572486877441,10.489100456237793,9.915082931518555,10.083061218261719,11.022205352783203,11.982791900634766,11.163268089294434,12.362274169921875,13.953771591186523,14.856544494628906,16.98738670349121,14.401556015014648,10.407373428344727
59,0.0,0.0009771784534677863,0.0020550014451146126,0.0043961661867797375,7.916441440582275,8.79611873626709,9.061896324157715,9.206409454345703,8.907410621643066,8.225075721740723,9.317688941955566,9.153804779052734,9.771058082580566,10.062033653259277,10.428354263305664,9.460657119750977,11.003907203674316,10.412086486816406,10.214140892028809,10.422430038452148,10.153109550476074,11.035574913024902,10.347372055053711,10.868901252746582,12.381242752075195,14.962684631347656,19.22562599182129,16.738359451293945,9.582413673400879
60,0.0,0.0009947048965841532,0.001967624993994832,0.0035689447540789843,8.642417907714844,9.384786605834961,8.97038459777832,9.164671897888184,9.190475463867188,9.433859825134277,9.238020896911621,9.037984848022461,9.821237564086914,9.345342636108398,10.802618980407715,9.708148956298828,9.584457397460938,11.15215015411377,11.062031745910645,10.087080955505371,11.00081729888916,10.8888521194458,11.249649047851562,11.541110038757324,12.969756126403809,13.430387496948242,18.27232551574707,16.449317932128906,9.6708402633667
61,0.0,0.001077574328519404,0.002134663751348853,0.003830544650554657,7.936302185058594,8.21713924407959,9.58885669708252,8.33327579498291,8.881850242614746,8.678939819335938,9.593745231628418,9.05408763885498,10.113264083862305,10.076432228088379,10.013093948364258,9.907302856445312,9.865165710449219,10.152022361755371,10.615338325500488,10.668994903564453,11.234543800354004,11.319719314575195,10.95850658416748,11.83793830871582,13.4674711227417,14.293044090270996,18.326560974121094,16.601152420043945,9.572600364685059
62,0.0,0.0009035985567606986,0.0017853971803560853,0.0034423680044710636,8.597967147827148,8.846386909484863,9.147546768188477,9.157303810119629,9.91635799407959,9.003719329833984,8.826504707336426,8.782611846923828,10.754315376281738,9.824945449829102,9.704578399658203,10.226360321044922,9.928108215332031,10.276254653930664,11.506840705871582,10.523276329040527,10.526336669921875,11.433917999267578,11.63099479675293,12.467625617980957,13.69615364074707,15.347176551818848,19.651159286499023,18.77311897277832,13.772183418273926
63,0.0,0.0010774418478831649,0.0025789327919483185,0.004987532738596201,8.338959693908691,9.073740005493164,9.166406631469727,8.765006065368652,9.478347778320312,8.998053550720215,9.225481033325195,8.399521827697754,9.782393455505371,9.67825984954834,10.517090797424316,10.051807403564453,10.52547550201416,10.522472381591797,11.46486759185791,11.814446449279785,10.785125732421875,10.743291854858398,11.408143043518066,12.448556900024414,13.750832557678223,16.240436553955078,21.738704681396484,22.371179580688477,12.128510475158691
64,0.0,0.0010729387868195772,0.002217815024778247,0.004430233966559172,8.338142395019531,9.325754165649414,9.279691696166992,8.502612113952637,8.51031494140625,8.934096336364746,8.594611167907715,9.06472110748291,9.572012901306152,10.005048751831055,10.509713172912598,11.672201156616211,10.35203742980957,10.585787773132324,10.758193969726562,10.367738723754883,11.085295677185059,11.452545166015625,11.0598783493042,11.437931060791016,12.67802619934082,14.475916862487793,18.34283447265625,14.823257446289062,9.411941528320312
65,0.0,0.001009457278996706,0.0018513146787881851,0.00340373651124537,8.730045318603516,9.020748138427734,8.824703216552734,9.525127410888672,8.836790084838867,8.759427070617676,9.360525131225586,8.467123985290527,9.661636352539062,9.911592483520508,9.983009338378906,9.905187606811523,10.00631332397461,10.399516105651855,10.01350212097168,11.123039245605469,10.949000358581543,10.486499786376953,11.315317153930664,11.625856399536133,13.356637001037598,14.84621524810791,17.59869956970215,13.956504821777344,9.254162788391113
66,0.0,0.0009591738344170153,0.0019063870422542095,0.0035087023861706257,8.02304744720459,8.926203727722168,8.963567733764648,8.954873085021973,9.04057788848877,8.979437828063965,8.876646995544434,9.105673789978027,9.664219856262207,9.877774238586426,9.614330291748047,10.205560684204102,10.367304801940918,11.375248908996582,11.0569429397583,10.721399307250977,11.262710571289062,10.924028396606445,11.364745140075684,11.785086631774902,12.974658966064453,15.354435920715332,19.763906478881836,17.75795555114746,11.009187698364258
67,0.0,0.0008562517468817532,0.0016437730519101024,0.002977594966068864,8.491812705993652,9.151049613952637,9.315866470336914,9.443768501281738,9.197291374206543,8.323921203613281,9.179824829101562,9.330414772033691,9.9158353805542,9.964716911315918,10.45035171508789,9.458949089050293,10.10721492767334,9.936333656311035,10.467939376831055,10.627629280090332,10.747422218322754,11.48379898071289,11.247453689575195,12.001723289489746,11.995956420898438,14.307474136352539,16.176977157592773,11.711877822875977,7.226272106170654
68,0.0,0.0009994772262871265,0.0020070963073521852,0.0038778912276029587,8.49052619934082,8.904684066772461,9.189568519592285,8.753396034240723,8.630268096923828,9.355256080627441,9.22370719909668,9.285940170288086,9.85084056854248,10.249725341796875,10.322315216064453,9.527624130249023,10.76235580444336,10.279414176940918,11.779801368713379,10.686776161193848,10.3600435256958,10.019213676452637,11.568767547607422,11.64216136932373,12.996000289916992,14.85141658782959,19.44241714477539,20.153316497802734,11.781033515930176
69,0.0,0.0010231618070974946,0.0021079047583043575,0.004077444318681955,8.315295219421387,9.688118934631348,8.502227783203125,8.396475791931152,8.266469955444336,8.847840309143066,8.517077445983887,9.123891830444336,10.065347671508789,10.46064281463623,10.970459938049316,9.668807983398438,9.474154472351074,9.664578437805176,10.768986701965332,9.410517692565918,9.657637596130371,10.766036033630371,10.929402351379395,11.73116683959961,13.37069034576416,15.145221710205078,18.100547790527344,16.73222541809082,9.825150489807129
70,0.0,0.001059303991496563,0.0019900386687368155,0.003479844192042947,8.531227111816406,8.985000610351562,9.704208374023438,8.642711639404297,8.717344284057617,8.493223190307617,9.28138542175293,8.991904258728027,8.702415466308594,9.621167182922363,10.355633735656738,9.836791038513184,10.677433013916016,9.847451210021973,9.855537414550781,11.257499694824219,10.58991813659668,11.06697940826416,12.122546195983887,11.730215072631836,13.100077629089355,15.43328857421875,18.190898895263672,16.36410903930664,9.7401762008667
71,0.0,0.000957044365350157,0.0019459851318970323,0.003963630646467209,7.821978569030762,9.127043724060059,9.277434349060059,8.606090545654297,8.001432418823242,9.073439598083496,9.32643985748291,8.923478126525879,10.350652694702148,10.544295310974121,9.891347885131836,10.029875755310059,10.271268844604492,10.669309616088867,11.413703918457031,10.441285133361816,10.899381637573242,11.102408409118652,11.477365493774414,11.914305686950684,12.945584297180176,14.810664176940918,17.851350784301758,16.28232765197754,11.121304512023926
72,0.0,0.0008433641633018851,0.0017237436259165406,0.002904752502217889,7.852851867675781,9.66931438446045,9.328575134277344,9.390490531921387,8.935521125793457,8.985255241394043,8.87661361694336,9.604762077331543,9.813974380493164,10.48940658569336,10.08793830871582,9.431509971618652,9.935319900512695,10.732061386108398,11.111946105957031,10.480782508850098,10.747634887695312,11.184591293334961,11.934207916259766,12.510974884033203,12.71794605255127,14.306640625,17.894737243652344,15.427042007446289,8.564995765686035
73,0.0,0.0009581689955666661,0.0017500364920124412,0.0030001341365277767,8.065897941589355,8.607385635375977,9.051395416259766,8.56691837310791,9.341824531555176,8.783398628234863,8.551477432250977,9.788039207458496,10.478750228881836,11.283430099487305,10.56543254852295,10.161320686340332,9.593369483947754,10.145821571350098,10.828834533691406,10.356651306152344,11.436951637268066,11.30084228515625,10.985136985778809,12.085857391357422,12.816744804382324,13.750316619873047,15.512556076049805,11.371715545654297,8.037474632263184
74,0.0,0.0010836611036211252,0.0020550917834043503,0.003548848209902644,8.861703872680664,8.905141830444336,9.364055633544922,8.79062271118164,9.145158767700195,9.336315155029297,9.543045997619629,9.116371154785156,9.236848831176758,9.169597625732422,9.09078311920166,9.729447364807129,9.615164756774902,9.971269607543945,10.921262741088867,10.590805053710938,10.699627876281738,11.543325424194336,10.846064567565918,11.067497253417969,12.863916397094727,13.687760353088379,18.082731246948242,16.4014835357666,9.505352973937988
75,0.0,0.000940206169616431,0.0018388732569292188,0.0036840583197772503,8.492613792419434,8.804408073425293,8.940978050231934,9.024818420410156,9.322893142700195,8.756789207458496,9.258748054504395,8.724328994750977,9.933248519897461,9.80724048614502,9.626077651977539,9.393633842468262,9.652341842651367,10.47227668762207,10.985359191894531,10.960395812988281,10.5670747756958,10.732900619506836,11.317359924316406,11.977463722229004,13.469183921813965,14.224384307861328,19.031505584716797,16.563499450683594,9.909940719604492
76,0.0,0.0011478245723992586,0.0023722928017377853,0.004287550691515207,8.923516273498535,9.637084007263184,9.270987510681152,8.655172348022461,9.214826583862305,8.851568222045898,10.024712562561035,8.676738739013672,9.310063362121582,9.048334121704102,9.980340957641602,10.232564926147461,11.240174293518066,9.646045684814453,10.524772644042969,10.801973342895508,11.949631690979004,11.132064819335938,12.084505081176758,11.513856887817383,13.05649471282959,14.087362289428711,16.237459182739258,15.310373306274414,9.059507369995117
77,0.0,0.0011425609700381756,0.0021930395159870386,0.004112947732210159,8.230568885803223,9.26910400390625,8.404119491577148,9.064475059509277,9.251266479492188,8.302742004394531,8.406929969787598,8.965746879577637,9.505592346191406,9.394912719726562,10.370745658874512,10.231831550598145,10.612356185913086,10.258825302124023,10.66025447845459,10.549424171447754,10.471735000610352,11.5302095413208,10.90497875213623,11.976752281188965,13.765959739685059,14.874882698059082,16.861764907836914,15.939610481262207,8.244949340820312
78,0.0,0.001465912675485015,0.0027676469180732965,0.005153893493115902,8.240365982055664,9.386265754699707,9.614501953125,8.392666816711426,9.027885437011719,8.781285285949707,8.754673957824707,8.97705078125,9.232880592346191,10.543274879455566,10.156661033630371,9.836658477783203,9.875959396362305,9.714515686035156,10.329591751098633,10.351973533630371,11.058996200561523,10.507786750793457,11.703825950622559,12.146886825561523,12.699551582336426,14.221977233886719,17.882932662963867,14.028553009033203,8.613821029663086
79,0.0,0.000925963744521141,0.0018082652240991592,0.0035012688022106886,8.113828659057617,8.637532234191895,9.084625244140625,9.056397438049316,9.158075332641602,8.849981307983398,9.060619354248047,8.237497329711914,10.82200813293457,10.680792808532715,9.600357055664062,10.2575101852417,11.3091402053833,10.235356330871582,11.58250617980957,11.630901336669922,11.175409317016602,10.338464736938477,10.841403007507324,11.522615432739258,12.935396194458008,14.697431564331055,16.417966842651367,13.813071250915527,8.117196083068848
80,0.0,0.0011679768795147538,0.0025265654549002647,0.004974485374987125,8.685076713562012,9.462584495544434,8.767276763916016,9.066847801208496,9.46184253692627,9.45016860961914,8.751717567443848,9.03870964050293,10.434823989868164,9.496236801147461,9.709568977355957,10.448603630065918,10.74070930480957,9.579949378967285,9.888639450073242,10.373007774353027,10.195170402526855,11.477184295654297,11.22242259979248,12.593086242675781,14.157357215881348,16.78730583190918,22.331161499023438,24.03764533996582,12.085209846496582
81,0.0,0.0010366009082645178,0.0020477049984037876,0.003538381541147828,8.294520378112793,8.191422462463379,8.952386856079102,9.567939758300781,8.893671035766602,8.69184684753418,9.030734062194824,9.623991012573242,10.451458930969238,9.831503868103027,9.038459777832031,9.89707088470459,9.772218704223633,9.861830711364746,10.911676406860352,10.861363410949707,10.717817306518555,10.844985008239746,10.812705993652344,12.133940696716309,13.488008499145508,15.290865898132324,17.92763328552246,14.267145156860352,8.554966926574707
82,0.0,0.0008917748928070068,0.0016962619265541434,0.0030710294377058744,8.342437744140625,8.889998435974121,9.327425956726074,8.921690940856934,8.604592323303223,8.841867446899414,10.14018440246582,9.226922035217285,9.883362770080566,10.472857475280762,9.927159309387207,9.973711967468262,10.402541160583496,10.55527400970459,10.573781967163086,11.05850887298584,10.900190353393555,11.005309104919434,11.748549461364746,12.364627838134766,12.8815336227417,14.85448932647705,17.537137985229492,14.51584243774414,9.74789047241211
83,0.0,0.0009083588956855237,0.001740847947075963,0.003253737697377801,8.541801452636719,8.892132759094238,8.979314804077148,9.153000831604004,9.378091812133789,8.489617347717285,8.900531768798828,9.08657455444336,9.779643058776855,9.410992622375488,9.480406761169434,9.57812213897705,10.298418045043945,9.779024124145508,10.313013076782227,11.173684120178223,10.701254844665527,10.827558517456055,11.176979064941406,12.00246810913086,13.961400985717773,14.477823257446289,18.584922790527344,14.530632019042969,10.361464500427246
84,0.0,0.0008917935192584991,0.001827611238695681,0.0035863122902810574,7.984503269195557,9.58161735534668,9.345100402832031,9.213071823120117,8.787463188171387,9.633618354797363,8.908990859985352,9.19460678100586,9.88020133972168,10.000208854675293,10.03140926361084,9.992281913757324,10.42961597442627,9.717820167541504,10.674481391906738,10.810498237609863,10.669232368469238,10.864684104919434,11.957537651062012,11.656977653503418,13.194324493408203,15.962779998779297,19.127233505249023,16.84075164794922,11.210084915161133
85,0.0,0.0009878173004835844,0.0019517432665452361,0.0037430236116051674,8.328579902648926,8.972366333007812,8.436002731323242,8.565678596496582,8.803838729858398,9.31020736694336,8.831799507141113,8.734211921691895,9.759044647216797,9.835734367370605,10.298805236816406,9.838725090026855,9.214213371276855,11.404762268066406,10.422185897827148,10.834680557250977,10.500177383422852,10.631965637207031,11.409627914428711,11.901647567749023,14.009256362915039,16.045713424682617,19.87881851196289,18.13789939880371,11.025766372680664
86,0.0,0.0009758211672306061,0.0019291320350021124,0.003209901973605156,8.85987377166748,9.224845886230469,8.39233112335205,8.715205192565918,8.960845947265625,9.07795524597168,8.53105354309082,8.814502716064453,9.36205005645752,9.976480484008789,10.209366798400879,9.796175956726074,11.045526504516602,10.461304664611816,10.673073768615723,11.001133918762207,11.257951736450195,10.760871887207031,11.102558135986328,11.971994400024414,13.818487167358398,14.489154815673828,18.40575408935547,18.9735107421875,13.060914993286133
87,0.0,0.001361559727229178,0.00258069671690464,0.004998928867280483,7.877198696136475,8.551285743713379,9.7278413772583,9.383061408996582,9.102375030517578,8.484969139099121,9.104804992675781,9.003292083740234,9.995826721191406,9.851354598999023,9.452627182006836,10.04131031036377,10.220191955566406,10.946586608886719,10.734672546386719,10.41805362701416,10.631501197814941,11.719856262207031,11.19919490814209,11.6071138381958,13.505800247192383,14.495561599731445,18.31627655029297,15.395486831665039,9.032045364379883
88,0.0,0.0010633335914462805,0.0020018075592815876,0.003523546038195491,7.962347030639648,8.473631858825684,8.564754486083984,8.668601989746094,8.828020095825195,9.160528182983398,9.14671516418457,9.12533187866211,9.513537406921387,10.47050666809082,10.831171989440918,9.800065040588379,10.036477088928223,10.122539520263672,10.966471672058105,10.332263946533203,10.586762428283691,11.456089973449707,11.381614685058594,11.970977783203125,12.478353500366211,14.858317375183105,18.844932556152344,16.856277465820312,8.834356307983398
89,0.0,0.000914953532628715,0.0016419966705143452,0.002879025647416711,8.454418182373047,8.525898933410645,9.144843101501465,9.501773834228516,9.196639060974121,9.026592254638672,9.06619930267334,9.460822105407715,10.524784088134766,9.199951171875,9.490707397460938,9.326257705688477,10.773998260498047,11.053204536437988,10.169865608215332,10.712409973144531,10.898170471191406,9.835410118103027,11.010943412780762,11.720616340637207,12.355645179748535,13.806480407714844,16.499156951904297,12.172626495361328,9.492734909057617
90,0.0,0.001032896339893341,0.002143725985661149,0.004331969190388918,8.888429641723633,8.373758316040039,9.097736358642578,9.371451377868652,9.102506637573242,8.780174255371094,8.240166664123535,9.123279571533203,9.37396240234375,9.833443641662598,10.646113395690918,9.915338516235352,10.200953483581543,10.794543266296387,9.868167877197266,10.061107635498047,10.935386657714844,10.310566902160645,10.814641952514648,11.333866119384766,13.421378135681152,15.559978485107422,17.989715576171875,16.545270919799805,11.784954071044922
91,0.0,0.0009676648769527674,0.0018961642635986209,0.0035174188669770956,8.64023208618164,8.967910766601562,8.465033531188965,9.11882495880127,9.183917045593262,9.093732833862305,9.182794570922852,9.459129333496094,9.587113380432129,11.143285751342773,10.022068977355957,9.750744819641113,10.180548667907715,10.294898986816406,10.637354850769043,10.968587875366211,10.172161102294922,9.650900840759277,11.242234230041504,10.710920333862305,12.445733070373535,14.094118118286133,16.04554557800293,13.219524383544922,7.4076385498046875
92,0.0,0.0009851159993559122,0.0019138942006975412,0.003415643470361829,8.727967262268066,9.24201774597168,9.073653221130371,10.310220718383789,8.158061027526855,8.787132263183594,8.712658882141113,8.789809226989746,10.44113540649414,10.072250366210938,10.329176902770996,10.079519271850586,10.356521606445312,10.872749328613281,9.952338218688965,11.808645248413086,11.29790210723877,9.880614280700684,11.905721664428711,11.380736351013184,13.388410568237305,15.041390419006348,17.518672943115234,15.422015190124512,12.101102828979492
93,0.0,0.0009339992539025843,0.0018852780340239406,0.0035975936334580183,8.223608016967773,8.872906684875488,9.083857536315918,9.022067070007324,9.025588035583496,9.028048515319824,9.453571319580078,9.44057846069336,10.28703784942627,10.148107528686523,9.564875602722168,9.587528228759766,10.463043212890625,10.062745094299316,10.694180488586426,10.500835418701172,10.490842819213867,11.329671859741211,11.524667739868164,11.91109848022461,13.529657363891602,15.073440551757812,18.165931701660156,16.795244216918945,10.23961353302002
94,0.0,0.0009884695755317807,0.0019881678745150566,0.0036566194612532854,8.368083000183105,9.41639518737793,8.900260925292969,9.203937530517578,8.811007499694824,8.648321151733398,9.17210578918457,8.950678825378418,8.988033294677734,10.850713729858398,9.281227111816406,10.230107307434082,10.366072654724121,9.756186485290527,10.1232271194458,10.849045753479004,11.254016876220703,10.359920501708984,11.054655075073242,11.306056022644043,14.51634407043457,14.216355323791504,19.273216247558594,17.086715698242188,12.44115924835205
95,0.0,0.0008437513606622815,0.0016508514527231455,0.0030286251567304134,8.603188514709473,8.192153930664062,8.679035186767578,8.930924415588379,9.663549423217773,9.49994945526123,8.527298927307129,8.820487022399902,9.827485084533691,10.347175598144531,10.080486297607422,9.66737174987793,10.45384693145752,10.451430320739746,10.555849075317383,10.166645050048828,10.755191802978516,10.933951377868652,11.10200023651123,11.805922508239746,13.37764835357666,14.32275676727295,16.930330276489258,13.376360893249512,8.853975296020508
96,0.0,0.001028736587613821,0.0021516066044569016,0.004128787666559219,8.411412239074707,8.59418773651123,9.574553489685059,9.288731575012207,9.067350387573242,8.784082412719727,8.83072280883789,9.17637825012207,9.646635055541992,9.609268188476562,9.842926025390625,9.866297721862793,9.928982734680176,9.85988998413086,10.633283615112305,10.545731544494629,10.65770149230957,11.481135368347168,11.541979789733887,11.272875785827637,13.829647064208984,15.487198829650879,21.40471076965332,21.069856643676758,11.061164855957031
97,0.0,0.0010468777036294341,0.0019481790950521827,0.0035208750050514936,8.64169692993164,8.723453521728516,9.097155570983887,8.29316234588623,9.194904327392578,8.907797813415527,8.887999534606934,8.701619148254395,9.942011833190918,9.58934211730957,9.900864601135254,9.44001579284668,10.23360824584961,10.679351806640625,10.501914978027344,11.304701805114746,10.535432815551758,10.097609519958496,10.803147315979004,11.971965789794922,14.554422378540039,15.767428398132324,20.529150009155273,18.33477020263672,12.412971496582031
98,0.0,0.0008867330034263432,0.001694630947895348,0.003054730361327529,7.85211181640625,8.941523551940918,8.830445289611816,8.412429809570312,8.846918106079102,8.946676254272461,9.511768341064453,8.83875846862793,9.818981170654297,9.799980163574219,9.523774147033691,10.053529739379883,10.025894165039062,10.580310821533203,10.964628219604492,10.657888412475586,11.519015312194824,11.140494346618652,10.791510581970215,11.083703994750977,12.983675003051758,14.932958602905273,17.927461624145508,17.033079147338867,9.611680030822754
99,0.0,0.0010435676667839289,0.001926138298586011,0.003314252942800522,8.603348731994629,8.694644927978516,9.074453353881836,9.417519569396973,8.895480155944824,9.263227462768555,8.757434844970703,9.158041000366211,9.129216194152832,9.93177604675293,10.245526313781738,9.833922386169434,9.413529396057129,10.14329719543457,9.957873344421387,11.556449890136719,11.636935234069824,10.86635971069336,10.884875297546387,11.501789093017578,12.68065357208252,14.75300121307373,18.484210968017578,14.747576713562012,9.350703239440918
100,0.0,0.0009373499779030681,0.0018185199005529284,0.0032940637320280075,8.489755630493164,8.507076263427734,8.899724960327148,8.285070419311523,8.880059242248535,8.578432083129883,8.941326141357422,8.712099075317383,9.728240966796875,9.988763809204102,10.264690399169922,11.038119316101074,10.835461616516113,10.507547378540039,10.414353370666504,10.52924919128418,11.201377868652344,11.215758323669434,10.473686218261719,12.632333755493164,13.931768417358398,15.324377059936523,19.264888763427734,17.565317153930664,12.393855094909668
101,0.0,0.0008831983432173729,0.0016646484145894647,0.0029629499185830355,8.144403457641602,8.428120613098145,9.80724048614502,9.295395851135254,9.128231048583984,9.297362327575684,8.881381034851074,8.924562454223633,10.282952308654785,10.998076438903809,9.81155014038086,9.711514472961426,10.171165466308594,11.43928050994873,10.958878517150879,10.690592765808105,10.849756240844727,10.732447624206543,11.765647888183594,11.391940116882324,13.546299934387207,15.04869556427002,18.022724151611328,17.141902923583984,12.830989837646484
102,0.0,0.0008495975052937865,0.0017397843766957521,0.0032600504346191883,7.713748455047607,9.575583457946777,9.102646827697754,8.993563652038574,8.604118347167969,8.705666542053223,9.03762149810791,9.052681922912598,9.494949340820312,10.235550880432129,9.771222114562988,10.344476699829102,10.782633781433105,9.90669059753418,10.25534725189209,10.784347534179688,10.636082649230957,10.960878372192383,10.885164260864258,11.298689842224121,13.251113891601562,13.641529083251953,16.458984375,13.736750602722168,7.584250450134277
103,0.0,0.0009425076423212886,0.0018096304265782237,0.0032150407787412405,8.131900787353516,9.160223960876465,9.288307189941406,9.707051277160645,8.953083992004395,9.17068862915039,9.755623817443848,8.550996780395508,9.696765899658203,9.727133750915527,9.607990264892578,10.835132598876953,10.185389518737793,10.369507789611816,10.599959373474121,10.196751594543457,10.47729206085205,11.026324272155762,11.889504432678223,11.524593353271484,13.528955459594727,14.050248146057129,17.739625930786133,14.336328506469727,10.465082168579102
104,0.0,0.0011918877717107534,0.0022324305027723312,0.004120599944144487,8.106659889221191,8.394231796264648,8.592033386230469,8.940092086791992,9.192228317260742,8.759238243103027,8.613175392150879,9.246943473815918,10.2457914352417,10.788908004760742,9.678787231445312,9.913861274719238,10.39865779876709,9.725068092346191,10.212533950805664,10.430590629577637,11.073929786682129,10.777029991149902,10.901358604431152,11.005677223205566,12.866764068603516,14.552678108215332,18.927852630615234,16.471248626708984,9.267521858215332
105,0.0,0.0009510639356449246,0.0017949476605281234,0.00332212564535439,8.353583335876465,8.919807434082031,8.653115272521973,8.370919227600098,9.498908996582031,9.040822982788086,8.861626625061035,8.94364070892334,10.042719841003418,10.32516860961914,10.050736427307129,10.925037384033203,9.909015655517578,10.507061958312988,10.25672435760498,10.386815071105957,10.216334342956543,10.290298461914062,11.58110237121582,12.075066566467285,12.700638771057129,14.9592924118042,17.138450622558594,14.056182861328125,8.808815002441406
106,0.0,0.0010033710859715939,0.001939364243298769,0.0038234067615121603,8.820940017700195,8.518759727478027,8.527477264404297,8.677666664123535,8.711538314819336,9.28920841217041,9.342059135437012,8.211503028869629,9.633955955505371,10.615614891052246,9.791658401489258,9.743557929992676,10.072010040283203,10.175189971923828,9.68545913696289,11.214600563049316,10.764275550842285,9.996188163757324,11.650278091430664,12.314484596252441,14.549678802490234,14.114194869995117,18.553953170776367,16.07571792602539,10.752206802368164
107,0.0,0.0011046848958358169,0.002220466732978821,0.0040807779878377914,7.799227714538574,9.495361328125,8.939078330993652,8.301979064941406,8.969016075134277,7.83264684677124,8.862320899963379,9.37327766418457,10.122259140014648,10.098695755004883,10.201057434082031,9.951495170593262,10.765913009643555,10.200590133666992,11.217528343200684,11.240382194519043,10.715609550476074,10.471970558166504,11.367960929870605,11.677474975585938,13.502215385437012,14.106902122497559,17.915416717529297,15.711990356445312,9.148959159851074
108,0.0,0.0009184161899611354,0.0018083536997437477,0.0036390272434800863,8.341279029846191,8.794961929321289,8.564126968383789,8.763518333435059,8.95992660522461,9.277819633483887,9.344084739685059,9.552321434020996,9.946734428405762,9.891610145568848,10.185406684875488,10.002202033996582,9.80058479309082,10.521584510803223,11.021211624145508,11.13893985748291,10.9942626953125,11.072587966918945,10.977742195129395,10.373106002807617,12.27043628692627,14.751142501831055,16.52513313293457,14.215100288391113,7.83120059967041
109,0.0,0.0011332060676068068,0.0021629263646900654,0.0036310937721282244,8.452317237854004,8.702428817749023,9.65284538269043,9.511319160461426,9.079574584960938,9.371356010437012,9.385369300842285,8.587066650390625,9.63543701171875,9.330220222473145,9.474661827087402,10.481284141540527,10.52683162689209,10.277838706970215,10.87169361114502,10.771231651306152,10.56656551361084,11.796518325805664,11.092596054077148,11.682177543640137,14.228697776794434,15.366080284118652,19.80767822265625,17.62615394592285,12.985901832580566
110,0.0,0.0009339788812212646,0.0017388704000040889,0.002894642762839794,8.07183837890625,9.09853458404541,9.601158142089844,9.266484260559082,10.057843208312988,9.381758689880371,8.462756156921387,9.338294982910156,10.708757400512695,9.693463325500488,9.421390533447266,10.947433471679688,10.666646957397461,10.56934642791748,11.389259338378906,10.354907035827637,9.811172485351562,10.622198104858398,10.508993148803711,12.851141929626465,12.998047828674316,13.41273307800293,16.132442474365234,14.230740547180176,9.25047492980957
111,0.0,0.0009848664049059153,0.0018913449021056294,0.003926973789930344,8.02514934539795,8.614585876464844,9.240703582763672,9.018438339233398,9.385773658752441,9.565138816833496,9.265289306640625,9.417287826538086,9.575321197509766,9.442352294921875,10.893536567687988,9.498924255371094,10.383935928344727,11.19653606414795,10.593361854553223,11.093512535095215,11.169127464294434,11.049731254577637,11.69131851196289,12.784588813781738,14.21638298034668,14.254461288452148,17.21999740600586,14.549738883972168,9.46907901763916
112,0.0,0.000913256430067122,0.0017543903086334467,0.0032741876784712076,8.595598220825195,9.05013370513916,9.083980560302734,9.33183765411377,8.701811790466309,9.09072494506836,8.846916198730469,8.536569595336914,9.694826126098633,10.251441955566406,9.74185562133789,9.276721954345703,10.131258010864258,10.934795379638672,10.784687995910645,11.194504737854004,10.657524108886719,10.827315330505371,11.686882972717285,11.981534004211426,12.6331787109375,13.832287788391113,15.86009407043457,12.277345657348633,8.269607543945312
113,0.0,0.0010672970674932003,0.0020154244266450405,0.0033773761242628098,7.501404762268066,9.074483871459961,8.897164344787598,8.614982604980469,8.744996070861816,9.417064666748047,9.425654411315918,8.79539966583252,9.9882173538208,10.299403190612793,8.885180473327637,11.135797500610352,10.264371871948242,9.953314781188965,10.535872459411621,10.919868469238281,10.353690147399902,10.953803062438965,11.040627479553223,10.768183708190918,13.178386688232422,13.994879722595215,18.30308723449707,17.591567993164062,10.682316780090332
114,0.0,0.0009744715644046664,0.001933119841851294,0.0032013258896768093,8.295638084411621,9.689444541931152,8.720804214477539,10.099610328674316,8.790233612060547,9.410041809082031,8.886542320251465,8.794159889221191,9.642730712890625,9.893141746520996,9.731234550476074,9.535741806030273,10.70333194732666,10.336808204650879,10.01575756072998,10.88849925994873,10.780166625976562,11.18886947631836,12.32472038269043,11.182502746582031,12.950791358947754,14.050029754638672,17.337114334106445,13.712254524230957,8.55966854095459
115,0.0,0.001005776459351182,0.0019425662467256188,0.003176457015797496,8.470974922180176,8.711895942687988,8.747986793518066,9.182072639465332,10.0233154296875,9.059080123901367,9.322306632995605,8.876787185668945,10.600699424743652,10.521328926086426,10.413778305053711,9.421680450439453,10.153228759765625,9.613419532775879,10.852469444274902,10.79256534576416,10.550393104553223,9.959195137023926,11.669652938842773,10.972932815551758,12.661283493041992,14.841816902160645,15.648794174194336,12.906664848327637,7.897420406341553
116,0.0,0.000947011518292129,0.0018019272247329354,0.002951795468106866,8.830744743347168,9.128894805908203,9.285990715026855,8.883031845092773,9.216453552246094,8.643440246582031,8.905055046081543,9.055612564086914,10.259692192077637,10.067883491516113,9.447122573852539,9.77543830871582,10.82118034362793,10.38559341430664,9.820440292358398,10.556947708129883,11.138359069824219,11.260382652282715,10.121192932128906,11.625018119812012,12.730147361755371,15.990793228149414,17.760242462158203,15.492205619812012,10.27982234954834
117,0.0,0.0009697666391730309,0.0019440847681835294,0.00362407392822206,8.098172187805176,9.101716995239258,9.073369979858398,8.94482135772705,9.605634689331055,9.596506118774414,8.774636268615723,8.753694534301758,10.30074691772461,10.017375946044922,10.223823547363281,10.920384407043457,9.551969528198242,10.232799530029297,10.824906349182129,9.044554710388184,10.530793190002441,11.682907104492188,11.535042762756348,11.65706729888916,12.821517944335938,14.218484878540039,17.09969139099121,14.208901405334473,8.424827575683594
118,0.0,0.0009408486657775939,0.0018364975694566965,0.003323535667732358,8.316162109375,9.23437213897705,8.880014419555664,9.582053184509277,8.99689769744873,8.685924530029297,9.133363723754883,8.893489837646484,10.173943519592285,10.867237091064453,10.535740852355957,9.829463005065918,10.6864595413208,10.50532054901123,11.84714126586914,11.514287948608398,10.813847541809082,10.439860343933105,10.709571838378906,11.148216247558594,12.625943183898926,14.357840538024902,17.626625061035156,15.65429973602295,9.268889427185059
119,0.0,0.001012856955640018,0.0018419786356389523,0.003505060449242592,8.46002197265625,9.37063217163086,9.204178810119629,9.05461597442627,8.614439010620117,8.92721176147461,8.506089210510254,8.913642883300781,10.027473449707031,9.957136154174805,9.412839889526367,9.609024047851562,9.818528175354004,10.507803916931152,10.102689743041992,10.654989242553711,11.089829444885254,10.931053161621094,11.4136962890625,11.34530258178711,13.882403373718262,13.990715980529785,17.053102493286133,14.006356239318848,9.333215713500977
120,0.0,0.0009507123031653464,0.0019594295881688595,0.003583019832149148,8.596921920776367,8.57292366027832,8.79719352722168,8.735479354858398,8.441534042358398,8.523252487182617,9.20490550994873,9.029510498046875,9.510686874389648,10.483124732971191,8.980650901794434,10.394539833068848,10.355658531188965,10.000432014465332,10.74344253540039,10.80282211303711,10.426326751708984,10.488666534423828,11.577988624572754,11.208878517150879,13.090825080871582,14.513072967529297,17.66733741760254,14.714326858520508,9.718873977661133
121,0.0,0.0010329409269616008,0.0020003202371299267,0.0034422483295202255,8.339173316955566,9.0606050491333,8.85651969909668,8.665282249450684,8.875473022460938,8.32627010345459,9.142948150634766,9.426939964294434,9.629755973815918,10.251078605651855,9.64556884765625,9.4240083694458,10.67726993560791,10.29542064666748,10.708229064941406,10.60069751739502,10.753432273864746,11.535394668579102,11.447965621948242,10.71716022491455,12.591358184814453,15.029413223266602,16.190587997436523,14.23334789276123,8.90609073638916
122,0.0,0.0010283399606123567,0.0020146279130131006,0.003719805972650647,8.7277250289917,9.478736877441406,8.825218200683594,9.605283737182617,8.569748878479004,8.450685501098633,9.122869491577148,8.206619262695312,9.324365615844727,9.399238586425781,9.601051330566406,10.323067665100098,10.164789199829102,9.889836311340332,11.187362670898438,10.264409065246582,10.651420593261719,10.513988494873047,10.674182891845703,12.333271980285645,12.904695510864258,14.937461853027344,18.981233596801758,16.742795944213867,10.498867988586426
123,0.0,0.0009241195512004197,0.0018373692873865366,0.0034760450944304466,8.813575744628906,8.97309684753418,9.27821159362793,8.752007484436035,9.26110553741455,8.847760200500488,8.86666488647461,8.564281463623047,9.43724250793457,10.003436088562012,10.321844100952148,9.641209602355957,9.624768257141113,10.64754581451416,11.080764770507812,10.084526062011719,10.012552261352539,10.932150840759277,11.351349830627441,11.484797477722168,13.467047691345215,14.159276008605957,18.573535919189453,18.460142135620117,9.730430603027344
124,0.0,0.0010476919123902917,0.002064415020868182,0.0037425877526402473,9.091629981994629,9.436089515686035,8.475976943969727,9.102038383483887,8.172908782958984,9.392269134521484,9.671313285827637,9.232035636901855,9.857226371765137,9.459485054016113,10.10713005065918,10.028900146484375,10.34302806854248,11.475520133972168,10.191240310668945,10.650012016296387,10.583282470703125,10.709973335266113,11.20837116241455,12.652971267700195,13.763900756835938,14.812633514404297,22.05091094970703,19.353796005249023,14.278883934020996
125,0.0,0.0010875221341848373,0.00220917328260839,0.004275650251656771,8.621480941772461,8.535384178161621,8.831089973449707,8.207657814025879,8.89255142211914,9.001644134521484,9.196905136108398,9.389892578125,9.905099868774414,10.50308609008789,9.343432426452637,10.478190422058105,10.459936141967773,9.959673881530762,11.186854362487793,11.318451881408691,10.6408109664917,10.355076789855957,11.41190242767334,12.517068862915039,13.533808708190918,15.676186561584473,19.2977352142334,17.799583435058594,11.110738754272461
126,0.0,0.0008488667663186789,0.0016345387557521462,0.0029150063637644053,8.881806373596191,8.290874481201172,8.93069076538086,9.37254524230957,8.576300621032715,9.229925155639648,8.814302444458008,8.458139419555664,10.440051078796387,9.463427543640137,10.044317245483398,9.9893159866333,8.78691291809082,9.909192085266113,11.2655029296875,10.708272933959961,11.39829158782959,11.504578590393066,11.539630889892578,12.040207862854004,13.161646842956543,13.953953742980957,15.997215270996094,13.16408920288086,8.415614128112793
127,0.0,0.0012007754994556308,0.0026894297916442156,0.004673287272453308,8.423344612121582,9.176762580871582,8.40890121459961,9.173818588256836,8.956531524658203,8.364921569824219,8.851471900939941,9.282586097717285,9.549211502075195,10.766485214233398,9.200925827026367,9.757829666137695,10.06953239440918,10.222204208374023,12.244770050048828,10.365914344787598,11.304206848144531,10.684728622436523,12.620159149169922,12.325112342834473,15.417662620544434,16.40572738647461,22.75339698791504,22.49185562133789,13.319562911987305
128,0.0,0.0010824291966855526,0.002264882205054164,0.004032695200294256,8.770780563354492,8.833484649658203,8.545815467834473,9.63249683380127,8.882257461547852,9.149530410766602,9.459938049316406,8.413276672363281,9.741438865661621,10.475975036621094,10.041943550109863,9.970629692077637,10.140735626220703,10.823596000671387,11.080093383789062,11.399006843566895,10.889082908630371,10.286455154418945,11.522584915161133,12.921326637268066,13.975768089294434,16.359548568725586,23.942672729492188,24.20997428894043,14.77872371673584
129,0.0,0.0010296024847775698,0.0019297386752441525,0.003439514897763729,8.492120742797852,8.816213607788086,8.843557357788086,9.004772186279297,9.316473007202148,9.355169296264648,8.598854064941406,8.591504096984863,9.7379732131958,9.87301254272461,10.691424369812012,9.652894973754883,10.77448558807373,11.254379272460938,11.016275405883789,11.970793724060059,11.58836555480957,11.17003345489502,10.966124534606934,10.879030227661133,13.099152565002441,15.001871109008789,17.502334594726562,13.035113334655762,8.36701488494873
130,0.0,0.0010551710147410631,0.0019802842289209366,0.00342339975759387,8.39953899383545,8.421955108642578,8.8854341506958,8.918890953063965,9.984535217285156,9.429620742797852,8.24360179901123,8.876274108886719,9.821002960205078,9.968978881835938,10.56869125366211,9.752816200256348,10.183226585388184,10.944000244140625,11.371941566467285,10.146726608276367,11.771270751953125,10.983983039855957,10.570568084716797,12.946648597717285,14.154214859008789,16.043886184692383,20.64293098449707,21.840747833251953,16.32523536682129
131,0.0,0.0010992041788995266,0.002133156405761838,0.0037296938244253397,8.21723747253418,8.701888084411621,9.507927894592285,8.098928451538086,8.865551948547363,9.047082901000977,8.729560852050781,8.526137351989746,9.452261924743652,9.857489585876465,10.2084379196167,9.567459106445312,9.776918411254883,10.350998878479004,10.986992835998535,10.984537124633789,10.35216236114502,11.21883773803711,11.560531616210938,12.969987869262695,13.576696395874023,15.519783973693848,20.373018264770508,19.194656372070312,11.872608184814453
132,0.0,0.0009250554139725864,0.0018637124449014664,0.0036165735218673944,7.507505416870117,8.65182113647461,9.199967384338379,8.992199897766113,9.090197563171387,8.92243766784668,8.838342666625977,9.433951377868652,9.577652931213379,9.372305870056152,10.366832733154297,9.79631519317627,10.409197807312012,10.356191635131836,10.548283576965332,10.672924041748047,10.523178100585938,11.409175872802734,11.550399780273438,11.944008827209473,12.047932624816895,14.481765747070312,16.08616828918457,13.23901653289795,8.232711791992188
133,0.0,0.0014710384421050549,0.002761122537776828,0.005443880334496498,8.502492904663086,9.063369750976562,9.223973274230957,8.910174369812012,9.955161094665527,8.68756103515625,9.67888069152832,8.905579566955566,10.016043663024902,9.952716827392578,10.165936470031738,10.266133308410645,10.398664474487305,10.700490951538086,10.999686241149902,10.780485153198242,11.145594596862793,11.239962577819824,11.517948150634766,11.810746192932129,13.108388900756836,14.694957733154297,19.448720932006836,16.476457595825195,9.979601860046387
134,0.0,0.0010790519881993532,0.0022446257062256336,0.003783103311434388,8.018523216247559,8.599974632263184,8.948016166687012,9.756734848022461,8.74323558807373,8.578669548034668,9.185396194458008,9.214035987854004,9.482139587402344,10.805371284484863,9.793309211730957,9.631916046142578,10.385791778564453,10.423080444335938,11.251507759094238,10.385519027709961,11.172562599182129,11.360082626342773,10.58149242401123,11.128531455993652,13.753838539123535,14.483057022094727,19.940040588378906,17.518766403198242,11.998778343200684
135,0.0,0.0010974331526085734,0.0021580674219876528,0.0038131377659738064,8.555570602416992,8.660306930541992,9.34527587890625,8.896220207214355,8.115550994873047,8.47736930847168,9.051939964294434,8.357625007629395,9.711236000061035,9.978495597839355,10.787151336669922,9.774988174438477,9.899989128112793,9.582701683044434,10.130514144897461,10.795951843261719,11.340898513793945,10.52290153503418,11.533430099487305,10.83768367767334,14.368396759033203,16.227033615112305,20.52587127685547,18.20755958557129,15.24751091003418
136,0.0,0.0009591137641109526,0.0019311064388602972,0.003681787522509694,9.164216995239258,8.238819122314453,9.125534057617188,8.273904800415039,9.194306373596191,8.43847370147705,8.66696548461914,9.090173721313477,9.846762657165527,10.397242546081543,9.357129096984863,10.263665199279785,11.132582664489746,10.435479164123535,9.58692455291748,11.188267707824707,10.41433048248291,11.109551429748535,10.852559089660645,11.545148849487305,13.501958847045898,14.84400749206543,20.363887786865234,18.284439086914062,10.892197608947754
137,0.0,0.0011805756948888302,0.0022536420729011297,0.00394488824531436,7.965885162353516,8.94100284576416,8.690766334533691,8.60365104675293,9.130486488342285,9.015508651733398,9.513387680053711,9.33134651184082,10.521291732788086,9.611940383911133,9.634282112121582,10.33720874786377,9.413931846618652,10.195229530334473,9.646451950073242,10.77610969543457,11.098856925964355,10.53681468963623,11.139416694641113,11.228707313537598,13.86275863647461,15.150818824768066,19.790098190307617,19.486295700073242,11.956046104431152
138,0.0,0.0008785174577496946,0.0016678327228873968,0.0028107448015362024,7.760064601898193,8.989689826965332,8.632652282714844,9.176372528076172,8.673494338989258,8.556168556213379,9.537252426147461,8.941061019897461,9.589836120605469,10.584205627441406,10.806510925292969,10.023887634277344,10.140830993652344,9.691842079162598,10.25578784942627,10.067441940307617,11.617164611816406,11.577044486999512,11.555440902709961,12.206611633300781,13.493651390075684,15.759350776672363,16.18998146057129,12.90584945678711,9.354020118713379
139,0.0,0.0009428152116015553,0.0020342012867331505,0.004108300432562828,8.113960266113281,9.575778007507324,9.23315143585205,9.000130653381348,8.549202919006348,8.834989547729492,9.313117027282715,8.631186485290527,10.197319984436035,9.704854011535645,10.710554122924805,9.536137580871582,10.507810592651367,10.359550476074219,10.33071517944336,10.352920532226562,10.847983360290527,11.311973571777344,11.885672569274902,11.513317108154297,12.757596015930176,14.396032333374023,18.563520431518555,16.429607391357422,10.522015571594238
140,0.0,0.0009994033025577664,0.0019809722434729338,0.0035738046281039715,8.55398178100586,8.226181030273438,8.537005424499512,8.827844619750977,8.062103271484375,8.901092529296875,8.96889591217041,8.962751388549805,10.11751651763916,10.135080337524414,9.64785385131836,9.724625587463379,10.875946044921875,10.802970886230469,10.209299087524414,10.366471290588379,11.307707786560059,10.844759941101074,11.04712963104248,11.185232162475586,13.158559799194336,15.152986526489258,18.53375816345215,14.855708122253418,9.397713661193848
141,0.0,0.0008017501677386463,0.001651136321015656,0.003373098326846957,8.221789360046387,9.409295082092285,8.394701957702637,8.963356971740723,8.711967468261719,8.850637435913086,9.281319618225098,8.852060317993164,9.196330070495605,9.294163703918457,9.690032958984375,9.277444839477539,10.165538787841797,9.411053657531738,11.789237976074219,10.208986282348633,10.729856491088867,10.94992446899414,10.922636985778809,11.526562690734863,12.34740161895752,13.420994758605957,16.524574279785156,13.980538368225098,7.9116692543029785
142,0.0,0.0008375864708796144,0.0015821803826838732,0.002792119048535824,7.78535795211792,8.676450729370117,9.11595344543457,8.5131254196167,9.50603199005127,9.141960144042969,9.392724990844727,8.550125122070312,10.083536148071289,9.986574172973633,10.641698837280273,10.569217681884766,10.174580574035645,10.355880737304688,10.869563102722168,10.692540168762207,10.919849395751953,10.767903327941895,11.79624080657959,11.764405250549316,12.106791496276855,14.378693580627441,17.25941276550293,14.47990608215332,10.220453262329102
143,0.0,0.00108221429400146,0.002070716116577387,0.003634332912042737,8.942670822143555,8.97921371459961,8.537774085998535,9.142659187316895,8.8209867477417,8.854687690734863,9.562582015991211,9.48360538482666,9.126801490783691,9.908686637878418,10.240710258483887,10.165739059448242,9.962895393371582,10.521162986755371,11.146355628967285,11.466909408569336,11.193985939025879,11.237849235534668,11.586747169494629,10.634759902954102,11.998595237731934,13.733861923217773,16.813371658325195,12.980173110961914,7.20131778717041
144,0.0,0.000812623358797282,0.0017022878164425492,0.0029912772588431835,8.504945755004883,9.6588773727417,9.25934886932373,8.99227237701416,8.48600959777832,9.487872123718262,9.456900596618652,9.102543830871582,10.023777961730957,9.830158233642578,9.579097747802734,10.961832046508789,10.668133735656738,9.162867546081543,10.393889427185059,10.602279663085938,11.151307106018066,10.165594100952148,11.764185905456543,11.797653198242188,12.572288513183594,14.319190979003906,17.97060203552246,15.316576957702637,12.187786102294922
145,0.0,0.0008517123642377555,0.0017096460796892643,0.0034068948589265347,8.907999038696289,9.511929512023926,9.036211013793945,8.876626968383789,9.188162803649902,8.787391662597656,8.239853858947754,8.259074211120605,9.17674446105957,10.27648639678955,10.530444145202637,10.261835098266602,10.10464096069336,10.19664478302002,11.519096374511719,10.585858345031738,10.187458992004395,10.799311637878418,11.304316520690918,11.616512298583984,13.279959678649902,15.04135799407959,18.294052124023438,16.16078758239746,13.069652557373047
146,0.0,0.0009222693042829633,0.001794336480088532,0.003431257326155901,8.05335807800293,9.297615051269531,8.884628295898438,8.634312629699707,9.173377990722656,9.339774131774902,8.271888732910156,9.587695121765137,10.172237396240234,10.33725643157959,10.246307373046875,10.469172477722168,10.385457992553711,10.093344688415527,11.108684539794922,10.70553970336914,10.704916000366211,10.964125633239746,11.38877010345459,11.161214828491211,13.077028274536133,14.662169456481934,18.564903259277344,14.985289573669434,10.14834213256836
147,0.0,0.000986625556834042,0.0020617737900465727,0.0037074771244078875,9.334367752075195,8.296955108642578,8.60959529876709,8.987493515014648,9.242095947265625,9.035304069519043,9.089884757995605,8.354811668395996,9.929571151733398,10.126123428344727,10.286492347717285,9.386298179626465,11.057561874389648,10.436737060546875,11.31047534942627,10.451244354248047,10.390819549560547,10.618288040161133,12.391633987426758,11.431366920471191,15.13733959197998,15.165215492248535,20.173181533813477,19.534168243408203,14.056195259094238
148,0.0,0.0008608005591668189,0.0017192845698446035,0.0034842609893530607,8.98117733001709,8.899680137634277,9.7370023727417,9.34351921081543,8.166893005371094,8.060925483703613,8.443692207336426,8.790255546569824,9.136415481567383,9.846545219421387,10.385887145996094,9.922350883483887,10.165460586547852,10.187660217285156,11.603287696838379,10.553980827331543,10.774866104125977,11.930511474609375,10.995405197143555,11.68604850769043,12.238701820373535,14.27181339263916,17.035324096679688,12.580681800842285,7.855792045593262
149,0.0,0.0010807302314788103,0.002298631239682436,0.004594894591718912,7.602011203765869,9.343705177307129,8.896820068359375,8.89926528930664,8.551138877868652,9.047420501708984,8.967137336730957,9.613563537597656,9.737449645996094,9.416629791259766,9.234614372253418,9.73675537109375,11.013256072998047,10.017791748046875,10.438153266906738,10.504283905029297,11.054733276367188,12.923555374145508,11.97285270690918,11.0348482131958,13.579819679260254,14.732253074645996,18.728641510009766,16.367507934570312,10.199277877807617
150,0.0,0.001030008657835424,0.0021222729701548815,0.003826987463980913,8.964754104614258,8.798235893249512,8.85124683380127,8.99488353729248,9.477713584899902,9.146693229675293,8.341752052307129,8.281590461730957,9.393192291259766,9.8744478225708,9.757344245910645,10.65578842163086,10.552183151245117,11.015061378479004,10.77497673034668,10.871785163879395,10.317975044250488,12.346982955932617,11.319489479064941,11.679325103759766,12.684059143066406,15.164588928222656,18.746034622192383,15.389723777770996,10.065300941467285
151,0.0,0.0009464378235861659,0.0019069818081334233,0.003742448054254055,7.981037616729736,9.303131103515625,9.381744384765625,9.705873489379883,9.177541732788086,8.563763618469238,9.216973304748535,9.610344886779785,8.913365364074707,10.491022109985352,10.22249698638916,9.34347152709961,9.764033317565918,10.05206298828125,10.818463325500488,10.89041805267334,10.180526733398438,11.336409568786621,12.315242767333984,12.279288291931152,13.5980224609375,15.314236640930176,18.927867889404297,15.679694175720215,9.156923294067383
152,0.0,0.0009271979215554893,0.0018125235801562667,0.0032301126047968864,8.615070343017578,8.333879470825195,8.824275970458984,9.117056846618652,9.26486587524414,9.182734489440918,9.497574806213379,8.431699752807617,9.550217628479004,8.953285217285156,9.917116165161133,10.231402397155762,10.262803077697754,10.613619804382324,11.643840789794922,12.288224220275879,11.36434268951416,11.357186317443848,10.821853637695312,12.392627716064453,13.32991886138916,15.751530647277832,20.981931686401367,20.502851486206055,12.14222240447998
153,0.0,0.000952275178860873,0.0018550535896793008,0.003425943898037076,9.00188159942627,8.801011085510254,9.156769752502441,8.11334228515625,8.839598655700684,8.813023567199707,9.47161865234375,9.502681732177734,10.086356163024902,9.656133651733398,10.313385963439941,9.941150665283203,9.990082740783691,10.443436622619629,10.14758014678955,10.490561485290527,10.151202201843262,11.157133102416992,11.423588752746582,11.139925956726074,13.556220054626465,15.046493530273438,19.204326629638672,17.472122192382812,11.849772453308105
154,0.0,0.0010000994661822915,0.0021417594980448484,0.004360131919384003,8.376837730407715,8.597643852233887,8.407244682312012,8.930889129638672,8.996490478515625,9.789000511169434,9.334869384765625,8.676305770874023,9.56486988067627,9.738507270812988,9.668366432189941,10.775760650634766,9.982468605041504,10.898137092590332,10.662261962890625,9.581537246704102,10.511865615844727,10.703683853149414,10.871402740478516,11.003840446472168,12.7455415725708,14.334176063537598,17.032920837402344,13.201671600341797,7.422377109527588
155,0.0,0.001064288429915905,0.0021570734679698944,0.003903999226167798,8.683099746704102,9.16245174407959,9.277230262756348,9.26648235321045,9.058422088623047,9.388751029968262,8.682568550109863,9.540205955505371,9.390249252319336,9.908990859985352,10.445940971374512,10.37598991394043,9.969795227050781,10.128623008728027,11.769322395324707,9.7198486328125,11.285006523132324,11.15377426147461,11.558649063110352,12.098962783813477,14.120933532714844,15.166742324829102,19.429079055786133,16.41471290588379,11.862924575805664
156,0.0,0.001648763776756823,0.0034392147790640593,0.00596004631370306,8.169512748718262,9.113361358642578,8.841218948364258,8.86568546295166,8.703139305114746,8.409358024597168,8.62104606628418,9.413538932800293,10.101752281188965,10.007530212402344,10.363582611083984,9.657556533813477,10.81926441192627,9.771811485290527,10.054922103881836,9.582612991333008,10.97205924987793,11.224811553955078,12.10610294342041,12.25322437286377,15.422813415527344,16.50702476501465,22.56148338317871,21.220172882080078,10.476204872131348
157,0.0,0.000905904860701412,0.0018074207473546267,0.0031969870906323195,8.691178321838379,9.264214515686035,9.351985931396484,8.585408210754395,9.15941333770752,9.795625686645508,9.353705406188965,8.37810230255127,9.356955528259277,10.096019744873047,10.046895027160645,10.783074378967285,10.279041290283203,10.26301383972168,10.614307403564453,10.444489479064941,10.686894416809082,11.52451229095459,10.464012145996094,12.264420509338379,14.136039733886719,15.471671104431152,19.222562789916992,15.694059371948242,11.085344314575195
158,0.0,0.0012149875983595848,0.0026194548700004816,0.004550196696072817,9.575748443603516,8.865478515625,8.759174346923828,9.42817211151123,8.45007610321045,8.679981231689453,8.871400833129883,9.625744819641113,10.274948120117188,10.407910346984863,9.868664741516113,10.935571670532227,9.828328132629395,9.61136531829834,10.8742094039917,10.570084571838379,11.046719551086426,11.4938325881958,11.147939682006836,12.28237247467041,14.80252456665039,16.9398250579834,22.5258731842041,23.863243103027344,12.765020370483398
159,0.0,0.0011071022599935532,0.002118949079886079,0.004154662601649761,8.336507797241211,9.647584915161133,9.321514129638672,9.065177917480469,9.057629585266113,9.553848266601562,9.124509811401367,9.046634674072266,10.513047218322754,9.825026512145996,9.693263053894043,9.869345664978027,10.25901985168457,9.690592765808105,10.177425384521484,10.417248725891113,10.909402847290039,10.55898666381836,10.76119613647461,11.198006629943848,13.409082412719727,14.731474876403809,21.158769607543945,20.998918533325195,11.070239067077637
160,0.0,0.0009406122262589633,0.002076225820928812,0.004156960640102625,8.415828704833984,8.893621444702148,8.57356071472168,9.241397857666016,9.012585639953613,9.031046867370605,9.218392372131348,8.761017799377441,9.640633583068848,10.015185356140137,10.14595890045166,10.055866241455078,10.259994506835938,9.327463150024414,10.968240737915039,11.504754066467285,10.415630340576172,10.864466667175293,11.41865348815918,11.384637832641602,13.892565727233887,15.007818222045898,18.445348739624023,15.166351318359375,8.877734184265137
161,0.0,0.0009560271864756942,0.0018674891907721758,0.0035377133172005415,8.501877784729004,9.239588737487793,8.375078201293945,8.890875816345215,9.493111610412598,9.328743934631348,8.976353645324707,8.63230037689209,9.877528190612793,10.125810623168945,10.188404083251953,10.207839012145996,10.83549976348877,11.06503963470459,10.620792388916016,10.632192611694336,10.59477710723877,10.54075813293457,11.57268238067627,12.796445846557617,12.277750968933105,15.006916046142578,19.662992477416992,17.902484893798828,10.811036109924316
162,0.0,0.0011191389057785273,0.0022685735020786524,0.004206453915685415,8.505093574523926,8.774605751037598,9.289865493774414,9.461999893188477,8.639815330505371,8.895834922790527,8.420819282531738,9.217676162719727,9.41553783416748,11.115978240966797,10.52647590637207,10.009584426879883,10.124356269836426,10.477113723754883,9.959985733032227,10.416231155395508,11.180225372314453,11.038357734680176,10.944478988647461,12.14647388458252,14.036873817443848,16.083171844482422,20.9456844329834,21.45039176940918,14.185650825500488
163,0.0,0.0010991883464157581,0.002085812157019973,0.003715558210387826,8.558906555175781,8.614056587219238,8.726055145263672,8.677892684936523,9.000551223754883,9.30080509185791,8.406484603881836,9.340951919555664,8.945902824401855,9.930486679077148,10.096067428588867,10.1742582321167,10.331546783447266,11.543087005615234,10.589531898498535,10.732926368713379,10.497641563415527,10.769648551940918,10.794264793395996,10.519135475158691,12.922761917114258,14.671529769897461,18.933212280273438,15.77475643157959,8.07088851928711
164,0.0,0.0011681600008159876,0.0021649962291121483,0.003863656660541892,7.865015983581543,9.081689834594727,8.996885299682617,8.822587013244629,8.544178009033203,9.03839111328125,8.45300579071045,8.917604446411133,9.534582138061523,10.401352882385254,9.780752182006836,10.021605491638184,10.198267936706543,10.599736213684082,10.982434272766113,10.30601978302002,10.150199890136719,10.395040512084961,10.971851348876953,11.147204399108887,12.417925834655762,13.100801467895508,16.70549774169922,14.137656211853027,7.737395286560059
165,0.0,0.0009671560837887228,0.0018618273315951228,0.00368411373347044,8.86622142791748,8.864072799682617,8.83720588684082,9.12724781036377,9.171231269836426,8.396027565002441,8.823342323303223,9.764033317565918,9.730859756469727,9.369149208068848,10.288681983947754,9.543571472167969,10.455632209777832,10.64064884185791,10.453676223754883,9.875577926635742,9.069255828857422,10.942229270935059,11.454102516174316,11.396388053894043,13.659256935119629,15.235244750976562,19.971940994262695,16.958520889282227,13.276640892028809
166,0.0,0.0010436971206218004,0.0019960319623351097,0.003663785057142377,8.693100929260254,9.439555168151855,8.083046913146973,9.189762115478516,9.030396461486816,9.359062194824219,8.816266059875488,8.618922233581543,9.392473220825195,9.531858444213867,9.723834991455078,10.235337257385254,9.833248138427734,9.960223197937012,10.754982948303223,10.878143310546875,11.176982879638672,10.638140678405762,12.196372032165527,11.308928489685059,13.43958568572998,15.455405235290527,18.99580192565918,17.301836013793945,11.43685245513916
167,0.0,0.0009287926368415356,0.0019247349118813872,0.003906658850610256,8.355643272399902,9.292106628417969,9.663044929504395,9.337455749511719,9.74022102355957,8.245379447937012,8.4351167678833,8.948629379272461,10.19959831237793,10.24797534942627,10.252625465393066,10.342602729797363,9.860516548156738,10.282947540283203,10.782431602478027,10.642377853393555,10.361428260803223,11.101860046386719,12.050158500671387,11.959131240844727,13.877229690551758,16.5034236907959,21.9725284576416,18.419967651367188,15.102173805236816
168,0.0,0.0009720727684907615,0.0019629518501460552,0.003751743584871292,8.604931831359863,10.128384590148926,8.638069152832031,8.910293579101562,9.218457221984863,8.9906005859375,9.79859447479248,9.052892684936523,10.464876174926758,9.764982223510742,8.839190483093262,10.037032127380371,10.62153148651123,9.666093826293945,10.000789642333984,10.761056900024414,10.739725112915039,11.145162582397461,10.725419998168945,11.966541290283203,13.482978820800781,14.608662605285645,19.528480529785156,16.46770477294922,10.690033912658691
169,0.0,0.000997220049612224,0.002076117554679513,0.0038422008510679007,7.640183925628662,9.497617721557617,8.388676643371582,9.067703247070312,9.141390800476074,9.800471305847168,8.189970016479492,9.435931205749512,10.24312973022461,9.953380584716797,10.135830879211426,9.816947937011719,10.443778038024902,11.103493690490723,9.902295112609863,10.519797325134277,11.12332820892334,11.466635704040527,11.095488548278809,12.665422439575195,14.10698127746582,14.923980712890625,19.103702545166016,18.43273162841797,12.118416786193848
170,0.0,0.0008814535685814917,0.0017090046312659979,0.003315694397315383,8.458016395568848,9.00190544128418,9.030373573303223,9.47901725769043,8.971263885498047,8.781488418579102,9.1686372756958,8.574305534362793,9.721604347229004,9.604060173034668,10.575679779052734,9.827585220336914,10.884391784667969,9.985624313354492,11.083879470825195,10.34817123413086,11.09351634979248,10.851299285888672,10.390769958496094,12.188223838806152,13.322182655334473,14.561529159545898,19.13743782043457,17.14005470275879,12.559747695922852
171,0.0,0.0010283609153702855,0.002087392145767808,0.0037297059316188097,7.597615718841553,9.917841911315918,9.36219596862793,8.782551765441895,8.882635116577148,8.598455429077148,9.319253921508789,9.232640266418457,9.86589527130127,9.84001636505127,9.823152542114258,9.909311294555664,10.35464859008789,10.897566795349121,11.09543228149414,10.625409126281738,11.024103164672852,11.211112976074219,11.692902565002441,12.2581787109375,13.616195678710938,15.908721923828125,23.48663330078125,23.266674041748047,15.04664134979248
172,0.0,0.0009094533743336797,0.0017170157516375184,0.003173495177179575,8.445109367370605,9.160735130310059,8.798641204833984,9.128389358520508,8.475516319274902,8.701706886291504,9.357832908630371,9.318796157836914,9.833719253540039,10.03758430480957,9.920295715332031,10.344554901123047,9.892169952392578,10.096086502075195,10.761012077331543,10.127289772033691,11.300946235656738,11.135148048400879,11.908367156982422,11.836284637451172,12.465373992919922,13.268404960632324,17.024717330932617,13.599725723266602,8.640868186950684
173,0.0,0.0009774899808689952,0.001951931626535952,0.0036920299753546715,8.893800735473633,8.838109970092773,9.904458999633789,9.386394500732422,8.61249828338623,9.58527660369873,9.1370210647583,9.724365234375,10.187437057495117,9.247625350952148,9.88279914855957,10.159518241882324,9.970036506652832,10.736166954040527,10.157017707824707,11.059794425964355,10.401585578918457,10.200483322143555,11.252238273620605,11.75901985168457,13.024211883544922,14.224047660827637,16.632078170776367,13.879816055297852,8.531941413879395
174,0.0,0.0008806557161733508,0.0016470674891024828,0.002831352176144719,8.451906204223633,9.11610221862793,9.251474380493164,8.95089054107666,8.865682601928711,9.054821968078613,9.041719436645508,8.538339614868164,10.211380958557129,9.464408874511719,9.380891799926758,10.52753734588623,11.281084060668945,10.78438949584961,10.553648948669434,10.599681854248047,11.059829711914062,10.448441505432129,10.398207664489746,11.835705757141113,12.728601455688477,13.19676399230957,16.11271095275879,12.700304985046387,7.377399921417236
175,0.0,0.001027459860779345,0.0020244335755705833,0.0036762168165296316,8.12256145477295,9.23853874206543,9.31776237487793,8.981565475463867,8.949197769165039,8.94154167175293,8.713068008422852,8.375187873840332,9.867597579956055,10.466394424438477,10.259772300720215,10.603225708007812,10.022701263427734,11.281161308288574,10.71627140045166,10.486172676086426,11.08619213104248,10.41158390045166,11.99776554107666,12.494348526000977,14.044756889343262,14.9771728515625,20.762678146362305,21.651264190673828,15.987799644470215
176,0.0,0.0009043795289471745,0.001930012833327055,0.00393608957529068,8.226723670959473,8.973664283752441,8.949779510498047,8.73801040649414,8.828895568847656,9.140495300292969,8.904132843017578,9.545687675476074,9.539207458496094,10.31920337677002,10.014342308044434,10.208396911621094,10.291098594665527,10.609793663024902,10.173490524291992,9.881464004516602,11.737388610839844,10.253939628601074,11.116178512573242,11.143850326538086,13.363706588745117,14.300292015075684,18.747007369995117,15.585658073425293,8.95340633392334
177,0.0,0.0009695108165033162,0.001980254892259836,0.003839205950498581,8.646488189697266,8.756403923034668,9.323486328125,8.907500267028809,9.23220157623291,9.58522891998291,8.70686149597168,8.747373580932617,9.536602020263672,10.34853744506836,10.16348648071289,10.09487533569336,9.769291877746582,10.117142677307129,11.229073524475098,10.476051330566406,10.982073783874512,11.481194496154785,11.302751541137695,12.137866020202637,13.475062370300293,15.071389198303223,18.05577850341797,15.840692520141602,9.310208320617676
178,0.0,0.0009402009891346097,0.0018410716438665986,0.0036577354185283184,8.438654899597168,8.559406280517578,9.439230918884277,8.222540855407715,8.376019477844238,9.11684799194336,9.819042205810547,9.1424560546875,10.15042781829834,9.745545387268066,10.058134078979492,9.853259086608887,11.824033737182617,10.753156661987305,10.32646369934082,10.726349830627441,10.407854080200195,10.803611755371094,10.588750839233398,11.898332595825195,13.143936157226562,14.060174942016602,16.696012496948242,14.092378616333008,9.336939811706543
179,0.0,0.00083595683099702,0.0017403841484338045,0.0032951838802546263,9.13353157043457,9.23154067993164,8.723816871643066,8.566912651062012,8.962258338928223,9.14280891418457,8.570697784423828,8.527876853942871,9.497672080993652,9.449906349182129,9.822908401489258,10.355853080749512,10.505888938903809,10.802657127380371,10.8086519241333,11.15031909942627,10.833614349365234,10.688563346862793,11.307040214538574,11.771455764770508,12.60513973236084,15.381328582763672,18.091623306274414,14.255266189575195,10.704832077026367
180,0.0,0.0010095485486090183,0.0018979109590873122,0.00337395491078496,8.117530822753906,8.830510139465332,9.870867729187012,8.753360748291016,8.822047233581543,8.543391227722168,9.631587982177734,8.163691520690918,9.228940963745117,10.504875183105469,9.957362174987793,9.975652694702148,10.410550117492676,10.815120697021484,11.133002281188965,10.647479057312012,11.301709175109863,10.65300178527832,11.05594539642334,11.742502212524414,14.151314735412598,15.421833992004395,18.84687614440918,16.79952049255371,12.347339630126953
181,0.0,0.0011124566663056612,0.0021638795733451843,0.004235517233610153,8.232756614685059,8.537877082824707,8.410523414611816,9.509309768676758,8.689820289611816,8.690101623535156,9.082768440246582,9.30319595336914,9.80064868927002,10.313891410827637,9.2655668258667,9.723793029785156,10.475512504577637,10.069722175598145,10.515812873840332,11.090215682983398,11.076254844665527,9.961957931518555,11.921016693115234,11.706676483154297,14.64248275756836,17.328569412231445,23.56228256225586,22.161266326904297,16.496061325073242
182,0.0,0.0009903061436489224,0.001920723239891231,0.003225828055292368,9.70380973815918,9.330248832702637,9.157143592834473,9.285367965698242,8.746793746948242,9.01305103302002,8.923773765563965,8.36674690246582,10.212713241577148,10.098668098449707,9.733582496643066,10.833600997924805,10.912107467651367,10.126697540283203,10.86563777923584,9.89434814453125,10.813732147216797,10.890019416809082,11.179057121276855,11.85419750213623,13.230574607849121,14.329203605651855,16.432275772094727,12.516633033752441,7.504505157470703
183,0.0,0.0011090902844443917,0.002055046148598194,0.003574707778170705,8.226600646972656,8.753266334533691,9.12125015258789,9.134459495544434,8.999067306518555,8.392120361328125,8.466135025024414,9.121199607849121,9.771645545959473,10.129030227661133,9.643864631652832,9.463689804077148,10.912886619567871,10.33625602722168,10.408141136169434,9.931617736816406,10.82206916809082,10.615472793579102,11.67612075805664,11.866440773010254,13.345184326171875,15.982183456420898,19.490646362304688,18.747886657714844,11.829498291015625
184,0.0,0.001029842416755855,0.002027773065492511,0.0034644906409084797,8.319204330444336,8.947513580322266,9.139426231384277,8.872055053710938,9.206216812133789,7.9591217041015625,9.162914276123047,8.617574691772461,10.271293640136719,9.624283790588379,10.145563125610352,10.895916938781738,11.113092422485352,10.596378326416016,10.648541450500488,10.43685531616211,10.414713859558105,10.100214958190918,10.680819511413574,11.97125244140625,13.091207504272461,14.655373573303223,18.207138061523438,14.102890014648438,8.332845687866211
185,0.0,0.0009387381724081933,0.001770323608070612,0.0031929677352309227,8.25295352935791,8.789090156555176,9.329779624938965,9.2031888961792,8.728595733642578,8.685784339904785,9.803855895996094,9.627182006835938,9.488367080688477,9.784805297851562,9.605480194091797,10.651813507080078,10.803951263427734,10.004668235778809,10.555683135986328,10.17120361328125,11.25325870513916,10.796338081359863,10.094785690307617,10.973617553710938,13.225768089294434,14.984490394592285,17.894309997558594,14.145079612731934,10.701533317565918
186,0.0,0.0010321331210434437,0.002221621572971344,0.004460782278329134,8.312545776367188,8.73206901550293,9.334505081176758,9.346631050109863,9.531793594360352,8.518535614013672,8.999963760375977,9.6243896484375,10.770402908325195,9.970808982849121,9.812670707702637,10.730517387390137,10.549330711364746,9.71471881866455,10.574328422546387,11.259889602661133,10.2712984085083,10.7579345703125,11.435064315795898,11.64006519317627,13.534358024597168,15.298127174377441,18.98667335510254,16.70196533203125,9.077576637268066
187,0.0,0.0008791672298684716,0.0018222572980448604,0.0035131380427628756,8.89787769317627,8.889622688293457,9.322500228881836,8.865133285522461,8.85442066192627,8.409451484680176,9.223394393920898,8.821920394897461,10.041897773742676,10.06639575958252,9.75523567199707,10.169270515441895,10.04122543334961,10.209000587463379,11.522937774658203,10.428595542907715,10.576053619384766,10.767477989196777,11.1900634765625,11.729259490966797,12.437311172485352,14.68376636505127,17.412343978881836,13.203420639038086,8.877293586730957
188,0.0,0.0009129641694016755,0.0018548794323578477,0.003612909931689501,8.630425453186035,9.839597702026367,8.6852445602417,9.035594940185547,9.145085334777832,8.307025909423828,8.354166984558105,9.730525016784668,9.67514705657959,9.611536026000977,10.919352531433105,9.987893104553223,9.96725845336914,11.052492141723633,11.25714111328125,10.060761451721191,11.024834632873535,10.807341575622559,11.774025917053223,11.649717330932617,12.736664772033691,16.229589462280273,19.232746124267578,16.691059112548828,11.272233009338379
189,0.0,0.0009450179059058428,0.0018038323614746332,0.003631236497312784,8.243865966796875,9.04262924194336,8.42044448852539,8.194387435913086,9.602592468261719,8.777125358581543,9.020471572875977,8.481504440307617,8.777849197387695,9.2174654006958,10.820854187011719,9.814053535461426,10.784053802490234,11.325444221496582,10.244451522827148,11.085792541503906,10.072653770446777,11.076813697814941,12.63858413696289,11.499170303344727,14.415245056152344,14.389321327209473,17.92061996459961,14.604461669921875,10.514791488647461
190,0.0,0.0010080881183966994,0.0018801523838192225,0.003451432567089796,8.531005859375,9.372340202331543,9.25003719329834,8.148344039916992,8.758630752563477,8.16899585723877,9.270015716552734,9.00197696685791,10.133578300476074,10.375683784484863,9.259319305419922,9.56149959564209,10.179451942443848,9.9257230758667,10.002802848815918,11.266515731811523,10.730977058410645,10.939205169677734,10.262928009033203,11.609084129333496,14.077179908752441,14.29149055480957,19.624082565307617,17.917766571044922,12.521980285644531
191,0.0,0.0009087950456887484,0.001819778699427843,0.0035896969493478537,8.534713745117188,9.349334716796875,8.375814437866211,9.437408447265625,9.251322746276855,8.850419044494629,8.81348991394043,8.754596710205078,9.96038818359375,9.811111450195312,10.295090675354004,9.51710319519043,10.360485076904297,10.489713668823242,11.156883239746094,10.964518547058105,10.734427452087402,11.69841480255127,10.819720268249512,11.28974437713623,12.598852157592773,14.99332332611084,17.94332504272461,14.021031379699707,10.000415802001953
192,0.0,0.0008101321291178465,0.0016279221745207906,0.0028492871206253767,8.963896751403809,9.135543823242188,8.965713500976562,9.132929801940918,8.931506156921387,9.701492309570312,8.55107307434082,8.699958801269531,9.71914005279541,9.862807273864746,9.2647705078125,9.854379653930664,10.257250785827637,10.253881454467773,9.977080345153809,10.557184219360352,11.166510581970215,11.470881462097168,11.268664360046387,12.20849895477295,12.4755277633667,14.276137351989746,18.170459747314453,14.10081672668457,10.090982437133789
193,0.0,0.0013742984738200903,0.0027373414486646652,0.004693970549851656,7.907458782196045,8.82826042175293,8.743366241455078,8.709869384765625,8.904990196228027,8.49736499786377,8.925395011901855,9.100893020629883,10.039435386657715,10.182939529418945,9.885695457458496,9.712397575378418,9.547541618347168,10.643601417541504,10.35194206237793,10.805668830871582,10.42798900604248,10.294281959533691,11.569437026977539,11.10620403289795,13.5109224319458,15.20033073425293,20.85660171508789,19.98856544494629,11.203285217285156
194,0.0,0.0009273194009438157,0.0017476504435762763,0.0029138033278286457,8.24316120147705,8.680503845214844,9.13949203491211,9.231210708618164,8.657402038574219,8.98665714263916,8.763842582702637,9.280617713928223,9.95763111114502,9.453280448913574,9.701332092285156,10.416820526123047,10.11673355102539,10.968744277954102,9.846287727355957,11.409067153930664,10.673569679260254,10.06335163116455,11.934842109680176,11.204297065734863,13.163002967834473,14.198427200317383,17.11681365966797,13.877235412597656,8.398037910461426
195,0.0,0.0010222613345831633,0.001917654532007873,0.0035476048942655325,8.712719917297363,8.952322959899902,10.13274097442627,8.953994750976562,7.859163284301758,8.287863731384277,9.10914134979248,8.917765617370605,9.866361618041992,9.558990478515625,10.334992408752441,9.365880966186523,11.269978523254395,10.723055839538574,10.75362491607666,9.954805374145508,10.666193008422852,10.56969165802002,11.27376651763916,11.836706161499023,14.013555526733398,15.164555549621582,19.850534439086914,16.374494552612305,11.810397148132324
196,0.0,0.0009757279185578227,0.0018972173565998673,0.0034385353792458773,8.486750602722168,8.726739883422852,9.045963287353516,9.002830505371094,8.558938026428223,9.235503196716309,9.023810386657715,9.044373512268066,9.512591361999512,9.68835735321045,9.948875427246094,10.269829750061035,11.230106353759766,10.46267032623291,11.299694061279297,9.971463203430176,11.43542766571045,11.074231147766113,11.49504280090332,11.812246322631836,13.325742721557617,14.32764720916748,18.823644638061523,15.024462699890137,9.764863014221191
197,0.0,0.0011661415919661522,0.00214470480568707,0.004104815889149904,8.762932777404785,9.933924674987793,8.9342679977417,9.412262916564941,8.693879127502441,8.917004585266113,8.372856140136719,9.019697189331055,9.779104232788086,10.642250061035156,9.867959022521973,10.165976524353027,10.1249418258667,10.115294456481934,10.78001594543457,11.479247093200684,11.116666793823242,10.26919174194336,11.390558242797852,12.580297470092773,13.177227020263672,14.228840827941895,19.05177879333496,16.72886085510254,11.492974281311035
198,0.0,0.0009296628413721919,0.0017852188320830464,0.0034746266901493073,8.238064765930176,9.233735084533691,9.033370971679688,9.156658172607422,9.049798965454102,9.599322319030762,9.65598201751709,8.82619571685791,9.627748489379883,9.765748977661133,10.668981552124023,10.560715675354004,10.803799629211426,10.326766014099121,10.602972984313965,10.509940147399902,10.521702766418457,10.074851989746094,12.14545726776123,11.90024471282959,13.096078872680664,14.124409675598145,17.443531036376953,14.266143798828125,8.576239585876465
199,0.0,0.0009108023950830102,0.0018207107204943895,0.003423908492550254,8.771121978759766,9.238801002502441,8.49119758605957,9.252806663513184,9.255793571472168,8.443315505981445,8.687082290649414,9.351555824279785,9.653731346130371,10.793553352355957,11.019455909729004,10.486320495605469,10.51054573059082,10.532543182373047,10.997170448303223,10.613576889038086,10.896060943603516,11.30858039855957,12.199020385742188,12.261488914489746,12.941047668457031,14.975563049316406,17.93720054626465,15.633224487304688,11.290998458862305
200,0.0,0.0009020611760206521,0.0017337556928396225,0.0031692052725702524,8.518813133239746,8.380637168884277,8.13838005065918,8.284156799316406,8.167548179626465,8.452533721923828,8.489229202270508,9.438783645629883,10.747640609741211,9.657960891723633,9.267950057983398,9.660252571105957,10.405755996704102,10.159061431884766,10.698519706726074,10.705269813537598,11.073796272277832,11.277539253234863,11.249069213867188,11.335286140441895,12.757966041564941,14.303678512573242,16.031904220581055,13.284571647644043,8.81357479095459
201,0.0,0.0009223997476510704,0.0019277265528216958,0.003379278350621462,8.230234146118164,9.21284008026123,8.824607849121094,8.848097801208496,9.133973121643066,9.144183158874512,9.511101722717285,8.281998634338379,8.9481782913208,9.470209121704102,9.692508697509766,9.8240385055542,10.31816577911377,10.423701286315918,10.532468795776367,11.290030479431152,10.414068222045898,11.404266357421875,12.006175994873047,11.772481918334961,13.713574409484863,15.772637367248535,18.501619338989258,16.5333251953125,11.565675735473633
202,0.0,0.0011979042319580913,0.0021225290838629007,0.0039939614944159985,8.691701889038086,9.130231857299805,8.4130859375,9.543094635009766,8.919836044311523,9.346735000610352,9.413941383361816,9.052478790283203,9.347230911254883,10.522063255310059,9.58154582977295,9.151823043823242,10.725438117980957,9.735973358154297,10.662196159362793,10.636850357055664,10.581363677978516,11.796576499938965,11.234321594238281,12.235621452331543,13.929766654968262,15.431373596191406,19.541414260864258,16.981060028076172,13.352137565612793
203,0.0,0.000987726729363203,0.0020749049726873636,0.0037677697837352753,7.90311861038208,8.986922264099121,8.95589828491211,8.868816375732422,8.601621627807617,8.69210433959961,8.93962574005127,9.571227073669434,10.343626976013184,9.33064079284668,10.176836967468262,9.169743537902832,10.648388862609863,9.880525588989258,10.796834945678711,11.266047477722168,10.168134689331055,11.434076309204102,11.387507438659668,12.623842239379883,13.878988265991211,14.29913330078125,20.335514068603516,19.375028610229492,11.91710376739502
204,0.0,0.0011330184061080217,0.002161949872970581,0.004033643752336502,9.076793670654297,8.96668815612793,8.262529373168945,9.023168563842773,8.810660362243652,9.067959785461426,9.450850486755371,8.902114868164062,9.616379737854004,10.020746231079102,10.595945358276367,10.088543891906738,10.24652099609375,10.322904586791992,10.097844123840332,10.81519889831543,11.466188430786133,10.482004165649414,11.24898910522461,11.532299041748047,12.099092483520508,13.900211334228516,16.777753829956055,14.00722885131836,7.107710361480713
205,0.0,0.0008754674345254898,0.0018208054825663567,0.003520759753882885,8.3289794921875,8.951868057250977,9.287060737609863,9.26249885559082,8.90636157989502,9.063230514526367,9.569842338562012,8.67381477355957,9.647810935974121,9.638344764709473,10.702324867248535,10.358121871948242,11.075730323791504,10.898615837097168,9.834580421447754,10.504971504211426,10.697062492370605,10.742290496826172,11.281791687011719,11.336987495422363,12.339151382446289,14.632975578308105,17.205530166625977,14.066666603088379,9.642510414123535
206,0.0,0.0009599860059097409,0.0019053947180509567,0.0038221776485443115,8.318263053894043,8.361570358276367,8.884660720825195,8.738931655883789,8.946908950805664,7.956979751586914,9.167708396911621,8.933734893798828,10.056750297546387,10.173391342163086,9.726508140563965,9.92989444732666,10.434484481811523,9.496865272521973,10.486891746520996,10.142226219177246,9.939077377319336,10.411211013793945,11.25291633605957,12.037702560424805,12.818958282470703,15.324975967407227,17.981021881103516,14.4139404296875,11.455761909484863
207,0.0,0.0008378216298297048,0.0016700286651030183,0.0032210617791861296,8.742351531982422,9.023545265197754,9.387395858764648,9.419709205627441,9.137451171875,8.75253677368164,9.068193435668945,9.297599792480469,10.06811809539795,9.726621627807617,9.811506271362305,10.28515911102295,10.677303314208984,10.325457572937012,10.596285820007324,10.166570663452148,10.463896751403809,10.768047332763672,11.20945930480957,11.396281242370605,13.800179481506348,14.853078842163086,16.892969131469727,14.356078147888184,9.079729080200195
208,0.0,0.0010344997281208634,0.0019924803636968136,0.0037412492092698812,8.109522819519043,9.12333869934082,8.574193954467773,9.446873664855957,8.518247604370117,8.96461009979248,8.809513092041016,9.560194969177246,9.997068405151367,9.1624116897583,9.513648986816406,9.162203788757324,9.487801551818848,9.907879829406738,10.736454010009766,10.392922401428223,10.542131423950195,11.100152015686035,11.026671409606934,12.896509170532227,13.06110668182373,14.771696090698242,19.049997329711914,16.386497497558594,10.67951774597168
209,0.0,0.000904936227016151,0.0017688885563984513,0.0032839863561093807,7.691047191619873,8.568203926086426,9.045681953430176,10.127533912658691,9.091151237487793,8.901123046875,8.853779792785645,8.876382827758789,9.849226951599121,9.780223846435547,9.55075454711914,9.29152774810791,10.215340614318848,10.388809204101562,10.705967903137207,11.111050605773926,11.119588851928711,11.148841857910156,11.863487243652344,12.206855773925781,12.125009536743164,14.021605491638184,15.952285766601562,11.934149742126465,6.6624436378479
210,0.0,0.001023771706968546,0.0019363908795639873,0.003380084177479148,8.079621315002441,9.270177841186523,9.28244400024414,9.00881290435791,9.000590324401855,9.811405181884766,9.068265914916992,8.963436126708984,9.822799682617188,9.384934425354004,10.382287979125977,10.165091514587402,10.147482872009277,11.040936470031738,10.540763854980469,10.252264022827148,10.631654739379883,11.923107147216797,10.329949378967285,11.345765113830566,13.57548713684082,15.020846366882324,17.811031341552734,18.344587326049805,11.205954551696777
211,0.0,0.0010377572616562247,0.002021149732172489,0.003663395531475544,7.688877105712891,8.594087600708008,8.48263931274414,9.36679458618164,8.334293365478516,9.364900588989258,9.207964897155762,9.611730575561523,9.747383117675781,10.141566276550293,9.774118423461914,9.829483032226562,10.448250770568848,11.152820587158203,10.638063430786133,10.7626371383667,10.481414794921875,11.29488754272461,11.277960777282715,11.355775833129883,13.47875690460205,15.132342338562012,19.94278907775879,19.347875595092773,10.413877487182617
212,0.0,0.0009625146631151438,0.0019609606824815273,0.0040774173103272915,8.041662216186523,9.918746948242188,8.593734741210938,8.737621307373047,8.846792221069336,9.457266807556152,8.511719703674316,8.7207612991333,9.835564613342285,9.341682434082031,10.154823303222656,10.654316902160645,10.984281539916992,10.368559837341309,10.156473159790039,11.024194717407227,10.584874153137207,10.895604133605957,10.877452850341797,12.69501781463623,13.57051944732666,14.992513656616211,17.422542572021484,14.674821853637695,9.305975914001465
213,0.0,0.0009184159571304917,0.001833961345255375,0.003300061449408531,8.246134757995605,9.336701393127441,8.569999694824219,9.118195533752441,9.058011054992676,8.379060745239258,7.858856201171875,8.865219116210938,9.481871604919434,9.593548774719238,9.88464069366455,10.050654411315918,9.905463218688965,10.244614601135254,10.286641120910645,10.681660652160645,10.29220199584961,11.085196495056152,10.950401306152344,12.393625259399414,13.056468963623047,14.444696426391602,16.237741470336914,11.662442207336426,7.411704063415527
214,0.0,0.0009682750096544623,0.001986636547371745,0.003990989178419113,8.55670166015625,10.027264595031738,8.655399322509766,9.093765258789062,9.013155937194824,8.682594299316406,8.790133476257324,9.348645210266113,9.971148490905762,10.118008613586426,9.920778274536133,10.204541206359863,10.471094131469727,10.350481033325195,10.558926582336426,10.270456314086914,11.42758846282959,10.1825590133667,10.831930160522461,11.710373878479004,13.641207695007324,14.215448379516602,18.298500061035156,16.037799835205078,8.167415618896484
215,0.0,0.001006829901598394,0.0019159821094945073,0.003732364159077406,8.389357566833496,8.54562759399414,9.13580322265625,8.110940933227539,9.259045600891113,9.651102066040039,8.851282119750977,9.212799072265625,9.31525993347168,9.967529296875,9.70938491821289,10.954998016357422,10.088824272155762,10.166730880737305,10.879997253417969,10.482773780822754,11.158516883850098,10.121957778930664,12.181412696838379,11.458847045898438,13.902522087097168,14.399106979370117,17.36600112915039,13.553672790527344,7.631477355957031
216,0.0,0.001118990476243198,0.002380670513957739,0.00404929555952549,8.53988265991211,9.794078826904297,8.875113487243652,8.728877067565918,8.982264518737793,9.421199798583984,9.011796951293945,9.234268188476562,9.000134468078613,9.534158706665039,9.812827110290527,10.841384887695312,11.394461631774902,10.503523826599121,11.137710571289062,10.869793891906738,11.039071083068848,10.775483131408691,10.986715316772461,11.80835247039795,12.421969413757324,14.189122200012207,18.09800910949707,14.506871223449707,8.290658950805664
217,0.0,0.001051332801580429,0.001985977403819561,0.003733893623575568,8.548262596130371,9.620295524597168,9.102376937866211,8.743200302124023,9.191811561584473,8.626428604125977,9.415756225585938,8.719381332397461,9.228413581848145,10.033002853393555,10.001002311706543,10.27949047088623,10.848097801208496,10.327315330505371,10.430307388305664,10.588512420654297,10.914271354675293,11.1961030960083,11.138293266296387,12.432929992675781,13.444016456604004,14.332508087158203,17.941282272338867,16.54017448425293,13.165519714355469
218,0.0,0.0009099663584493101,0.0017242514295503497,0.0032646923791617155,8.6345853805542,8.2789945602417,8.856267929077148,9.50200366973877,8.711648941040039,9.014107704162598,8.933780670166016,8.360595703125,9.826071739196777,9.793622016906738,9.725634574890137,9.609475135803223,10.337528228759766,9.938528060913086,10.79220962524414,10.050615310668945,10.695454597473145,10.559526443481445,11.530254364013672,11.102151870727539,12.611105918884277,14.545231819152832,18.99397087097168,16.780874252319336,11.19216251373291
219,0.0,0.0010496934410184622,0.0020096253138035536,0.0036637086886912584,8.397629737854004,8.920654296875,9.082050323486328,9.22974681854248,9.338900566101074,8.990681648254395,9.150298118591309,9.248905181884766,8.767629623413086,9.903377532958984,10.14019775390625,10.386048316955566,10.70564079284668,10.723295211791992,11.765361785888672,10.82769775390625,11.328718185424805,10.50986385345459,10.67231273651123,11.716002464294434,12.958104133605957,13.59646224975586,16.7758846282959,13.066008567810059,8.524752616882324
220,0.0,0.001056291745044291,0.001998386112973094,0.003847423242405057,8.01839542388916,9.755400657653809,8.383158683776855,8.842225074768066,8.990830421447754,9.498844146728516,9.349601745605469,9.20823860168457,9.40020751953125,10.094579696655273,10.992133140563965,9.505715370178223,10.231314659118652,10.034244537353516,10.416037559509277,11.663928031921387,11.450892448425293,10.95116901397705,9.942130088806152,12.32614803314209,13.716676712036133,17.105239868164062,19.200090408325195,20.3328857421875,12.729368209838867
221,0.0,0.0009417438413947821,0.0018800788093358278,0.0037233757320791483,8.15774154663086,9.260494232177734,9.586221694946289,8.787884712219238,8.877608299255371,9.474879264831543,8.836064338684082,8.818751335144043,9.600883483886719,10.440566062927246,10.732978820800781,10.048309326171875,10.344341278076172,9.815540313720703,10.583012580871582,10.4586820602417,11.326957702636719,10.811275482177734,10.966690063476562,12.33434772491455,13.573930740356445,15.342986106872559,19.981218338012695,18.925790786743164,13.195926666259766
222,0.0,0.0009356767404824495,0.00186660117469728,0.003635464934632182,8.219718933105469,8.76658821105957,8.62574291229248,9.048054695129395,9.248828887939453,8.937904357910156,8.867770195007324,9.060935974121094,9.002851486206055,10.645742416381836,10.062572479248047,9.567399024963379,10.508910179138184,10.522211074829102,9.877092361450195,10.453303337097168,10.68190860748291,11.140578269958496,11.13180923461914,12.043497085571289,13.364562034606934,14.744162559509277,19.146408081054688,18.204626083374023,12.987285614013672
223,0.0,0.0010530611034482718,0.0021685243118554354,0.004183340352028608,8.148111343383789,8.8946533203125,9.128775596618652,8.653383255004883,9.430996894836426,8.854585647583008,8.53615951538086,9.374600410461426,10.01132869720459,10.37126636505127,9.424660682678223,10.996088981628418,10.157367706298828,11.141953468322754,10.530662536621094,10.64492130279541,10.738936424255371,10.484046936035156,11.306666374206543,11.979857444763184,12.999883651733398,13.945401191711426,18.817035675048828,17.410449981689453,10.39731216430664
224,0.0,0.0010254462249577045,0.002092157956212759,0.00433825608342886,8.353768348693848,9.361536026000977,9.202890396118164,9.144951820373535,9.339521408081055,8.421136856079102,8.124760627746582,9.234358787536621,10.400388717651367,9.326730728149414,10.189775466918945,10.06530475616455,10.913411140441895,10.449663162231445,11.071720123291016,11.037110328674316,10.858538627624512,11.091102600097656,10.875506401062012,12.011434555053711,13.386757850646973,15.642452239990234,19.25035285949707,16.659040451049805,9.783994674682617
225,0.0,0.0008984447340480983,0.0018362284172326326,0.0033768315333873034,8.191932678222656,9.093113899230957,8.763179779052734,9.06298542022705,9.418713569641113,8.939099311828613,8.86632251739502,9.736213684082031,9.953041076660156,8.972514152526855,10.257047653198242,9.002853393554688,10.416914939880371,10.018722534179688,10.84379768371582,9.254524230957031,10.91072940826416,11.116031646728516,10.238951683044434,12.050207138061523,13.3124418258667,14.012872695922852,15.812695503234863,13.826797485351562,9.685847282409668
226,0.0,0.0009423465235158801,0.0018530967645347118,0.003335185581818223,7.969393253326416,8.566656112670898,8.860176086425781,9.040743827819824,8.339037895202637,8.52811336517334,8.791003227233887,8.79239559173584,9.669641494750977,10.928842544555664,9.990147590637207,10.415797233581543,10.976150512695312,10.673222541809082,10.450820922851562,11.129890441894531,9.959196090698242,10.710142135620117,10.954401016235352,11.51186752319336,13.350334167480469,14.967965126037598,18.70625877380371,18.182477951049805,12.384699821472168
227,0.0,0.0009341393015347421,0.0018473694799467921,0.003552819602191448,8.582603454589844,8.595773696899414,9.587807655334473,8.343413352966309,9.076977729797363,8.582198143005371,9.058606147766113,8.579974174499512,9.868310928344727,10.315349578857422,9.976373672485352,10.058514595031738,10.737313270568848,9.267159461975098,11.11529541015625,10.331344604492188,11.218986511230469,10.674420356750488,11.648357391357422,11.075902938842773,13.562394142150879,14.57295036315918,17.573715209960938,16.011837005615234,11.265713691711426
228,0.0,0.0009776288643479347,0.001994813559576869,0.0036468864418566227,8.499005317687988,9.212878227233887,9.007675170898438,8.44817066192627,8.615167617797852,8.722492218017578,8.575916290283203,9.793686866760254,9.928699493408203,9.223895072937012,9.580924034118652,10.108705520629883,9.88233470916748,10.006567001342773,10.401789665222168,10.601009368896484,10.895684242248535,10.774720191955566,11.053028106689453,11.573211669921875,13.42348575592041,15.096902847290039,20.57021141052246,20.848386764526367,12.238873481750488
229,0.0,0.0008007233263924718,0.0015686220722272992,0.002780929673463106,8.43449592590332,8.688458442687988,8.991025924682617,8.7948637008667,9.53271484375,8.926648139953613,9.256587028503418,8.852004051208496,10.230921745300293,9.944167137145996,10.537762641906738,10.248703956604004,10.68891429901123,9.87002944946289,10.144007682800293,11.360336303710938,11.324235916137695,10.453193664550781,10.600395202636719,12.225412368774414,13.963823318481445,14.163938522338867,16.19610023498535,11.646588325500488,8.842162132263184
230,0.0,0.0009220236097462475,0.001911038183607161,0.0037339201662689447,8.263249397277832,9.0126371383667,8.837390899658203,9.175748825073242,8.76429557800293,9.359515190124512,8.724750518798828,8.91805648803711,9.55392837524414,9.816152572631836,11.342334747314453,10.476884841918945,9.981450080871582,9.880942344665527,10.7254056930542,11.514405250549316,11.129340171813965,10.415482521057129,11.015748023986816,12.225436210632324,12.389435768127441,15.03857135772705,19.791465759277344,16.66761016845703,11.328235626220703
231,0.0,0.0010888269171118736,0.002046978799626231,0.003493986325338483,8.577746391296387,9.158942222595215,9.009160041809082,8.618885040283203,8.258665084838867,8.475724220275879,8.08489990234375,8.433557510375977,9.855246543884277,9.617071151733398,10.002069473266602,10.037369728088379,10.055296897888184,10.647518157958984,10.863621711730957,10.674976348876953,11.116500854492188,11.98792839050293,11.263228416442871,11.41907024383545,12.827664375305176,13.57239055633545,18.362625122070312,16.342647552490234,10.331899642944336
232,0.0,0.0011095174122601748,0.002070971531793475,0.0038274279795587063,8.422547340393066,8.988330841064453,8.534114837646484,8.75240707397461,8.841794967651367,9.350273132324219,8.72662353515625,9.835169792175293,10.103596687316895,10.757428169250488,10.364591598510742,10.338523864746094,10.50984001159668,11.207263946533203,10.759549140930176,10.071873664855957,11.19217586517334,11.291369438171387,10.663778305053711,11.47763729095459,12.859073638916016,14.44164752960205,18.399444580078125,16.69802474975586,11.781329154968262
233,0.0,0.0009914146503433585,0.0019475131994113326,0.0034775855019688606,8.770557403564453,8.347801208496094,9.159684181213379,8.855935096740723,9.013035774230957,9.122673034667969,9.259225845336914,9.013049125671387,10.12077522277832,10.218710899353027,10.275485038757324,10.82546329498291,10.372807502746582,10.374579429626465,10.423149108886719,10.277567863464355,11.514786720275879,11.429322242736816,12.03183650970459,12.570364952087402,14.37231731414795,15.319907188415527,19.148958206176758,16.87460708618164,12.660684585571289
234,0.0,0.0009481019806116819,0.0018743666587397456,0.003735880134627223,8.330775260925293,8.50333023071289,8.608475685119629,9.481722831726074,9.372291564941406,8.717766761779785,9.1981782913208,9.374567985534668,10.004246711730957,10.52480411529541,9.707965850830078,9.564644813537598,9.596918106079102,9.990935325622559,11.655889511108398,10.312946319580078,10.58318042755127,11.34229564666748,10.166084289550781,11.974642753601074,14.075870513916016,15.070420265197754,18.515548706054688,17.21255874633789,12.659623146057129
235,0.0,0.0008648768998682499,0.0016159203369170427,0.0028017780277878046,8.796548843383789,8.56008529663086,8.90782642364502,8.294947624206543,8.993021965026855,9.218844413757324,8.315839767456055,9.654956817626953,9.746484756469727,10.233464241027832,10.346498489379883,9.456038475036621,10.55350399017334,10.576522827148438,10.740135192871094,10.90170955657959,10.8590087890625,10.732254981994629,11.328808784484863,11.933049201965332,13.124885559082031,13.839268684387207,17.76801300048828,12.991877555847168,10.486076354980469
