,layer_1,layer_2,layer_3,layer_4,layer_5,layer_6,layer_7,layer_8,layer_9,layer_10,layer_11,layer_12,layer_13,layer_14,layer_15,layer_16,layer_17,layer_18,layer_19,layer_20,layer_21,layer_22,layer_23,layer_24,layer_25,layer_26,layer_27,layer_28,layer_29
0,0.0,0.025388291105628014,0.10036320239305496,0.24383433163166046,1.111251711845398,2.2255630493164062,2.657329797744751,3.113924026489258,3.193552017211914,4.2918291091918945,5.863438606262207,8.855923652648926,9.276289939880371,11.294062614440918,13.134696006774902,13.608375549316406,20.713306427001953,21.807819366455078,23.229957580566406,24.765769958496094,31.126319885253906,38.40000915527344,59.285091400146484,80.27259826660156,132.0565643310547,184.98040771484375,262.7170715332031,441.98602294921875,427.9559631347656
1,0.0,0.021451609209179878,0.08328906446695328,0.21895256638526917,1.0244656801223755,2.122391939163208,2.424360513687134,2.7856109142303467,2.8681299686431885,4.11284875869751,5.364860534667969,7.804640769958496,8.712738990783691,9.739693641662598,10.817451477050781,10.68070125579834,15.49107551574707,17.657926559448242,18.06292152404785,19.27930450439453,26.31650733947754,31.98798942565918,50.23101043701172,70.3685531616211,114.5035400390625,186.50279235839844,251.46902465820312,452.12432861328125,467.3026428222656
2,0.0,0.02799726463854313,0.11427692323923111,0.27770233154296875,1.1891272068023682,2.327549934387207,2.759326696395874,3.214268445968628,3.479076385498047,4.9249725341796875,6.482329845428467,9.94642162322998,11.211484909057617,12.846321105957031,15.203584671020508,14.376443862915039,23.2984619140625,24.39143943786621,25.88585662841797,24.66305923461914,31.58270835876465,38.084712982177734,60.77608871459961,75.67427825927734,107.74285888671875,162.36245727539062,238.1758575439453,447.5337219238281,376.7814636230469
3,0.0,0.029464038088917732,0.11749579012393951,0.29236850142478943,1.304650902748108,2.3471286296844482,2.736940622329712,3.479645252227783,3.7638189792633057,5.377569675445557,6.78354024887085,9.502213478088379,11.340883255004883,15.11881160736084,15.897143363952637,16.392736434936523,27.43598175048828,28.00100326538086,29.33861541748047,30.178607940673828,38.040283203125,51.0464973449707,81.29166412353516,112.05748748779297,154.17271423339844,237.9233856201172,357.07379150390625,519.7479248046875,544.9131469726562
4,0.0,0.03263084962964058,0.12963633239269257,0.35488924384117126,1.2790135145187378,2.5593783855438232,3.0894203186035156,3.6933507919311523,3.9691195487976074,5.043056964874268,6.8747172355651855,11.371488571166992,11.80691146850586,14.833924293518066,16.834205627441406,17.019691467285156,26.193958282470703,29.8309268951416,27.37673568725586,31.56158447265625,39.849300384521484,44.666141510009766,68.24968719482422,98.60855102539062,143.82797241210938,218.94992065429688,305.95953369140625,559.581787109375,531.9331665039062
5,0.0,0.021456710994243622,0.08014743775129318,0.21149267256259918,1.0062335729599,1.9399209022521973,2.250117778778076,2.5383620262145996,3.0187809467315674,3.876002788543701,5.390283107757568,7.807929992675781,9.035940170288086,9.945291519165039,11.611916542053223,11.045771598815918,15.52419376373291,17.492992401123047,17.75067901611328,18.64409828186035,25.829360961914062,31.37123680114746,48.28165817260742,73.70429992675781,112.58708953857422,173.1934814453125,221.9132843017578,399.2854309082031,414.773193359375
6,0.0,0.02170003205537796,0.08029846847057343,0.20760288834571838,1.0309739112854004,2.1406593322753906,2.599104642868042,2.994279146194458,3.01265811920166,4.173644542694092,5.599910259246826,7.827279567718506,9.116766929626465,9.863922119140625,11.050631523132324,11.967330932617188,16.58163070678711,18.80474090576172,18.900161743164062,19.989538192749023,28.64327049255371,36.18914794921875,53.047691345214844,73.34854888916016,106.80517578125,170.67068481445312,231.75428771972656,442.08709716796875,435.0494079589844
7,0.0,0.03352376073598862,0.13710208237171173,0.37296274304389954,1.3920172452926636,2.5911505222320557,3.2727859020233154,3.7567641735076904,4.025911331176758,5.7762064933776855,7.668637275695801,11.158832550048828,12.71819019317627,13.541072845458984,17.40719223022461,18.514692306518555,27.923919677734375,34.2430419921875,33.37358474731445,32.7335205078125,46.66791915893555,49.17704772949219,79.30411529541016,122.93672943115234,158.25631713867188,252.91786193847656,388.7898254394531,675.200439453125,573.025390625
8,0.0,0.035708021372556686,0.14907105267047882,0.3812294602394104,1.5351706743240356,2.6478970050811768,3.386932373046875,3.89553165435791,4.28812313079834,6.41556978225708,8.562406539916992,13.466175079345703,13.37003231048584,16.398653030395508,19.183561325073242,18.118078231811523,30.42090606689453,36.36500549316406,33.13685607910156,35.29887390136719,43.34090042114258,48.1915397644043,80.45608520507812,104.72320556640625,146.16238403320312,221.87875366210938,320.4797058105469,576.8605346679688,484.038818359375
9,0.0,0.02870679460465908,0.11671433597803116,0.2987408936023712,1.191994547843933,2.3390092849731445,2.778430461883545,3.2972567081451416,3.405463933944702,4.931454181671143,6.4785685539245605,8.998180389404297,9.941283226013184,12.071722030639648,14.228200912475586,13.618955612182617,20.28606605529785,23.526586532592773,24.33438491821289,22.912992477416992,31.668054580688477,32.706050872802734,62.623931884765625,75.60030364990234,119.76563262939453,157.97872924804688,256.3179016113281,450.142578125,392.7809143066406
10,0.0,0.027305305004119873,0.12461359053850174,0.2948530316352844,1.2297307252883911,2.260071277618408,2.868992328643799,3.488136053085327,3.566084146499634,4.77114200592041,6.542519569396973,9.934185028076172,10.175113677978516,12.169548988342285,15.27772045135498,14.796198844909668,20.808494567871094,20.548442840576172,22.92634391784668,22.7426815032959,29.523834228515625,39.217376708984375,55.814212799072266,81.03564453125,113.92523193359375,183.13978576660156,244.57286071777344,445.1067810058594,470.49407958984375
11,0.0,0.029501808807253838,0.11555127799510956,0.2955458462238312,1.273996114730835,2.383404493331909,2.929154872894287,3.533534288406372,3.7633907794952393,5.248032569885254,6.662312030792236,9.940047264099121,11.161967277526855,13.673460960388184,15.975150108337402,14.809537887573242,23.24549102783203,24.446727752685547,24.746915817260742,25.7036075592041,34.93270492553711,40.939537048339844,56.22109603881836,75.37171173095703,116.01725006103516,199.3169708251953,262.29718017578125,479.9097900390625,396.08221435546875
12,0.0,0.028422290459275246,0.11761762201786041,0.29981720447540283,1.2557706832885742,2.3981785774230957,2.846771717071533,3.280836820602417,3.637000560760498,4.982295036315918,6.429652690887451,10.438849449157715,12.588468551635742,14.00009822845459,14.981077194213867,14.91727066040039,22.56690788269043,24.829387664794922,23.93014907836914,28.68475341796875,34.511112213134766,41.6580696105957,65.69512176513672,94.88740539550781,133.04983520507812,211.3646697998047,283.701416015625,503.2647705078125,432.725341796875
13,0.0,0.03127391263842583,0.12179487198591232,0.31569787859916687,1.260801076889038,2.3275980949401855,2.958271026611328,3.367070436477661,3.546729326248169,5.560475826263428,6.222619533538818,9.78421688079834,11.031135559082031,12.934776306152344,14.200299263000488,14.091546058654785,19.50579261779785,21.614742279052734,21.432323455810547,22.314348220825195,31.326080322265625,41.855323791503906,59.174861907958984,84.3333969116211,146.3851318359375,201.01150512695312,308.03277587890625,537.2991333007812,519.741455078125
14,0.0,0.03210669010877609,0.12713351845741272,0.30002766847610474,1.313348650932312,2.397414445877075,3.0917346477508545,3.7198219299316406,4.069537162780762,5.628880023956299,6.653848171234131,10.834676742553711,12.073918342590332,14.196086883544922,14.930057525634766,16.394922256469727,23.128347396850586,24.627954483032227,24.693336486816406,28.243375778198242,40.26740646362305,48.11479187011719,81.37694549560547,120.91641235351562,174.53814697265625,266.7087097167969,336.0475158691406,629.5327758789062,648.1018676757812
15,0.0,0.035133957862854004,0.12877336144447327,0.3384731709957123,1.2957385778427124,2.549684524536133,3.234222412109375,3.7499289512634277,3.983513116836548,5.616696357727051,7.767134189605713,11.187774658203125,13.396459579467773,15.04642391204834,20.621723175048828,19.52700424194336,30.311786651611328,32.71638488769531,31.841604232788086,40.01677322387695,38.40305709838867,45.89252471923828,67.53138732910156,81.60005187988281,119.11306762695312,192.74551391601562,258.61956787109375,481.7343444824219,323.4848327636719
16,0.0,0.03168744966387749,0.12946417927742004,0.31684359908103943,1.209684133529663,2.4777047634124756,2.8520843982696533,3.8013672828674316,3.734365940093994,5.376278400421143,7.199052810668945,10.913225173950195,13.240049362182617,16.890188217163086,17.871278762817383,17.007335662841797,25.744606018066406,26.21334457397461,27.976512908935547,29.772520065307617,39.804466247558594,52.44688034057617,82.36454772949219,119.144287109375,190.8338623046875,257.5244140625,361.57769775390625,562.348388671875,622.602783203125
17,0.0,0.022425496950745583,0.09118621051311493,0.22430601716041565,1.0189399719238281,2.0917751789093018,2.271157741546631,3.0426559448242188,3.0579521656036377,4.249224662780762,5.659298896789551,8.391538619995117,9.8812894821167,11.377302169799805,11.995457649230957,11.712183952331543,17.40976333618164,18.499834060668945,17.807538986206055,18.739702224731445,27.40711212158203,31.876283645629883,53.557212829589844,75.17589569091797,100.66415405273438,168.74903869628906,238.5561981201172,383.4112548828125,410.76959228515625
18,0.0,0.028586773201823235,0.13595876097679138,0.3026712238788605,1.2312407493591309,2.39347767829895,2.856766700744629,3.2963833808898926,3.4203200340270996,4.9634013175964355,6.907190799713135,10.102063179016113,11.0394868850708,12.946721076965332,16.073135375976562,15.167694091796875,23.109376907348633,23.93305206298828,26.027219772338867,27.240821838378906,39.35698699951172,44.717002868652344,72.89264678955078,106.25836181640625,154.2041015625,249.12611389160156,331.5509948730469,576.0578002929688,552.59912109375
19,0.0,0.026776181533932686,0.112276092171669,0.25248923897743225,1.2256826162338257,2.255990743637085,2.7941813468933105,3.5114665031433105,3.452976703643799,4.801227569580078,6.4371795654296875,9.908869743347168,11.131637573242188,13.347890853881836,15.088092803955078,13.843735694885254,20.81898307800293,23.091838836669922,23.903629302978516,24.535362243652344,34.75738525390625,39.89155197143555,64.81255340576172,92.82864379882812,138.09744262695312,203.80747985839844,296.9523620605469,526.77001953125,454.3938293457031
20,0.0,0.03037526085972786,0.1268753558397293,0.3312484920024872,1.3444507122039795,2.39406156539917,2.7587153911590576,3.443477153778076,3.632035970687866,4.921291351318359,7.199791431427002,10.74440860748291,11.893658638000488,14.83953857421875,19.48799705505371,18.10059928894043,27.359466552734375,29.356050491333008,30.791412353515625,32.01392364501953,37.088218688964844,45.559417724609375,67.20940399169922,91.02375793457031,118.85652160644531,193.19798278808594,252.9855499267578,438.8985900878906,373.67578125
21,0.0,0.03494890406727791,0.1534922868013382,0.38464632630348206,1.4073243141174316,2.5896968841552734,3.563927173614502,4.071455478668213,4.383580207824707,5.853008270263672,7.451123237609863,11.814475059509277,12.490625381469727,15.850626945495605,17.689563751220703,17.219755172729492,25.57685661315918,30.95212173461914,26.078739166259766,32.70829391479492,35.636573791503906,40.15645217895508,57.189125061035156,76.30186462402344,107.10842895507812,177.37271118164062,257.7036437988281,454.1414489746094,358.04388427734375
22,0.0,0.03158729523420334,0.12900230288505554,0.3133445680141449,1.187180757522583,2.4319076538085938,2.8478004932403564,3.522538423538208,3.758481025695801,5.255701541900635,6.813894271850586,9.631823539733887,10.453914642333984,13.584649085998535,14.615362167358398,15.759809494018555,21.516357421875,23.252628326416016,24.62619972229004,21.81588363647461,30.051963806152344,34.18683624267578,54.28723907470703,74.47914123535156,107.29736328125,165.86155700683594,242.64024353027344,453.3204345703125,368.4949035644531
23,0.0,0.03258918598294258,0.14786212146282196,0.34700024127960205,1.2509287595748901,2.502747058868408,3.1534204483032227,3.584347724914551,4.205079078674316,5.474541664123535,7.614984035491943,11.788313865661621,11.878942489624023,14.324058532714844,17.417978286743164,16.134553909301758,25.9351863861084,29.88788414001465,28.347007751464844,29.73125648498535,39.23704147338867,49.53001022338867,79.77814483642578,99.49339294433594,147.54197692871094,236.32725524902344,357.952880859375,602.1846923828125,557.9607543945312
24,0.0,0.019778842106461525,0.08540322631597519,0.1831640750169754,0.9988829493522644,2.0724027156829834,2.2854979038238525,2.921818733215332,2.931119203567505,4.003636837005615,4.951214790344238,7.071432113647461,7.74812126159668,9.503682136535645,11.219884872436523,12.068235397338867,16.19985008239746,20.14756965637207,20.522750854492188,22.0284481048584,25.45952033996582,33.73954772949219,54.55293273925781,72.25439453125,105.68720245361328,157.82101440429688,228.82907104492188,378.8152770996094,374.72271728515625
25,0.0,0.018121153116226196,0.07093842327594757,0.16377584636211395,0.9071057438850403,1.873695969581604,2.280327796936035,2.5942399501800537,2.791221857070923,3.7924723625183105,4.720916271209717,7.090354919433594,7.851343631744385,8.920778274536133,9.996818542480469,9.309478759765625,13.108264923095703,13.621291160583496,14.33116626739502,15.846243858337402,21.122844696044922,24.609786987304688,42.932151794433594,56.185298919677734,87.01094818115234,116.69374084472656,187.99557495117188,355.4417419433594,352.8496398925781
26,0.0,0.03929159790277481,0.1675347536802292,0.3959488272666931,1.4958038330078125,2.796593427658081,3.6642708778381348,4.112155437469482,4.589197635650635,6.584400653839111,8.555447578430176,12.50404167175293,14.587687492370605,16.237470626831055,18.989025115966797,18.132339477539062,27.932025909423828,30.598628997802734,30.516752243041992,33.737796783447266,43.54327392578125,45.6312141418457,70.9743423461914,103.55717468261719,143.1197509765625,246.1620330810547,308.77606201171875,628.39990234375,494.1484680175781
27,0.0,0.03108334168791771,0.12521031498908997,0.3090934455394745,1.2521613836288452,2.3396520614624023,3.0017426013946533,3.531999111175537,3.765169858932495,5.648648262023926,6.9614577293396,11.094991683959961,10.716384887695312,14.019552230834961,16.4920597076416,16.595521926879883,23.273950576782227,25.838787078857422,24.76280975341797,27.061626434326172,35.86709213256836,38.362571716308594,59.73747253417969,78.61494445800781,120.51531982421875,185.0243682861328,255.8554229736328,450.2150573730469,362.05926513671875
28,0.0,0.04100919887423515,0.17247501015663147,0.4089457094669342,1.49551522731781,2.9608571529388428,3.405092239379883,4.087878227233887,4.666426181793213,6.144398212432861,8.767189979553223,12.62139892578125,15.128032684326172,17.12459373474121,21.060977935791016,21.910358428955078,34.12849807739258,38.33765411376953,40.80160903930664,47.26688003540039,54.615604400634766,56.75414276123047,85.76065063476562,117.27490997314453,164.50563049316406,251.40113830566406,318.13201904296875,586.21240234375,433.556396484375
29,0.0,0.02880418486893177,0.11318085342645645,0.3158106803894043,1.243976354598999,2.5464882850646973,2.737271308898926,3.1381094455718994,3.642404079437256,5.1606340408325195,7.009298324584961,10.911189079284668,11.231352806091309,13.961559295654297,17.713594436645508,17.023771286010742,24.660297393798828,26.53725242614746,26.696985244750977,30.011474609375,32.90264892578125,41.00414276123047,66.49640655517578,90.51158905029297,142.85079956054688,203.6891326904297,283.7235107421875,521.6632080078125,420.15740966796875
30,0.0,0.03409221023321152,0.1334162950515747,0.35750165581703186,1.3782495260238647,2.5163962841033936,3.1364126205444336,3.7803778648376465,4.195346832275391,5.10219144821167,7.331687927246094,11.696215629577637,12.637049674987793,16.74410057067871,18.86716079711914,20.138858795166016,30.851839065551758,30.153488159179688,32.98557662963867,36.23147964477539,41.74264144897461,46.25648498535156,68.43653106689453,84.73881530761719,113.73489379882812,181.29354858398438,247.56832885742188,478.0409851074219,354.0367736816406
31,0.0,0.023211440071463585,0.09231783449649811,0.2262948751449585,1.0241812467575073,2.114499568939209,2.5147247314453125,2.9401142597198486,3.249626636505127,4.420224666595459,5.427648067474365,8.074350357055664,9.443501472473145,10.988126754760742,12.562808990478516,13.048635482788086,18.444175720214844,21.52986717224121,21.257274627685547,23.62810707092285,31.47969627380371,37.256595611572266,63.31792449951172,85.95808410644531,117.21552276611328,177.75816345214844,258.3005065917969,355.53436279296875,372.8724670410156
32,0.0,0.03207974135875702,0.13877448439598083,0.36823853850364685,1.3595962524414062,2.6730165481567383,3.402409315109253,3.7360622882843018,4.093676567077637,5.629307746887207,8.024564743041992,11.633718490600586,12.941625595092773,16.44259262084961,18.58536720275879,19.267986297607422,29.478004455566406,33.209110260009766,32.342777252197266,36.9847297668457,41.84315490722656,51.670494079589844,77.45052337646484,111.67516326904297,143.94088745117188,230.74244689941406,310.5088806152344,586.5536499023438,474.2725830078125
33,0.0,0.03443668782711029,0.15160678327083588,0.3354211747646332,1.3558772802352905,2.735675811767578,3.4637868404388428,3.9745657444000244,4.239329814910889,5.937239170074463,8.361620903015137,11.591473579406738,13.713150024414062,16.2080078125,19.709087371826172,19.26232147216797,30.24928092956543,30.83553695678711,33.45419692993164,36.311378479003906,41.28518295288086,43.93798828125,61.27346420288086,84.5604019165039,107.0604248046875,160.98458862304688,223.32254028320312,462.0150146484375,311.00445556640625
34,0.0,0.036259669810533524,0.14910757541656494,0.3756929636001587,1.4034830331802368,2.691586494445801,3.4616613388061523,3.933563470840454,4.271589756011963,5.9756317138671875,8.156332015991211,13.153066635131836,13.963557243347168,17.715641021728516,19.90446662902832,21.1025447845459,32.20939254760742,38.43121337890625,35.599002838134766,37.93726348876953,41.40393829345703,48.50714111328125,72.97715759277344,103.50944519042969,149.4705352783203,223.82476806640625,306.5756530761719,568.5805053710938,459.298095703125
35,0.0,0.036418039351701736,0.1583806872367859,0.4071580171585083,1.4848860502243042,2.749943494796753,3.4798810482025146,3.810037851333618,4.484560012817383,6.196709156036377,8.07341194152832,13.747169494628906,14.100648880004883,17.68418312072754,19.378137588500977,19.0615234375,29.045326232910156,34.88840103149414,36.72968673706055,36.603981018066406,53.33310317993164,57.183143615722656,97.45216369628906,136.94317626953125,180.50148010253906,287.2407531738281,420.930419921875,689.5507202148438,617.2466430664062
36,0.0,0.04120064899325371,0.17772622406482697,0.44371724128723145,1.6068940162658691,2.7196640968322754,3.649928331375122,4.331254005432129,4.207751750946045,6.29288387298584,8.219195365905762,12.879843711853027,14.796154975891113,17.08989143371582,23.035982131958008,22.638824462890625,34.01132583618164,40.24678421020508,41.896236419677734,43.03050994873047,57.45076370239258,61.36573791503906,101.35975646972656,116.58489990234375,193.9136962890625,300.2581481933594,395.5868225097656,633.3162841796875,539.1968994140625
37,0.0,0.0281254593282938,0.11731968820095062,0.309231162071228,1.2411209344863892,2.470414638519287,3.1426525115966797,3.4271724224090576,3.6907765865325928,5.240338325500488,7.237668037414551,10.156039237976074,12.247376441955566,12.977877616882324,17.437746047973633,15.595377922058105,24.359237670898438,25.923791885375977,26.852937698364258,30.094114303588867,37.42974853515625,41.310401916503906,57.567298889160156,77.75139617919922,119.04714965820312,177.31027221679688,234.84359741210938,477.8186340332031,387.06671142578125
38,0.0,0.023912210017442703,0.09492231160402298,0.2509078085422516,1.066439151763916,2.18243145942688,2.569768190383911,3.041212558746338,3.2233471870422363,4.53371000289917,6.107364654541016,8.780043601989746,9.5311861038208,10.932137489318848,13.253480911254883,13.60853099822998,17.461740493774414,21.109071731567383,18.410114288330078,20.742612838745117,27.249223709106445,35.34828186035156,56.41982650756836,79.99433898925781,123.10786437988281,196.0849151611328,256.5885009765625,437.57733154296875,480.4886474609375
39,0.0,0.024466130882501602,0.09698709100484848,0.24296484887599945,1.059342622756958,2.0969507694244385,2.3504319190979004,2.9841880798339844,3.284844398498535,4.417466163635254,5.679121494293213,8.504216194152832,9.764063835144043,9.762545585632324,12.29134464263916,11.672245025634766,16.793502807617188,19.480527877807617,19.923017501831055,20.35616111755371,30.541200637817383,40.95292663574219,71.05866241455078,94.76763153076172,143.55259704589844,265.4291687011719,323.6331481933594,568.0852661132812,562.245361328125
40,0.0,0.03175961598753929,0.13126154243946075,0.35285404324531555,1.3198091983795166,2.700796604156494,3.1816861629486084,3.7824599742889404,3.9323813915252686,5.503972053527832,7.379176616668701,10.498751640319824,12.539847373962402,15.098030090332031,18.70152473449707,17.152935028076172,24.836122512817383,27.241161346435547,30.84092140197754,31.235559463500977,40.050392150878906,53.006752014160156,79.16141510009766,113.61910247802734,171.61703491210938,260.1958312988281,388.92633056640625,680.9948120117188,557.6369018554688
41,0.0,0.02606607973575592,0.10437328368425369,0.2591356635093689,1.159669041633606,2.1766104698181152,2.803407669067383,3.2710177898406982,3.363626003265381,4.579108715057373,6.102414608001709,8.727531433105469,10.310134887695312,11.563282012939453,13.804556846618652,13.301619529724121,17.91680335998535,19.089641571044922,21.101970672607422,23.011852264404297,30.233232498168945,34.49605941772461,51.87458419799805,75.1889419555664,114.9415512084961,177.07699584960938,235.11070251464844,438.0476989746094,389.9432678222656
42,0.0,0.03057851456105709,0.12178163975477219,0.3173476755619049,1.219490647315979,2.5440120697021484,3.07807993888855,3.5158801078796387,4.123076438903809,5.25050687789917,6.841517925262451,10.771373748779297,11.41222858428955,14.499305725097656,17.69963836669922,18.164854049682617,27.154762268066406,31.151142120361328,31.568485260009766,34.073062896728516,46.52286148071289,51.82744598388672,78.92314910888672,98.22626495361328,145.9043731689453,228.0443572998047,322.1815490722656,531.3052978515625,456.32928466796875
43,0.0,0.033660370856523514,0.1405487060546875,0.3833434581756592,1.3864275217056274,2.4821784496307373,3.350147247314453,3.9995973110198975,4.287319183349609,5.817974090576172,7.2887959480285645,12.04858684539795,12.72203540802002,15.208639144897461,19.341365814208984,19.132986068725586,27.8227596282959,31.087024688720703,32.76443862915039,33.78616714477539,43.05657958984375,44.19954299926758,63.42356491088867,85.33395385742188,113.5970687866211,178.33375549316406,244.58616638183594,474.72515869140625,325.8286437988281
44,0.0,0.029098214581608772,0.12031771242618561,0.33514606952667236,1.2206249237060547,2.269127607345581,2.9732413291931152,3.3532891273498535,3.7233476638793945,5.273587703704834,7.289820671081543,10.847918510437012,12.405628204345703,14.732549667358398,16.571996688842773,17.012657165527344,26.769224166870117,26.775651931762695,28.61225128173828,28.560501098632812,39.074405670166016,47.84461212158203,72.95531463623047,111.95463562011719,154.01962280273438,249.8316192626953,311.7489013671875,529.3201293945312,548.8640747070312
45,0.0,0.03169034793972969,0.13197681307792664,0.32727888226509094,1.302598476409912,2.361764669418335,3.055643320083618,3.58156156539917,3.947831869125366,5.384494304656982,6.894302845001221,11.116037368774414,13.080120086669922,13.906655311584473,18.07996940612793,16.821929931640625,23.016704559326172,27.773670196533203,28.17113494873047,29.03183364868164,36.61696243286133,41.14741516113281,61.6309700012207,83.22052001953125,124.32563781738281,192.81451416015625,285.65692138671875,584.3193969726562,467.7014465332031
46,0.0,0.033276673406362534,0.13462886214256287,0.34013763070106506,1.2593480348587036,2.5825929641723633,2.9920737743377686,3.4108736515045166,3.746882438659668,5.1938982009887695,7.1715192794799805,11.125896453857422,12.24072551727295,14.52914047241211,18.104625701904297,16.279985427856445,23.91433334350586,25.57749366760254,28.779680252075195,28.82965660095215,40.16307830810547,43.02119064331055,68.75752258300781,91.90998077392578,136.27874755859375,192.33575439453125,281.5820617675781,497.55401611328125,467.0176086425781
47,0.0,0.024559983983635902,0.09520543366670609,0.25592419505119324,1.1242913007736206,2.1749985218048096,2.6762232780456543,3.0898313522338867,3.2244913578033447,4.503166198730469,5.827718257904053,8.457709312438965,9.477378845214844,11.056264877319336,12.23808479309082,12.531776428222656,16.810043334960938,19.430299758911133,21.7056827545166,22.20826530456543,28.834522247314453,34.76652526855469,55.725250244140625,72.26744842529297,103.30111694335938,153.09947204589844,229.1475067138672,474.90911865234375,428.4046325683594
48,0.0,0.026523325592279434,0.10522174835205078,0.26475176215171814,1.0692200660705566,2.244647741317749,2.716840982437134,3.04890775680542,3.4325029850006104,4.531688690185547,5.624907493591309,8.510834693908691,9.334909439086914,11.411680221557617,14.1405611038208,13.963010787963867,21.12565803527832,23.63454246520996,25.559309005737305,25.585006713867188,30.424009323120117,31.22890853881836,48.84518051147461,66.1632080078125,95.5790023803711,146.09115600585938,196.5528564453125,423.2346496582031,326.9610290527344
49,0.0,0.03488114848732948,0.14845624566078186,0.3535149395465851,1.4238919019699097,2.5164642333984375,3.2843501567840576,3.950561761856079,3.8645923137664795,6.175097942352295,7.638147830963135,11.760506629943848,13.073297500610352,14.967782974243164,17.73403549194336,17.95363426208496,25.78200912475586,27.693727493286133,28.850072860717773,28.441896438598633,37.00679397583008,38.02870178222656,59.29764938354492,83.123291015625,119.1619873046875,177.39926147460938,249.86428833007812,552.243896484375,424.462890625
50,0.0,0.018515368923544884,0.08173903077840805,0.17699959874153137,0.9284694194793701,1.9478507041931152,2.2723517417907715,2.700045108795166,2.7495217323303223,4.091816425323486,4.738874435424805,6.8261895179748535,8.118945121765137,9.053596496582031,10.257813453674316,11.12009048461914,14.231000900268555,16.508665084838867,17.730974197387695,17.94005584716797,26.5108642578125,35.98993682861328,55.1454963684082,80.63031768798828,118.85950469970703,187.78807067871094,258.576416015625,410.0406188964844,448.4064636230469
51,0.0,0.03279072046279907,0.1366710662841797,0.3513762354850769,1.3616260290145874,2.606362819671631,3.3610308170318604,3.7223708629608154,3.8632144927978516,5.612739562988281,7.715291500091553,10.546074867248535,13.321958541870117,14.826623916625977,17.127592086791992,18.58136749267578,25.92180633544922,29.688220977783203,29.418800354003906,29.525888442993164,43.507469177246094,46.56777572631836,72.27214050292969,105.11870574951172,152.79702758789062,240.29176330566406,322.5216979980469,572.7672729492188,468.35784912109375
52,0.0,0.026828758418560028,0.1138405054807663,0.276115745306015,1.191606879234314,2.3069875240325928,2.9232017993927,3.3688180446624756,3.578542947769165,4.8757171630859375,6.04242467880249,10.185846328735352,10.78665542602539,13.164207458496094,15.263407707214355,14.611627578735352,20.00128936767578,23.61851692199707,23.151975631713867,25.262306213378906,28.47359848022461,37.685394287109375,54.97148513793945,68.46983337402344,108.15428924560547,156.78042602539062,229.72589111328125,447.7782287597656,317.3020324707031
53,0.0,0.02268967218697071,0.079566091299057,0.2023000866174698,0.9876864552497864,2.0819332599639893,2.4645354747772217,2.692706823348999,3.1359848976135254,4.271823883056641,5.254051208496094,7.894428253173828,8.933783531188965,10.170391082763672,11.59605598449707,11.710432052612305,16.854677200317383,18.37978744506836,18.075454711914062,19.357757568359375,25.54932975769043,30.930007934570312,48.05875778198242,68.9128646850586,99.71331787109375,151.1246337890625,216.4494171142578,383.49151611328125,349.6174621582031
54,0.0,0.048608411103487015,0.21344852447509766,0.5173397064208984,1.7220278978347778,3.3505172729492188,3.8728814125061035,4.814460277557373,5.298708438873291,7.460559844970703,10.11080551147461,14.29209041595459,17.800649642944336,20.810993194580078,25.373802185058594,25.392868041992188,38.69568634033203,45.505680084228516,46.35711669921875,48.150203704833984,57.034481048583984,67.4026107788086,97.30892944335938,132.09666442871094,190.61416625976562,271.6671447753906,416.0249938964844,710.4688110351562,491.1376647949219
55,0.0,0.03651808202266693,0.15742942690849304,0.37876296043395996,1.3833224773406982,2.5953474044799805,3.3240549564361572,3.897477865219116,4.186800003051758,5.906286239624023,8.511313438415527,12.202131271362305,15.014857292175293,16.909730911254883,19.763145446777344,18.768442153930664,30.636869430541992,32.41368103027344,32.990318298339844,40.928977966308594,39.7021484375,46.2699089050293,76.22789764404297,90.34574127197266,140.4491729736328,206.42832946777344,263.30908203125,496.01507568359375,384.60968017578125
56,0.0,0.031533293426036835,0.13764585554599762,0.3088754713535309,1.3461461067199707,2.62646746635437,3.096845865249634,3.643254518508911,3.847461462020874,5.879807472229004,7.382936954498291,11.341452598571777,12.416606903076172,15.034924507141113,18.36191749572754,16.302248001098633,25.431703567504883,28.789634704589844,27.888216018676758,31.254138946533203,43.10982131958008,47.826873779296875,76.01593017578125,105.53617095947266,159.05767822265625,237.42984008789062,352.64208984375,619.8456420898438,486.08074951171875
57,0.0,0.027287838980555534,0.11050554364919662,0.2502902150154114,1.080655813217163,2.2880685329437256,2.6966631412506104,3.19040846824646,3.486799716949463,4.889462947845459,6.505387783050537,9.422541618347168,11.10098648071289,11.638736724853516,14.725476264953613,13.87302017211914,21.469385147094727,24.8652286529541,23.991661071777344,26.803489685058594,35.803794860839844,42.18910217285156,64.68470764160156,92.46414184570312,151.03167724609375,205.42425537109375,292.9075927734375,501.43157958984375,479.28277587890625
58,0.0,0.02742198295891285,0.10159284621477127,0.25401541590690613,1.1385712623596191,2.2045176029205322,2.7407050132751465,3.4082252979278564,3.336735486984253,4.6035051345825195,6.196834087371826,9.406421661376953,9.948418617248535,11.023276329040527,14.581520080566406,14.817660331726074,19.933143615722656,21.283309936523438,23.252042770385742,25.562196731567383,31.251827239990234,39.23430633544922,64.84339904785156,85.72195434570312,126.31986236572266,183.252685546875,267.3854064941406,486.2178955078125,448.056640625
59,0.0,0.035224549472332,0.15309534966945648,0.3714524805545807,1.3994594812393188,2.8288378715515137,3.624335289001465,3.9315621852874756,4.219461917877197,6.324888229370117,7.920638084411621,12.775437355041504,12.971570014953613,15.671279907226562,20.163394927978516,19.52799415588379,28.8791446685791,36.17490768432617,32.927791595458984,35.16365051269531,49.178672790527344,50.09614944458008,89.0697250366211,107.5643310546875,167.93882751464844,240.0495147705078,314.2333984375,651.4998779296875,472.24432373046875
60,0.0,0.028478818014264107,0.11207564175128937,0.3064957857131958,1.2176904678344727,2.275404930114746,2.684276580810547,3.102142810821533,3.5385282039642334,4.990297794342041,6.514408588409424,9.654441833496094,11.742165565490723,12.77817153930664,15.185193061828613,14.555344581604004,23.012451171875,23.252485275268555,23.126079559326172,24.27311897277832,31.636091232299805,32.90498733520508,58.33051681518555,75.78815460205078,109.20939636230469,180.7331085205078,239.96372985839844,459.13214111328125,382.6250305175781
61,0.0,0.037793565541505814,0.1560998111963272,0.4181693196296692,1.4697271585464478,2.8489370346069336,3.5655148029327393,4.189640045166016,4.22658109664917,6.121362686157227,8.202409744262695,13.006211280822754,14.284707069396973,18.336933135986328,18.86769676208496,21.185100555419922,30.487157821655273,34.184932708740234,36.37543869018555,34.36305618286133,39.82225036621094,48.5162353515625,69.66183471679688,99.9951171875,148.56411743164062,221.31491088867188,312.4609375,590.1925048828125,455.1008605957031
62,0.0,0.02649102546274662,0.10535898804664612,0.2758013904094696,1.1540629863739014,2.3358166217803955,2.6481330394744873,3.4426989555358887,3.6020092964172363,5.059666156768799,6.22451114654541,9.480244636535645,9.8295259475708,11.840815544128418,13.968021392822266,13.32314682006836,19.46604347229004,21.94776725769043,22.390064239501953,25.05473518371582,31.906429290771484,37.749420166015625,61.20654296875,90.04914855957031,145.91067504882812,201.921630859375,287.29608154296875,526.14599609375,513.7677001953125
63,0.0,0.04265633225440979,0.19454221427440643,0.49762216210365295,1.672437071800232,2.9817659854888916,3.567901611328125,4.806968688964844,4.916379928588867,7.4133524894714355,9.84349536895752,14.044389724731445,16.220394134521484,19.836742401123047,21.22895622253418,22.16605567932129,32.72947311401367,36.16461944580078,39.3845329284668,41.08304214477539,47.75148391723633,53.03535079956055,83.50849151611328,107.7584457397461,161.58285522460938,260.4608459472656,334.4427185058594,687.8715209960938,484.26983642578125
64,0.0,0.036521706730127335,0.14302143454551697,0.33348894119262695,1.4075291156768799,2.6955158710479736,3.2114810943603516,4.063963413238525,4.326355457305908,5.9265851974487305,7.87458610534668,11.744891166687012,13.221498489379883,15.775003433227539,19.876962661743164,19.172304153442383,26.054349899291992,29.438932418823242,29.126049041748047,33.15223693847656,42.30143356323242,46.952667236328125,67.83139038085938,102.7532958984375,139.1854248046875,224.29957580566406,309.999267578125,533.6287841796875,479.83013916015625
65,0.0,0.026626503095030785,0.09798869490623474,0.26394325494766235,1.0954660177230835,2.223808526992798,2.666236400604248,2.9860973358154297,3.199228525161743,4.80161190032959,6.101141929626465,9.189996719360352,10.044912338256836,11.569135665893555,12.862549781799316,12.5377197265625,18.14164924621582,18.874053955078125,20.681970596313477,21.13303565979004,28.550630569458008,36.428314208984375,56.34029006958008,77.52156066894531,111.5673599243164,184.1482391357422,275.83642578125,437.56585693359375,434.113525390625
66,0.0,0.029718125239014626,0.12415370345115662,0.30562150478363037,1.193063735961914,2.3734962940216064,3.1971940994262695,3.535694122314453,3.670522451400757,5.338346004486084,7.144218921661377,10.648794174194336,12.309781074523926,13.759326934814453,15.156526565551758,16.223848342895508,24.048866271972656,27.627254486083984,28.258501052856445,26.880128860473633,36.09318161010742,44.67439270019531,64.18983459472656,91.20848083496094,135.7880401611328,207.9166717529297,283.5622253417969,535.71728515625,464.71356201171875
67,0.0,0.0216627549380064,0.08206962049007416,0.2044725865125656,1.0373625755310059,2.0931243896484375,2.349789619445801,2.635378837585449,3.0356926918029785,4.34712028503418,5.215577125549316,7.469422340393066,8.739324569702148,10.36646842956543,12.627676010131836,11.608830451965332,18.100778579711914,17.536558151245117,19.956403732299805,20.584936141967773,27.07744026184082,29.81093406677246,45.15387725830078,58.99937438964844,90.68431854248047,130.12852478027344,185.18838500976562,341.9021301269531,286.56298828125
68,0.0,0.03517557308077812,0.14475932717323303,0.3538881540298462,1.4133491516113281,2.4953057765960693,3.0597708225250244,3.9897983074188232,3.9340479373931885,5.88126802444458,7.6546149253845215,11.216773986816406,12.422713279724121,15.533269882202148,17.182344436645508,18.26317024230957,27.340036392211914,29.122074127197266,29.143705368041992,31.05069351196289,37.699462890625,42.22097396850586,65.25543212890625,89.96446228027344,135.59133911132812,190.05416870117188,281.07037353515625,673.4561157226562,458.68170166015625
69,0.0,0.03518863022327423,0.15812107920646667,0.3594270944595337,1.3461660146713257,2.7411129474639893,3.306684732437134,3.877467632293701,4.392659664154053,6.141570568084717,8.10511302947998,11.27088737487793,13.002083778381348,16.629196166992188,19.401405334472656,21.057044982910156,29.65305519104004,35.671329498291016,32.729766845703125,36.876651763916016,44.435001373291016,53.82204818725586,78.83367156982422,111.90934753417969,144.1073455810547,231.6123809814453,303.9830627441406,548.5910034179688,460.2390441894531
70,0.0,0.03170734643936157,0.13516974449157715,0.3162688612937927,1.2789437770843506,2.4600157737731934,3.153960704803467,3.67073917388916,3.6072540283203125,5.131149768829346,6.861184120178223,10.609176635742188,12.379573822021484,12.70644760131836,16.361406326293945,16.92415428161621,25.356168746948242,27.182573318481445,27.371095657348633,29.628625869750977,32.86915969848633,39.769222259521484,60.912723541259766,79.4205322265625,115.04981994628906,168.6507110595703,257.0695495605469,496.8192138671875,384.02032470703125
71,0.0,0.027960848063230515,0.12066066265106201,0.29045113921165466,1.3024702072143555,2.4445455074310303,3.080678939819336,3.513780355453491,3.865135908126831,5.366666793823242,6.6654887199401855,11.153635025024414,10.91814136505127,13.49411392211914,15.502352714538574,15.855829238891602,22.438915252685547,27.331884384155273,28.457719802856445,27.9503116607666,35.281490325927734,40.03644943237305,63.00204086303711,86.83628845214844,131.1255340576172,208.5028076171875,264.7435607910156,496.36566162109375,485.9136047363281
72,0.0,0.022180793806910515,0.09245912730693817,0.22398215532302856,1.0253942012786865,2.0157039165496826,2.2709128856658936,2.8338334560394287,2.8537886142730713,4.142525672912598,5.640171527862549,7.475000381469727,8.901906967163086,10.53899097442627,12.185338020324707,12.212525367736816,18.293777465820312,18.91400146484375,20.598501205444336,19.757450103759766,27.112329483032227,32.02136993408203,51.61301803588867,71.41064453125,98.60689544677734,147.73890686035156,190.1727294921875,414.7762451171875,327.7352600097656
73,0.0,0.022498203441500664,0.08723259717226028,0.23027628660202026,1.0110483169555664,1.9974946975708008,2.44067645072937,2.6876792907714844,3.1794846057891846,4.3123459815979,5.548892974853516,8.231781005859375,8.724455833435059,10.62113094329834,11.570013046264648,12.028640747070312,15.885931968688965,17.522192001342773,18.54758071899414,18.17125129699707,26.013286590576172,29.686607360839844,49.316898345947266,65.22418212890625,98.87882995605469,157.24412536621094,218.7259063720703,350.693115234375,317.9613037109375
74,0.0,0.03288761153817177,0.1275651901960373,0.32151153683662415,1.2822597026824951,2.3420143127441406,2.7783820629119873,3.558861494064331,3.876697540283203,5.305593013763428,7.403226375579834,10.929506301879883,12.233781814575195,13.787666320800781,18.14896583557129,17.919761657714844,28.01510238647461,28.548423767089844,29.080482482910156,33.065025329589844,36.95822525024414,41.75798797607422,59.99678039550781,83.67237854003906,108.65189361572266,170.1896514892578,232.19578552246094,445.21368408203125,395.05718994140625
75,0.0,0.029816752299666405,0.12486141920089722,0.3159058392047882,1.224206566810608,2.43942928314209,3.0929176807403564,3.4602603912353516,3.7559592723846436,5.326571464538574,7.224302291870117,10.471500396728516,11.538527488708496,13.651182174682617,16.706802368164062,15.255969047546387,22.525392532348633,26.686119079589844,25.97800064086914,29.272920608520508,35.53184509277344,42.59474563598633,61.46678161621094,95.67578125,128.13906860351562,191.53323364257812,281.3264465332031,509.72564697265625,402.969970703125
76,0.0,0.03898714855313301,0.1547340452671051,0.402566522359848,1.4756653308868408,2.568746328353882,3.193464994430542,3.8317785263061523,4.32350492477417,6.280739784240723,8.793387413024902,13.132535934448242,14.818558692932129,19.037317276000977,21.883005142211914,23.585906982421875,31.690349578857422,34.38832092285156,34.30833053588867,36.871517181396484,43.42803955078125,48.65652084350586,66.40673065185547,87.38510131835938,138.3274383544922,223.66136169433594,321.03204345703125,587.7579956054688,390.34765625
77,0.0,0.03478742390871048,0.1527901142835617,0.3632478415966034,1.4860799312591553,2.571831703186035,3.3285396099090576,3.9378907680511475,3.9691660404205322,5.506847858428955,7.9416704177856445,11.775676727294922,13.68702220916748,16.388179779052734,19.804704666137695,19.663028717041016,29.483224868774414,31.89338493347168,31.07554817199707,35.95101547241211,42.48197555541992,43.301822662353516,61.23714065551758,82.26139831542969,118.70822143554688,171.72088623046875,250.7440948486328,486.8899841308594,388.9600830078125
78,0.0,0.04436509311199188,0.20889343321323395,0.48289674520492554,1.8127237558364868,3.2413625717163086,3.9010863304138184,4.851555824279785,5.4110107421875,7.37026309967041,10.289773941040039,17.45180892944336,18.568113327026367,22.151016235351562,26.017515182495117,25.772428512573242,34.51015090942383,43.444156646728516,44.23441696166992,46.37123107910156,51.35997772216797,65.31796264648438,89.48612213134766,110.19599151611328,167.29742431640625,245.51353454589844,305.3788757324219,551.7174072265625,470.4245300292969
79,0.0,0.029605770483613014,0.12706872820854187,0.26692280173301697,1.2193788290023804,2.434277057647705,2.7294249534606934,3.4387459754943848,3.866863965988159,4.763936519622803,6.402364730834961,9.706934928894043,10.560652732849121,12.391593933105469,14.850834846496582,16.243532180786133,24.647676467895508,25.542463302612305,27.079879760742188,30.809720993041992,32.68613815307617,39.41482925415039,56.8266716003418,76.30789184570312,110.58014678955078,177.47142028808594,239.05723571777344,468.247802734375,355.3569641113281
80,0.0,0.0511537566781044,0.21851380169391632,0.5184777975082397,1.7486445903778076,3.1070988178253174,3.721991777420044,4.3785014152526855,4.817200660705566,7.21819543838501,9.729765892028809,13.91112995147705,17.017122268676758,18.090545654296875,20.178863525390625,21.32094383239746,27.067411422729492,32.619293212890625,33.3021354675293,34.852230072021484,44.14998245239258,47.126495361328125,64.772216796875,88.29617309570312,138.35614013671875,215.21128845214844,315.64178466796875,599.992919921875,458.5768127441406
81,0.0,0.029954073950648308,0.1174849271774292,0.2809898555278778,1.1992979049682617,2.3291962146759033,2.916036367416382,3.374558925628662,3.583829164505005,5.318471908569336,7.315749168395996,10.405791282653809,11.95539665222168,13.666760444641113,18.045734405517578,16.145442962646484,25.323259353637695,30.485734939575195,28.740659713745117,32.87082290649414,36.1512451171875,43.02669143676758,64.731689453125,89.37837219238281,113.02217864990234,178.14163208007812,268.0627136230469,445.2193603515625,394.3464660644531
82,0.0,0.02077384479343891,0.0914236381649971,0.22816495597362518,1.076547622680664,2.1820874214172363,2.609236717224121,2.8297886848449707,3.0854103565216064,4.358062267303467,5.772290229797363,7.969316005706787,10.167197227478027,11.27684497833252,13.094077110290527,12.860973358154297,18.40117835998535,19.182153701782227,19.358867645263672,19.379371643066406,30.009408950805664,35.630157470703125,53.36491012573242,81.51556396484375,120.65154266357422,183.03695678710938,256.2937927246094,461.65283203125,485.51055908203125
83,0.0,0.0241035595536232,0.10478337109088898,0.24997065961360931,1.1287693977355957,2.131030321121216,2.700002670288086,3.116448163986206,3.3515853881835938,4.28201150894165,6.149949073791504,8.83380126953125,10.296886444091797,11.816106796264648,13.220379829406738,13.919539451599121,19.95799446105957,20.435562133789062,19.98458480834961,22.89952850341797,30.389713287353516,38.10919189453125,60.44819641113281,84.50712585449219,123.9571304321289,177.32081604003906,260.7485046386719,467.0953063964844,463.304443359375
84,0.0,0.02737187035381794,0.12153992056846619,0.30186963081359863,1.2264577150344849,2.4014062881469727,2.928107976913452,3.536959171295166,3.494189500808716,4.8395161628723145,6.414545059204102,9.629566192626953,10.728619575500488,12.128734588623047,14.889594078063965,15.135473251342773,20.516115188598633,22.662111282348633,23.434091567993164,25.25391960144043,31.812711715698242,39.709190368652344,64.68504333496094,82.73235321044922,124.02620697021484,195.3988037109375,286.388916015625,512.793212890625,481.3009948730469
85,0.0,0.03134310618042946,0.14437982439994812,0.35261380672454834,1.352753758430481,2.5699424743652344,3.1430814266204834,3.878410816192627,4.117192268371582,5.425005912780762,6.9396586418151855,10.668770790100098,12.057048797607422,13.116288185119629,17.936567306518555,16.99505615234375,26.0550594329834,29.219099044799805,27.878740310668945,31.016902923583984,38.28725814819336,43.190406799316406,63.69576644897461,91.53237915039062,124.72451782226562,199.284912109375,286.72552490234375,545.3958740234375,454.2127685546875
86,0.0,0.02714836783707142,0.10325182974338531,0.24665503203868866,1.070816993713379,2.263519763946533,2.532951831817627,3.095597982406616,3.2653188705444336,4.2978515625,5.9282636642456055,9.69764518737793,10.281843185424805,12.466791152954102,13.946989059448242,13.809378623962402,19.1746768951416,22.490934371948242,21.3286190032959,23.126981735229492,30.69397735595703,34.16575622558594,59.518043518066406,84.25845336914062,116.62664031982422,199.2917022705078,289.5721435546875,466.86712646484375,433.945556640625
87,0.0,0.041188403964042664,0.18563081324100494,0.4928860068321228,1.5435220003128052,2.9975526332855225,3.8052916526794434,4.6001877784729,4.924867153167725,7.4816975593566895,10.262786865234375,15.849939346313477,17.899555206298828,20.013587951660156,24.861223220825195,24.32156753540039,40.20547866821289,43.17565155029297,42.05789566040039,46.26490020751953,52.67904281616211,59.93273162841797,84.6329116821289,115.25846099853516,147.16748046875,228.63104248046875,317.0295104980469,547.2218017578125,479.84466552734375
88,0.0,0.0301807913929224,0.13652057945728302,0.3416246473789215,1.387284517288208,2.495116710662842,3.095961093902588,3.7416470050811768,3.8261327743530273,5.678898334503174,7.084754467010498,11.126481056213379,12.265875816345215,14.064447402954102,16.68330192565918,17.00615119934082,27.04582977294922,26.98244857788086,27.153705596923828,31.412330627441406,36.07334518432617,41.007728576660156,59.4967155456543,74.30109405517578,107.03876495361328,169.26522827148438,251.1063995361328,460.93914794921875,368.5155029296875
89,0.0,0.019007539376616478,0.07148003578186035,0.16923682391643524,0.9069916605949402,1.828235387802124,2.117940902709961,2.5800998210906982,2.7902750968933105,3.908060312271118,5.159095287322998,6.761619567871094,8.059882164001465,9.21264934539795,10.140164375305176,10.251523971557617,13.159719467163086,15.872152328491211,15.189536094665527,17.364103317260742,25.910032272338867,31.391109466552734,52.770660400390625,77.7957534790039,111.39851379394531,171.82229614257812,250.81158447265625,374.2979431152344,447.1108703613281
90,0.0,0.031078290194272995,0.14058177173137665,0.32869526743888855,1.3156746625900269,2.539759874343872,3.2736828327178955,3.8672075271606445,4.193974494934082,5.480105876922607,7.169044494628906,10.85457992553711,11.46668529510498,13.152578353881836,15.746121406555176,16.54532814025879,23.067340850830078,27.370920181274414,26.29490852355957,28.279640197753906,35.00174331665039,41.53194046020508,62.16567611694336,81.9072036743164,135.5659942626953,208.0731964111328,271.2980041503906,548.1013793945312,458.29119873046875
91,0.0,0.029118265956640244,0.11610754579305649,0.28436478972435,1.2937982082366943,2.4334282875061035,3.0218725204467773,3.392868995666504,3.6967477798461914,5.122134208679199,6.95263147354126,10.500752449035645,11.519546508789062,13.7511625289917,17.498149871826172,16.299896240234375,25.980154037475586,27.038684844970703,26.02882957458496,30.856990814208984,34.21974563598633,35.96878433227539,55.477821350097656,67.61375427246094,103.61691284179688,152.81297302246094,217.77667236328125,426.3427734375,296.458251953125
92,0.0,0.0278294887393713,0.11532885581254959,0.28213566541671753,1.222402572631836,2.331890821456909,2.951761484146118,3.4459450244903564,3.7012009620666504,4.735360145568848,6.739701747894287,9.474985122680664,11.288642883300781,12.663314819335938,15.04858112335205,15.382547378540039,21.935317993164062,25.356197357177734,26.4710750579834,27.105937957763672,37.358219146728516,46.02909469604492,72.91998291015625,96.95618438720703,132.35548400878906,218.33566284179688,314.1231384277344,519.048095703125,526.4910278320312
93,0.0,0.030035803094506264,0.12518516182899475,0.3188171684741974,1.2425496578216553,2.5241034030914307,3.003929376602173,3.688734292984009,3.9728715419769287,5.4122090339660645,7.398810863494873,11.557637214660645,13.333475112915039,14.272648811340332,19.289125442504883,17.402219772338867,27.3144588470459,26.436336517333984,29.044221878051758,31.176435470581055,39.36384582519531,48.048213958740234,69.86387634277344,107.71971893310547,135.20350646972656,212.36660766601562,316.8522644042969,515.5831909179688,452.8366394042969
94,0.0,0.02627265267074108,0.10041560977697372,0.2705432176589966,1.142530083656311,2.2707326412200928,2.4703359603881836,3.389143943786621,3.258042097091675,5.032461166381836,6.05015754699707,10.38099479675293,11.212332725524902,13.139472961425781,14.442846298217773,14.011293411254883,21.928598403930664,24.323734283447266,23.90224266052246,23.905540466308594,33.065250396728516,43.016658782958984,66.43360900878906,96.18688201904297,139.0222930908203,210.5208282470703,283.0039367675781,480.7090759277344,450.27288818359375
95,0.0,0.022851213812828064,0.09299352020025253,0.2349151372909546,1.0378286838531494,1.969373345375061,2.617699146270752,3.058418035507202,3.194305658340454,4.560656547546387,5.884929180145264,8.181488990783691,9.307952880859375,10.937141418457031,12.917308807373047,13.453560829162598,17.783470153808594,19.407602310180664,20.463590621948242,21.2645206451416,27.34334373474121,32.294837951660156,49.19293975830078,71.12031555175781,96.59638214111328,156.08547973632812,205.8785858154297,436.496337890625,388.7080993652344
96,0.0,0.03698738291859627,0.1610044687986374,0.41361260414123535,1.4437086582183838,2.9336466789245605,3.574967861175537,4.035678386688232,4.391219139099121,5.952759742736816,8.189156532287598,12.978736877441406,14.994514465332031,16.306119918823242,20.224210739135742,20.36454200744629,29.994407653808594,32.914127349853516,31.99225425720215,34.39252471923828,41.68450927734375,47.5717887878418,67.1072769165039,98.31233978271484,132.82371520996094,209.83567810058594,318.9335632324219,665.7661743164062,486.01202392578125
97,0.0,0.027744347229599953,0.11777985095977783,0.3173075020313263,1.2289859056472778,2.2413125038146973,2.7878599166870117,3.4548285007476807,3.4783883094787598,5.120983600616455,6.560266017913818,9.95641803741455,12.187762260437012,13.35484790802002,14.805208206176758,14.023224830627441,19.276580810546875,20.8903751373291,21.193161010742188,23.715744018554688,33.1279182434082,41.88190841674805,68.20816802978516,92.48126220703125,162.05116271972656,230.12445068359375,311.2709655761719,513.203369140625,602.1468505859375
98,0.0,0.022763574495911598,0.09425512701272964,0.21825101971626282,1.0398290157318115,2.1064131259918213,2.5823264122009277,3.019906997680664,3.251286745071411,4.469273567199707,5.729781627655029,8.62328052520752,8.899200439453125,10.251829147338867,11.2991943359375,11.00798511505127,15.280982971191406,16.260299682617188,16.359813690185547,16.96795082092285,24.368528366088867,27.59779930114746,46.13155746459961,65.05242919921875,87.45341491699219,143.1519775390625,211.9665069580078,377.3551330566406,351.6726989746094
99,0.0,0.02859208732843399,0.1085677519440651,0.30775171518325806,1.2131294012069702,2.210874557495117,2.8246562480926514,3.0897529125213623,3.480936288833618,5.2273783683776855,6.9090118408203125,10.125836372375488,11.285619735717773,13.18598461151123,18.626710891723633,15.561260223388672,27.117422103881836,27.40018081665039,26.18865203857422,30.74142074584961,36.55670928955078,41.340484619140625,59.87279510498047,89.56517791748047,115.42191314697266,174.6838836669922,262.4169616699219,411.6014404296875,366.2828369140625
100,0.0,0.027137011289596558,0.1078190803527832,0.26461061835289,1.1175893545150757,2.281111001968384,2.76709246635437,3.169637680053711,3.298980236053467,4.6006999015808105,5.955207347869873,9.54093074798584,10.017349243164062,13.003313064575195,13.466798782348633,13.598864555358887,19.923402786254883,21.2668399810791,23.986953735351562,25.637956619262695,34.77811050415039,39.57697296142578,62.50271224975586,84.72576141357422,130.6630401611328,198.8185272216797,303.2455139160156,525.4075317382812,459.78521728515625
101,0.0,0.022979961708188057,0.09320823848247528,0.25400933623313904,1.0709327459335327,2.1689414978027344,2.59433650970459,2.87790584564209,2.9650630950927734,4.315721035003662,5.945345878601074,8.656031608581543,9.65434741973877,10.494189262390137,13.33714485168457,11.568711280822754,16.738372802734375,18.680328369140625,18.889629364013672,18.720367431640625,26.507938385009766,29.990333557128906,52.76462936401367,72.21603393554688,121.19412231445312,181.89942932128906,265.057861328125,468.1595458984375,512.7205810546875
102,0.0,0.024413693696260452,0.10587212443351746,0.25548055768013,1.1372097730636597,2.1694817543029785,2.6988091468811035,2.9596402645111084,3.2752113342285156,4.538212299346924,6.040225982666016,9.57709789276123,10.482147216796875,11.794356346130371,14.640174865722656,15.810715675354004,23.193145751953125,25.616291046142578,25.95343780517578,27.823816299438477,33.98861312866211,37.6855583190918,57.11409378051758,80.59415435791016,105.52275848388672,165.19235229492188,224.80027770996094,415.393798828125,293.8212890625
103,0.0,0.027951989322900772,0.10173636674880981,0.25329330563545227,1.1215447187423706,2.2727081775665283,2.695155382156372,3.1376798152923584,3.2748639583587646,4.601690769195557,6.366319179534912,9.970513343811035,11.141942024230957,13.045769691467285,14.063508033752441,14.03366470336914,20.98386001586914,23.85029411315918,23.925601959228516,28.917369842529297,32.40803146362305,39.74773406982422,68.5382080078125,94.52411651611328,136.32513427734375,210.1316680908203,278.72149658203125,468.0542297363281,439.3989562988281
104,0.0,0.03795727714896202,0.15246301889419556,0.39534297585487366,1.5136345624923706,2.9815237522125244,3.6419906616210938,4.315772533416748,4.407084941864014,6.505681037902832,8.37796688079834,12.257607460021973,15.084565162658691,17.074888229370117,20.074682235717773,20.88944435119629,31.57722282409668,33.470760345458984,34.18004608154297,38.296531677246094,39.65596389770508,48.773868560791016,69.52538299560547,101.14044189453125,120.6635971069336,198.93331909179688,263.04193115234375,522.5072021484375,378.5382080078125
105,0.0,0.02760091796517372,0.10329265147447586,0.23100443184375763,1.094934344291687,2.1353371143341064,2.7282683849334717,3.115379571914673,3.3343098163604736,4.865968704223633,6.066471099853516,9.156227111816406,10.368002891540527,11.126799583435059,12.54439926147461,12.773334503173828,17.22271156311035,20.016342163085938,20.11636734008789,21.2622127532959,30.381887435913086,35.044715881347656,59.06325912475586,83.0763168334961,124.27136993408203,185.5161895751953,262.04620361328125,459.7861328125,445.92388916015625
106,0.0,0.03081323392689228,0.13118746876716614,0.33483633399009705,1.2645236253738403,2.511498212814331,3.031388282775879,3.369868755340576,4.078864097595215,5.432480812072754,7.502645969390869,11.214088439941406,11.111299514770508,13.657671928405762,16.886215209960938,17.012231826782227,25.71963882446289,29.74139976501465,26.905397415161133,32.157806396484375,39.79207229614258,42.54018783569336,65.23828887939453,82.77328491210938,124.78671264648438,193.78709411621094,263.72113037109375,504.21685791015625,418.7000732421875
107,0.0,0.036863282322883606,0.13911180198192596,0.38046613335609436,1.508856177330017,2.8062140941619873,3.6464898586273193,3.91634464263916,4.227778911590576,6.265405178070068,7.595032691955566,12.084561347961426,12.931416511535645,16.11966323852539,19.23821258544922,18.910551071166992,27.076486587524414,28.610328674316406,30.766263961791992,33.350154876708984,40.5625114440918,45.19382095336914,60.28110885620117,88.72836303710938,129.21559143066406,184.76898193359375,266.8982238769531,529.6500244140625,416.2873229980469
108,0.0,0.028821976855397224,0.12234171479940414,0.30497264862060547,1.1879099607467651,2.3870742321014404,2.762363910675049,3.555088758468628,3.5677711963653564,5.0842180252075195,6.161163330078125,9.516830444335938,10.901555061340332,12.696798324584961,16.286151885986328,16.555713653564453,24.60535430908203,26.00782012939453,28.155488967895508,30.5893497467041,36.27315139770508,37.32965087890625,56.790287017822266,75.0792465209961,101.64148712158203,147.75303649902344,212.31410217285156,420.2683410644531,316.31439208984375
109,0.0,0.03387289121747017,0.1503528207540512,0.3412128686904907,1.3326948881149292,2.591435194015503,3.0553858280181885,3.6804561614990234,3.8393917083740234,5.694057941436768,7.555013179779053,11.489699363708496,13.29990005493164,15.498897552490234,18.821584701538086,16.716533660888672,26.379283905029297,28.925800323486328,30.15122413635254,27.67792320251465,43.24130630493164,53.261356353759766,88.58993530273438,126.17802429199219,165.5877227783203,280.6174621582031,377.47808837890625,590.9208374023438,660.04736328125
110,0.0,0.0248219333589077,0.09469301253557205,0.22959986329078674,1.0169559717178345,2.064821720123291,2.3608853816986084,2.8044204711914062,2.9690256118774414,4.59206485748291,5.614223957061768,8.687296867370605,9.33350658416748,11.138960838317871,12.687309265136719,13.245171546936035,18.72844696044922,21.013729095458984,22.261594772338867,21.58843994140625,28.953161239624023,36.61256408691406,59.61934280395508,75.13874053955078,123.44087982177734,177.4132537841797,259.517822265625,414.97442626953125,397.4801940917969
111,0.0,0.03012794256210327,0.12186098843812943,0.31868815422058105,1.2064963579177856,2.592615842819214,2.99541974067688,3.4860119819641113,3.9490694999694824,5.299305438995361,7.469999313354492,10.428152084350586,10.996689796447754,12.850850105285645,14.664098739624023,14.824625015258789,20.83085823059082,23.880123138427734,25.637256622314453,27.70545768737793,36.21388626098633,39.05057907104492,61.66783142089844,84.45817565917969,113.22511291503906,190.6922149658203,255.31211853027344,469.6617126464844,438.63507080078125
112,0.0,0.021896986290812492,0.0920892283320427,0.2442229986190796,1.0318735837936401,2.0984699726104736,2.6257622241973877,3.031932830810547,3.1788532733917236,4.111115455627441,6.054319858551025,8.45181941986084,9.742545127868652,11.13895320892334,12.779305458068848,12.4152250289917,18.045316696166992,19.122602462768555,20.478168487548828,21.177635192871094,26.04173469543457,32.90163803100586,50.41862106323242,72.06240844726562,103.4033203125,152.98204040527344,202.21856689453125,393.19512939453125,340.9355163574219
113,0.0,0.028247946873307228,0.11312910169363022,0.28125283122062683,1.19158136844635,2.3378536701202393,2.736865282058716,3.2357521057128906,3.7223575115203857,4.79077672958374,6.6772894859313965,10.449156761169434,11.40867805480957,13.994698524475098,17.358705520629883,16.504701614379883,25.39392852783203,29.300024032592773,30.852954864501953,34.32965087890625,38.25543975830078,46.71868133544922,79.10386657714844,105.45885467529297,150.0652618408203,215.92225646972656,308.5745849609375,545.3982543945312,514.9619140625
114,0.0,0.02752666547894478,0.10123071819543839,0.2736833095550537,1.1477404832839966,2.197185754776001,2.5517754554748535,3.1733925342559814,3.1986896991729736,4.747098922729492,5.99479866027832,9.757177352905273,10.937958717346191,12.914632797241211,15.579730033874512,15.391393661499023,22.032207489013672,23.842761993408203,24.448089599609375,26.942794799804688,33.31887435913086,34.471954345703125,54.138954162597656,70.47833251953125,99.34929656982422,153.45989990234375,226.82054138183594,383.990966796875,297.9547119140625
115,0.0,0.02633235603570938,0.09758710116147995,0.2545417547225952,1.1263035535812378,2.1875154972076416,2.646479606628418,3.2260656356811523,3.451045513153076,4.548981189727783,5.919427871704102,8.96300220489502,9.967805862426758,12.56290340423584,15.654031753540039,14.62311840057373,22.79372215270996,22.746450424194336,24.60396957397461,25.872053146362305,30.041580200195312,38.69525909423828,49.530181884765625,69.10267639160156,95.76744079589844,166.26242065429688,242.20489501953125,444.42333984375,360.6446533203125
116,0.0,0.021539773792028427,0.09098834544420242,0.22791451215744019,1.0154533386230469,2.0327064990997314,2.436248779296875,2.850482940673828,3.2061822414398193,3.896458625793457,5.551279544830322,7.688409805297852,8.991758346557617,10.225478172302246,12.190781593322754,11.470523834228516,15.970735549926758,17.201736450195312,18.234745025634766,19.46929931640625,29.46936798095703,34.252864837646484,52.50188064575195,82.37134552001953,114.46404266357422,187.63978576660156,258.43414306640625,445.6999816894531,420.38726806640625
117,0.0,0.02716781571507454,0.10571610182523727,0.2700992226600647,1.1597503423690796,2.3390254974365234,2.8747470378875732,3.289604663848877,3.5378057956695557,4.710801124572754,6.209627151489258,9.33260726928711,10.611039161682129,11.98852825164795,13.580549240112305,14.13814926147461,20.177026748657227,23.895267486572266,24.130002975463867,26.50223731994629,32.066123962402344,40.21520233154297,55.241722106933594,80.5556411743164,107.00308990478516,160.73753356933594,248.3745574951172,431.912841796875,377.1622619628906
118,0.0,0.025542747229337692,0.09815745800733566,0.2586481273174286,1.1849063634872437,2.15155029296875,2.5656158924102783,3.117058277130127,3.2808003425598145,4.484405994415283,5.7055158615112305,9.076284408569336,9.328404426574707,11.290635108947754,12.839007377624512,12.62652587890625,17.496685028076172,19.09518051147461,20.969926834106445,22.61802864074707,30.003149032592773,32.45138168334961,50.97636795043945,70.50267791748047,101.74431610107422,160.193603515625,224.3666534423828,430.822509765625,355.7602844238281
119,0.0,0.02613200433552265,0.10656602680683136,0.28427743911743164,1.2187389135360718,2.312593936920166,2.787245273590088,3.3109047412872314,3.5014829635620117,5.026778221130371,6.567331314086914,10.348942756652832,10.991998672485352,12.312738418579102,15.70605182647705,15.554244041442871,21.275188446044922,24.530071258544922,24.243736267089844,26.497392654418945,32.70487976074219,37.74556350708008,54.23350143432617,84.09083557128906,114.3432846069336,178.5355682373047,255.26026916503906,467.5792236328125,427.3863220214844
120,0.0,0.03169430419802666,0.12483786791563034,0.2959214448928833,1.301138997077942,2.4609146118164062,3.019904851913452,3.6118757724761963,3.7556402683258057,5.115660190582275,6.6659369468688965,10.98653793334961,12.166356086730957,13.587416648864746,16.27419090270996,15.456855773925781,23.81394386291504,24.612768173217773,26.58155632019043,28.725059509277344,33.66569519042969,39.20168685913086,58.14512252807617,73.89482879638672,115.66287994384766,183.8097686767578,232.42100524902344,474.292724609375,419.9212951660156
121,0.0,0.026970723643898964,0.10399701446294785,0.26684924960136414,1.1986875534057617,2.28955340385437,2.9167497158050537,3.3143959045410156,3.4816598892211914,5.102815628051758,6.638690948486328,9.339070320129395,10.630419731140137,11.374749183654785,14.854912757873535,14.306793212890625,19.167404174804688,21.077661514282227,21.75558853149414,24.061613082885742,31.12891960144043,37.909664154052734,54.95124816894531,84.7885971069336,125.5206069946289,174.55059814453125,260.846435546875,444.4488220214844,365.4770202636719
122,0.0,0.03096909448504448,0.12868936359882355,0.3393418788909912,1.305382251739502,2.472057819366455,3.064331531524658,3.7484543323516846,3.6182174682617188,5.386841773986816,6.921083450317383,11.279522895812988,12.88095760345459,14.299713134765625,17.53040885925293,17.218360900878906,24.006853103637695,26.829608917236328,26.856712341308594,27.33369255065918,36.57379913330078,44.70518112182617,74.42235565185547,90.84352111816406,145.65371704101562,228.031494140625,284.3322448730469,563.6624145507812,489.7099304199219
123,0.0,0.03230401128530502,0.13499274849891663,0.31695830821990967,1.2337476015090942,2.51846981048584,2.8890647888183594,3.558945894241333,3.4855165481567383,5.365890026092529,7.098391532897949,10.762524604797363,12.51641845703125,14.573707580566406,15.879891395568848,17.913105010986328,25.207120895385742,28.834259033203125,26.503915786743164,30.120630264282227,38.488624572753906,42.50065231323242,65.47977447509766,98.06014251708984,128.01673889160156,208.49557495117188,273.6330261230469,551.4259643554688,423.4319763183594
124,0.0,0.03235789015889168,0.13488058745861053,0.3425809442996979,1.333933711051941,2.4539008140563965,3.1835241317749023,3.5624237060546875,3.9669437408447266,5.692310810089111,7.235095024108887,10.850584030151367,13.391011238098145,14.895727157592773,17.172819137573242,17.881500244140625,26.225536346435547,30.722604751586914,31.72797393798828,35.286109924316406,41.06855773925781,58.05636215209961,85.61027526855469,115.16133880615234,173.94369506835938,252.367431640625,362.4671936035156,601.8050537109375,603.039794921875
125,0.0,0.039286043494939804,0.18457569181919098,0.4283377230167389,1.5462666749954224,2.9474353790283203,3.6896910667419434,4.581258773803711,4.778500080108643,6.403310775756836,9.656697273254395,13.797713279724121,15.648421287536621,18.025543212890625,24.639629364013672,22.711647033691406,35.9587287902832,37.78818130493164,44.77164840698242,42.1799201965332,59.240962982177734,67.32867431640625,96.33457946777344,130.8721160888672,193.33241271972656,288.6375732421875,394.1534423828125,736.8242797851562,531.0872802734375
126,0.0,0.021842893213033676,0.08331725746393204,0.219780832529068,1.0124249458312988,1.9387383460998535,2.3498756885528564,2.5741794109344482,3.033297538757324,4.104750633239746,5.372138500213623,8.274641990661621,8.79585075378418,10.268712997436523,11.384360313415527,11.205424308776855,15.755701065063477,17.390087127685547,17.35629653930664,18.66098976135254,25.479703903198242,28.205228805541992,41.955360412597656,57.42990493774414,84.53398895263672,120.38323211669922,176.24307250976562,352.9095458984375,299.44525146484375
127,0.0,0.050434693694114685,0.21566139161586761,0.5647013187408447,1.7932848930358887,3.4009947776794434,3.8363687992095947,4.978466033935547,5.424488544464111,7.735832214355469,10.44983959197998,17.924793243408203,19.328601837158203,22.90907859802246,27.705493927001953,27.762548446655273,43.200008392333984,46.88805389404297,49.93284606933594,52.69232177734375,64.2715072631836,69.7079086303711,97.44973754882812,134.35597229003906,179.4181671142578,267.7491149902344,362.3369445800781,693.5950927734375,489.46319580078125
128,0.0,0.04263663291931152,0.18441516160964966,0.4539300799369812,1.6061854362487793,3.20322585105896,3.612053871154785,4.678727626800537,4.8728837966918945,7.228280544281006,9.712992668151855,15.226545333862305,16.48175048828125,19.064361572265625,25.220243453979492,25.39423370361328,35.949581146240234,44.248924255371094,41.00725173950195,45.86479187011719,55.90673828125,61.30458068847656,102.61235046386719,125.41988372802734,176.89585876464844,286.69256591796875,403.92657470703125,718.9225463867188,527.990234375
129,0.0,0.027536313980817795,0.1203855499625206,0.3033398389816284,1.1652398109436035,2.309251070022583,2.6603152751922607,3.2924182415008545,3.683891773223877,4.989610195159912,6.655876159667969,9.434365272521973,10.806031227111816,13.628190994262695,15.638816833496094,14.902316093444824,22.252269744873047,26.345243453979492,26.203670501708984,26.773935317993164,31.77488136291504,37.82948684692383,53.86219024658203,74.122314453125,101.64519500732422,164.21261596679688,216.76060485839844,456.50140380859375,360.9432678222656
130,0.0,0.02836264669895172,0.12448669970035553,0.3058583736419678,1.2181990146636963,2.399243116378784,2.908730983734131,3.3072032928466797,3.6444098949432373,5.063840389251709,7.176150798797607,11.556674003601074,12.023125648498535,14.44289493560791,17.47031593322754,17.176481246948242,24.284149169921875,27.09688377380371,26.16617774963379,29.100337982177734,44.15778350830078,50.81357192993164,85.49372100830078,117.82038116455078,178.70594787597656,273.3074645996094,376.2687072753906,638.9192504882812,684.7449951171875
131,0.0,0.03259693458676338,0.14235901832580566,0.3319852948188782,1.3629341125488281,2.6313722133636475,3.1576764583587646,3.4867966175079346,3.956591844558716,5.666777610778809,7.652411937713623,11.936436653137207,12.633130073547363,14.649103164672852,17.130414962768555,16.009723663330078,24.676219940185547,27.42926025390625,27.821409225463867,28.46174430847168,36.29236602783203,52.20150375366211,75.06108856201172,113.63246154785156,169.2760772705078,249.8407745361328,334.3370666503906,617.5950317382812,538.1646728515625
132,0.0,0.02795080654323101,0.10336031764745712,0.2608025074005127,1.146146535873413,2.3287739753723145,2.8483033180236816,3.3131182193756104,3.3530094623565674,4.911712169647217,6.06248140335083,9.454524993896484,10.820064544677734,11.230254173278809,14.199219703674316,13.047586441040039,18.682884216308594,20.88947296142578,21.557031631469727,23.416181564331055,30.790557861328125,35.00327682495117,52.85652160644531,67.75740814208984,102.29916381835938,152.03199768066406,218.3011016845703,401.1290283203125,366.3908386230469
133,0.0,0.05416695773601532,0.21524427831172943,0.5583433508872986,1.8525433540344238,3.1123464107513428,4.152388095855713,5.520061016082764,5.664612770080566,7.632761478424072,10.392180442810059,17.032228469848633,19.009214401245117,21.904308319091797,26.608448028564453,26.24362564086914,37.08600616455078,41.106285095214844,42.087947845458984,42.72052764892578,51.19313049316406,56.49348068237305,71.32901763916016,102.16378784179688,141.42466735839844,221.40249633789062,345.9125671386719,571.4786376953125,441.42291259765625
134,0.0,0.03490337356925011,0.12758177518844604,0.3549805283546448,1.3741344213485718,2.722900867462158,3.23340106010437,3.5120813846588135,3.9512224197387695,5.700584888458252,6.936188697814941,11.665559768676758,13.586514472961426,14.219818115234375,18.15709686279297,17.800077438354492,26.75787353515625,29.796602249145508,31.368812561035156,32.58763885498047,40.657745361328125,47.919010162353516,81.26220703125,117.71311950683594,176.58294677734375,265.2237548828125,398.0494689941406,604.6741333007812,601.173828125
135,0.0,0.033096302300691605,0.14325565099716187,0.3604629635810852,1.3727610111236572,2.7606780529022217,3.0103201866149902,3.4095466136932373,3.934971570968628,6.029399871826172,7.468906879425049,10.936325073242188,12.3454008102417,14.787871360778809,17.26543617248535,18.07232093811035,27.525474548339844,30.23377227783203,31.277875900268555,34.22939682006836,44.436256408691406,59.732460021972656,92.38052368164062,142.3751983642578,197.4674530029297,316.1523132324219,414.01678466796875,715.586181640625,699.5151977539062
136,0.0,0.027466638013720512,0.12765292823314667,0.30274906754493713,1.263293981552124,2.5765557289123535,3.1107380390167236,3.6176631450653076,3.7665865421295166,5.188714981079102,6.628831386566162,10.475566864013672,11.580638885498047,12.9843111038208,14.397063255310059,14.848257064819336,22.57709503173828,23.95821762084961,26.325450897216797,27.56830596923828,35.14949417114258,41.870914459228516,61.988826751708984,93.02265930175781,127.01771545410156,199.7386932373047,285.77752685546875,559.7092895507812,408.7258605957031
137,0.0,0.03091614693403244,0.14057691395282745,0.37235525250434875,1.3679344654083252,2.644277572631836,3.3006675243377686,3.8157145977020264,4.204076290130615,5.822126865386963,7.729231357574463,11.386727333068848,13.453512191772461,15.969423294067383,17.938169479370117,17.574474334716797,24.965953826904297,29.104856491088867,28.904001235961914,31.33116912841797,40.65458679199219,49.691219329833984,75.14478302001953,110.2586441040039,159.28323364257812,248.40415954589844,314.8870849609375,599.190673828125,494.2369079589844
138,0.0,0.01941230334341526,0.0726579949259758,0.19438400864601135,0.9466580152511597,1.7991677522659302,2.265366554260254,2.4501194953918457,2.678008556365967,3.853288412094116,4.9090681076049805,7.041611671447754,8.536471366882324,9.454105377197266,11.073018074035645,11.05368423461914,15.113801956176758,15.364405632019043,15.994245529174805,16.037761688232422,22.946765899658203,26.94477081298828,43.55536651611328,63.69232177734375,93.55998992919922,143.3214111328125,188.92922973632812,351.3922424316406,314.8623046875
139,0.0,0.032560694962739944,0.1337500661611557,0.3482498228549957,1.2782303094863892,2.657775402069092,3.11116099357605,3.7006096839904785,4.01370906829834,5.797238349914551,7.023281574249268,10.857778549194336,12.490219116210938,13.742395401000977,15.97997760772705,15.58826732635498,25.141016006469727,28.21395492553711,27.478111267089844,27.492359161376953,36.08146667480469,39.53697204589844,64.46351623535156,90.48580169677734,130.1228790283203,195.70152282714844,289.85699462890625,499.6715087890625,427.39495849609375
140,0.0,0.02910427749156952,0.10563356429338455,0.3461459279060364,1.2598106861114502,2.4111926555633545,3.0351884365081787,3.22798752784729,3.5978434085845947,5.127218246459961,6.525948524475098,9.986430168151855,11.291765213012695,12.541473388671875,15.666607856750488,15.521505355834961,24.02618408203125,26.400270462036133,26.68654441833496,30.828388214111328,35.48855972290039,40.99891662597656,62.4709587097168,87.78783416748047,117.06573486328125,183.97207641601562,268.57965087890625,511.7775573730469,400.26043701171875
141,0.0,0.021873749792575836,0.08691836893558502,0.23649369180202484,1.091583013534546,2.008721351623535,2.5643539428710938,2.817704916000366,2.9805614948272705,4.358592510223389,5.739614486694336,8.333219528198242,9.128326416015625,11.522037506103516,12.840413093566895,12.645247459411621,17.3780517578125,20.122602462768555,20.229368209838867,20.885644912719727,28.288711547851562,31.43833351135254,49.2734489440918,67.5182876586914,95.48171997070312,163.92088317871094,211.95001220703125,398.5971374511719,333.7676696777344
142,0.0,0.021946661174297333,0.07653946429491043,0.21506956219673157,0.9766321182250977,1.9521359205245972,2.5350067615509033,2.698962688446045,2.8846657276153564,4.042325496673584,5.013373374938965,8.136797904968262,8.605820655822754,10.048223495483398,11.71928882598877,11.542776107788086,15.336042404174805,17.532012939453125,17.567895889282227,16.702117919921875,25.954345703125,34.15940856933594,57.06607437133789,76.14836120605469,119.6546630859375,186.42625427246094,252.5680694580078,417.7065124511719,405.2357177734375
143,0.0,0.03378336504101753,0.14655955135822296,0.34207257628440857,1.397718906402588,2.756638288497925,3.3470265865325928,3.5599730014801025,4.061223030090332,6.117791175842285,7.326956272125244,11.190110206604004,13.049729347229004,15.891019821166992,19.72632598876953,19.473133087158203,34.23821258544922,34.36024856567383,33.16009521484375,40.612693786621094,44.07774353027344,48.95198440551758,67.7944564819336,89.79370880126953,114.10459899902344,180.20632934570312,246.5772705078125,502.4614562988281,341.32293701171875
144,0.0,0.02220839634537697,0.08615031838417053,0.22097814083099365,0.9525129795074463,1.9314117431640625,2.361532211303711,2.6736183166503906,2.7984633445739746,3.9977223873138428,5.655317306518555,8.028007507324219,7.9057464599609375,9.548182487487793,10.90527629852295,11.17882251739502,16.3172607421875,17.25429344177246,17.36924171447754,20.171005249023438,26.543407440185547,28.73387336730957,49.03206253051758,63.80958557128906,106.40372467041016,163.09666442871094,232.20803833007812,428.21490478515625,436.71746826171875
145,0.0,0.02496747113764286,0.09350979328155518,0.24445490539073944,1.1541105508804321,2.1100542545318604,2.755110025405884,3.045313835144043,3.1975908279418945,4.671237468719482,6.0633344650268555,8.775374412536621,9.840846061706543,10.884575843811035,12.94589900970459,13.110421180725098,19.261125564575195,21.638967514038086,21.51949691772461,22.945833206176758,27.860095977783203,37.021392822265625,60.3619384765625,85.66584014892578,134.98526000976562,191.04051208496094,287.26092529296875,477.876220703125,512.4446411132812
146,0.0,0.02462776005268097,0.09820520132780075,0.23589928448200226,1.1574820280075073,2.0608890056610107,2.523965358734131,3.105170965194702,3.5057175159454346,5.007720947265625,5.874873161315918,9.461164474487305,9.882165908813477,11.032668113708496,13.289289474487305,13.495218276977539,17.649593353271484,21.829313278198242,22.393930435180664,23.44410514831543,34.22393798828125,38.97329330444336,64.07298278808594,90.38966369628906,134.57943725585938,205.80592346191406,308.3934020996094,505.37371826171875,458.41888427734375
147,0.0,0.031084761023521423,0.1307762861251831,0.32809561491012573,1.2935407161712646,2.4236397743225098,2.9479422569274902,3.3474011421203613,3.610487937927246,5.451282501220703,7.424527645111084,10.774125099182129,12.368842124938965,13.890619277954102,17.11098861694336,16.44284439086914,25.101734161376953,28.000608444213867,29.160415649414062,30.025005340576172,40.659523010253906,50.374549865722656,85.09675598144531,117.4444580078125,156.86619567871094,255.445068359375,355.3908386230469,594.2561645507812,647.7391357421875
148,0.0,0.02534136176109314,0.10260333865880966,0.25208529829978943,1.1134668588638306,2.3497350215911865,2.849973201751709,3.287248373031616,3.708920955657959,4.4280900955200195,6.35249662399292,9.734469413757324,10.386955261230469,11.58143138885498,13.550165176391602,14.709808349609375,20.946313858032227,22.586963653564453,22.862926483154297,26.640117645263672,32.47264099121094,36.93148422241211,59.721923828125,77.11625671386719,122.5791244506836,175.4152069091797,258.4070739746094,500.19488525390625,389.8759460449219
149,0.0,0.03712451830506325,0.1729145646095276,0.44625648856163025,1.3747361898422241,2.726494312286377,3.228364944458008,4.093224048614502,4.347068786621094,6.303123474121094,8.703544616699219,13.100404739379883,15.418536186218262,17.401874542236328,22.320240020751953,21.602571487426758,31.5041561126709,33.334022521972656,34.277992248535156,40.86076736450195,48.89054489135742,53.3001823425293,74.69039154052734,109.52848815917969,158.160888671875,231.92071533203125,333.356201171875,571.0070190429688,460.8440246582031
150,0.0,0.03749147430062294,0.14510414004325867,0.37328025698661804,1.415869951248169,2.595829486846924,3.0542194843292236,3.7966294288635254,3.8376665115356445,6.298099994659424,7.2947211265563965,11.71885871887207,13.298829078674316,15.804117202758789,19.245832443237305,17.40045928955078,26.717876434326172,31.17525291442871,33.38996124267578,32.648895263671875,42.24303436279297,48.251129150390625,73.912109375,101.15367889404297,146.85638427734375,218.8632049560547,299.0615234375,523.926025390625,482.1249694824219
151,0.0,0.030710430815815926,0.13411615788936615,0.31788790225982666,1.2609175443649292,2.4504308700561523,2.8904542922973633,3.880234956741333,3.848980665206909,5.4761857986450195,7.304892063140869,11.035308837890625,12.529486656188965,13.385626792907715,18.0003719329834,17.277402877807617,27.088985443115234,27.224578857421875,29.472280502319336,30.428997039794922,35.84309768676758,41.98135757446289,60.38371276855469,82.21561431884766,106.76863098144531,174.32777404785156,227.60678100585938,418.0217590332031,348.9456481933594
152,0.0,0.024987874552607536,0.10098715871572495,0.24665796756744385,1.0976191759109497,2.209951877593994,2.5035321712493896,3.233835220336914,3.3078277111053467,4.7082200050354,6.102153778076172,10.026640892028809,10.312309265136719,11.415188789367676,15.043156623840332,14.320104598999023,20.558008193969727,21.530120849609375,23.02139663696289,23.960182189941406,31.172346115112305,39.099674224853516,59.412322998046875,85.35883331298828,126.60761260986328,178.86773681640625,277.6999206542969,459.02862548828125,393.26806640625
153,0.0,0.02741258591413498,0.11856203526258469,0.27605897188186646,1.0994819402694702,2.388564109802246,3.002434730529785,3.175386428833008,3.4162330627441406,4.731632232666016,6.871026039123535,9.802536010742188,10.950078964233398,12.206339836120605,14.557927131652832,14.669600486755371,19.997900009155273,23.651172637939453,24.982275009155273,24.661474227905273,35.49116516113281,37.676734924316406,61.96871566772461,80.32081604003906,120.40337371826172,188.89376831054688,257.73077392578125,524.2176513671875,443.7292175292969
154,0.0,0.033915914595127106,0.1438179910182953,0.3527016043663025,1.3672759532928467,2.5960981845855713,3.224616289138794,3.994296073913574,4.053599834442139,6.076740741729736,7.633788585662842,11.31371021270752,12.016535758972168,14.794478416442871,16.389434814453125,17.016437530517578,26.836837768554688,28.713489532470703,27.477157592773438,29.680341720581055,36.30693435668945,40.567264556884766,57.58131408691406,87.25566101074219,120.97422790527344,168.524658203125,251.33204650878906,494.55999755859375,379.46893310546875
155,0.0,0.03316638618707657,0.1347787231206894,0.3449481427669525,1.3378392457962036,2.4318320751190186,3.1029059886932373,4.038791179656982,3.9590718746185303,6.041331768035889,7.508396625518799,11.672591209411621,13.980865478515625,15.544951438903809,18.305864334106445,18.858016967773438,25.58523941040039,27.266653060913086,27.9710636138916,33.21245574951172,41.272705078125,49.93060302734375,82.64531707763672,110.04586791992188,153.56752014160156,254.32305908203125,329.1722412109375,573.3367309570312,552.1004638671875
156,0.0,0.08677594363689423,0.36399081349372864,0.951961100101471,2.5910680294036865,4.740784168243408,6.386839389801025,8.288189888000488,8.58423900604248,13.224912643432617,18.451595306396484,28.297988891601562,34.912986755371094,44.265289306640625,54.15632247924805,58.397789001464844,97.87619018554688,102.3952407836914,103.90721893310547,116.99008178710938,128.99729919433594,137.5900115966797,197.3111572265625,250.9507293701172,341.83563232421875,535.611083984375,680.1173095703125,1229.43212890625,896.2158813476562
157,0.0,0.02441319450736046,0.09332091361284256,0.25218769907951355,1.0630909204483032,2.1909263134002686,2.633368730545044,2.823995351791382,2.980405569076538,4.364384651184082,5.557137489318848,8.265388488769531,8.841863632202148,11.168204307556152,12.644414901733398,12.289154052734375,17.561559677124023,17.80959701538086,19.03835678100586,20.245275497436523,25.47755241394043,30.005796432495117,49.229923248291016,63.50302505493164,105.46808624267578,168.654296875,234.54420471191406,456.3612365722656,367.38238525390625
158,0.0,0.054974641650915146,0.23423050343990326,0.5624079704284668,1.803628921508789,3.3788352012634277,4.4070210456848145,5.151142597198486,5.391510009765625,8.651061058044434,11.91557502746582,19.619953155517578,20.638641357421875,25.978078842163086,33.01298904418945,29.804779052734375,43.662837982177734,52.6396598815918,47.48064422607422,55.63592529296875,62.3260383605957,72.08587646484375,106.57716369628906,135.53179931640625,182.2492218017578,302.14019775390625,410.8549499511719,829.7374267578125,629.5171508789062
159,0.0,0.03303863853216171,0.1403834968805313,0.338557630777359,1.3305914402008057,2.493335247039795,3.106243133544922,3.5820202827453613,4.22932767868042,5.539592266082764,7.324635982513428,10.996246337890625,13.145289421081543,14.228559494018555,16.001859664916992,16.542098999023438,25.8491153717041,29.807228088378906,27.731304168701172,29.018712997436523,36.966331481933594,42.085235595703125,63.179019927978516,82.08955383300781,125.44684600830078,185.63685607910156,272.17083740234375,528.2620239257812,414.5750732421875
160,0.0,0.031053468585014343,0.13096359372138977,0.33765318989753723,1.3126428127288818,2.4747934341430664,3.1383724212646484,3.721271276473999,3.8824846744537354,5.243221282958984,6.844424247741699,10.480852127075195,11.333584785461426,14.873271942138672,18.136180877685547,18.830638885498047,25.85952377319336,30.424423217773438,30.381044387817383,31.862747192382812,40.8164176940918,48.402549743652344,70.464111328125,99.70775604248047,146.4235382080078,225.67263793945312,292.9655456542969,544.0814819335938,400.5731201171875
161,0.0,0.026872210204601288,0.12050662189722061,0.2761349081993103,1.1975828409194946,2.6376264095306396,2.869601249694824,3.3396224975585938,3.3777170181274414,4.778791427612305,6.529776096343994,9.914076805114746,11.161938667297363,13.478257179260254,15.859456062316895,16.41643524169922,22.268484115600586,25.785449981689453,27.114124298095703,30.406391143798828,33.58645248413086,42.84040069580078,65.34547424316406,87.64118957519531,124.4557113647461,190.53318786621094,272.4767150878906,527.8905639648438,406.4388427734375
162,0.0,0.04124286770820618,0.2063468098640442,0.5222824811935425,1.8654537200927734,3.41037654876709,4.165665149688721,5.104796886444092,5.242709159851074,7.659064292907715,10.949973106384277,16.22891616821289,18.382144927978516,21.164840698242188,24.353759765625,26.14828872680664,34.3826904296875,34.768924713134766,39.27171325683594,42.950321197509766,51.33854293823242,54.60251998901367,95.56755065917969,122.35034942626953,178.1053466796875,301.3152160644531,420.43212890625,740.7799072265625,625.17138671875
163,0.0,0.0371134877204895,0.1419679820537567,0.383215993642807,1.3958373069763184,2.6874380111694336,3.1316583156585693,3.698916435241699,4.112321376800537,5.815342426300049,7.483010292053223,12.243582725524902,13.730895042419434,16.24779510498047,18.960430145263672,19.331226348876953,29.263896942138672,34.80460739135742,33.095489501953125,34.46687698364258,39.373931884765625,47.327667236328125,63.91328811645508,89.3650131225586,118.538330078125,176.64651489257812,255.20452880859375,500.85113525390625,357.5357666015625
164,0.0,0.03280710428953171,0.14112655818462372,0.3475489914417267,1.4305706024169922,2.703281879425049,3.213761329650879,3.8404898643493652,4.018439769744873,5.778570175170898,7.78605318069458,11.750696182250977,12.89861011505127,15.811336517333984,21.39822769165039,21.07468032836914,30.141616821289062,34.88002014160156,35.38474655151367,39.672508239746094,44.13412857055664,45.61241149902344,65.4563980102539,80.06694793701172,115.90145874023438,173.60433959960938,248.5264434814453,433.7214660644531,331.8675537109375
165,0.0,0.028498826548457146,0.11475595086812973,0.2880188226699829,1.1413753032684326,2.316348075866699,2.831774950027466,3.2855114936828613,3.4397900104522705,5.011803150177002,6.266263008117676,9.520846366882324,11.09430980682373,13.243023872375488,13.929291725158691,13.784197807312012,20.009675979614258,23.46640968322754,23.76582145690918,26.794713973999023,36.60811233520508,41.56504821777344,74.6253662109375,105.02851867675781,170.93385314941406,238.03294372558594,322.8927917480469,588.9318237304688,545.73193359375
166,0.0,0.03141411393880844,0.12020543217658997,0.30026930570602417,1.3165764808654785,2.519011974334717,2.9842467308044434,3.390416383743286,3.6696836948394775,5.433667182922363,6.733301162719727,9.517250061035156,11.299899101257324,12.591376304626465,15.216310501098633,14.988539695739746,23.520099639892578,25.65757179260254,26.27774429321289,25.285316467285156,36.25636672973633,43.91014862060547,67.1069564819336,97.23094940185547,136.70616149902344,223.299560546875,342.20458984375,556.9312744140625,567.1527099609375
167,0.0,0.03177698701620102,0.13091227412223816,0.3405192494392395,1.3599976301193237,2.63576340675354,3.093292236328125,3.904939889907837,3.8145596981048584,5.352372169494629,7.344615459442139,11.499235153198242,12.79687213897705,13.874183654785156,16.964645385742188,16.93993377685547,24.84177017211914,29.549236297607422,30.069334030151367,31.255380630493164,40.69365692138672,49.768768310546875,83.6596450805664,119.77638244628906,182.61997985839844,289.480712890625,385.70526123046875,636.3497314453125,659.7420654296875
168,0.0,0.029495995491743088,0.11100102961063385,0.28414833545684814,1.185834527015686,2.410273551940918,2.98869252204895,3.5022189617156982,3.860532760620117,4.923892021179199,6.514069557189941,10.59558391571045,12.102636337280273,12.39126968383789,15.318083763122559,15.625354766845703,24.399330139160156,25.848499298095703,24.953594207763672,26.463153839111328,34.48332977294922,40.576744079589844,61.56105041503906,81.54576873779297,126.16423797607422,202.67984008789062,275.5404357910156,452.0938720703125,461.9413757324219
169,0.0,0.033205546438694,0.13957111537456512,0.35745641589164734,1.3624576330184937,2.558598279953003,3.2383031845092773,3.678833246231079,3.7211365699768066,5.430995464324951,7.811456203460693,12.234396934509277,12.138379096984863,14.912456512451172,18.78909683227539,18.333410263061523,25.812685012817383,31.274728775024414,30.586624145507812,34.43947982788086,42.85519790649414,47.822052001953125,78.89425659179688,103.18211364746094,143.29110717773438,232.25985717773438,337.57366943359375,602.7178344726562,486.4707336425781
170,0.0,0.023289402946829796,0.09874004125595093,0.24323950707912445,1.1109294891357422,2.177616834640503,2.6973049640655518,3.0368247032165527,3.2350993156433105,4.547500133514404,5.592701435089111,7.998898983001709,9.767769813537598,10.994990348815918,12.40418529510498,13.288623809814453,19.711055755615234,20.35601234436035,21.245540618896484,22.904977798461914,30.438060760498047,39.71015930175781,60.03630828857422,84.86902618408203,121.51496124267578,186.0093231201172,258.44549560546875,457.6719665527344,402.168701171875
171,0.0,0.03630366548895836,0.1543370634317398,0.3788290023803711,1.4976050853729248,2.7326598167419434,3.4426589012145996,4.006556510925293,4.3705644607543945,5.976222038269043,8.190911293029785,11.882311820983887,12.758061408996582,14.443608283996582,19.48455810546875,19.698707580566406,26.58544158935547,33.257606506347656,31.951263427734375,30.798673629760742,50.31772232055664,59.10805130004883,87.58544158935547,116.77091217041016,177.02330017089844,262.42694091796875,384.5750732421875,671.1417846679688,600.0933227539062
172,0.0,0.02240820787847042,0.092526376247406,0.2241617739200592,1.0584825277328491,2.0420949459075928,2.496495246887207,2.7533376216888428,3.2674341201782227,4.240489482879639,5.553128242492676,8.557074546813965,9.05727481842041,10.5936918258667,12.125981330871582,11.635912895202637,15.414225578308105,18.892822265625,18.980934143066406,20.35793685913086,28.936079025268555,30.233407974243164,46.471778869628906,65.75845336914062,94.22322082519531,145.40576171875,196.70016479492188,410.4142761230469,335.7724609375
173,0.0,0.02924790419638157,0.12155948579311371,0.3180263936519623,1.3509390354156494,2.4667420387268066,3.245687246322632,3.586495876312256,3.7412400245666504,5.414303302764893,6.996060848236084,10.340225219726562,12.022794723510742,13.341376304626465,17.100543975830078,16.761014938354492,23.870376586914062,25.55143165588379,25.994047164916992,27.814180374145508,35.96668243408203,40.4807243347168,59.80865478515625,85.9264907836914,122.06498718261719,184.15701293945312,264.93768310546875,529.2927856445312,384.70196533203125
174,0.0,0.02468222752213478,0.08151908963918686,0.22831816971302032,1.036611795425415,2.0645265579223633,2.4767446517944336,2.971536159515381,3.107691526412964,4.344836235046387,5.45526123046875,8.069365501403809,9.348076820373535,10.963556289672852,12.469551086425781,11.846598625183105,18.882509231567383,19.11474609375,20.160890579223633,21.57082748413086,27.638641357421875,33.632816314697266,48.72208023071289,62.425079345703125,88.10177612304688,133.2403106689453,190.11746215820312,373.93133544921875,284.640380859375
175,0.0,0.028952188789844513,0.13064056634902954,0.3467603325843811,1.349992275238037,2.539719820022583,3.0395026206970215,3.7566726207733154,3.9086625576019287,5.433747291564941,7.683717727661133,11.31283187866211,12.814379692077637,13.078502655029297,16.931509017944336,15.316720008850098,23.858051300048828,25.890958786010742,25.88459587097168,27.28790855407715,40.13682174682617,44.148712158203125,76.17341613769531,109.27290344238281,160.03048706054688,239.50848388671875,367.8486633300781,636.9508056640625,620.7708129882812
176,0.0,0.030295133590698242,0.12485861778259277,0.29666849970817566,1.1952111721038818,2.4665942192077637,2.9525840282440186,3.6181797981262207,3.6536309719085693,5.4119954109191895,6.788188934326172,10.122636795043945,11.219807624816895,13.880306243896484,15.480315208435059,14.520902633666992,22.683860778808594,24.682716369628906,25.976938247680664,26.760887145996094,35.91016387939453,37.76169967651367,53.53264236450195,83.50603485107422,120.7171630859375,194.1422119140625,240.81764221191406,488.1642150878906,417.8227233886719
177,0.0,0.0309151578694582,0.13358174264431,0.32080093026161194,1.2537914514541626,2.466402053833008,3.1249938011169434,3.71809983253479,3.7063121795654297,4.825016975402832,6.991726398468018,10.018304824829102,11.833398818969727,13.436416625976562,16.642858505249023,15.944635391235352,22.587587356567383,27.3466854095459,27.515708923339844,29.376192092895508,34.73868179321289,41.30164337158203,58.1658935546875,86.54408264160156,122.49153137207031,175.15916442871094,256.22119140625,508.7308654785156,400.3517150878906
178,0.0,0.027807122096419334,0.10997609049081802,0.30063411593437195,1.244645118713379,2.4419922828674316,2.9307281970977783,3.4837136268615723,3.683241128921509,5.296393871307373,6.674826145172119,9.835801124572754,11.463215827941895,12.598803520202637,15.144867897033691,15.817923545837402,21.280141830444336,23.638303756713867,23.617250442504883,24.67535972595215,36.826812744140625,41.6893196105957,59.52341842651367,91.91732025146484,129.19235229492188,195.68992614746094,279.7860107421875,492.97845458984375,417.2540588378906
179,0.0,0.02112463302910328,0.09449984133243561,0.21004804968833923,1.043853998184204,2.1640865802764893,2.4752037525177,2.971468210220337,3.096615791320801,4.531970024108887,5.466550827026367,8.085067749023438,9.178949356079102,10.928635597229004,12.142474174499512,11.226349830627441,16.289382934570312,19.56414794921875,19.74197006225586,20.698755264282227,29.88042640686035,37.1261100769043,61.615631103515625,90.85515594482422,127.14647674560547,219.06964111328125,273.2972106933594,461.381591796875,483.475830078125
180,0.0,0.027656514197587967,0.11221158504486084,0.2530655264854431,1.1726690530776978,2.2017359733581543,2.7043492794036865,3.2637102603912354,3.2484538555145264,4.452016353607178,6.295356750488281,9.69278621673584,10.496559143066406,12.06462574005127,14.058362007141113,13.304718971252441,18.693662643432617,21.728261947631836,20.13673210144043,22.173568725585938,28.591272354125977,37.467872619628906,60.369510650634766,80.67108154296875,120.39994049072266,181.82907104492188,275.9845275878906,504.7085876464844,435.4895324707031
181,0.0,0.04204433411359787,0.17910921573638916,0.4224410653114319,1.5017212629318237,2.8179516792297363,3.4803988933563232,4.3840413093566895,4.580789089202881,6.110619068145752,8.46484661102295,12.887277603149414,12.629999160766602,16.42950439453125,20.85840606689453,19.503860473632812,28.635547637939453,32.00082015991211,32.24252700805664,36.747032165527344,51.56387710571289,62.736080169677734,101.60832214355469,131.86163330078125,210.02456665039062,327.2170715332031,428.5214538574219,806.2650756835938,729.4437255859375
182,0.0,0.02865588106215,0.1069827601313591,0.2885248064994812,1.1509746313095093,2.2153449058532715,2.7190780639648438,3.148709535598755,3.2933993339538574,4.905088901519775,6.547913074493408,9.46003532409668,11.286858558654785,12.949865341186523,14.63901424407959,15.955850601196289,22.44232940673828,23.715900421142578,25.607406616210938,27.580976486206055,32.746551513671875,36.482017517089844,57.42279052734375,73.62226104736328,102.31755065917969,152.6489715576172,215.64646911621094,374.94525146484375,323.0540771484375
183,0.0,0.03052532486617565,0.11388393491506577,0.3302454352378845,1.2375435829162598,2.502291679382324,2.963482141494751,3.59100604057312,3.833167552947998,5.0983476638793945,6.884809970855713,10.961822509765625,12.384154319763184,13.867660522460938,15.867135047912598,14.505528450012207,21.852081298828125,24.3485107421875,26.633955001831055,28.895282745361328,37.16169738769531,45.850791931152344,75.28759765625,102.05572509765625,147.9220733642578,241.10020446777344,338.90838623046875,550.9468383789062,517.0076293945312
184,0.0,0.030513936653733253,0.11551810055971146,0.30903273820877075,1.310797929763794,2.3588664531707764,2.972276210784912,3.3915586471557617,3.688448190689087,4.802918910980225,6.87557315826416,10.579289436340332,11.738627433776855,14.396834373474121,17.13599967956543,16.420150756835938,25.81300926208496,26.081279754638672,29.45858383178711,29.421213150024414,35.927555084228516,36.79637145996094,56.82656478881836,83.42092895507812,99.63549041748047,173.72991943359375,237.86074829101562,448.0033874511719,327.3719482421875
185,0.0,0.02356140874326229,0.10336117446422577,0.24289801716804504,1.086197853088379,2.158245325088501,2.613438129425049,3.227410078048706,3.4538516998291016,4.985739707946777,5.7954182624816895,8.87876033782959,10.59273910522461,11.830002784729004,12.671998023986816,12.639420509338379,17.847517013549805,19.800811767578125,20.49506950378418,22.849517822265625,31.277170181274414,40.86021423339844,68.1701889038086,95.07334899902344,148.8538055419922,228.7314453125,296.02069091796875,477.94708251953125,513.3694458007812
186,0.0,0.04402867332100868,0.17956702411174774,0.4171544909477234,1.6211861371994019,2.911904811859131,3.676253080368042,4.1542158126831055,4.926651477813721,6.8812642097473145,8.811710357666016,12.857684135437012,15.195672035217285,17.086563110351562,22.026187896728516,21.77757453918457,32.9876823425293,34.04094696044922,36.02384567260742,39.978965759277344,47.156829833984375,50.98145294189453,73.98857879638672,110.19738006591797,146.16990661621094,245.64317321777344,326.63311767578125,606.4669189453125,433.94415283203125
187,0.0,0.02460958994925022,0.10123234242200851,0.26655226945877075,1.1681734323501587,2.0768110752105713,2.566033124923706,3.1141138076782227,3.245598316192627,4.920578479766846,5.950355529785156,9.49498462677002,10.088658332824707,11.476563453674316,13.635047912597656,13.727193832397461,20.29049301147461,23.77021598815918,25.19005584716797,24.155200958251953,30.82276725769043,39.352787017822266,55.53030776977539,82.14041137695312,106.36570739746094,156.59136962890625,218.3910369873047,401.7636413574219,377.87322998046875
188,0.0,0.019632451236248016,0.0785670131444931,0.19354410469532013,0.9644497632980347,1.7925666570663452,2.132887363433838,2.5895628929138184,3.07083797454834,3.7771317958831787,4.847994327545166,7.113462448120117,8.274445533752441,9.395257949829102,10.829667091369629,10.721959114074707,14.768553733825684,16.973617553710938,17.762060165405273,17.455726623535156,24.153793334960938,27.289390563964844,48.1591911315918,65.29682922363281,107.73590850830078,145.65957641601562,200.27749633789062,384.4079284667969,371.5129699707031
189,0.0,0.02555190771818161,0.09776909649372101,0.26543915271759033,1.111518383026123,2.244982957839966,2.5715088844299316,3.1114888191223145,3.2789266109466553,4.7185492515563965,6.076272010803223,9.094366073608398,10.5922212600708,11.307890892028809,12.666986465454102,13.270024299621582,19.36607551574707,19.658363342285156,23.0477237701416,20.948965072631836,29.425596237182617,34.275856018066406,54.68461227416992,82.8424072265625,108.88294219970703,174.32156372070312,257.3317565917969,457.449951171875,405.8533020019531
190,0.0,0.02957785502076149,0.11683136224746704,0.3150210976600647,1.310088038444519,2.447584629058838,2.8992233276367188,3.497421979904175,3.7423341274261475,5.334054946899414,7.031081676483154,11.049925804138184,12.146027565002441,13.448949813842773,15.497061729431152,16.165307998657227,25.600261688232422,24.710840225219727,28.257247924804688,30.305360794067383,39.645233154296875,45.201419830322266,73.10078430175781,106.95040130615234,140.27281188964844,206.15164184570312,323.4915771484375,579.1766357421875,502.1189270019531
191,0.0,0.026460222899913788,0.10819370299577713,0.24512799084186554,1.1378519535064697,2.233427047729492,2.558363437652588,3.1825947761535645,3.109513282775879,4.640254020690918,5.84354829788208,9.395691871643066,9.537717819213867,11.097201347351074,14.623957633972168,14.36966323852539,19.4207706451416,22.465103149414062,22.497758865356445,24.776430130004883,32.66526794433594,35.18496322631836,57.69630813598633,74.861572265625,112.1382827758789,172.5890655517578,248.98367309570312,428.1112060546875,380.51513671875
192,0.0,0.020393161103129387,0.07606102526187897,0.1959400624036789,1.0127580165863037,1.962405800819397,2.257505416870117,2.7718358039855957,2.8255887031555176,4.056586742401123,5.023265361785889,6.993967056274414,8.017955780029297,9.665754318237305,10.724703788757324,11.023466110229492,15.176432609558105,17.258176803588867,16.540281295776367,18.185606002807617,24.89875602722168,33.104122161865234,52.42354202270508,78.50658416748047,115.60517883300781,188.78021240234375,264.95458984375,411.858154296875,440.14501953125
193,0.0,0.051476385444402695,0.23492220044136047,0.5424525141716003,1.771519422531128,3.423746347427368,4.01763916015625,5.176243305206299,5.3128790855407715,7.682522296905518,10.919258117675781,15.94736099243164,20.113365173339844,23.76071548461914,29.3011417388916,30.260845184326172,47.4765625,50.161956787109375,50.058807373046875,55.86907196044922,63.404197692871094,65.59945678710938,103.10334014892578,139.90159606933594,173.04498291015625,289.9190979003906,388.1200256347656,738.3167114257812,515.5895385742188
194,0.0,0.02113785594701767,0.0851367861032486,0.22071145474910736,0.97453373670578,1.9837558269500732,2.448385000228882,2.762650489807129,3.1662821769714355,4.3013153076171875,5.527780532836914,7.9713850021362305,9.120244979858398,11.159801483154297,12.244854927062988,13.171537399291992,19.345806121826172,19.913618087768555,20.868452072143555,23.535179138183594,27.606266021728516,31.353548049926758,47.993247985839844,65.82762908935547,90.26468658447266,130.14109802246094,195.24029541015625,357.9635925292969,283.9381408691406
195,0.0,0.02975592389702797,0.12335474044084549,0.2832474410533905,1.243363857269287,2.473177909851074,3.0844204425811768,3.5100512504577637,3.8140227794647217,5.150024890899658,6.600879192352295,10.708364486694336,11.989568710327148,13.333230972290039,15.986340522766113,16.178850173950195,24.67095184326172,25.49155044555664,28.86216926574707,27.31939125061035,38.902645111083984,46.556087493896484,71.78643035888672,93.65271759033203,137.32354736328125,214.59902954101562,316.7835693359375,571.8263549804688,486.7869567871094
196,0.0,0.026763685047626495,0.1072288453578949,0.277044415473938,1.1355969905853271,2.1825952529907227,2.6262338161468506,3.313904047012329,3.3686158657073975,4.935503005981445,6.209017276763916,9.041448593139648,10.415955543518066,12.597795486450195,14.619879722595215,15.279417037963867,22.971481323242188,24.9936580657959,24.747907638549805,25.94867515563965,30.804399490356445,34.28337097167969,55.65740203857422,71.67613220214844,102.09089660644531,149.42413330078125,222.9713592529297,435.0018615722656,347.64520263671875
197,0.0,0.034294337034225464,0.14315631985664368,0.38147294521331787,1.3162609338760376,2.7418301105499268,3.3430020809173584,3.8887314796447754,4.137335777282715,5.735066890716553,8.150015830993652,12.733139038085938,12.345426559448242,15.98629093170166,17.879762649536133,17.22297477722168,25.344938278198242,26.593341827392578,30.32440757751465,26.4124698638916,37.39247512817383,53.072357177734375,87.76873779296875,120.29766082763672,161.8302001953125,277.91650390625,377.1748352050781,595.6859741210938,562.97802734375
198,0.0,0.024123873561620712,0.10749421268701553,0.2730175256729126,1.1514670848846436,2.281717300415039,2.7882540225982666,3.075935125350952,3.31058931350708,4.882868766784668,6.278918266296387,9.057793617248535,10.735556602478027,12.445822715759277,13.682710647583008,13.033557891845703,18.44712257385254,20.4906063079834,21.456209182739258,22.365060806274414,30.34766960144043,35.54863357543945,56.08797073364258,80.99068450927734,131.1612091064453,185.63916015625,257.5288391113281,501.9290466308594,399.5107727050781
199,0.0,0.02731054276227951,0.11018852889537811,0.28229016065597534,1.1294960975646973,2.2060039043426514,2.9150171279907227,3.3098397254943848,3.425546407699585,4.65817403793335,6.21751070022583,9.1642484664917,10.82523250579834,12.137228965759277,13.508709907531738,14.553201675415039,18.717496871948242,21.01958656311035,21.677255630493164,26.085521697998047,35.13350296020508,39.541542053222656,60.653987884521484,87.38835144042969,134.9267578125,203.65647888183594,278.53106689453125,489.4437255859375,495.44085693359375
200,0.0,0.02149413712322712,0.09629683196544647,0.2375568300485611,1.079876184463501,2.250218629837036,2.5340561866760254,2.8761520385742188,3.139291524887085,4.341619968414307,5.824728965759277,8.21618366241455,9.66025447845459,10.49826431274414,12.246319770812988,12.772211074829102,17.136802673339844,19.774351119995117,19.282812118530273,21.758344650268555,27.032360076904297,33.07304000854492,57.66840744018555,83.88802337646484,128.43032836914062,179.32069396972656,258.6546630859375,464.7582092285156,450.643798828125
201,0.0,0.02708314172923565,0.10181870311498642,0.2854878306388855,1.1430022716522217,2.424863338470459,2.7676315307617188,3.2405688762664795,3.333925724029541,4.442914962768555,6.284671783447266,9.04015827178955,9.668456077575684,11.59113883972168,13.600674629211426,13.318449974060059,19.41652488708496,21.011642456054688,21.749813079833984,23.349821090698242,30.188528060913086,40.12752914428711,72.15867614746094,97.37735748291016,145.97158813476562,224.71498107910156,343.25274658203125,510.7870178222656,539.7244873046875
202,0.0,0.03196019306778908,0.1466568112373352,0.3349176049232483,1.3284077644348145,2.5554611682891846,2.9891092777252197,3.7161178588867188,3.960240125656128,5.581209182739258,7.996787071228027,10.933910369873047,12.7567777633667,15.439081192016602,17.40986442565918,16.73772430419922,25.88977813720703,28.44158172607422,29.143632888793945,29.855464935302734,39.056583404541016,53.16613006591797,71.25189208984375,108.56752014160156,152.7310028076172,257.9784240722656,341.4010009765625,573.2639770507812,592.4564208984375
203,0.0,0.03390389680862427,0.13854637742042542,0.3427296280860901,1.3284523487091064,2.5908045768737793,3.050551414489746,3.5763940811157227,4.000918865203857,5.369290351867676,7.327351093292236,10.783063888549805,12.340940475463867,13.45665454864502,17.38028907775879,19.311368942260742,25.39535903930664,30.980234146118164,28.406373977661133,33.20592498779297,38.83513641357422,50.02570343017578,78.75039672851562,101.27889251708984,149.11038208007812,232.64210510253906,316.74114990234375,546.958984375,503.2469482421875
204,0.0,0.03451864793896675,0.14894263446331024,0.40584731101989746,1.4045528173446655,2.725318431854248,3.4440579414367676,4.046989440917969,4.523617267608643,6.179403305053711,8.230430603027344,12.870807647705078,13.58321475982666,16.990398406982422,17.91514778137207,18.994762420654297,26.279436111450195,27.559288024902344,29.64566421508789,32.87982940673828,37.45634841918945,41.998634338378906,61.46827697753906,85.64486694335938,121.51749420166016,192.89308166503906,260.9934387207031,478.7075500488281,356.602783203125
205,0.0,0.024629870429635048,0.09929724782705307,0.2634669840335846,1.092368483543396,2.1735198497772217,2.669374704360962,3.0058937072753906,3.3026018142700195,4.690287113189697,5.727248191833496,8.370357513427734,9.881131172180176,11.51521110534668,13.182098388671875,14.015911102294922,19.26626205444336,21.48202896118164,21.10812759399414,24.62211799621582,28.373769760131836,32.15592575073242,48.285430908203125,64.63005065917969,102.79109954833984,149.23875427246094,209.5364532470703,394.74041748046875,361.4918212890625
206,0.0,0.027933523058891296,0.12311533838510513,0.29029083251953125,1.2536506652832031,2.410750150680542,2.922905921936035,3.555410385131836,3.448117733001709,4.953969955444336,6.587211608886719,10.260749816894531,11.869399070739746,13.446117401123047,16.445804595947266,15.631428718566895,23.461332321166992,23.44746971130371,26.82697868347168,28.188251495361328,34.93513870239258,42.4559211730957,74.55142974853516,98.51041412353516,137.7313232421875,226.81849670410156,318.1203918457031,518.7127685546875,473.4298400878906
207,0.0,0.02376035414636135,0.09776174277067184,0.2252366989850998,1.0631787776947021,2.1073029041290283,2.6058177947998047,2.865656614303589,3.109483480453491,4.604290962219238,5.863821506500244,7.966979503631592,9.765341758728027,10.7616548538208,12.792074203491211,11.915675163269043,16.631946563720703,18.868457794189453,18.422487258911133,20.41084098815918,27.43326759338379,32.10564422607422,48.485687255859375,70.34405517578125,107.28425598144531,156.15675354003906,231.533447265625,409.92144775390625,374.4673156738281
208,0.0,0.03163003921508789,0.12388074398040771,0.3054960370063782,1.297542691230774,2.398960590362549,2.9996421337127686,3.525815486907959,3.7761330604553223,5.074487686157227,7.098062038421631,10.896742820739746,12.46555233001709,13.283524513244629,16.365367889404297,16.16441535949707,22.539655685424805,25.465456008911133,27.30596160888672,28.361095428466797,39.223846435546875,42.86542510986328,66.69882202148438,95.65666198730469,140.346923828125,215.7006072998047,297.8575744628906,533.23828125,511.4690246582031
209,0.0,0.02331504225730896,0.1002391129732132,0.23452192544937134,1.167270302772522,2.1062488555908203,2.7735865116119385,3.18019437789917,3.041990041732788,4.585922718048096,5.694940567016602,9.355313301086426,9.2689847946167,11.118139266967773,12.435016632080078,12.776476860046387,17.939985275268555,18.426420211791992,18.928173065185547,20.40436363220215,26.711294174194336,31.696250915527344,50.35308837890625,64.92679595947266,93.04190063476562,150.83641052246094,210.71551513671875,411.1534118652344,330.3081359863281
210,0.0,0.026880864053964615,0.1088658943772316,0.3065522611141205,1.2108005285263062,2.4335103034973145,2.9661970138549805,3.141315221786499,3.592545509338379,5.152490615844727,6.719442844390869,10.173063278198242,10.543248176574707,12.07334041595459,13.91565990447998,13.440727233886719,18.952699661254883,20.568321228027344,20.493045806884766,21.77776336669922,26.963876724243164,32.10839080810547,44.19321060180664,62.53300476074219,93.17076110839844,139.06979370117188,210.13339233398438,421.88250732421875,346.5105285644531
211,0.0,0.03327198326587677,0.14496149122714996,0.36327311396598816,1.3830169439315796,2.5933585166931152,3.1052334308624268,3.7628424167633057,4.3212690353393555,5.824532508850098,6.9875617027282715,11.061580657958984,12.767252922058105,15.801846504211426,16.959836959838867,16.212739944458008,23.945837020874023,26.564607620239258,28.298572540283203,27.819433212280273,36.01985549926758,41.7896728515625,56.9757080078125,87.891845703125,126.85652160644531,203.11476135253906,306.7801513671875,507.3470764160156,468.1581115722656
212,0.0,0.030230248346924782,0.12972666323184967,0.33019575476646423,1.293195366859436,2.4421823024749756,3.0437722206115723,3.4971113204956055,3.9256718158721924,5.270535469055176,7.490212917327881,10.779568672180176,12.659195899963379,14.904229164123535,16.503524780273438,16.83377456665039,23.82738494873047,29.599384307861328,25.83207893371582,30.566255569458008,40.03245544433594,45.275604248046875,62.20964431762695,91.604248046875,126.99444580078125,197.86228942871094,284.8807067871094,506.8934020996094,388.76922607421875
213,0.0,0.02615242823958397,0.10411772131919861,0.25818488001823425,1.167203664779663,2.2499167919158936,2.7033567428588867,3.1368448734283447,3.1895103454589844,4.961856365203857,5.904127597808838,9.37417984008789,10.702860832214355,12.925739288330078,15.269440650939941,13.807412147521973,21.119985580444336,21.514047622680664,24.29110336303711,26.57734489440918,32.95354080200195,35.53969192504883,55.71537780761719,81.32231903076172,113.08680725097656,160.4842529296875,211.0812530517578,417.1883850097656,343.8102722167969
214,0.0,0.03128773719072342,0.12662798166275024,0.3204931318759918,1.2034324407577515,2.389403820037842,3.00301194190979,3.5117979049682617,3.8128044605255127,5.437640190124512,7.059933662414551,10.703496932983398,12.400617599487305,14.518373489379883,17.40437889099121,18.39244270324707,26.914005279541016,29.24192237854004,30.05819320678711,33.75494384765625,37.02553939819336,41.0093994140625,57.72011184692383,75.47361755371094,108.15735626220703,160.22918701171875,224.29954528808594,444.7812805175781,334.6001281738281
215,0.0,0.031025532633066177,0.12259736657142639,0.3022482991218567,1.2485378980636597,2.4822840690612793,3.0840611457824707,3.4043354988098145,3.6060070991516113,5.02651834487915,6.919475555419922,9.745407104492188,10.947537422180176,12.872037887573242,16.14599609375,16.43386459350586,24.802330017089844,26.760356903076172,25.76766586303711,29.163288116455078,35.33835983276367,37.937015533447266,55.69013214111328,75.18696594238281,98.93330383300781,150.2843780517578,210.00062561035156,418.0577087402344,327.68609619140625
216,0.0,0.03623085096478462,0.16676251590251923,0.3644643723964691,1.3525806665420532,2.7933101654052734,3.3122990131378174,4.267557621002197,4.182361125946045,5.859626293182373,8.442601203918457,12.395818710327148,15.251152992248535,17.182462692260742,22.816255569458008,20.991989135742188,31.961044311523438,35.548858642578125,33.01378631591797,38.56454086303711,47.07329177856445,45.706539154052734,71.70008087158203,99.94989776611328,136.96481323242188,192.61932373046875,270.59576416015625,533.6902465820312,401.2713928222656
217,0.0,0.03432975336909294,0.1354881078004837,0.35798558592796326,1.3149967193603516,2.448837995529175,3.268700122833252,3.695702314376831,3.9834001064300537,5.408714294433594,7.793429851531982,11.824868202209473,12.5469388961792,13.555314064025879,15.843579292297363,15.929991722106934,25.396814346313477,23.05443000793457,27.299968719482422,27.962812423706055,37.34024429321289,43.22916793823242,64.15911865234375,88.12857818603516,142.66360473632812,202.91259765625,309.5834655761719,582.8609008789062,503.1501159667969
218,0.0,0.023241663351655006,0.0921102836728096,0.22180728614330292,1.0434036254882812,2.020487070083618,2.531587839126587,2.8436357975006104,2.9950666427612305,4.2119646072387695,5.438653469085693,8.437252044677734,9.407175064086914,10.284380912780762,12.104528427124023,12.66782283782959,19.509525299072266,22.268896102905273,22.29796028137207,21.92978286743164,32.6631965637207,40.814701080322266,64.90581512451172,90.74443054199219,142.97286987304688,221.88177490234375,294.3453369140625,471.065185546875,452.367919921875
219,0.0,0.030295342206954956,0.13327448070049286,0.3297300636768341,1.2999082803726196,2.547281265258789,3.1102120876312256,3.416984796524048,3.738741874694824,5.2752766609191895,6.901580810546875,10.694734573364258,12.371832847595215,13.411606788635254,16.648338317871094,16.212865829467773,24.86174201965332,25.72299575805664,28.45262336730957,30.095794677734375,37.052696228027344,42.70517349243164,63.289276123046875,87.24983215332031,125.36046600341797,191.37156677246094,265.8917541503906,527.7379150390625,413.9978942871094
220,0.0,0.031198278069496155,0.1361582726240158,0.3282080888748169,1.3517671823501587,2.529788017272949,3.0135486125946045,3.5030040740966797,3.7759501934051514,5.984583377838135,6.929340362548828,10.910502433776855,11.820662498474121,14.052462577819824,16.205358505249023,15.349651336669922,23.79784393310547,26.02550506591797,27.088359832763672,28.33296012878418,41.93112564086914,46.72819519042969,74.8810043334961,107.00491333007812,167.12396240234375,249.8457794189453,346.4679870605469,620.499267578125,624.606689453125
221,0.0,0.03126857802271843,0.12381184846162796,0.31413349509239197,1.3090447187423706,2.525465965270996,3.1213462352752686,3.5194458961486816,3.808725595474243,5.220622539520264,6.934305191040039,9.996031761169434,11.118012428283691,12.956345558166504,16.059797286987305,16.316953659057617,23.264892578125,25.743953704833984,24.910566329956055,24.887903213500977,36.40910339355469,42.518184661865234,64.97433471679688,89.46300506591797,135.56309509277344,204.0963134765625,281.73516845703125,580.0807495117188,494.6203308105469
222,0.0,0.03168274462223053,0.13674421608448029,0.3399035334587097,1.3109468221664429,2.502354621887207,3.162001848220825,3.656731128692627,3.747438669204712,5.507741451263428,7.093825340270996,10.478732109069824,11.839659690856934,14.190313339233398,16.116443634033203,16.452945709228516,24.578590393066406,26.987878799438477,27.75723648071289,27.042102813720703,38.397674560546875,48.46916961669922,71.4800033569336,110.79560089111328,166.6281280517578,258.1539306640625,359.01019287109375,622.8544921875,694.9844360351562
223,0.0,0.036311615258455276,0.16272056102752686,0.3940107524394989,1.434870719909668,2.9107933044433594,3.49725341796875,3.9158267974853516,4.145137310028076,6.186458587646484,7.966396808624268,12.137069702148438,13.767168998718262,15.347869873046875,19.60881805419922,19.579252243041992,27.761280059814453,28.913103103637695,29.8271427154541,34.362117767333984,44.32478332519531,43.85893249511719,69.78923797607422,92.15420532226562,138.92645263671875,195.35348510742188,300.4728088378906,545.4466552734375,454.92376708984375
224,0.0,0.03812761977314949,0.15189020335674286,0.38745081424713135,1.4578208923339844,2.7186906337738037,3.3881773948669434,4.040876865386963,4.460824489593506,5.951432228088379,7.582210063934326,12.668405532836914,13.571767807006836,15.2516508102417,17.160945892333984,16.72003746032715,25.52604103088379,29.19998550415039,31.199291229248047,31.09276580810547,40.716026306152344,43.539154052734375,63.14297866821289,75.43482971191406,130.50479125976562,202.05043029785156,262.0155944824219,549.6203002929688,409.542236328125
225,0.0,0.025188077241182327,0.09881656616926193,0.2532360553741455,1.1168186664581299,2.368412733078003,2.69899320602417,3.151341438293457,3.2608699798583984,4.867745876312256,6.072070598602295,9.117048263549805,10.135704040527344,11.359607696533203,13.655848503112793,14.1644868850708,19.405908584594727,21.664443969726562,22.304597854614258,24.0266170501709,30.38431739807129,37.6147346496582,58.910423278808594,75.1962661743164,112.32372283935547,162.32406616210938,265.8895568847656,450.509765625,399.588623046875
226,0.0,0.027141833677887917,0.11401455104351044,0.2911357581615448,1.3099309206008911,2.4447414875030518,2.9592275619506836,3.3985917568206787,3.912116765975952,5.170669078826904,6.283797264099121,9.557644844055176,11.734333038330078,13.555092811584473,15.067963600158691,15.497289657592773,21.275413513183594,23.881662368774414,23.889095306396484,24.785860061645508,33.83993911743164,37.177268981933594,56.01564407348633,72.65341186523438,122.22212982177734,175.6083221435547,264.41851806640625,483.560791015625,450.177001953125
227,0.0,0.02323135919868946,0.10122097283601761,0.26124146580696106,1.0706299543380737,2.042504072189331,2.601236343383789,3.022730588912964,3.246486186981201,4.582796096801758,5.86754035949707,8.837931632995605,10.25556755065918,11.702542304992676,14.268904685974121,13.700688362121582,18.948270797729492,22.830177307128906,21.68145751953125,27.059383392333984,31.15509605407715,34.04800033569336,52.08837890625,80.58734893798828,113.14228820800781,179.65924072265625,255.59173583984375,451.3203430175781,431.158203125
228,0.0,0.03329227864742279,0.12822599709033966,0.31574276089668274,1.3163344860076904,2.3223214149475098,2.9389195442199707,3.403061866760254,3.7565035820007324,4.971080780029297,6.743266582489014,10.078922271728516,11.25385570526123,13.682963371276855,15.356963157653809,14.697135925292969,21.33304214477539,24.772449493408203,24.892446517944336,27.536352157592773,31.50823402404785,36.81702423095703,59.66019058227539,80.15643310546875,123.46067810058594,194.2305450439453,244.11807250976562,526.158203125,456.9375915527344
229,0.0,0.019168876111507416,0.07225975394248962,0.17837972939014435,0.9094945788383484,1.8131434917449951,2.2518796920776367,2.6540443897247314,2.741014242172241,3.851362705230713,4.869804382324219,7.087514877319336,8.006875038146973,8.651451110839844,9.930752754211426,10.794666290283203,13.883941650390625,15.732535362243652,16.515161514282227,17.022571563720703,22.6877498626709,29.385618209838867,50.87153244018555,69.41342163085938,105.56787872314453,162.98208618164062,220.49537658691406,380.53778076171875,410.7897033691406
230,0.0,0.02927093766629696,0.11818907409906387,0.28608620166778564,1.2165805101394653,2.3863539695739746,3.076157331466675,3.4050793647766113,3.931281566619873,5.172471046447754,6.505807876586914,10.027481079101562,11.420012474060059,13.547455787658691,14.236794471740723,15.46207332611084,19.635379791259766,24.837162017822266,23.949705123901367,25.54838752746582,37.13984680175781,44.5209846496582,72.85201263427734,103.53416442871094,154.70693969726562,230.890869140625,345.7682189941406,545.7020263671875,643.1519165039062
231,0.0,0.02845534309744835,0.11002940684556961,0.2957827150821686,1.2545886039733887,2.498404026031494,2.981593132019043,3.3811042308807373,3.4753329753875732,5.255264759063721,6.887073040008545,10.500730514526367,12.313009262084961,13.273821830749512,17.008333206176758,14.536357879638672,22.233692169189453,24.154626846313477,25.826074600219727,25.768590927124023,31.787641525268555,38.61695098876953,62.93486404418945,91.64250183105469,112.4658203125,191.9669189453125,267.94287109375,459.57763671875,397.00634765625
232,0.0,0.02935834228992462,0.11126197129487991,0.3029790222644806,1.182498812675476,2.2823989391326904,2.9379031658172607,3.4380605220794678,3.729302167892456,5.276935577392578,6.952831268310547,10.667366027832031,13.125346183776855,13.82698917388916,14.736167907714844,15.439834594726562,22.982017517089844,24.597396850585938,26.03738021850586,26.270376205444336,36.187705993652344,45.4660758972168,77.23664855957031,103.56761932373047,156.68031311035156,279.6163330078125,355.2749328613281,535.05615234375,618.0007934570312
233,0.0,0.033617958426475525,0.1478389948606491,0.3399786651134491,1.35574209690094,2.650705099105835,3.1003494262695312,3.6529219150543213,4.047055721282959,5.5091872215271,7.01313591003418,10.813590049743652,12.041199684143066,14.467691421508789,15.865234375,17.049978256225586,24.511018753051758,26.74142074584961,29.66750717163086,27.46335220336914,36.84035110473633,45.88047409057617,67.41142272949219,93.6053466796875,144.76959228515625,225.65150451660156,303.8341979980469,595.593505859375,541.6769409179688
234,0.0,0.02631896547973156,0.11079589277505875,0.27414336800575256,1.179856300354004,2.331496238708496,2.78997540473938,3.3025708198547363,3.629383087158203,4.818887710571289,6.1892523765563965,9.446008682250977,10.741438865661621,11.438312530517578,14.514483451843262,14.347925186157227,20.296388626098633,22.74491310119629,23.07096290588379,28.230777740478516,35.6689338684082,46.265525817871094,79.22724151611328,108.67218017578125,152.8323516845703,231.33966064453125,322.4275207519531,533.0181274414062,492.7822570800781
235,0.0,0.01875651814043522,0.06885724514722824,0.18634635210037231,0.9562554359436035,1.8233929872512817,2.2054007053375244,2.4703917503356934,2.7638518810272217,3.8468363285064697,5.095777988433838,6.830681800842285,7.732558250427246,9.226791381835938,10.444916725158691,10.681133270263672,14.589229583740234,15.916269302368164,16.703184127807617,17.637645721435547,28.234966278076172,32.217220306396484,48.85309982299805,70.59053802490234,115.7672119140625,166.68414306640625,258.9612731933594,380.4399719238281,412.4219665527344
