,layer_1,layer_2,layer_3,layer_4,layer_5,layer_6,layer_7,layer_8,layer_9,layer_10,layer_11,layer_12,layer_13,layer_14,layer_15,layer_16,layer_17,layer_18,layer_19,layer_20,layer_21,layer_22,layer_23,layer_24,layer_25,layer_26,layer_27,layer_28,layer_29
0,0.0,0.0764453262090683,0.1979488581418991,0.3604545593261719,0.7277953028678894,1.0613667964935303,1.910293459892273,2.899986505508423,5.151673316955566,10.87602424621582,11.985383033752441,15.968635559082031,19.445043563842773,27.591035842895508,53.8702507019043,66.64533233642578,108.1799087524414,109.2476806640625,124.34169006347656,125.8585205078125,198.8592071533203,288.3509216308594,376.9456481933594,665.9744262695312,959.935546875,1225.1158447265625,1740.0001220703125,2750.82861328125,1908.9825439453125
1,0.0,0.06709663569927216,0.16379405558109283,0.3029474914073944,0.6244802474975586,0.9337217807769775,1.488938808441162,2.5562472343444824,4.2033610343933105,9.318970680236816,10.192134857177734,14.521893501281738,18.91362953186035,23.63409996032715,41.92866897583008,58.877689361572266,89.9062271118164,90.39215850830078,104.25424194335938,123.16931915283203,183.55947875976562,225.392822265625,379.1011962890625,573.7286376953125,770.294189453125,1078.188720703125,1475.4571533203125,2335.09765625,1525.7747802734375
2,0.0,0.08114029467105865,0.23964115977287292,0.4576230049133301,0.7541179060935974,1.2125258445739746,2.0852785110473633,3.0561633110046387,4.939724922180176,11.344256401062012,12.824004173278809,17.28512954711914,21.5856990814209,31.22693634033203,51.1029052734375,69.310546875,108.4207992553711,108.74298858642578,118.25017547607422,126.04560852050781,186.96910095214844,251.83334350585938,418.4658203125,636.3430786132812,921.1431884765625,1139.092041015625,1622.382568359375,2642.7880859375,1619.6370849609375
3,0.0,0.08269967883825302,0.22650663554668427,0.4272972047328949,0.8516768217086792,1.2544138431549072,2.3472225666046143,3.3943066596984863,5.682868480682373,12.129735946655273,13.860160827636719,19.271333694458008,22.183448791503906,31.22797393798828,54.35041046142578,66.85477447509766,111.8895034790039,116.92312622070312,122.36492919921875,133.9984130859375,192.06385803222656,258.18475341796875,393.11297607421875,555.9779052734375,836.805419921875,1042.3397216796875,1407.214111328125,2556.55419921875,1480.83544921875
4,0.0,0.09972446411848068,0.24134933948516846,0.4725991487503052,1.0399116277694702,1.392295241355896,2.5183045864105225,4.2176995277404785,7.0357184410095215,14.11369800567627,15.818256378173828,20.91587257385254,30.279891967773438,37.4863395690918,70.59060668945312,83.68699645996094,129.57456970214844,142.62713623046875,163.416748046875,174.03697204589844,269.626953125,319.8579406738281,493.3307189941406,755.795166015625,1127.4693603515625,1416.8485107421875,2142.297119140625,3539.357177734375,2045.3873291015625
5,0.0,0.06134601682424545,0.1518486887216568,0.27661335468292236,0.5724242329597473,0.8213883638381958,1.3123390674591064,2.1056623458862305,3.699361801147461,7.30737829208374,9.040703773498535,12.289865493774414,15.168391227722168,21.467548370361328,34.91872024536133,48.587806701660156,76.95835876464844,87.17328643798828,88.99075317382812,98.65728759765625,158.1670379638672,200.90875244140625,321.2925109863281,508.97027587890625,738.2141723632812,989.8396606445312,1324.841064453125,2004.6466064453125,1438.8074951171875
6,0.0,0.07161964476108551,0.1766204833984375,0.3106031119823456,0.6455684304237366,0.9607462882995605,1.5172991752624512,2.63614821434021,4.4902825355529785,9.331624984741211,10.498629570007324,14.342608451843262,18.632335662841797,23.303388595581055,41.89985275268555,56.60728454589844,92.54682922363281,88.14791870117188,99.49479675292969,120.96544647216797,185.59890747070312,236.8040771484375,371.9935302734375,630.0982666015625,865.2535400390625,1122.9100341796875,1523.6768798828125,2551.912109375,1760.9083251953125
7,0.0,0.10442574322223663,0.2995930314064026,0.5210577845573425,0.9920322895050049,1.5314807891845703,2.669577121734619,4.706493377685547,6.741241455078125,14.890355110168457,16.994871139526367,23.378870010375977,26.474651336669922,35.37447738647461,62.785797119140625,91.33487701416016,136.147216796875,144.4512939453125,155.4667205810547,186.67750549316406,269.85894775390625,341.54058837890625,461.4012145996094,758.3309936523438,1162.4251708984375,1489.982177734375,2001.3651123046875,3305.1025390625,2197.1787109375
8,0.0,0.11733919382095337,0.290913462638855,0.5265578627586365,1.0317726135253906,1.4471495151519775,2.712001085281372,4.2682414054870605,6.800042152404785,14.677966117858887,17.283313751220703,21.899829864501953,28.64484405517578,36.487361907958984,67.96064758300781,89.29275512695312,134.9358367919922,137.3046112060547,143.7333526611328,159.92547607421875,265.4256896972656,316.1324157714844,526.9484252929688,784.0137329101562,1195.70068359375,1464.4906005859375,1967.1358642578125,3346.99658203125,2167.3642578125
9,0.0,0.08621708303689957,0.2109786570072174,0.4075222909450531,0.8007081747055054,1.295121669769287,2.1853466033935547,3.532618761062622,5.405343055725098,11.834783554077148,12.653388977050781,16.776535034179688,20.7034969329834,29.010473251342773,49.30440139770508,71.99372863769531,98.41445922851562,109.0884017944336,127.04994201660156,140.79847717285156,203.7080078125,286.6523742675781,390.9799499511719,653.0269165039062,1035.2864990234375,1200.787353515625,1647.0557861328125,2510.298583984375,1663.448486328125
10,0.0,0.09698004275560379,0.21910803020000458,0.4637134075164795,0.8201788663864136,1.276125431060791,2.2439019680023193,3.359198570251465,5.409143447875977,11.267473220825195,13.4217529296875,16.483383178710938,22.135282516479492,29.913267135620117,49.84598922729492,70.25005340576172,112.8211898803711,112.47811126708984,130.74803161621094,135.25282287597656,210.8648223876953,269.5105895996094,399.93206787109375,715.1054077148438,962.2041625976562,1279.94091796875,1782.611572265625,2859.19970703125,1675.755126953125
11,0.0,0.10148710012435913,0.24265357851982117,0.44054919481277466,0.8784885406494141,1.3782342672348022,2.235187292098999,3.7754580974578857,6.0897345542907715,12.863004684448242,14.20897388458252,20.293176651000977,26.15896224975586,33.17597961425781,56.993080139160156,79.21504974365234,125.48601531982422,148.16427612304688,151.03392028808594,170.09890747070312,253.92042541503906,346.3260192871094,542.4397583007812,856.1390991210938,1242.6055908203125,1491.6737060546875,2258.229248046875,3595.597412109375,2359.9306640625
12,0.0,0.10465484857559204,0.23649993538856506,0.43752992153167725,0.8549395203590393,1.3212672472000122,2.2927212715148926,3.453291416168213,5.840401649475098,13.157169342041016,13.872383117675781,18.93804359436035,23.372318267822266,31.617826461791992,59.58774948120117,78.32523345947266,125.42169189453125,136.69810485839844,138.0653076171875,153.8306884765625,245.9042510986328,334.45330810546875,510.2227783203125,840.5657958984375,1209.517578125,1621.6993408203125,2328.1640625,3329.370361328125,2111.4765625
13,0.0,0.10440657287836075,0.2680860161781311,0.4383677542209625,0.9230674505233765,1.3166089057922363,2.290130853652954,3.5734474658966064,5.939723014831543,12.769560813903809,14.773422241210938,20.743074417114258,23.624603271484375,35.456478118896484,57.804969787597656,90.2254867553711,136.66757202148438,154.11187744140625,155.6553497314453,185.31336975097656,276.0255126953125,356.2371520996094,540.72607421875,876.1712036132812,1146.1912841796875,1584.8748779296875,2243.43505859375,3705.1611328125,2234.190185546875
14,0.0,0.11706053465604782,0.2876817286014557,0.5596240758895874,0.9702813029289246,1.5464645624160767,2.6775996685028076,4.234541416168213,6.635209560394287,14.50119400024414,16.621885299682617,22.194395065307617,29.019811630249023,37.97538757324219,67.63981628417969,85.21348571777344,134.64463806152344,158.99794006347656,166.97938537597656,189.94192504882812,272.4913635253906,371.3133850097656,563.2665405273438,907.5098876953125,1275.7296142578125,1707.744873046875,2642.2060546875,3602.2265625,2419.9345703125
15,0.0,0.12105987966060638,0.2886897921562195,0.6101452708244324,1.0798137187957764,1.5723559856414795,2.833841562271118,4.377014636993408,6.828330039978027,14.729545593261719,17.547630310058594,23.17660903930664,29.70734977722168,46.00594711303711,75.98636627197266,94.73355102539062,149.1173095703125,159.9368896484375,170.1093292236328,200.2467803955078,312.4460754394531,403.8167419433594,634.7177734375,1037.4698486328125,1425.415283203125,1823.743408203125,2562.603515625,4191.95361328125,2756.175537109375
16,0.0,0.1013563871383667,0.24292899668216705,0.4888617992401123,0.8183035254478455,1.2921894788742065,2.3753397464752197,3.583115339279175,5.730904579162598,12.078789710998535,14.662975311279297,21.191509246826172,28.003957748413086,35.500118255615234,60.377174377441406,82.47549438476562,119.18175506591797,130.92462158203125,137.33322143554688,158.2175750732422,234.9424591064453,307.45330810546875,482.45013427734375,720.8787841796875,1081.2515869140625,1463.4920654296875,1848.9835205078125,3424.5009765625,1985.077392578125
17,0.0,0.06808409094810486,0.18242889642715454,0.3307248055934906,0.6597496271133423,0.9034752249717712,1.6639182567596436,2.9244792461395264,3.871264934539795,9.283344268798828,10.934100151062012,14.362759590148926,17.963699340820312,24.594070434570312,46.267005920410156,57.350921630859375,93.56289672851562,94.08165740966797,99.96302795410156,115.5429916381836,196.12503051757812,223.57000732421875,391.7548522949219,644.5186767578125,942.8084106445312,1220.0252685546875,1706.786376953125,2650.290771484375,1539.493408203125
18,0.0,0.08535832911729813,0.2354387640953064,0.4367338716983795,0.807368814945221,1.243687391281128,2.167759895324707,3.2962114810943604,5.597225189208984,11.892050743103027,12.505431175231934,16.678983688354492,22.415735244750977,30.748802185058594,48.742759704589844,72.60836791992188,114.01175689697266,108.8321762084961,118.99047088623047,131.7785186767578,192.75172424316406,252.23204040527344,362.09808349609375,581.9375,809.284912109375,988.029296875,1388.206787109375,2526.31201171875,1379.3968505859375
19,0.0,0.09349551796913147,0.22527357935905457,0.44702181220054626,0.8511808514595032,1.1539770364761353,2.158917188644409,3.668606996536255,5.345485687255859,10.587469100952148,12.972833633422852,18.39055061340332,22.367029190063477,33.86700439453125,55.560943603515625,81.18081665039062,103.4810562133789,118.5346450805664,120.4917221069336,139.913330078125,221.76516723632812,281.3319396972656,436.553466796875,644.588623046875,922.9199829101562,1182.4166259765625,1737.453125,3138.578125,1895.52734375
20,0.0,0.09573113173246384,0.2442464530467987,0.44765883684158325,0.8366708159446716,1.2889058589935303,2.2468175888061523,3.5190744400024414,5.746713638305664,12.99915885925293,14.807357788085938,20.027061462402344,23.784286499023438,35.04076385498047,59.89844512939453,78.76344299316406,117.95182037353516,135.4149932861328,144.1778564453125,168.63394165039062,271.8160095214844,320.9864501953125,522.6221923828125,862.8491821289062,1181.8067626953125,1492.548095703125,2019.90625,3371.80615234375,2225.115966796875
21,0.0,0.12075073271989822,0.29894447326660156,0.568504810333252,1.1402350664138794,1.6738778352737427,2.930790424346924,4.499442100524902,7.917799949645996,15.567296981811523,18.827106475830078,26.37162208557129,30.051498413085938,41.42134475708008,73.00431823730469,98.22764587402344,154.1942138671875,165.17942810058594,173.24465942382812,213.31520080566406,302.1926574707031,418.5306091308594,668.3815307617188,1097.6495361328125,1472.138916015625,2109.611083984375,2690.2509765625,4381.49267578125,2795.048828125
22,0.0,0.08278299868106842,0.2163885235786438,0.4142051041126251,0.8452971577644348,1.1348156929016113,2.0483133792877197,3.3007936477661133,5.153135776519775,11.221960067749023,12.517443656921387,18.535781860351562,20.527414321899414,29.106449127197266,43.83243179321289,67.4470443725586,100.32521057128906,99.7091293334961,114.04017639160156,128.16378784179688,190.0044708251953,234.3383026123047,338.9534606933594,520.9330444335938,789.72265625,1103.8826904296875,1339.1275634765625,2449.86962890625,1431.676025390625
23,0.0,0.10894469171762466,0.2640303373336792,0.5068974494934082,0.9480010867118835,1.4818108081817627,2.7021939754486084,4.563408851623535,6.884371757507324,14.352938652038574,16.418071746826172,23.05855941772461,28.250335693359375,39.01012420654297,67.5986099243164,96.50936126708984,146.7332763671875,153.94947814941406,160.16749572753906,186.49143981933594,299.78466796875,338.3464050292969,555.0776977539062,794.588134765625,1133.965087890625,1625.560546875,2097.184326171875,3621.55908203125,2149.18310546875
24,0.0,0.06293235719203949,0.14362242817878723,0.2927779257297516,0.6286561489105225,0.9055190682411194,1.444880485534668,2.3319976329803467,3.7608728408813477,8.409687042236328,10.181705474853516,13.492871284484863,16.203662872314453,23.108455657958984,38.690277099609375,49.90156555175781,77.51405334472656,88.02242279052734,94.6916275024414,105.18770599365234,169.9923553466797,211.96258544921875,326.04144287109375,525.9461669921875,834.0850830078125,1020.5870361328125,1409.031494140625,2453.939208984375,1566.17333984375
25,0.0,0.059506289660930634,0.146202951669693,0.25295376777648926,0.5397686958312988,0.7738622426986694,1.3085711002349854,2.110863447189331,3.1782925128936768,6.8467559814453125,8.185781478881836,12.43718433380127,14.499876022338867,20.615938186645508,35.67212677001953,47.78718948364258,78.80229949951172,83.01400756835938,90.92274475097656,107.380126953125,159.0216064453125,203.38258361816406,322.0110168457031,507.2187805175781,795.166748046875,1041.301513671875,1332.737060546875,2312.01123046875,1448.4180908203125
26,0.0,0.13428731262683868,0.3268677294254303,0.6101288199424744,1.165775179862976,1.6853973865509033,3.0328404903411865,4.987297058105469,7.720946311950684,17.403656005859375,17.837472915649414,23.84477424621582,32.2428092956543,41.9937744140625,68.6144027709961,95.9296646118164,145.19422912597656,148.6524200439453,163.8946990966797,210.80307006835938,284.4900207519531,404.7351379394531,579.919921875,930.4656982421875,1373.4920654296875,1851.2738037109375,2622.128173828125,4306.38525390625,2686.810302734375
27,0.0,0.10795001685619354,0.2696658968925476,0.5190416574478149,0.9029402732849121,1.407102346420288,2.4898157119750977,3.7140562534332275,6.759594917297363,13.44556713104248,16.026897430419922,22.393220901489258,29.869924545288086,36.38395309448242,67.72174072265625,95.8604507446289,160.70452880859375,156.28953552246094,157.652099609375,177.26747131347656,294.73974609375,383.1177062988281,556.5238647460938,934.727294921875,1244.591064453125,1874.610107421875,2364.14501953125,3819.384765625,2286.775634765625
28,0.0,0.12508656084537506,0.3102622330188751,0.5752139091491699,1.1912606954574585,1.5225063562393188,2.864408016204834,4.408493995666504,7.289917945861816,14.25411605834961,17.49970817565918,25.68438720703125,30.426963806152344,41.91532897949219,76.36758422851562,101.66902160644531,147.62684631347656,163.95172119140625,170.7815399169922,195.7073974609375,277.89068603515625,358.4425048828125,551.3306274414062,868.3587646484375,1232.0023193359375,1541.5650634765625,2176.42529296875,4004.709228515625,2191.6357421875
29,0.0,0.09236618876457214,0.22461390495300293,0.4275505244731903,0.7867273092269897,1.1320419311523438,2.0870351791381836,3.4402573108673096,5.38939905166626,11.197739601135254,12.945162773132324,18.652860641479492,22.572452545166016,31.93070411682129,58.55406188964844,75.17249298095703,116.28968048095703,125.69029998779297,132.0603790283203,142.9485626220703,189.65692138671875,245.2028350830078,430.9092102050781,608.4902954101562,871.4971923828125,1210.929931640625,1609.4801025390625,2811.776611328125,1683.7442626953125
30,0.0,0.12743107974529266,0.28018489480018616,0.5373137593269348,0.9964360594749451,1.5861221551895142,2.72945499420166,4.268130779266357,6.5953264236450195,15.926671028137207,16.189435958862305,22.84104347229004,27.555801391601562,44.88294982910156,67.77542877197266,102.8194580078125,139.10757446289062,153.49314880371094,182.9515380859375,196.0244598388672,293.3001403808594,392.7689514160156,574.338623046875,932.6760864257812,1280.434326171875,1882.288330078125,2662.33984375,3953.6689453125,2524.800537109375
31,0.0,0.0747421607375145,0.1878224015235901,0.3331054449081421,0.6463584303855896,0.9843912124633789,1.6641385555267334,2.831498861312866,4.2848663330078125,10.863446235656738,11.308204650878906,15.699737548828125,19.178241729736328,26.395286560058594,45.60026931762695,64.37401580810547,95.1273193359375,101.80403900146484,107.50411987304688,123.46067810058594,189.2307891845703,262.2528076171875,360.2328796386719,610.75927734375,822.6782836914062,1085.4071044921875,1535.9951171875,2217.589599609375,1459.8328857421875
32,0.0,0.10876438021659851,0.2819499671459198,0.5181201696395874,0.9736034274101257,1.5626606941223145,2.687260866165161,4.063725471496582,7.2127885818481445,15.527844429016113,16.45500946044922,23.701446533203125,28.4565486907959,39.975196838378906,70.87081909179688,94.64246368408203,141.85769653320312,150.33303833007812,161.62210083007812,183.2384490966797,277.0028991699219,355.32135009765625,567.3090209960938,834.1500244140625,1186.202880859375,1564.78759765625,2172.16796875,3147.09619140625,2056.97265625
33,0.0,0.11114615201950073,0.2990380823612213,0.5640389919281006,1.0747392177581787,1.5636619329452515,2.758748769760132,4.512639045715332,6.8927178382873535,15.036612510681152,18.812030792236328,23.181564331054688,33.309600830078125,44.33268737792969,77.14435577392578,100.32035064697266,164.15399169921875,180.65386962890625,189.7528839111328,205.59410095214844,332.603515625,453.67669677734375,635.3406372070312,974.0523071289062,1537.7586669921875,2088.215087890625,2795.56201171875,4598.06103515625,2725.609375
34,0.0,0.12352155148983002,0.3025185167789459,0.5802039504051208,1.0722935199737549,1.636570692062378,3.145578622817993,4.914477825164795,7.491698741912842,16.331462860107422,20.319835662841797,25.80845069885254,31.186874389648438,43.43878173828125,70.71510314941406,104.7096939086914,161.54653930664062,177.55081176757812,169.6148223876953,189.4526824951172,298.6936950683594,438.01104736328125,581.0800170898438,962.9267578125,1373.267578125,1742.2523193359375,2672.37158203125,4448.52001953125,2664.668212890625
35,0.0,0.13444215059280396,0.30288785696029663,0.5912490487098694,1.147359013557434,1.6317814588546753,2.878464460372925,4.583819389343262,7.421020984649658,16.8370361328125,20.836658477783203,25.521547317504883,31.83498191833496,45.12209701538086,82.67005157470703,109.20370483398438,163.36561584472656,169.92543029785156,177.11302185058594,194.1123046875,295.0217590332031,410.7557067871094,655.9867553710938,1016.909912109375,1306.7158203125,1611.917236328125,2545.036865234375,4119.56201171875,2610.901611328125
36,0.0,0.14107093214988708,0.3298236131668091,0.6101245284080505,1.1232603788375854,1.619227409362793,3.0666310787200928,4.791708469390869,7.628435134887695,16.168121337890625,18.97743034362793,23.5305233001709,31.32610321044922,41.82328796386719,77.50654602050781,102.25415802001953,157.62986755371094,162.26585388183594,186.52621459960938,210.3356170654297,323.64556884765625,387.3290710449219,572.2324829101562,875.8507080078125,1248.0838623046875,1556.4876708984375,2230.979248046875,3661.160400390625,2324.895751953125
37,0.0,0.09951828420162201,0.2594633400440216,0.4719982445240021,0.9030956029891968,1.2934209108352661,2.276789903640747,3.8316919803619385,6.055798053741455,12.085206031799316,15.91220760345459,18.937461853027344,25.833620071411133,33.516632080078125,61.461631774902344,84.76593017578125,134.56141662597656,128.98580932617188,137.46090698242188,184.58375549316406,251.77774047851562,364.41046142578125,564.8976440429688,885.0511474609375,1346.77880859375,1584.6185302734375,2398.20703125,3658.07666015625,2221.24951171875
38,0.0,0.06441845744848251,0.19846759736537933,0.35991597175598145,0.624561071395874,1.0176202058792114,1.7610408067703247,2.809725284576416,4.441320419311523,9.122811317443848,11.637560844421387,15.747015953063965,16.62272071838379,24.5980281829834,40.70655059814453,58.512596130371094,95.65607452392578,93.42356872558594,101.53424835205078,105.58771514892578,161.3197784423828,201.55470275878906,284.8932800292969,500.4176940917969,674.3269653320312,819.1655883789062,1202.7425537109375,2060.68896484375,1136.882080078125
39,0.0,0.0746278241276741,0.19863492250442505,0.36863014101982117,0.7104043960571289,1.1019682884216309,1.7091575860977173,2.868867874145508,4.673565864562988,10.070160865783691,10.147709846496582,14.732780456542969,18.245344161987305,23.93583106994629,45.217159271240234,59.845916748046875,88.04534912109375,102.23599243164062,112.67584991455078,122.18059539794922,174.9008331298828,212.30612182617188,317.6594543457031,531.5997924804688,772.0519409179688,953.089111328125,1316.399658203125,2338.69677734375,1436.62890625
40,0.0,0.11782451719045639,0.2662650942802429,0.5432760119438171,0.9310668706893921,1.5074156522750854,2.962339401245117,4.104335784912109,7.234492301940918,14.574219703674316,16.400766372680664,21.19363784790039,29.692258834838867,39.418556213378906,69.09261322021484,91.81671905517578,138.8169403076172,161.4458770751953,172.8184814453125,193.31642150878906,269.14849853515625,359.71099853515625,508.1460876464844,837.707275390625,1225.95458984375,1577.6080322265625,2250.57666015625,3741.17529296875,2278.836181640625
41,0.0,0.07844174653291702,0.2077721804380417,0.3969729244709015,0.7815865874290466,1.0378445386886597,2.083876132965088,3.234663963317871,5.124867916107178,10.891688346862793,12.523056030273438,18.162261962890625,22.139047622680664,29.344675064086914,50.781986236572266,69.28691101074219,103.6482925415039,113.89592742919922,120.5655288696289,154.2471923828125,232.3366241455078,289.12396240234375,490.91387939453125,734.5242919921875,1103.93505859375,1471.30810546875,2043.09326171875,3219.227783203125,2165.95458984375
42,0.0,0.11420214921236038,0.2749688923358917,0.5513022541999817,1.0093908309936523,1.4540385007858276,2.624624252319336,4.203990459442139,6.855801105499268,15.478541374206543,17.742387771606445,23.165672302246094,27.65852928161621,40.22783660888672,67.96351623535156,98.91197204589844,155.164794921875,147.09568786621094,159.15101623535156,188.42880249023438,288.0896911621094,350.8468933105469,585.2227783203125,841.1672973632812,1365.40087890625,1594.1983642578125,2333.1787109375,3948.59423828125,2594.99853515625
43,0.0,0.1214912012219429,0.289441853761673,0.5661205649375916,1.041869044303894,1.600993037223816,2.9870970249176025,4.362255096435547,7.0323076248168945,16.35439682006836,17.71746063232422,24.961532592773438,28.327760696411133,43.71178436279297,73.1860122680664,102.81812286376953,156.5534210205078,156.72607421875,171.77423095703125,188.9723663330078,304.7832336425781,401.066162109375,632.5624389648438,983.60595703125,1498.63232421875,1997.6907958984375,2449.76318359375,4376.30712890625,2693.803466796875
44,0.0,0.09651968628168106,0.2720395624637604,0.4785097539424896,0.8812577724456787,1.3199353218078613,2.5414340496063232,4.073328495025635,5.539651393890381,12.670466423034668,14.072529792785645,19.62550926208496,24.414093017578125,34.64108657836914,60.08170700073242,83.33623504638672,126.98223876953125,147.55154418945312,140.95240783691406,167.67684936523438,238.97845458984375,278.48907470703125,449.5006408691406,733.1821899414062,1013.55615234375,1354.1229248046875,1924.2921142578125,3068.277587890625,1806.139892578125
45,0.0,0.10403744131326675,0.2350485771894455,0.48991939425468445,0.9049597382545471,1.3957414627075195,2.3912084102630615,3.882200002670288,6.068661689758301,12.408668518066406,14.469408988952637,20.901914596557617,25.48875617980957,36.13618850708008,62.189910888671875,83.7911148071289,120.75006866455078,135.73123168945312,138.9228515625,161.65457153320312,232.35049438476562,280.0269775390625,424.57684326171875,649.4275512695312,1004.4822998046875,1213.674560546875,1905.37744140625,3266.4345703125,2158.24609375
46,0.0,0.09720185399055481,0.2672540545463562,0.4766468107700348,0.910730242729187,1.3471333980560303,2.601172924041748,3.7931408882141113,6.031576156616211,13.702088356018066,15.348838806152344,22.394311904907227,27.252836227416992,36.835533142089844,64.93519592285156,86.07491302490234,136.0431671142578,144.31021118164062,145.39785766601562,168.48130798339844,246.44407653808594,334.4447326660156,514.0038452148438,846.5301513671875,1188.8870849609375,1545.5279541015625,2197.763671875,3243.824462890625,2172.39404296875
47,0.0,0.08539529144763947,0.20171354711055756,0.4082050323486328,0.7306375503540039,1.0910760164260864,1.974101185798645,2.9800047874450684,5.283225059509277,10.382213592529297,11.962756156921387,16.95933723449707,20.29849624633789,28.875967025756836,52.56204605102539,73.06498718261719,104.3598861694336,115.25711822509766,126.13853454589844,160.717041015625,245.732666015625,311.2297058105469,507.374267578125,768.6387939453125,1116.20849609375,1422.2373046875,2139.315673828125,3437.7255859375,2149.507568359375
48,0.0,0.08795008063316345,0.2156711220741272,0.4191705882549286,0.786848783493042,1.1594054698944092,2.123997688293457,3.2602429389953613,5.521108150482178,11.152015686035156,13.5361967086792,17.038330078125,24.769376754760742,30.281681060791016,54.30497741699219,81.42391204833984,115.65489959716797,127.0124740600586,129.3539581298828,169.93502807617188,246.69947814941406,296.7580261230469,507.30224609375,841.2195434570312,1246.3880615234375,1531.5650634765625,2080.0849609375,3311.231689453125,2252.32861328125
49,0.0,0.1186111718416214,0.30052366852760315,0.5400161147117615,1.060821533203125,1.587058186531067,2.848534345626831,4.448803424835205,6.78049898147583,14.72970962524414,18.684473037719727,24.961410522460938,30.2503662109375,40.9731559753418,69.27039337158203,105.72431945800781,152.787353515625,162.36822509765625,178.44635009765625,204.95729064941406,310.79345703125,402.8494567871094,645.1512451171875,1102.69921875,1568.5968017578125,2199.4580078125,2857.966064453125,4600.47412109375,3012.777099609375
50,0.0,0.05444905534386635,0.14075399935245514,0.27592378854751587,0.5152872800827026,0.764936089515686,1.4280718564987183,2.166848659515381,3.75180983543396,7.738389015197754,8.494024276733398,11.351140975952148,14.101574897766113,18.643308639526367,29.92380142211914,41.07288360595703,64.50382995605469,67.84130859375,78.35282897949219,87.88871002197266,132.00303649902344,159.7906494140625,256.47772216796875,401.92327880859375,578.4837646484375,775.6315307617188,965.6627807617188,1745.8133544921875,1113.0872802734375
51,0.0,0.11488234251737595,0.27156689763069153,0.548193097114563,0.9766781330108643,1.5431501865386963,2.6453335285186768,4.248699188232422,6.552114486694336,14.666781425476074,17.810855865478516,22.090192794799805,26.766328811645508,42.381752014160156,74.80253601074219,96.82499694824219,143.6085662841797,154.5501251220703,166.223876953125,182.47474670410156,281.2259826660156,381.6834411621094,551.0242309570312,904.2302856445312,1184.5552978515625,1573.37939453125,2276.345458984375,3548.7724609375,2208.611572265625
52,0.0,0.10512059181928635,0.25227901339530945,0.44879767298698425,0.8683091998100281,1.317955493927002,2.291692018508911,3.690662384033203,6.0564446449279785,12.480804443359375,14.720479011535645,18.736967086791992,26.359556198120117,33.1628303527832,59.90576171875,82.78191375732422,129.6301727294922,148.98199462890625,157.413330078125,171.4899444580078,277.7185363769531,348.0126647949219,549.3981323242188,858.2059326171875,1170.8255615234375,1689.0220947265625,2480.6591796875,3776.838623046875,2295.61669921875
53,0.0,0.06822924315929413,0.17515532672405243,0.34016627073287964,0.637424111366272,0.9835604429244995,1.6652342081069946,2.7304136753082275,4.506075859069824,9.53134822845459,10.266831398010254,13.962904930114746,17.679601669311523,23.93229866027832,42.06363296508789,56.74065017700195,82.39962768554688,97.63355255126953,96.38516998291016,118.29571533203125,194.39828491210938,233.87620544433594,364.63818359375,565.900634765625,868.7850341796875,1116.4326171875,1575.9825439453125,2443.385009765625,1784.52099609375
54,0.0,0.1489364057779312,0.3806578814983368,0.7569631934165955,1.3735579252243042,1.9029598236083984,3.968783140182495,5.312205791473389,9.233552932739258,21.547727584838867,21.934301376342773,30.891990661621094,40.0003776550293,54.597015380859375,104.9059829711914,121.30875396728516,190.93331909179688,237.14816284179688,244.38339233398438,268.531005859375,352.1910095214844,504.1384582519531,717.9673461914062,1159.7216796875,1659.1983642578125,1989.9254150390625,2799.572998046875,5084.81884765625,2617.596923828125
55,0.0,0.11498000472784042,0.28196486830711365,0.5809141993522644,1.0378965139389038,1.5037750005722046,2.4171440601348877,4.398108959197998,6.728458404541016,15.08646011352539,17.320085525512695,23.92289924621582,26.039613723754883,42.1762809753418,72.2292251586914,95.27658081054688,149.86167907714844,156.75611877441406,173.4895782470703,205.38133239746094,312.54364013671875,443.13006591796875,639.0199584960938,969.8824462890625,1427.033447265625,1806.3250732421875,2443.65380859375,4380.484375,2792.79736328125
56,0.0,0.10531522333621979,0.2929602265357971,0.5034087896347046,0.9450089335441589,1.5015658140182495,2.6827468872070312,3.8436803817749023,6.738945960998535,13.83127212524414,16.903812408447266,19.76439094543457,25.393341064453125,36.239837646484375,68.24103546142578,90.68871307373047,140.29879760742188,152.09506225585938,174.09097290039062,192.38906860351562,288.9358215332031,384.8442077636719,586.33154296875,978.2426147460938,1331.5059814453125,1684.20556640625,2436.717529296875,4060.580810546875,2456.921875
57,0.0,0.08235117048025131,0.21395500004291534,0.38919171690940857,0.8303447365760803,1.184537410736084,1.9910485744476318,3.1784563064575195,5.492691516876221,11.107442855834961,12.282220840454102,18.088167190551758,21.2093505859375,30.654388427734375,53.6693000793457,78.4140853881836,107.89027404785156,123.61283111572266,115.50659942626953,140.3586883544922,219.01231384277344,291.2217712402344,470.12738037109375,713.8798828125,1029.315185546875,1255.3720703125,1762.1380615234375,2864.17138671875,1694.563720703125
58,0.0,0.0872906818985939,0.22261802852153778,0.4067855179309845,0.8134452104568481,1.222245454788208,2.000983715057373,3.1720173358917236,5.501267910003662,11.161155700683594,13.22785472869873,16.832754135131836,21.919239044189453,31.59762954711914,50.52316665649414,75.61965942382812,112.22969055175781,115.3158187866211,128.71253967285156,142.7235107421875,215.40293884277344,310.5754699707031,474.27801513671875,728.0994262695312,1051.160888671875,1332.228759765625,1911.484375,3252.876953125,1908.4144287109375
59,0.0,0.11776765435934067,0.29095980525016785,0.6248420476913452,1.0851534605026245,1.769438624382019,2.957301616668701,4.932226657867432,7.9053850173950195,17.02267074584961,17.583969116210938,26.26032257080078,30.527320861816406,40.345977783203125,78.77088928222656,98.39112854003906,154.82594299316406,171.56732177734375,185.63284301757812,202.0802459716797,296.48284912109375,374.7071533203125,527.3974609375,941.4046020507812,1305.2288818359375,1625.4180908203125,2225.5712890625,3407.008056640625,2544.694580078125
60,0.0,0.07909376174211502,0.20197953283786774,0.3981688916683197,0.7843223214149475,1.1508411169052124,1.920017957687378,2.9680123329162598,4.954516410827637,10.000682830810547,13.264458656311035,15.404996871948242,19.97473907470703,25.96912384033203,52.07194137573242,65.75204467773438,102.62721252441406,106.02029418945312,107.98943328857422,120.37228393554688,194.08062744140625,238.58468627929688,367.0682678222656,592.022705078125,837.7418823242188,1017.809814453125,1289.71484375,2284.911865234375,1201.04052734375
61,0.0,0.13107986748218536,0.33514878153800964,0.5873194932937622,1.1129324436187744,1.6950372457504272,3.1595516204833984,5.067703723907471,7.4116597175598145,18.047731399536133,21.325231552124023,28.24355125427246,33.94488525390625,45.457847595214844,81.3721923828125,107.03195190429688,159.55038452148438,170.8385009765625,188.00428771972656,207.13409423828125,293.3638916015625,359.1877746582031,607.0271606445312,1027.6097412109375,1463.609619140625,1751.396484375,2548.06982421875,4558.6083984375,2661.761962890625
62,0.0,0.08164002746343613,0.23023267090320587,0.42373597621917725,0.8226360082626343,1.2129849195480347,2.284865617752075,3.5312395095825195,5.701778411865234,12.642807960510254,14.00754165649414,19.955774307250977,23.88818359375,30.178543090820312,58.53535461425781,73.98680114746094,121.54942321777344,123.39178466796875,142.7845001220703,143.28427124023438,227.74525451660156,287.5907897949219,453.2561950683594,785.1590576171875,1065.159912109375,1466.2454833984375,2010.63330078125,3308.6240234375,2042.9254150390625
63,0.0,0.1484120488166809,0.39155420660972595,0.6561248898506165,1.4214410781860352,1.976241946220398,3.8585116863250732,5.795857906341553,9.069576263427734,20.30164909362793,22.758028030395508,28.47223472595215,36.34197998046875,45.967681884765625,87.06617736816406,118.06639099121094,177.4223175048828,198.09011840820312,189.3750457763672,229.3159942626953,339.56890869140625,451.0364990234375,635.207275390625,1058.9656982421875,1484.7015380859375,1891.30712890625,2695.55615234375,4298.4990234375,2652.74951171875
64,0.0,0.1239524781703949,0.3098955750465393,0.601494312286377,1.0178229808807373,1.5144548416137695,2.9342052936553955,4.796693801879883,7.3349738121032715,14.855445861816406,17.082969665527344,24.361352920532227,29.033496856689453,41.61601257324219,74.58265686035156,97.92108154296875,147.81590270996094,150.58152770996094,163.44796752929688,193.2451934814453,289.8503723144531,394.4512634277344,587.64013671875,868.9842529296875,1344.96435546875,1725.674072265625,2364.39599609375,3773.2763671875,2579.150634765625
65,0.0,0.08011864125728607,0.21159519255161285,0.37976300716400146,0.7248395681381226,1.036482810974121,1.8857285976409912,2.9724631309509277,4.986700534820557,10.076959609985352,13.205811500549316,17.148853302001953,21.333627700805664,27.089332580566406,47.32148742675781,63.969825744628906,96.6229248046875,117.10125732421875,116.50022888183594,119.21983337402344,212.62132263183594,246.7974853515625,415.3059997558594,680.4088745117188,1017.5182495117188,1278.7830810546875,1647.78125,2764.268310546875,1803.5760498046875
66,0.0,0.09667923301458359,0.24473612010478973,0.45684030652046204,0.8955634236335754,1.2738834619522095,2.469059944152832,3.859189510345459,5.909900188446045,13.065338134765625,14.511818885803223,21.72464370727539,26.39809799194336,36.09035873413086,59.86399459838867,80.37989044189453,123.97278594970703,128.45184326171875,146.4766387939453,156.72593688964844,252.0778045654297,346.00787353515625,487.269287109375,854.854248046875,1246.01904296875,1622.2442626953125,2247.361083984375,3726.478759765625,2178.7470703125
67,0.0,0.061501454561948776,0.15475952625274658,0.30210256576538086,0.5669001936912537,0.8556402921676636,1.576920986175537,2.3761446475982666,4.472558975219727,8.589515686035156,10.252562522888184,12.721773147583008,16.831682205200195,22.695775985717773,34.45253372192383,52.98369598388672,85.36323547363281,90.13836669921875,91.05178833007812,108.27738189697266,168.5074462890625,235.10003662109375,331.02783203125,535.0974731445312,719.2904052734375,863.2437744140625,1341.5286865234375,2070.25732421875,1250.300537109375
68,0.0,0.11649240553379059,0.3269914984703064,0.5989140868186951,1.0131707191467285,1.6977559328079224,3.0160727500915527,4.212414264678955,7.508097171783447,12.987635612487793,16.77391815185547,22.815719604492188,27.74891471862793,39.09269714355469,70.71595764160156,91.46592712402344,147.33419799804688,162.57525634765625,173.10040283203125,185.13507080078125,294.3737487792969,376.3472595214844,638.3861083984375,911.2843017578125,1378.2459716796875,1937.53759765625,2618.76025390625,4115.52587890625,2908.7802734375
69,0.0,0.1188633143901825,0.3142932653427124,0.5345011353492737,1.0411431789398193,1.448686122894287,3.1442623138427734,4.83964204788208,7.607546806335449,16.486099243164062,17.704286575317383,22.83722686767578,29.604408264160156,43.23785400390625,74.74137878417969,104.53182220458984,155.96981811523438,159.4176788330078,176.33897399902344,199.031005859375,294.0830383300781,393.1852111816406,620.2778930664062,922.4296875,1235.5164794921875,1647.3717041015625,2545.271728515625,3765.068603515625,2406.49462890625
70,0.0,0.11315755546092987,0.2476591318845749,0.5054510831832886,0.8921958804130554,1.3641060590744019,2.4549050331115723,3.8318562507629395,6.030024528503418,12.361957550048828,15.205557823181152,19.93702507019043,23.208698272705078,35.859527587890625,58.65987014770508,85.40229034423828,121.15897369384766,144.4306182861328,140.4242401123047,168.08392333984375,262.9859924316406,350.7380065917969,545.9893798828125,982.9966430664062,1316.04736328125,1691.826904296875,2393.892822265625,3736.47216796875,2527.994384765625
71,0.0,0.11203526705503464,0.2653713822364807,0.5105009078979492,0.9021793007850647,1.3538267612457275,2.7006256580352783,3.917445659637451,6.80214786529541,13.939400672912598,16.67552375793457,20.060001373291016,26.71242332458496,37.34415054321289,60.499332427978516,90.81550598144531,138.83546447753906,157.47434997558594,164.19656372070312,193.75936889648438,266.9706115722656,344.2740478515625,602.1846923828125,912.5759887695312,1337.570556640625,1794.4033203125,2603.229736328125,3875.748291015625,2381.70654296875
72,0.0,0.06376861780881882,0.16313782334327698,0.3163670599460602,0.5904202461242676,0.8343532085418701,1.4485960006713867,2.288966655731201,4.017301559448242,8.402432441711426,9.290674209594727,12.906898498535156,16.217573165893555,22.125171661376953,35.306400299072266,52.074188232421875,81.70843505859375,79.6759262084961,84.44709777832031,91.01118469238281,146.15185546875,176.5006103515625,293.47174072265625,432.1947937011719,659.5020141601562,812.4716796875,1134.585693359375,1867.9755859375,1221.810791015625
73,0.0,0.07262121886014938,0.19797678291797638,0.31927192211151123,0.6713442802429199,0.873776376247406,1.6806623935699463,2.771066188812256,4.712242603302002,9.251795768737793,11.352495193481445,15.43950366973877,17.623043060302734,25.456953048706055,43.221229553222656,60.5118293762207,104.14173889160156,105.5073013305664,115.11922454833984,123.50827026367188,201.4248046875,257.9487609863281,411.405517578125,644.5189208984375,980.3750610351562,1275.4107666015625,1693.833740234375,2648.755615234375,1892.258544921875
74,0.0,0.09951390326023102,0.2697293758392334,0.47205600142478943,0.8257508873939514,1.2225064039230347,2.3121249675750732,3.625340461730957,5.781094074249268,12.126357078552246,15.708767890930176,22.096614837646484,23.01302146911621,37.67797088623047,64.21088409423828,84.8887710571289,122.62854766845703,146.4345703125,172.10403442382812,169.58563232421875,275.9775390625,366.9021301269531,585.3353271484375,1013.9555053710938,1339.811767578125,1739.6011962890625,2429.478759765625,3744.982666015625,2484.81005859375
75,0.0,0.09928763657808304,0.24817608296871185,0.48462629318237305,0.9021291136741638,1.4596673250198364,2.514883279800415,3.929234504699707,6.20668888092041,14.09210205078125,16.273468017578125,21.285709381103516,27.23297119140625,38.9210319519043,62.224517822265625,97.8177719116211,133.56288146972656,143.78688049316406,156.46783447265625,191.22927856445312,259.9861755371094,344.1839599609375,576.680419921875,830.7420043945312,1252.956787109375,1565.8887939453125,2336.210693359375,3769.307373046875,2358.710205078125
76,0.0,0.09832171350717545,0.26189297437667847,0.4779694378376007,0.9882192611694336,1.4367800951004028,2.443925619125366,3.9052510261535645,5.604763984680176,11.896788597106934,14.688379287719727,18.92302894592285,26.14168357849121,37.49858093261719,67.28960418701172,89.99273681640625,125.61863708496094,142.89784240722656,140.3754425048828,167.2969207763672,221.840576171875,280.3759460449219,423.56463623046875,571.0305786132812,792.9874877929688,1034.1876220703125,1428.587158203125,2830.004638671875,1402.548583984375
77,0.0,0.13035424053668976,0.3316909968852997,0.5615667700767517,0.9791316390037537,1.635797142982483,3.033756971359253,4.132438659667969,6.866872310638428,14.039505958557129,18.154144287109375,24.759063720703125,30.6553897857666,40.85792922973633,71.15794372558594,93.54827880859375,149.39744567871094,170.45680236816406,181.0000457763672,208.11532592773438,310.2477111816406,404.7759094238281,672.26708984375,1061.5869140625,1503.2078857421875,1877.0263671875,2569.191650390625,4518.16650390625,2765.320556640625
78,0.0,0.13297618925571442,0.34878450632095337,0.7262400388717651,1.3287349939346313,1.7924394607543945,3.483142614364624,5.831641674041748,8.334848403930664,19.266443252563477,23.417903900146484,34.13396072387695,39.360836029052734,60.02983856201172,95.79895782470703,108.21607971191406,175.56651306152344,178.88192749023438,217.12254333496094,218.4587860107422,339.55877685546875,486.35546875,722.9594116210938,1173.148681640625,1655.89599609375,1884.2998046875,2873.78173828125,4719.490234375,2584.8681640625
79,0.0,0.1032630056142807,0.2409229576587677,0.452391117811203,0.8957818746566772,1.275592565536499,2.236963987350464,3.53037166595459,5.879049301147461,13.034846305847168,15.296101570129395,19.561643600463867,22.8885440826416,35.48453903198242,54.360260009765625,83.3521728515625,118.80792236328125,133.94151306152344,137.85696411132812,153.37559509277344,252.76382446289062,321.6864929199219,520.0213623046875,863.7139282226562,1091.816650390625,1495.14404296875,2282.7861328125,3604.815673828125,2181.769775390625
80,0.0,0.14163227379322052,0.3646373748779297,0.7642941474914551,1.4212969541549683,2.058265447616577,3.5713531970977783,5.88688325881958,8.909375190734863,19.69987678527832,22.79712677001953,30.605512619018555,37.156917572021484,47.373512268066406,86.96918487548828,121.13819122314453,179.6642608642578,191.94972229003906,184.31849670410156,213.60462951660156,357.2990417480469,470.0712890625,630.7334594726562,1077.9324951171875,1491.195068359375,1797.95068359375,2638.84814453125,4567.275390625,2956.59912109375
81,0.0,0.0837080106139183,0.21605335175991058,0.4093092978000641,0.7984647154808044,1.1557613611221313,2.0134530067443848,3.1855361461639404,5.121710777282715,11.574337005615234,13.367830276489258,18.68864631652832,22.489164352416992,31.035429000854492,58.015106201171875,73.31018829345703,111.83370971679688,125.7129135131836,122.5993881225586,148.6123809814453,211.3321075439453,301.4395446777344,468.2154235839844,730.0489501953125,1020.4861450195312,1268.133056640625,1817.2352294921875,3132.017822265625,1917.6158447265625
82,0.0,0.07053986191749573,0.17917399108409882,0.31427454948425293,0.6555549502372742,0.9766626358032227,1.7573210000991821,2.6610889434814453,4.576288223266602,9.800642967224121,10.538033485412598,14.759726524353027,18.49571990966797,25.435625076293945,39.33112716674805,60.92873001098633,96.78811645507812,101.43814086914062,108.41033935546875,124.96646118164062,184.7528533935547,236.66561889648438,385.4897155761719,570.9471435546875,813.9578857421875,1157.662109375,1519.920654296875,2592.903076171875,1580.4637451171875
83,0.0,0.08731456100940704,0.21873390674591064,0.41083824634552,0.7625807523727417,1.1856849193572998,2.13769268989563,3.313884973526001,5.273065090179443,10.536347389221191,11.848967552185059,18.622886657714844,23.005813598632812,31.679126739501953,49.958984375,73.07295989990234,116.69268035888672,126.1886978149414,138.58871459960938,137.62510681152344,212.86422729492188,280.2376403808594,486.30572509765625,740.336181640625,1063.46533203125,1372.091552734375,1930.681396484375,3298.437744140625,1963.16650390625
84,0.0,0.09373045712709427,0.24593645334243774,0.4828270375728607,0.8476399183273315,1.3667627573013306,2.3818860054016113,4.1234941482543945,6.132904529571533,12.553322792053223,14.52514934539795,20.275218963623047,23.491851806640625,33.321800231933594,54.283538818359375,82.76948547363281,128.94834899902344,139.19053649902344,140.59877014160156,170.72198486328125,254.83270263671875,318.046630859375,511.7447204589844,796.2542724609375,1074.2926025390625,1438.619873046875,2086.97412109375,3489.47705078125,2095.523681640625
85,0.0,0.11022236943244934,0.29389500617980957,0.5362005829811096,0.9758926033973694,1.3890711069107056,2.6402347087860107,4.2537078857421875,6.993919372558594,14.41382122039795,16.097991943359375,21.517953872680664,26.419193267822266,36.90591812133789,67.45137786865234,93.9807357788086,142.89578247070312,143.02157592773438,175.51553344726562,180.79090881347656,265.5870056152344,337.3392028808594,522.7611694335938,841.3853149414062,1199.7103271484375,1623.97412109375,2225.617431640625,3873.909423828125,2254.3369140625
86,0.0,0.07814262807369232,0.17950674891471863,0.3638980984687805,0.742548942565918,1.131103754043579,1.7060946226119995,2.8303911685943604,4.6766839027404785,9.522732734680176,11.444482803344727,16.08110809326172,19.179529190063477,29.04692268371582,44.80537033081055,61.88372802734375,99.99288177490234,109.2476806640625,113.41194152832031,133.8704376220703,204.25164794921875,254.3931121826172,399.9716491699219,597.4931640625,849.1213989257812,1161.991943359375,1636.7000732421875,2562.88232421875,1881.5013427734375
87,0.0,0.13443848490715027,0.33343207836151123,0.6669486165046692,1.2843869924545288,1.8473687171936035,3.132878303527832,4.919739723205566,8.246208190917969,17.687339782714844,20.002748489379883,29.4388484954834,38.31177520751953,48.5029182434082,88.71389770507812,108.71743774414062,175.64697265625,177.78994750976562,189.07984924316406,220.1992645263672,325.3439636230469,434.1249084472656,673.0281372070312,1012.6840209960938,1579.52685546875,1997.4493408203125,2554.599609375,4089.450927734375,2582.465576171875
88,0.0,0.10037784278392792,0.25821882486343384,0.5050755739212036,0.9202709197998047,1.563150405883789,2.692598342895508,4.286152362823486,6.903883934020996,14.08866024017334,16.58575439453125,22.81424331665039,28.572372436523438,35.06711196899414,59.979576110839844,89.76958465576172,128.9265594482422,132.19503784179688,139.17967224121094,164.73416137695312,248.18328857421875,354.56732177734375,572.8102416992188,881.1067504882812,1240.46533203125,1755.38037109375,2281.22119140625,4115.3486328125,2537.57763671875
89,0.0,0.05119296908378601,0.13103967905044556,0.2430332452058792,0.46507516503334045,0.7179559469223022,1.250152349472046,1.7879490852355957,3.045071840286255,6.21385383605957,7.958789348602295,10.673469543457031,12.315861701965332,17.617921829223633,30.729053497314453,42.964664459228516,70.16486358642578,73.8882064819336,72.44259643554688,84.33014678955078,124.23678588867188,169.93960571289062,252.10104370117188,378.3895568847656,643.0282592773438,771.0728149414062,1050.9683837890625,1588.498779296875,963.7943115234375
90,0.0,0.11040407419204712,0.29377272725105286,0.5722751021385193,1.0246526002883911,1.505128264427185,2.5893263816833496,4.222024440765381,6.71931266784668,15.111190795898438,15.876382827758789,22.007535934448242,26.80138397216797,38.219017028808594,67.2950439453125,94.66828918457031,141.99366760253906,161.47293090820312,175.17271423339844,181.57286071777344,302.27777099609375,403.1324768066406,603.6616821289062,1015.9970703125,1378.4107666015625,1859.264404296875,2444.200927734375,4082.668212890625,2737.799560546875
91,0.0,0.09974315762519836,0.244854137301445,0.4653514623641968,0.8316212296485901,1.275949239730835,2.60566782951355,3.648974895477295,5.845312595367432,12.97826862335205,15.517093658447266,21.506872177124023,24.60401725769043,35.436561584472656,62.19162368774414,85.732666015625,112.69096374511719,159.8345184326172,155.8452606201172,173.1283416748047,270.0407409667969,344.7892150878906,574.072509765625,888.1528930664062,1323.578857421875,1633.5948486328125,2196.335205078125,3955.87939453125,2622.58544921875
92,0.0,0.11038385331630707,0.24002686142921448,0.42455220222473145,0.7982249855995178,1.2871254682540894,2.317758798599243,3.663888931274414,5.44942569732666,12.340827941894531,13.991331100463867,19.8974609375,23.245603561401367,33.87663650512695,58.899696350097656,82.57794189453125,121.7572250366211,135.28631591796875,135.37648010253906,153.28016662597656,226.36929321289062,312.30535888671875,474.2841796875,777.5185546875,1167.896240234375,1395.423583984375,1942.4775390625,3115.4541015625,2120.5068359375
93,0.0,0.10845871269702911,0.26418519020080566,0.4930279850959778,0.9513332843780518,1.4271820783615112,2.488837957382202,3.903726816177368,6.709726333618164,15.096954345703125,15.388544082641602,22.277042388916016,27.631752014160156,43.86665725708008,68.44541931152344,93.17534637451172,156.46412658691406,162.7896270751953,178.2300262451172,215.85781860351562,278.1113586425781,366.7841491699219,621.7885131835938,974.1041870117188,1393.339111328125,1625.8455810546875,2481.578857421875,4020.022705078125,2414.5166015625
94,0.0,0.08139132708311081,0.20661351084709167,0.37609100341796875,0.6777109503746033,1.0239784717559814,1.9353055953979492,2.8924083709716797,4.604612827301025,9.972396850585938,12.468382835388184,16.471399307250977,21.834819793701172,30.113056182861328,50.45465850830078,70.5721206665039,100.08784484863281,109.4339599609375,115.43303680419922,122.26034545898438,176.6790771484375,221.27542114257812,360.7207336425781,553.052001953125,841.7158203125,1092.1678466796875,1374.5648193359375,2389.125244140625,1535.3497314453125
95,0.0,0.07472969591617584,0.19412480294704437,0.35040488839149475,0.6973267793655396,1.007324457168579,1.7746129035949707,2.689606189727783,4.585341453552246,9.135315895080566,11.005022048950195,14.994546890258789,18.415842056274414,26.24380111694336,43.82383346557617,62.68294143676758,94.83000946044922,101.16799926757812,117.8077392578125,132.40354919433594,201.41514587402344,247.88388061523438,409.3782043457031,621.2099609375,1052.2437744140625,1274.0545654296875,1755.1915283203125,2741.59716796875,1725.48291015625
96,0.0,0.1226448118686676,0.33228787779808044,0.5994315147399902,1.1501567363739014,1.7747398614883423,3.281151056289673,5.063352584838867,7.931620121002197,17.24901580810547,20.201160430908203,27.11569595336914,33.77333450317383,47.31184005737305,82.38683319091797,107.17861938476562,161.6876983642578,173.33885192871094,198.03807067871094,231.7962646484375,342.4324035644531,431.659423828125,719.1934204101562,1159.080322265625,1494.3331298828125,2128.0029296875,2804.60498046875,4476.62109375,2736.78173828125
97,0.0,0.09679295867681503,0.24740871787071228,0.4278744161128998,0.9048182964324951,1.1329724788665771,2.389569044113159,3.6508615016937256,5.988192558288574,12.343443870544434,13.807516098022461,20.311288833618164,25.117029190063477,37.73133850097656,62.0142936706543,78.26261901855469,129.2492218017578,141.1956024169922,140.80984497070312,166.05470275878906,255.6649169921875,355.85113525390625,533.2106323242188,844.710693359375,1144.7940673828125,1591.7469482421875,2146.114501953125,3607.889404296875,2214.78759765625
98,0.0,0.06619493663311005,0.18114589154720306,0.34096190333366394,0.67210853099823,0.9304196238517761,1.9190775156021118,2.6823718547821045,4.498194694519043,9.635661125183105,10.504924774169922,16.39244842529297,17.74663734436035,24.81903839111328,43.798580169677734,54.37001037597656,95.86018371582031,110.46475219726562,106.54147338867188,122.5019302368164,195.99327087402344,255.9795379638672,410.60797119140625,670.666259765625,997.2820434570312,1315.1700439453125,1657.9686279296875,2828.526611328125,1650.2396240234375
99,0.0,0.0889422819018364,0.243923619389534,0.40924158692359924,0.7729637026786804,1.2001843452453613,1.8685482740402222,3.0330634117126465,4.983450889587402,10.349594116210938,13.977560997009277,18.185985565185547,20.668704986572266,32.94753646850586,49.01173782348633,74.38133239746094,111.37078857421875,111.92188262939453,130.25547790527344,130.74325561523438,206.46766662597656,276.2696533203125,440.0123596191406,732.6286010742188,1064.7083740234375,1400.98779296875,1972.3880615234375,3026.988525390625,1963.0428466796875
100,0.0,0.08918366581201553,0.20612113177776337,0.36761125922203064,0.8112993836402893,1.1190185546875,2.0682525634765625,3.4179117679595947,5.387041091918945,11.199687004089355,14.21059799194336,18.241527557373047,21.76742935180664,33.27527618408203,54.401275634765625,71.7596664428711,109.29415893554688,111.46772766113281,139.05751037597656,158.94447326660156,237.7154998779297,282.0115661621094,454.2667236328125,653.8897094726562,1004.9093017578125,1121.5111083984375,1757.4462890625,2920.11474609375,1994.3262939453125
101,0.0,0.07412030547857285,0.1765202134847641,0.35925185680389404,0.6793578267097473,1.0064568519592285,1.6872882843017578,2.7540571689605713,4.345746040344238,9.606500625610352,10.163785934448242,13.898965835571289,18.88298797607422,25.110431671142578,39.299407958984375,59.494415283203125,78.5464096069336,98.6355972290039,102.77733612060547,122.64230346679688,197.4008026123047,218.4473876953125,360.0547790527344,546.591796875,824.6307373046875,1091.39501953125,1402.5982666015625,2495.405029296875,1503.912109375
102,0.0,0.09000054001808167,0.22327002882957458,0.37842121720314026,0.7340894937515259,1.1447116136550903,1.9933173656463623,2.9720709323883057,4.875476360321045,10.297746658325195,13.20215129852295,17.624635696411133,20.829011917114258,27.505393981933594,48.85173034667969,70.64085388183594,97.0583267211914,107.84475708007812,109.31787109375,130.4120330810547,198.1468963623047,287.5457763671875,386.8506774902344,615.7139892578125,919.9569702148438,1163.8267822265625,1598.780517578125,2870.29541015625,1669.0250244140625
103,0.0,0.08474916219711304,0.19926349818706512,0.3769795000553131,0.6620931625366211,1.052246332168579,1.7168326377868652,2.8579835891723633,4.490678310394287,10.293012619018555,10.978593826293945,15.720894813537598,18.590431213378906,27.213138580322266,50.06869888305664,65.91185760498047,96.49237823486328,106.93212890625,109.35444641113281,130.09710693359375,199.43551635742188,246.5979766845703,385.78253173828125,547.105224609375,792.3815307617188,1013.507568359375,1444.34716796875,2542.346923828125,1655.617919921875
104,0.0,0.11761956661939621,0.31445959210395813,0.6013325452804565,1.1170744895935059,1.747154951095581,3.020893096923828,4.580083847045898,7.987579345703125,17.458301544189453,20.066251754760742,26.330543518066406,31.83567237854004,48.26884460449219,75.29739379882812,108.96082305908203,165.8463134765625,168.09437561035156,187.17684936523438,217.3693389892578,318.1900939941406,441.2342224121094,656.9537353515625,1109.2960205078125,1592.7825927734375,2149.402099609375,2774.614013671875,4677.29541015625,3156.005859375
105,0.0,0.09202118217945099,0.21920233964920044,0.39531734585762024,0.7653874754905701,1.1780685186386108,2.0141685009002686,3.2245752811431885,4.867743015289307,10.151514053344727,13.917470932006836,18.890493392944336,19.746469497680664,32.475162506103516,52.79022979736328,79.7064437866211,115.11058044433594,127.75556945800781,136.0886993408203,157.64523315429688,226.84335327148438,317.3110046386719,527.8776245117188,755.3433227539062,1139.6915283203125,1617.5037841796875,2148.8388671875,3460.48681640625,2319.154541015625
106,0.0,0.11372774094343185,0.2917231619358063,0.48881882429122925,0.9662235379219055,1.3816273212432861,2.853105306625366,3.9943649768829346,6.677885055541992,14.476351737976074,18.40224266052246,21.400096893310547,30.27043342590332,39.48493957519531,66.35166931152344,91.45270538330078,136.47897338867188,145.0159912109375,162.41561889648438,189.72927856445312,274.7649230957031,365.13787841796875,594.473876953125,895.8279418945312,1343.91162109375,1612.8619384765625,2492.945068359375,3866.5546875,2452.369384765625
107,0.0,0.12984326481819153,0.30242493748664856,0.605804443359375,0.9951531291007996,1.6322286128997803,2.7819674015045166,5.091445446014404,7.7914299964904785,15.655986785888672,19.028059005737305,25.31511878967285,31.99704933166504,44.95043182373047,71.10908508300781,109.3183822631836,158.86782836914062,164.84719848632812,178.50563049316406,222.0193328857422,321.0289001464844,412.8544006347656,718.0181884765625,1155.79052734375,1767.5052490234375,1956.9141845703125,2996.741943359375,4449.88232421875,2972.443603515625
108,0.0,0.10312700271606445,0.2511857748031616,0.4705090820789337,0.8567962050437927,1.3872854709625244,2.481170415878296,3.887834072113037,6.203638553619385,13.432262420654297,14.14141845703125,18.931257247924805,25.045072555541992,32.687198638916016,61.674560546875,81.73081970214844,135.01197814941406,150.2046661376953,144.86285400390625,173.8516082763672,266.807373046875,358.3464660644531,571.6495971679688,891.6033935546875,1309.7569580078125,1726.6192626953125,2394.027587890625,3689.624267578125,2542.125
109,0.0,0.1051480621099472,0.25047817826271057,0.48427248001098633,0.9004012942314148,1.3431742191314697,2.5765182971954346,3.742699146270752,5.885892868041992,12.613531112670898,15.743922233581543,22.612974166870117,25.57416534423828,35.052555084228516,57.229583740234375,88.15763092041016,134.76744079589844,142.42166137695312,153.06483459472656,161.79156494140625,244.9805145263672,295.016845703125,445.7248840332031,700.4723510742188,987.2509155273438,1361.7525634765625,1938.6282958984375,3126.0166015625,1786.3861083984375
110,0.0,0.065920390188694,0.17264938354492188,0.3299061954021454,0.5978185534477234,0.9043383002281189,1.4774961471557617,2.369602680206299,4.459420680999756,8.369657516479492,10.00041389465332,13.510193824768066,15.86590576171875,21.478607177734375,38.136104583740234,50.384944915771484,76.83122253417969,79.50943756103516,83.03953552246094,98.25670623779297,144.0583038330078,175.22537231445312,287.5551452636719,415.17626953125,666.5623779296875,788.9756469726562,1083.1365966796875,1839.4490966796875,1108.4339599609375
111,0.0,0.10293812304735184,0.2669612467288971,0.4876910150051117,0.9778795838356018,1.2934659719467163,2.5629262924194336,3.9823765754699707,6.642409324645996,14.043691635131836,16.456411361694336,21.144662857055664,28.180496215820312,37.351097106933594,67.78944396972656,96.73441314697266,125.59957122802734,138.8256378173828,155.843505859375,182.02035522460938,277.55767822265625,386.7432556152344,586.4268188476562,998.44482421875,1337.583740234375,1767.8114013671875,2376.129638671875,3964.212890625,2646.046142578125
112,0.0,0.07657133787870407,0.1924913227558136,0.3261963427066803,0.6798545122146606,0.9890109896659851,1.7844696044921875,2.725999593734741,4.266486644744873,8.89908218383789,10.781989097595215,13.937125205993652,17.04766273498535,23.699939727783203,41.146915435791016,62.31833267211914,83.29827880859375,101.5336685180664,95.06744384765625,116.81197357177734,180.29150390625,210.33229064941406,344.1042785644531,523.072509765625,760.2141723632812,1005.40966796875,1308.513671875,2111.784423828125,1302.769287109375
113,0.0,0.08396096527576447,0.22997671365737915,0.37784096598625183,0.8038857579231262,1.2101377248764038,2.053697109222412,3.0991320610046387,5.467037200927734,10.672127723693848,13.099129676818848,19.253673553466797,23.85679817199707,34.08694076538086,58.771724700927734,78.94071960449219,111.547607421875,129.69749450683594,124.84298706054688,148.9583740234375,223.2335205078125,282.3230285644531,442.81134033203125,689.4788818359375,976.4678955078125,1271.06787109375,1659.248779296875,2901.70751953125,1969.070068359375
114,0.0,0.0732257217168808,0.17892944812774658,0.3477605879306793,0.6755156517028809,1.0303665399551392,1.6947572231292725,2.7878243923187256,4.743476390838623,9.263945579528809,12.086596488952637,16.079833984375,17.86847496032715,29.68594741821289,50.349361419677734,64.55188751220703,94.3441162109375,103.76016235351562,115.53956604003906,137.89971923828125,191.77719116210938,279.132080078125,426.8757629394531,674.3477783203125,998.3111572265625,1398.4722900390625,1752.46923828125,2742.2421875,1766.7760009765625
115,0.0,0.08345265686511993,0.21162354946136475,0.35512813925743103,0.6545066237449646,1.0250450372695923,1.8862266540527344,3.0532333850860596,5.284503936767578,10.757025718688965,12.076700210571289,17.428524017333984,20.31629753112793,29.926372528076172,49.470462799072266,70.30386352539062,101.5685806274414,113.71913146972656,124.19403076171875,122.59861755371094,223.49090576171875,294.911865234375,463.5552673339844,782.9661865234375,1193.291748046875,1459.0548095703125,2015.9039306640625,3109.20654296875,2013.331298828125
116,0.0,0.06900986284017563,0.16771811246871948,0.30498233437538147,0.6112308502197266,0.90434330701828,1.5571351051330566,2.4037647247314453,4.200742244720459,8.027419090270996,9.932719230651855,14.727436065673828,16.08822250366211,24.78792953491211,40.4688835144043,53.07614517211914,90.06079864501953,91.64058685302734,110.4794692993164,118.11700439453125,173.9978790283203,238.775634765625,355.9259338378906,582.4911499023438,821.0435791015625,1165.5426025390625,1552.301513671875,2516.6572265625,1659.239990234375
117,0.0,0.10123830288648605,0.23995906114578247,0.4654754102230072,0.7940793633460999,1.2244460582733154,2.2573740482330322,3.8469183444976807,5.555023670196533,11.949955940246582,15.428775787353516,18.999160766601562,23.979801177978516,33.470420837402344,56.87150955200195,74.13190460205078,127.77613830566406,128.0894775390625,141.83123779296875,178.17091369628906,266.01531982421875,318.7370910644531,533.1229858398438,931.1267700195312,1242.9423828125,1765.421142578125,2425.37451171875,4031.8486328125,2578.29541015625
118,0.0,0.09377779066562653,0.24560481309890747,0.40580323338508606,0.7651363611221313,1.2076441049575806,2.1290860176086426,3.370558738708496,5.261345863342285,11.741504669189453,13.965088844299316,16.691587448120117,23.160449981689453,32.21076965332031,50.3769416809082,77.68512725830078,113.43907165527344,126.08885192871094,129.31605529785156,155.0828399658203,257.83514404296875,347.15789794921875,492.6409912109375,873.5498046875,1276.3280029296875,1753.1903076171875,2490.752685546875,3784.14306640625,2556.264892578125
119,0.0,0.08242066949605942,0.24270327389240265,0.48189669847488403,0.7762377262115479,1.2147191762924194,2.159775495529175,3.5817346572875977,5.604449272155762,12.516818046569824,15.646793365478516,17.871767044067383,24.371082305908203,30.187061309814453,51.574527740478516,73.15914154052734,115.64502716064453,114.70374298095703,123.51052856445312,149.4403533935547,230.88735961914062,276.756591796875,458.2584533691406,700.5413818359375,997.8458251953125,1356.107177734375,1924.265869140625,3001.944580078125,1791.6695556640625
120,0.0,0.09718170017004013,0.2503838539123535,0.4704431891441345,0.8792216777801514,1.289467453956604,2.5338456630706787,3.7648496627807617,6.5434956550598145,13.749701499938965,15.754069328308105,19.498727798461914,25.13789939880371,32.65024948120117,61.1107063293457,84.89529418945312,128.10202026367188,132.37608337402344,147.27975463867188,166.92437744140625,251.50070190429688,355.9962463378906,492.8337097167969,818.8987426757812,1282.9144287109375,1541.6802978515625,2135.112060546875,3604.636962890625,2125.298095703125
121,0.0,0.08498171716928482,0.22718295454978943,0.43938636779785156,0.8300265669822693,1.2011734247207642,2.051920175552368,3.3491592407226562,5.636253833770752,12.314898490905762,14.273618698120117,19.29758071899414,23.041120529174805,32.77030944824219,56.159767150878906,68.78497314453125,113.16683197021484,120.74913024902344,128.3930206298828,148.8125457763672,223.89163208007812,272.3859558105469,454.1352844238281,700.7979125976562,1091.6512451171875,1370.791259765625,1950.0218505859375,2874.210693359375,1923.860595703125
122,0.0,0.095143623650074,0.2537475824356079,0.49361953139305115,0.9005351662635803,1.3946526050567627,2.556584119796753,4.284220218658447,6.75880765914917,14.330465316772461,17.452438354492188,21.367033004760742,30.423810958862305,41.108299255371094,63.69457244873047,93.33396911621094,150.025634765625,140.7147979736328,162.0820770263672,178.1997833251953,271.1206359863281,371.05645751953125,536.7078247070312,911.087890625,1300.7862548828125,1778.321533203125,2447.663818359375,3879.28466796875,2398.64599609375
123,0.0,0.10334950685501099,0.2729714810848236,0.48654982447624207,0.9955100417137146,1.4574342966079712,2.5178029537200928,4.023880958557129,6.563931465148926,14.409018516540527,16.576122283935547,21.936399459838867,25.339845657348633,38.175514221191406,62.565284729003906,82.40902709960938,137.0103302001953,137.0396270751953,144.2378692626953,166.63426208496094,242.40232849121094,345.9449462890625,504.579345703125,812.2432250976562,1129.29736328125,1487.1485595703125,2012.87353515625,3445.452392578125,2132.882080078125
124,0.0,0.1120043694972992,0.2824285924434662,0.5210851430892944,0.956461489200592,1.481777310371399,2.4731976985931396,4.042247772216797,6.716904640197754,12.520143508911133,16.241830825805664,22.465904235839844,28.896896362304688,39.56608581542969,66.87757873535156,92.32013702392578,136.34402465820312,147.22610473632812,154.5902862548828,186.23779296875,269.37371826171875,342.9699401855469,547.5941162109375,837.6903686523438,1173.768310546875,1474.605224609375,2057.298828125,3959.4775390625,2138.3212890625
125,0.0,0.1338016390800476,0.3328469693660736,0.6284184455871582,1.244994878768921,1.7750250101089478,3.460524559020996,5.843429088592529,8.330742835998535,17.620582580566406,22.703941345214844,31.534765243530273,37.35380935668945,51.415191650390625,86.0169906616211,120.17572784423828,180.46009826660156,192.26368713378906,199.58238220214844,232.91184997558594,336.3425598144531,430.7472229003906,681.9531860351562,1034.0819091796875,1433.508544921875,1795.5205078125,2515.043701171875,4525.38037109375,2535.030517578125
126,0.0,0.06874948740005493,0.15350574254989624,0.29525458812713623,0.6045112013816833,0.8542482256889343,1.5015519857406616,2.3393049240112305,4.257619380950928,8.064703941345215,10.033553123474121,14.15442943572998,15.499311447143555,21.261255264282227,36.85467529296875,53.14408874511719,78.67710876464844,81.84258270263672,93.5935287475586,99.48370361328125,154.30990600585938,229.7138214111328,344.7852478027344,600.9705200195312,875.2018432617188,1082.1561279296875,1538.880615234375,2446.447998046875,1679.5316162109375
127,0.0,0.15555979311466217,0.41835376620292664,0.7572958469390869,1.311748743057251,2.0035598278045654,3.4889073371887207,5.464648723602295,8.372220993041992,19.686609268188477,21.596391677856445,30.45491600036621,38.7154541015625,52.747127532958984,97.19569396972656,136.50985717773438,196.04440307617188,208.08839416503906,218.57749938964844,253.33009338378906,358.1162109375,464.39508056640625,727.107177734375,1041.8568115234375,1486.9940185546875,1956.1876220703125,2680.88671875,4586.400390625,2488.258056640625
128,0.0,0.137324720621109,0.34995272755622864,0.6877071261405945,1.2122067213058472,1.9091026782989502,3.1450188159942627,5.272434234619141,8.294004440307617,18.696367263793945,20.32144546508789,28.2537841796875,33.5889892578125,50.35968017578125,80.4083480834961,116.77154541015625,175.1065216064453,186.56698608398438,185.97642517089844,209.81024169921875,301.2821960449219,378.0757751464844,573.2616577148438,843.693359375,1245.1356201171875,1702.4898681640625,2188.6865234375,4173.13427734375,2263.605712890625
129,0.0,0.09958885610103607,0.2436693161725998,0.43686404824256897,0.7882981300354004,1.2683675289154053,2.222710609436035,3.5647542476654053,5.361598014831543,11.761490821838379,13.99402141571045,19.183979034423828,23.539613723754883,35.24933624267578,54.4909782409668,81.88101196289062,124.04749298095703,134.12234497070312,141.42201232910156,156.22802734375,251.2716064453125,303.10430908203125,478.29833984375,731.5679321289062,1143.8250732421875,1462.184814453125,2004.1043701171875,3398.951171875,2300.955078125
130,0.0,0.09442856162786484,0.22937175631523132,0.45390766859054565,0.897587239742279,1.2630226612091064,2.38980770111084,3.723174571990967,5.727468013763428,11.213955879211426,15.382534980773926,20.68442153930664,25.253515243530273,33.71818923950195,57.859073638916016,76.76214599609375,128.23231506347656,135.08450317382812,138.5734405517578,155.9042510986328,230.29791259765625,288.2808837890625,464.13092041015625,754.275146484375,1097.53125,1318.9832763671875,1882.9061279296875,3028.2412109375,1789.752197265625
131,0.0,0.10684607177972794,0.26329055428504944,0.5286982655525208,0.9034960269927979,1.4248558282852173,2.472778797149658,4.095570087432861,6.785177707672119,14.067179679870605,15.649433135986328,21.14126205444336,26.763774871826172,33.6435546875,60.06467056274414,84.44100189208984,128.16175842285156,147.90272521972656,160.013671875,182.05445861816406,250.65008544921875,339.0389709472656,522.3779296875,764.3779907226562,1084.86083984375,1415.368408203125,2126.126220703125,3665.903076171875,1959.61865234375
132,0.0,0.10007030516862869,0.2349054366350174,0.4545406997203827,0.8107813000679016,1.218359351158142,2.1575143337249756,3.1867427825927734,5.460826396942139,12.080577850341797,13.020092964172363,18.535476684570312,22.072004318237305,30.853357315063477,54.28188705444336,70.88587951660156,117.30021667480469,127.17659759521484,144.8388214111328,166.69033813476562,217.2698211669922,306.2768249511719,495.04107666015625,790.3135375976562,1142.970703125,1369.33984375,2021.29345703125,3420.021728515625,2086.241943359375
133,0.0,0.1437987983226776,0.3898250162601471,0.8145896196365356,1.4723927974700928,2.115601062774658,3.841883897781372,5.986932754516602,8.959705352783203,19.28108024597168,25.896095275878906,34.70526123046875,44.16855239868164,58.044578552246094,91.12434387207031,142.4213104248047,200.20944213867188,213.7882843017578,231.1183319091797,268.8777770996094,413.7809143066406,536.211669921875,777.3703002929688,1294.40185546875,1815.0010986328125,2620.310546875,3178.384765625,5330.09619140625,3040.73974609375
134,0.0,0.09015311300754547,0.25480005145072937,0.45038923621177673,0.9557765126228333,1.4265450239181519,2.359910249710083,4.211768627166748,6.416401386260986,14.256189346313477,15.161737442016602,20.011117935180664,25.215450286865234,33.93326950073242,55.455753326416016,81.27355194091797,117.84288024902344,122.67212677001953,138.57957458496094,137.66432189941406,218.17276000976562,252.71490478515625,427.15020751953125,575.5490112304688,874.9971923828125,1089.1956787109375,1513.1099853515625,2707.615478515625,1607.5445556640625
135,0.0,0.11186157912015915,0.26975560188293457,0.510654866695404,0.9063982963562012,1.5559337139129639,2.808612585067749,4.245183944702148,6.898970127105713,14.995748519897461,17.98653793334961,23.80103302001953,29.65227699279785,40.69184494018555,67.84895324707031,95.70072174072266,144.17556762695312,149.5458221435547,167.7319793701172,184.47164916992188,289.07281494140625,355.48907470703125,551.2576293945312,913.26953125,1285.3272705078125,1834.568603515625,2336.16357421875,4335.43701171875,2506.1845703125
136,0.0,0.10568433254957199,0.2631099224090576,0.48726722598075867,0.8905766606330872,1.4629006385803223,2.6073994636535645,3.8134968280792236,6.484552383422852,14.561141014099121,15.816959381103516,19.46794319152832,26.38058090209961,35.07563781738281,60.520965576171875,83.58283233642578,134.47853088378906,148.5554962158203,151.13388061523438,180.71969604492188,283.3895568847656,340.3733215332031,560.4351196289062,888.2952270507812,1387.055419921875,1713.9970703125,2476.023193359375,3974.96044921875,2533.96435546875
137,0.0,0.1147032380104065,0.2814292311668396,0.5338990688323975,0.9731046557426453,1.5287303924560547,2.7973835468292236,4.313504219055176,6.378662586212158,14.899453163146973,16.75233268737793,23.580102920532227,28.563833236694336,43.47853469848633,67.71670532226562,95.57906341552734,138.35324096679688,152.7342987060547,149.14529418945312,183.66134643554688,283.8184509277344,329.7271423339844,528.2710571289062,821.6927490234375,1207.2696533203125,1674.611572265625,2317.72607421875,3901.32421875,2188.12255859375
138,0.0,0.04784652963280678,0.13551664352416992,0.24479718506336212,0.5033880472183228,0.747295081615448,1.2525571584701538,2.062812566757202,3.496873617172241,6.933750629425049,7.709774017333984,11.800989151000977,14.011541366577148,18.61833953857422,31.95677947998047,47.59651565551758,74.36180114746094,79.44721984863281,84.88641357421875,91.97250366210938,162.1083526611328,188.64125061035156,292.5971374511719,496.16259765625,759.2183227539062,856.2874755859375,1202.268310546875,2021.5262451171875,1197.789306640625
139,0.0,0.12113366276025772,0.300378680229187,0.5544019937515259,0.9934056997299194,1.5520105361938477,2.614605188369751,4.023504257202148,6.766608715057373,15.114823341369629,17.01528549194336,21.921409606933594,28.995126724243164,37.64965057373047,64.37202453613281,95.0888900756836,138.83767700195312,150.6641387939453,176.82095336914062,192.49020385742188,302.7663269042969,347.2249755859375,541.1788940429688,943.3037719726562,1398.353271484375,1689.4095458984375,2404.008544921875,3937.1025390625,2284.337158203125
140,0.0,0.10040745884180069,0.25304388999938965,0.4482172131538391,0.885794460773468,1.3387278318405151,2.277986526489258,3.534003973007202,6.160086631774902,13.753954887390137,14.846750259399414,22.300458908081055,27.087705612182617,33.90910720825195,63.98814392089844,76.38365936279297,125.92225646972656,138.46209716796875,155.5835418701172,159.97769165039062,263.6465759277344,370.912109375,587.4644165039062,882.2233276367188,1329.2401123046875,1644.9168701171875,2476.46484375,3837.6015625,2547.966552734375
141,0.0,0.07312509417533875,0.18961875140666962,0.32947397232055664,0.6724817156791687,0.9952288269996643,1.9295979738235474,2.743941068649292,4.792407512664795,10.976889610290527,10.942963600158691,15.76002025604248,18.379091262817383,26.446044921875,44.064327239990234,64.0999984741211,91.85259246826172,103.09944152832031,114.91724395751953,124.16754913330078,194.01541137695312,233.34738159179688,363.57073974609375,618.4647216796875,853.9133911132812,1033.83203125,1738.12109375,2506.090087890625,1624.664306640625
142,0.0,0.0688430666923523,0.16487173736095428,0.2987862825393677,0.5786874294281006,0.9054751396179199,1.4389433860778809,2.2531514167785645,3.685553789138794,8.044449806213379,8.808731079101562,12.943981170654297,16.44466209411621,22.71010971069336,38.630245208740234,53.12313461303711,88.94453430175781,91.78976440429688,94.23007202148438,108.1831283569336,164.2751922607422,208.28672790527344,317.2577209472656,515.3431396484375,659.14501953125,937.3731689453125,1384.6673583984375,2274.907470703125,1303.89501953125
143,0.0,0.11522386968135834,0.28124380111694336,0.5232998132705688,1.0081946849822998,1.5015283823013306,2.733602523803711,3.958946943283081,7.0340375900268555,14.450663566589355,17.836421966552734,24.313262939453125,30.32514762878418,41.892608642578125,71.21218872070312,95.12541961669922,141.73867797851562,152.5001983642578,167.2965850830078,187.3230743408203,295.5314636230469,403.3432312011719,684.0997924804688,1046.247802734375,1413.436767578125,1811.1712646484375,2590.14697265625,4044.91259765625,2609.90087890625
144,0.0,0.06433980166912079,0.1612083911895752,0.2968378961086273,0.6152710318565369,0.8570278286933899,1.4370784759521484,2.3466129302978516,3.767078161239624,7.44929313659668,8.918551445007324,12.055371284484863,14.488348007202148,21.109207153320312,35.80097961425781,48.713478088378906,70.8299331665039,78.25255584716797,78.03093719482422,90.38542938232422,128.9186553955078,169.76385498046875,249.7298583984375,379.72015380859375,592.2130737304688,735.263916015625,1054.46435546875,1745.60546875,1017.1069946289062
145,0.0,0.08102847635746002,0.18156248331069946,0.37043192982673645,0.7270674109458923,1.1355066299438477,1.8281360864639282,3.0009562969207764,5.111115455627441,9.732050895690918,12.311676025390625,15.573796272277832,19.38752555847168,27.777297973632812,43.335784912109375,62.333377838134766,98.46583557128906,103.98128509521484,110.13986206054688,127.2742691040039,182.99578857421875,228.6144256591797,375.92376708984375,570.1087646484375,802.7205200195312,1079.853759765625,1475.68505859375,2493.048583984375,1466.16845703125
146,0.0,0.08550946414470673,0.21120133996009827,0.33321404457092285,0.757158100605011,1.0902245044708252,1.8737307786941528,2.8358492851257324,5.122331619262695,11.108080863952637,12.447830200195312,18.325653076171875,20.186017990112305,28.430740356445312,48.85158920288086,72.60137939453125,109.79711151123047,106.49003601074219,120.20952606201172,134.53712463378906,190.8009796142578,293.50250244140625,382.8743896484375,679.2304077148438,949.587158203125,1155.2137451171875,1753.4554443359375,2740.1005859375,1954.30419921875
147,0.0,0.09526266157627106,0.26543501019477844,0.4517003297805786,0.8263910412788391,1.2625528573989868,2.3460421562194824,3.713242292404175,5.774797439575195,12.292571067810059,14.779964447021484,19.33209991455078,25.5523624420166,34.82929229736328,58.830718994140625,77.36247253417969,116.93283081054688,118.03298950195312,124.44939422607422,151.01217651367188,206.71005249023438,274.38629150390625,421.8858337402344,594.2715454101562,868.432861328125,1054.0972900390625,1602.628173828125,2655.429443359375,1520.4810791015625
148,0.0,0.09852007031440735,0.22733953595161438,0.4394228756427765,0.8434299230575562,1.3203850984573364,2.229647636413574,3.593985080718994,5.606993198394775,12.17591667175293,14.180397987365723,19.385766983032227,24.17833709716797,32.08197784423828,60.601322174072266,79.4649429321289,127.67111206054688,132.72885131835938,150.5265655517578,161.5822296142578,240.3829345703125,317.3130187988281,534.4619140625,845.7831420898438,1230.1383056640625,1511.8834228515625,2483.468017578125,3743.222900390625,2362.85107421875
149,0.0,0.12153492122888565,0.30650702118873596,0.6155139803886414,1.1226304769515991,1.6172847747802734,2.7730441093444824,5.010508060455322,7.266016960144043,14.429008483886719,18.79713249206543,26.391633987426758,31.848424911499023,43.32045364379883,75.3628921508789,96.51732635498047,148.42042541503906,156.39385986328125,164.5825958251953,182.25257873535156,267.73651123046875,336.4287109375,489.89569091796875,704.9758911132812,1017.81689453125,1301.2398681640625,1686.9678955078125,3108.780029296875,1730.4176025390625
150,0.0,0.10276878625154495,0.2844395339488983,0.5286861062049866,0.9751097559928894,1.454866886138916,2.4531733989715576,4.071303844451904,6.580173969268799,13.974523544311523,14.404025077819824,21.664934158325195,24.712387084960938,37.080665588378906,57.695377349853516,80.40946197509766,124.10932922363281,125.27381134033203,130.80368041992188,135.68814086914062,222.21588134765625,294.7266540527344,408.5115051269531,660.0098876953125,881.6166381835938,1095.94677734375,1544.5074462890625,2612.33056640625,1610.517333984375
151,0.0,0.10395991802215576,0.2854972183704376,0.5210052132606506,0.9830687642097473,1.3993757963180542,2.6308434009552,4.097440719604492,6.3907904624938965,13.830615043640137,15.660791397094727,21.05628204345703,28.394102096557617,37.42893981933594,63.80352020263672,93.53507995605469,138.6392059326172,141.06564331054688,164.43841552734375,186.84307861328125,272.8837585449219,352.79638671875,535.1066284179688,846.2279052734375,1223.9798583984375,1638.8992919921875,2282.61962890625,3817.603515625,2374.72265625
152,0.0,0.0714215487241745,0.19734644889831543,0.33542966842651367,0.6667843461036682,1.0229222774505615,1.7838033437728882,2.80570912361145,4.808016777038574,10.69777774810791,12.15520191192627,15.943643569946289,19.40593147277832,28.7700252532959,48.50185775756836,62.88087844848633,98.91056823730469,109.70589447021484,107.87125396728516,127.8461685180664,181.8694305419922,242.04702758789062,395.90789794921875,597.6236572265625,851.7759399414062,1121.3236083984375,1545.719970703125,2623.2685546875,1790.2247314453125
153,0.0,0.09602098912000656,0.2550179660320282,0.42417943477630615,0.75618577003479,1.207261562347412,2.0912256240844727,3.2949976921081543,5.28909158706665,11.32638931274414,14.638023376464844,17.0491943359375,23.75583267211914,33.553375244140625,52.325439453125,77.50215148925781,121.11865997314453,118.80094146728516,133.0786590576172,149.2601318359375,219.81961059570312,331.18475341796875,484.6946716308594,750.5324096679688,1075.0345458984375,1425.1986083984375,2055.368896484375,3142.671630859375,1898.090576171875
154,0.0,0.12354124337434769,0.2980667054653168,0.585284948348999,1.0429328680038452,1.5251848697662354,2.844804525375366,4.266421794891357,7.552434921264648,15.741690635681152,18.223140716552734,23.590923309326172,29.067758560180664,41.33086013793945,70.78284454345703,101.3243179321289,135.54119873046875,162.97653198242188,162.4267578125,197.68289184570312,304.5039978027344,420.55902099609375,582.89013671875,859.4085693359375,1324.67626953125,1814.136962890625,2375.05517578125,4006.828125,2507.62939453125
155,0.0,0.10852763801813126,0.2662545144557953,0.5231092572212219,0.9304971694946289,1.450620174407959,2.3760340213775635,4.236588478088379,6.439058780670166,13.60714340209961,16.031841278076172,21.98128890991211,28.97579574584961,39.022891998291016,67.88211059570312,93.86861419677734,145.08334350585938,149.57603454589844,171.48849487304688,203.21229553222656,265.4125061035156,359.2457580566406,567.3682250976562,995.1724853515625,1388.4718017578125,1686.7635498046875,2534.919921875,3946.74169921875,2374.03759765625
156,0.0,0.2491111308336258,0.677178144454956,1.206891417503357,2.245360851287842,3.313675880432129,5.814446449279785,9.447922706604004,14.351945877075195,30.880388259887695,36.26212692260742,47.62156295776367,63.14448165893555,90.64515686035156,155.85366821289062,201.58506774902344,315.4798583984375,339.0482177734375,368.0115966796875,413.66900634765625,543.231689453125,712.9802856445312,1042.7581787109375,1541.445068359375,2008.0106201171875,2560.957275390625,3324.18212890625,6168.904296875,3430.22607421875
157,0.0,0.07450462877750397,0.18238843977451324,0.35174909234046936,0.6668752431869507,1.0075187683105469,1.563862919807434,2.5922393798828125,4.6228108406066895,9.858963012695312,10.80036735534668,13.981517791748047,16.62848663330078,23.190814971923828,41.058677673339844,50.63539123535156,79.49564361572266,91.25254821777344,91.20198822021484,95.87962341308594,158.4342803955078,220.7526092529297,329.9857482910156,490.12890625,720.037353515625,945.2800903320312,1191.416259765625,2305.4716796875,1400.8448486328125
158,0.0,0.1658887416124344,0.462802529335022,0.8119710087776184,1.4887323379516602,2.2707579135894775,4.104199409484863,6.221489906311035,9.821728706359863,21.70615577697754,24.788360595703125,33.20285415649414,40.790828704833984,59.88658142089844,97.37004852294922,137.09422302246094,202.37791442871094,225.70445251464844,236.62754821777344,245.90870666503906,378.09228515625,420.7242126464844,690.2294921875,1077.5350341796875,1450.2376708984375,1827.2200927734375,2704.233154296875,4543.63916015625,2578.405517578125
159,0.0,0.10916565358638763,0.279998779296875,0.48211026191711426,0.8904749155044556,1.5001699924468994,2.865541934967041,4.430248737335205,7.041341304779053,13.967610359191895,17.75836944580078,19.94583511352539,27.504770278930664,39.50654602050781,66.85150146484375,93.13736724853516,139.58277893066406,136.30267333984375,153.04396057128906,172.29469299316406,247.23744201660156,332.2059326171875,522.6790161132812,831.1226806640625,1160.9739990234375,1663.8963623046875,2218.45166015625,3951.599365234375,2271.91357421875
160,0.0,0.12039308995008469,0.28337886929512024,0.544105589389801,0.9613047242164612,1.4130793809890747,2.5810554027557373,4.119775772094727,6.353562831878662,13.960463523864746,17.53061294555664,22.59886360168457,27.037626266479492,37.29352569580078,61.86772537231445,90.69090270996094,135.35113525390625,146.1980438232422,169.8408660888672,189.36965942382812,286.5888671875,365.48919677734375,583.8345336914062,839.701904296875,1223.0452880859375,1642.53125,2496.7529296875,4020.744140625,2552.2646484375
161,0.0,0.10658007115125656,0.23244760930538177,0.4818318784236908,0.8900962471961975,1.3346116542816162,2.457793712615967,3.65592885017395,5.682864189147949,13.108780860900879,14.728897094726562,18.249906539916992,25.869991302490234,32.073036193847656,56.39384460449219,79.07273864746094,124.51863861083984,126.88059997558594,146.3500213623047,165.4014129638672,233.207763671875,317.33148193359375,482.4110107421875,813.1087646484375,1221.954833984375,1452.9942626953125,2019.9603271484375,3201.319580078125,2281.95166015625
162,0.0,0.15392248332500458,0.40835312008857727,0.7824993133544922,1.435022234916687,2.28875732421875,4.055530548095703,5.8889336585998535,9.514687538146973,21.155752182006836,25.52828598022461,30.175596237182617,37.91801834106445,50.62562561035156,103.17289733886719,123.71778869628906,208.04263305664062,221.0411834716797,230.32217407226562,257.4182434082031,400.0096130371094,518.1746826171875,736.7740478515625,1129.8797607421875,1411.3963623046875,2040.2220458984375,2628.017578125,4805.51025390625,2420.143798828125
163,0.0,0.11541373282670975,0.283395916223526,0.5030343532562256,1.109928846359253,1.5937042236328125,2.809385299682617,4.258853435516357,7.142975807189941,15.45077133178711,16.01689910888672,23.810649871826172,30.351085662841797,43.954952239990234,69.09093475341797,94.30424499511719,139.3501434326172,159.67190551757812,168.08154296875,191.39376831054688,286.496337890625,372.1961975097656,575.6014404296875,927.45703125,1329.7408447265625,2090.489013671875,2435.954345703125,4102.1279296875,2963.104248046875
164,0.0,0.11889851093292236,0.26499509811401367,0.5525835156440735,0.9894342422485352,1.4979594945907593,2.8798704147338867,4.3826799392700195,6.884444236755371,14.457956314086914,17.91392707824707,23.33233070373535,26.873537063598633,41.53628921508789,68.49495697021484,90.39214324951172,141.42727661132812,159.63433837890625,169.9145050048828,183.177490234375,283.2864074707031,401.2265319824219,606.978271484375,962.0009765625,1429.5128173828125,1835.3572998046875,2489.51171875,3909.17578125,2527.441162109375
165,0.0,0.10326498746871948,0.2509385943412781,0.4134320914745331,0.8170449733734131,1.262973666191101,2.2738289833068848,3.59674072265625,6.251255035400391,12.645637512207031,14.701767921447754,19.65869140625,23.53375816345215,34.152305603027344,61.79928207397461,78.04267883300781,116.63652801513672,136.1178741455078,139.9097900390625,155.18226623535156,258.9602966308594,339.35137939453125,563.2819213867188,876.0858154296875,1265.566162109375,1581.0430908203125,2273.48388671875,3495.791259765625,2714.0771484375
166,0.0,0.09309586137533188,0.23896938562393188,0.4814080595970154,0.8155584931373596,1.3331241607666016,2.499568462371826,3.4751710891723633,6.0323381423950195,12.436358451843262,14.908307075500488,19.492116928100586,24.162006378173828,33.01386642456055,61.547157287597656,78.76808166503906,125.88150787353516,128.73126220703125,151.39938354492188,155.97244262695312,231.89141845703125,343.11859130859375,506.56982421875,821.999755859375,1189.780029296875,1622.276123046875,2107.645751953125,3577.730712890625,2323.53369140625
167,0.0,0.10962378233671188,0.26581260561943054,0.4671943485736847,0.9959605932235718,1.4341583251953125,2.7890422344207764,4.112024307250977,6.904401779174805,14.80984878540039,17.290390014648438,21.43988037109375,27.611204147338867,35.787540435791016,67.8250503540039,87.43740844726562,130.05238342285156,140.07571411132812,159.87266540527344,178.3898162841797,262.0906982421875,321.809814453125,494.47296142578125,775.8143310546875,1077.0028076171875,1381.567138671875,2218.73779296875,3658.8271484375,1869.1385498046875
168,0.0,0.10214461386203766,0.24405106902122498,0.4692963659763336,0.8233815431594849,1.2640974521636963,2.335707664489746,3.6713688373565674,5.928258895874023,11.663614273071289,14.209786415100098,19.478376388549805,23.497034072875977,38.06184387207031,55.71419143676758,81.7678451538086,132.5867462158203,135.14413452148438,144.3465118408203,175.72723388671875,255.88970947265625,363.06292724609375,558.43017578125,889.47705078125,1265.7843017578125,1817.919189453125,2547.713134765625,3712.977783203125,2505.29345703125
169,0.0,0.11363884806632996,0.28596314787864685,0.5143342614173889,0.9999973773956299,1.3534578084945679,2.744171619415283,4.0921220779418945,6.908248424530029,14.032459259033203,16.237321853637695,21.726064682006836,28.883499145507812,39.145484924316406,66.13761138916016,85.52522277832031,140.00025939941406,153.3126983642578,161.7956085205078,164.09376525878906,258.8692626953125,348.20770263671875,510.10284423828125,855.3330078125,1176.8973388671875,1484.39208984375,1962.53857421875,3237.03564453125,2015.052978515625
170,0.0,0.09214160591363907,0.21075724065303802,0.38990890979766846,0.734836220741272,1.14042067527771,1.8487375974655151,2.8937957286834717,4.573861122131348,10.237408638000488,12.64721393585205,17.218727111816406,20.879188537597656,31.016220092773438,52.75859451293945,69.61675262451172,105.62899017333984,137.2320098876953,132.1868896484375,156.6139373779297,220.2017822265625,281.905517578125,465.55596923828125,724.4807739257812,1145.58642578125,1424.851806640625,1997.577880859375,3404.824462890625,2024.8460693359375
171,0.0,0.12025421857833862,0.31349489092826843,0.575459361076355,1.038442611694336,1.5775022506713867,2.6713643074035645,4.263575553894043,6.907468318939209,14.061697959899902,16.724163055419922,26.692468643188477,27.552766799926758,39.8326301574707,68.63220977783203,88.82484436035156,139.7704315185547,140.0116424560547,143.14710998535156,176.79505920410156,274.7300720214844,333.6283264160156,485.1457824707031,779.5401611328125,1149.9862060546875,1481.821533203125,1964.97314453125,3607.73583984375,2171.2294921875
172,0.0,0.0771690085530281,0.17858612537384033,0.3347994387149811,0.6233694553375244,0.9678232669830322,1.6730930805206299,2.449441909790039,4.442098617553711,9.794699668884277,11.07077407836914,16.250625610351562,19.129106521606445,28.204256057739258,44.210384368896484,63.6595573425293,94.59337615966797,105.01216888427734,108.33145904541016,131.05311584472656,189.3137969970703,246.70785522460938,375.7171936035156,593.7427978515625,866.5040283203125,1200.6883544921875,1625.8660888671875,2513.06005859375,1958.171875
173,0.0,0.10041798651218414,0.25626733899116516,0.46758249402046204,0.9560854434967041,1.4543510675430298,2.5221505165100098,3.8978018760681152,6.507962703704834,12.887748718261719,15.346556663513184,22.605331420898438,27.140270233154297,35.58317184448242,67.20877838134766,88.06365966796875,141.8720245361328,153.9871063232422,151.6180877685547,178.8442840576172,269.0094909667969,363.94281005859375,636.8969116210938,1001.8670043945312,1492.3408203125,1666.7877197265625,2549.065185546875,3726.443603515625,2587.9697265625
174,0.0,0.07376983016729355,0.1864960938692093,0.33193156123161316,0.6550718545913696,0.9820831418037415,1.7421125173568726,2.8196041584014893,4.726015090942383,8.950727462768555,10.685718536376953,15.5069580078125,20.616535186767578,28.973541259765625,42.186744689941406,61.49577331542969,103.39822387695312,111.608154296875,117.12391662597656,144.08364868164062,210.28941345214844,275.6330261230469,445.3742980957031,717.974365234375,1043.962158203125,1365.96826171875,1958.6580810546875,2769.834716796875,2065.763916015625
175,0.0,0.10714524984359741,0.26775258779525757,0.49715960025787354,0.948487401008606,1.43816339969635,2.4798340797424316,3.9915554523468018,6.780705451965332,13.468451499938965,16.334339141845703,21.489133834838867,27.739654541015625,36.614540100097656,66.34907531738281,94.17662048339844,128.2737579345703,143.04063415527344,147.83538818359375,174.98880004882812,247.6920166015625,320.029296875,495.2305603027344,759.7689208984375,1170.13671875,1436.0743408203125,2066.188720703125,3429.153076171875,2129.4560546875
176,0.0,0.09985408186912537,0.24492792785167694,0.5021066069602966,0.7884826064109802,1.291213035583496,2.391766309738159,3.7988076210021973,6.236062049865723,12.222953796386719,15.27711009979248,20.13115119934082,25.105531692504883,32.484806060791016,59.485443115234375,83.20059967041016,124.36530303955078,136.40016174316406,149.5430908203125,159.26828002929688,252.70401000976562,358.4361572265625,517.6592407226562,875.5963745117188,1293.2069091796875,1729.31640625,2485.16357421875,3814.8662109375,2602.34619140625
177,0.0,0.11098364740610123,0.2724773585796356,0.5044785737991333,0.935103714466095,1.525343894958496,2.684140682220459,4.002613067626953,6.647843837738037,13.881975173950195,16.206769943237305,22.059398651123047,26.38612174987793,37.34281921386719,64.97484588623047,89.22608947753906,133.06666564941406,157.1104278564453,165.7566680908203,170.1544647216797,302.14715576171875,387.0343322753906,654.1638793945312,1095.48388671875,1538.409912109375,2026.6083984375,2861.745849609375,4574.5361328125,2981.47802734375
178,0.0,0.10032494366168976,0.2684204876422882,0.499846488237381,1.0009667873382568,1.5749753713607788,2.386770248413086,3.6742184162139893,6.620759963989258,14.451878547668457,16.237794876098633,20.020092010498047,25.08196449279785,36.051002502441406,61.970882415771484,85.55159759521484,121.66780853271484,148.51553344726562,161.7507781982422,167.52854919433594,256.98602294921875,351.97052001953125,577.4341430664062,854.6945190429688,1244.2381591796875,1632.08837890625,2209.0419921875,3942.856689453125,2531.123779296875
179,0.0,0.06721445173025131,0.17694352567195892,0.3372616767883301,0.6883296370506287,1.0428659915924072,1.6704497337341309,2.853816509246826,4.598217010498047,10.126965522766113,11.473577499389648,15.760223388671875,17.444910049438477,25.218029022216797,42.77916717529297,64.07501220703125,99.93418884277344,106.57350158691406,121.2247543334961,116.73189544677734,179.46250915527344,236.16903686523438,380.6286315917969,604.8871459960938,875.6868896484375,1058.2098388671875,1641.8880615234375,2515.80859375,1700.5218505859375
180,0.0,0.07421788573265076,0.2029990702867508,0.37135475873947144,0.7710573673248291,1.1810541152954102,1.8472614288330078,3.288353681564331,4.861171722412109,11.422709465026855,12.958224296569824,16.65479850769043,19.738988876342773,31.090700149536133,46.28119659423828,72.52018737792969,104.7871322631836,107.47358703613281,128.3068084716797,141.94876098632812,222.0129852294922,273.6006774902344,394.7897644042969,756.9360961914062,1095.49755859375,1379.8165283203125,1940.92578125,2858.9638671875,2025.012451171875
181,0.0,0.13891702890396118,0.33749622106552124,0.6383004188537598,1.070068120956421,1.7551603317260742,3.0561623573303223,4.849140644073486,7.325491428375244,16.396909713745117,20.476722717285156,26.286415100097656,32.54895782470703,45.97032928466797,77.13215637207031,102.95792388916016,158.0876007080078,155.70448303222656,177.34457397460938,204.10751342773438,304.37445068359375,368.4371032714844,575.2559204101562,894.8040771484375,1314.9261474609375,1525.3648681640625,2287.762451171875,4173.85595703125,2384.864013671875
182,0.0,0.08201613277196884,0.20836201310157776,0.363325297832489,0.8093675971031189,1.1698503494262695,1.8748536109924316,3.0146727561950684,4.854011058807373,9.605406761169434,12.57597827911377,17.358089447021484,20.060474395751953,30.59088897705078,51.17335510253906,71.75289154052734,107.05384826660156,114.96276092529297,127.0790023803711,136.124755859375,234.57907104492188,292.1847839355469,432.04180908203125,690.816650390625,1070.7960205078125,1408.0126953125,1869.1898193359375,2817.94189453125,1934.3055419921875
183,0.0,0.10511744767427444,0.2582821547985077,0.4707118272781372,0.9136777520179749,1.366811990737915,2.4408986568450928,4.004796504974365,6.411687850952148,13.862969398498535,16.520570755004883,22.057283401489258,25.796443939208984,35.94599533081055,57.0032958984375,77.3883285522461,129.69773864746094,134.98304748535156,140.28688049316406,163.8770751953125,246.205322265625,344.50140380859375,495.3938293457031,875.6994018554688,1193.80029296875,1557.6513671875,2138.904541015625,3597.210693359375,2319.880859375
184,0.0,0.09226067364215851,0.25205904245376587,0.46028774976730347,0.8679648637771606,1.346116542816162,2.384983539581299,3.537116765975952,5.919745922088623,11.277400016784668,15.418021202087402,18.476016998291016,26.96931266784668,34.88296890258789,60.82723617553711,81.52670288085938,123.75199890136719,126.49784851074219,131.52748107910156,157.74893188476562,258.86669921875,327.7737121582031,520.6780395507812,818.38427734375,1127.715576171875,1459.485107421875,1991.82080078125,3959.56591796875,2061.02490234375
185,0.0,0.07666986435651779,0.19737321138381958,0.36767175793647766,0.7150920629501343,1.1037005186080933,2.076202630996704,2.979454755783081,4.633078575134277,10.200555801391602,12.487225532531738,16.178489685058594,20.93083381652832,27.464025497436523,50.23667526245117,65.16128540039062,107.88761138916016,111.16753387451172,114.24628448486328,136.34815979003906,188.69366455078125,240.701171875,390.8628845214844,609.8856811523438,806.2819213867188,1143.8470458984375,1451.4210205078125,2284.938720703125,1582.44775390625
186,0.0,0.1283840388059616,0.3460767865180969,0.6946341395378113,1.0874016284942627,1.8074665069580078,3.023348331451416,5.252217769622803,8.277382850646973,16.716468811035156,19.590938568115234,28.039745330810547,32.15332794189453,48.11793899536133,88.55046081542969,112.79196166992188,177.96070861816406,212.47613525390625,202.31886291503906,245.13648986816406,340.9703674316406,448.16802978515625,650.2252197265625,1022.4613647460938,1436.12060546875,1945.6279296875,2618.41015625,4577.05810546875,2580.1005859375
187,0.0,0.07572495937347412,0.1952003538608551,0.36366480588912964,0.7154116034507751,1.087969422340393,1.8382803201675415,3.03342866897583,4.448336601257324,9.4356050491333,12.476045608520508,16.35157012939453,21.308984756469727,27.678260803222656,44.9771842956543,67.70396423339844,95.86651611328125,105.93417358398438,113.2126235961914,120.88207244873047,187.76007080078125,239.43179321289062,368.9785461425781,566.7740478515625,855.0426635742188,1147.9541015625,1525.6380615234375,2599.146728515625,1574.0740966796875
188,0.0,0.057915329933166504,0.13937486708164215,0.26861894130706787,0.5505776405334473,0.7682782411575317,1.2896971702575684,1.9521863460540771,3.321309804916382,6.917961120605469,8.083343505859375,11.753436088562012,13.83554744720459,18.317974090576172,29.713773727416992,43.18586349487305,69.57218933105469,75.51786041259766,73.5240707397461,85.77033233642578,126.72217559814453,171.13494873046875,245.05657958984375,367.8483581542969,565.9141845703125,678.2952880859375,966.3594360351562,1675.5640869140625,962.2505493164062
189,0.0,0.08243778347969055,0.2068580985069275,0.38204285502433777,0.7217938303947449,1.097030758857727,1.8575282096862793,2.9422130584716797,5.231998920440674,10.738734245300293,11.828279495239258,17.126619338989258,20.127260208129883,27.913890838623047,44.71027374267578,66.36664581298828,102.79285430908203,110.3133773803711,111.18211364746094,133.8533172607422,190.60848999023438,243.00148010253906,359.87347412109375,599.18212890625,902.134521484375,1169.9202880859375,1538.0625,2584.56640625,1466.8763427734375
190,0.0,0.11021105200052261,0.2478104531764984,0.4556097388267517,0.926261305809021,1.3961797952651978,2.6343092918395996,3.893219470977783,6.056558609008789,13.207853317260742,14.546614646911621,20.791446685791016,24.88821792602539,35.6429328918457,59.272220611572266,81.88614654541016,120.43019104003906,136.80360412597656,136.91278076171875,158.55413818359375,215.46597290039062,306.4725036621094,461.9237060546875,774.6956787109375,971.2722778320312,1427.3707275390625,1933.040283203125,3278.05322265625,1972.3992919921875
191,0.0,0.08446257561445236,0.21478316187858582,0.40676069259643555,0.8135378956794739,1.1274960041046143,1.9007353782653809,3.074256420135498,4.906581401824951,10.982217788696289,13.00860595703125,18.309349060058594,20.84804344177246,30.325294494628906,52.09947967529297,70.9168930053711,104.17324829101562,111.73143768310547,129.57427978515625,143.4521942138672,218.85171508789062,288.55902099609375,410.00311279296875,733.3142700195312,1042.9967041015625,1284.86376953125,1909.9178466796875,3024.1025390625,1853.8798828125
192,0.0,0.05949677526950836,0.14084461331367493,0.29325950145721436,0.6515974402427673,0.8076974153518677,1.382169246673584,2.3234243392944336,3.875053882598877,8.172409057617188,8.44633674621582,11.40250015258789,14.080191612243652,19.780847549438477,30.512113571166992,45.3006591796875,72.19708251953125,74.86129760742188,82.0307388305664,86.4068832397461,127.2130355834961,177.00350952148438,255.0272674560547,387.2560119628906,545.822998046875,742.7199096679688,1037.109375,1724.5887451171875,1018.5255737304688
193,0.0,0.13730724155902863,0.37657430768013,0.6698369979858398,1.3503748178482056,2.0153186321258545,3.6502652168273926,5.950786590576172,8.746500015258789,19.377376556396484,23.16838836669922,28.28609275817871,36.22843933105469,50.09308624267578,92.03382873535156,121.42153930664062,153.1789093017578,193.6604461669922,196.27981567382812,217.4981231689453,361.8760681152344,466.43084716796875,718.4912719726562,973.8936767578125,1400.0416259765625,1738.8551025390625,2674.36083984375,4708.9169921875,2692.669189453125
194,0.0,0.06743188947439194,0.15467102825641632,0.2878949046134949,0.6035240292549133,0.890146791934967,1.5115420818328857,2.3742733001708984,4.016817092895508,8.667441368103027,10.899953842163086,13.901604652404785,17.517961502075195,24.262842178344727,38.90707778930664,57.19467544555664,89.32589721679688,89.00886535644531,106.35688781738281,118.80944061279297,172.53695678710938,265.8544006347656,386.3294372558594,691.0889892578125,943.41796875,1285.3056640625,1688.151611328125,2590.43408203125,1954.654052734375
195,0.0,0.09807542711496353,0.26750993728637695,0.44926851987838745,0.8865371942520142,1.29912531375885,2.457939624786377,3.7675328254699707,5.64790153503418,13.388768196105957,16.02543830871582,22.534631729125977,26.09368133544922,35.34204864501953,70.9830322265625,86.44091796875,129.1491241455078,139.02548217773438,142.0446014404297,176.97715759277344,264.3901062011719,343.2890930175781,502.53070068359375,872.9956665039062,1112.4000244140625,1544.841064453125,2218.799560546875,3758.103271484375,2449.31201171875
196,0.0,0.0830766037106514,0.2046394795179367,0.40824782848358154,0.7906532287597656,1.1470056772232056,2.010909080505371,3.3010494709014893,5.41676139831543,10.540976524353027,14.262080192565918,18.11163330078125,20.446340560913086,30.764158248901367,52.16033172607422,71.2151870727539,102.0865249633789,123.28938293457031,129.61756896972656,141.4351348876953,228.6966094970703,301.58538818359375,473.83197021484375,763.6792602539062,1067.4871826171875,1388.98876953125,2039.399169921875,3269.53466796875,1934.0684814453125
197,0.0,0.113550566136837,0.29225611686706543,0.5166235566139221,1.0512772798538208,1.5887603759765625,2.6008589267730713,4.286008834838867,6.656784534454346,14.871973991394043,17.37895965576172,23.96417236328125,29.497493743896484,42.04647445678711,74.07770538330078,92.99689483642578,152.11997985839844,160.71128845214844,179.99728393554688,187.7204132080078,292.9576110839844,340.6754455566406,598.294921875,927.2630615234375,1409.5416259765625,1811.98681640625,2394.23095703125,3898.19091796875,2437.105224609375
198,0.0,0.10353546589612961,0.22505779564380646,0.4450826942920685,0.7865438461303711,1.1762256622314453,2.3767099380493164,3.486488103866577,5.345685005187988,12.203840255737305,13.309350967407227,17.67943000793457,24.14864158630371,30.390113830566406,55.16206359863281,81.2151107788086,115.95298767089844,127.34127807617188,155.610107421875,161.04307556152344,232.47523498535156,323.7486877441406,544.2183227539062,808.21728515625,1142.7508544921875,1572.95556640625,2032.0462646484375,3613.640869140625,2178.66650390625
199,0.0,0.09186754375696182,0.22280946373939514,0.4402948021888733,0.7814009189605713,1.2476856708526611,2.2182044982910156,3.3321850299835205,5.479419231414795,10.9698486328125,13.860265731811523,18.22382926940918,22.991615295410156,30.958263397216797,56.69818115234375,72.47592163085938,113.015625,111.52247619628906,121.57280731201172,142.83641052246094,206.2804718017578,291.9542541503906,445.99468994140625,705.908935546875,990.6785888671875,1266.45556640625,1861.16455078125,3186.88916015625,1805.245849609375
200,0.0,0.07749992609024048,0.1933199018239975,0.385057270526886,0.7421931028366089,1.1237329244613647,1.9783148765563965,3.3526077270507812,4.8797502517700195,10.513287544250488,12.502945899963379,17.542192459106445,20.18950843811035,28.853849411010742,48.42071533203125,63.211769104003906,97.50933837890625,107.80536651611328,124.59317779541016,125.43820190429688,194.4912567138672,251.81997680664062,407.83984375,666.9892578125,909.2411499023438,1266.059814453125,1646.09521484375,2869.187744140625,1839.7828369140625
201,0.0,0.07996771484613419,0.21167294681072235,0.4163397252559662,0.75119948387146,1.1043033599853516,2.0734548568725586,3.1917099952697754,5.583080768585205,10.474981307983398,12.60504150390625,16.05055046081543,20.83101463317871,29.111919403076172,47.23237991333008,64.47471618652344,90.49967956542969,111.81031036376953,113.58240509033203,128.08013916015625,192.43272399902344,256.1077575683594,376.9261474609375,570.4248046875,819.3603515625,1065.0008544921875,1580.4049072265625,2280.30615234375,1509.505126953125
202,0.0,0.10358965396881104,0.25815773010253906,0.5372151136398315,0.8846129775047302,1.3520984649658203,2.3719921112060547,3.9266622066497803,6.086001873016357,13.825838088989258,16.256772994995117,23.27688980102539,25.953529357910156,39.6535530090332,62.20465087890625,88.6416015625,130.43238830566406,144.17352294921875,159.94955444335938,177.80238342285156,262.11297607421875,347.71832275390625,582.7328491210938,819.5586547851562,1283.4173583984375,1696.8260498046875,2411.533203125,3725.500732421875,2376.421630859375
203,0.0,0.11834754049777985,0.30101197957992554,0.5061641931533813,1.0196168422698975,1.5393821001052856,2.772463083267212,4.118545055389404,6.385795593261719,14.503561973571777,16.73410415649414,23.453306198120117,28.374101638793945,35.576900482177734,66.81804656982422,85.88609313964844,135.07728576660156,154.41647338867188,172.1471405029297,200.53207397460938,277.53631591796875,344.390869140625,557.8416748046875,919.6646728515625,1271.21630859375,1584.841064453125,2282.8037109375,3912.007080078125,2456.93115234375
204,0.0,0.12532882392406464,0.32537299394607544,0.5423836708068848,1.073380947113037,1.6846973896026611,2.940645694732666,4.3730082511901855,7.47896146774292,16.286298751831055,19.749238967895508,23.490497589111328,32.2531623840332,45.56425857543945,73.90125274658203,107.44340515136719,182.21084594726562,183.3113555908203,176.2523193359375,201.32298278808594,313.13641357421875,428.069580078125,667.336181640625,1086.55078125,1423.8397216796875,1808.51513671875,2822.646240234375,4427.92138671875,2867.56689453125
205,0.0,0.09090440720319748,0.2378532737493515,0.3840217590332031,0.7716151475906372,1.1247590780258179,2.124995231628418,3.2721517086029053,4.89617395401001,10.590213775634766,13.656635284423828,18.188953399658203,20.970027923583984,29.33432960510254,48.77433776855469,68.64604949951172,106.30262756347656,121.67816162109375,132.73252868652344,162.49215698242188,217.80601501464844,288.0293273925781,462.6263122558594,691.25439453125,1045.142822265625,1436.8885498046875,1923.8153076171875,2976.213134765625,2034.59814453125
206,0.0,0.10075065493583679,0.23950518667697906,0.46590563654899597,0.8833203315734863,1.386960744857788,2.271146059036255,3.8544681072235107,6.491609573364258,13.33914852142334,15.558979988098145,21.205265045166016,24.708099365234375,35.09780502319336,58.01565933227539,79.23965454101562,124.57439422607422,141.0441131591797,135.22100830078125,165.16075134277344,233.81494140625,307.1661376953125,459.98480224609375,750.2015380859375,1061.19677734375,1384.66064453125,1950.8807373046875,3381.792724609375,2136.321533203125
207,0.0,0.07342087477445602,0.19143323600292206,0.32863131165504456,0.6988142132759094,1.0577373504638672,1.8170199394226074,2.8482911586761475,5.239142417907715,11.222359657287598,12.718403816223145,15.581611633300781,20.186986923217773,26.033185958862305,48.312156677246094,60.934410095214844,98.90795135498047,110.48688507080078,103.86922454833984,115.05280303955078,199.62330627441406,254.28414916992188,403.59942626953125,677.8206176757812,981.743896484375,1131.008056640625,1645.020263671875,2788.24658203125,1974.0770263671875
208,0.0,0.10277121514081955,0.264831006526947,0.46043381094932556,0.9713327884674072,1.4202078580856323,2.6036269664764404,4.199166297912598,6.51658821105957,13.810952186584473,16.12395668029785,20.586029052734375,26.841026306152344,35.95683288574219,64.53746795654297,87.25540924072266,138.88702392578125,149.21975708007812,164.53013610839844,165.53506469726562,272.2723083496094,347.6539001464844,538.1371459960938,914.705810546875,1264.904296875,1614.385986328125,2255.82666015625,3806.576904296875,2515.61083984375
209,0.0,0.08455957472324371,0.20532257854938507,0.3760148584842682,0.7053465843200684,1.095363736152649,1.9373624324798584,2.938683271408081,4.593979835510254,9.572949409484863,12.319506645202637,17.046951293945312,21.448387145996094,27.578907012939453,50.85055160522461,66.89791107177734,104.34107208251953,116.52510070800781,119.042236328125,143.70547485351562,213.53253173828125,302.2286071777344,487.3741149902344,768.8892211914062,1037.2694091796875,1345.735107421875,2075.113037109375,3272.709228515625,2206.88037109375
210,0.0,0.09787586331367493,0.22657984495162964,0.4001121520996094,0.8366116881370544,1.1577417850494385,2.2634294033050537,3.5403077602386475,5.816869735717773,11.979905128479004,14.002330780029297,18.98230743408203,23.930089950561523,30.391178131103516,57.35972213745117,71.46235656738281,114.90312957763672,122.17224884033203,139.45468139648438,166.44808959960938,250.40164184570312,346.2288513183594,555.826171875,986.3240966796875,1399.5750732421875,1745.756103515625,2385.364013671875,3847.400146484375,2386.70263671875
211,0.0,0.10436324775218964,0.29207655787467957,0.536689043045044,0.9910885095596313,1.5005221366882324,2.7516860961914062,4.3005805015563965,6.946559429168701,13.790505409240723,17.179243087768555,21.974782943725586,26.048412322998047,40.69047927856445,61.031005859375,79.82061004638672,132.10057067871094,139.3352508544922,158.8475341796875,153.07113647460938,232.67135620117188,352.0271301269531,481.3871765136719,784.5471801757812,1091.412109375,1507.60107421875,2000.8299560546875,3374.311767578125,2293.792724609375
212,0.0,0.10143088549375534,0.2534859776496887,0.4926459491252899,0.9019787907600403,1.3304986953735352,2.395840883255005,3.6668975353240967,6.548847198486328,13.004483222961426,15.065478324890137,21.4765682220459,23.741199493408203,34.87517166137695,61.916175842285156,84.010986328125,143.68650817871094,135.7853546142578,150.882568359375,181.9813232421875,245.9557342529297,326.9281311035156,497.7221984863281,752.6343994140625,1193.7020263671875,1537.97119140625,1991.093994140625,3000.694580078125,1845.0146484375
213,0.0,0.08809679001569748,0.23429258167743683,0.3885141909122467,0.7959113121032715,1.1674531698226929,2.100252866744995,3.3076977729797363,5.682286262512207,12.00432300567627,12.795355796813965,19.427669525146484,22.05223846435547,30.207212448120117,53.08613967895508,73.23394012451172,122.70532989501953,132.70004272460938,126.41756439208984,169.5544891357422,240.43576049804688,329.3948974609375,489.17974853515625,779.2224731445312,1284.22607421875,1713.0521240234375,2335.164794921875,3343.148681640625,2590.7890625
214,0.0,0.10054118186235428,0.24665866792201996,0.4627965986728668,0.9344285130500793,1.4505740404129028,2.4085323810577393,3.786914110183716,6.303169250488281,13.910040855407715,14.129963874816895,19.42194366455078,23.163562774658203,37.039039611816406,59.2646369934082,78.96636199951172,118.6585693359375,134.14503479003906,140.9717559814453,162.51904296875,236.45672607421875,301.282470703125,568.9682006835938,746.9530639648438,1094.42333984375,1446.8089599609375,1954.9443359375,3407.8984375,1865.990478515625
215,0.0,0.10173091292381287,0.25509753823280334,0.47001317143440247,0.9627078771591187,1.3581644296646118,2.3415534496307373,3.985560178756714,6.356633186340332,12.149431228637695,15.401741027832031,20.89751625061035,23.649063110351562,36.487571716308594,66.11730194091797,85.03400421142578,126.3523178100586,149.22946166992188,144.58584594726562,212.5780792236328,278.1080322265625,393.8758544921875,560.373291015625,1005.114990234375,1406.0361328125,1873.84423828125,2635.823974609375,4441.798828125,2792.74560546875
216,0.0,0.12568244338035583,0.3193378746509552,0.5292240977287292,1.0866318941116333,1.6917407512664795,2.8465967178344727,4.804531097412109,7.531336784362793,15.942158699035645,18.288829803466797,25.41222381591797,32.11609649658203,44.83438491821289,75.07725524902344,97.202880859375,162.9417266845703,175.356689453125,162.49172973632812,207.6857147216797,292.17340087890625,405.7806701660156,555.9508056640625,810.6466674804688,1296.25244140625,1460.9755859375,2124.5390625,3487.85205078125,2284.898193359375
217,0.0,0.1008928045630455,0.2521373927593231,0.4819232225418091,0.9073813557624817,1.3546640872955322,2.5241687297821045,3.7909035682678223,6.389830112457275,13.712791442871094,14.453315734863281,20.69110679626465,25.86406707763672,35.879093170166016,59.46049499511719,82.4134521484375,119.51380920410156,130.93536376953125,126.92118072509766,155.99960327148438,242.11109924316406,318.0251159667969,445.893310546875,716.9364624023438,1040.244140625,1416.984375,1929.837646484375,3122.178955078125,2114.584716796875
218,0.0,0.07235749810934067,0.1647811383008957,0.3519628047943115,0.6684636473655701,0.9523783326148987,1.677298903465271,2.861029863357544,4.5524749755859375,10.075623512268066,10.54544734954834,14.327248573303223,18.757535934448242,28.234947204589844,41.562320709228516,62.51716613769531,89.06582641601562,99.36822509765625,100.11223602294922,113.22183227539062,172.154052734375,230.51516723632812,347.3648986816406,569.1390380859375,789.00341796875,969.8649291992188,1326.1475830078125,2450.20849609375,1430.278076171875
219,0.0,0.09897298365831375,0.2573809027671814,0.49290430545806885,0.915635883808136,1.4122259616851807,2.4019484519958496,4.1854448318481445,6.645955562591553,14.080964088439941,14.773351669311523,21.39919662475586,27.756385803222656,38.79018020629883,61.67814636230469,88.33158874511719,134.81243896484375,147.48818969726562,148.76162719726562,165.26795959472656,264.7199401855469,351.99090576171875,572.0460815429688,855.9869384765625,1283.1158447265625,1723.99462890625,2278.974853515625,3524.779052734375,2390.453125
220,0.0,0.106094591319561,0.27206897735595703,0.5356298089027405,0.9204314947128296,1.2340757846832275,2.45100736618042,4.122161388397217,5.851124286651611,13.6505708694458,16.100021362304688,22.76882553100586,28.04715919494629,40.601314544677734,66.80766296386719,90.74797058105469,136.52017211914062,151.71229553222656,157.787841796875,173.09683227539062,281.1580505371094,368.1478576660156,531.22802734375,955.804443359375,1331.4886474609375,1779.037841796875,2467.3818359375,4033.39404296875,2656.93505859375
221,0.0,0.10601922869682312,0.2574467957019806,0.4874146282672882,0.9112728238105774,1.3439700603485107,2.5948543548583984,4.0270819664001465,6.501678943634033,14.064702987670898,15.202247619628906,21.032522201538086,23.941871643066406,37.2627067565918,63.517112731933594,86.52994537353516,131.00631713867188,149.96229553222656,149.2120361328125,187.02490234375,262.8123474121094,340.2083740234375,490.5492858886719,783.9461669921875,1250.10888671875,1614.8720703125,2468.3447265625,3718.877197265625,2209.9951171875
222,0.0,0.10120339691638947,0.2577385902404785,0.5310618281364441,0.8857907056808472,1.4840350151062012,2.681284189224243,3.796952724456787,6.267641544342041,13.271105766296387,15.350831031799316,20.998455047607422,24.679542541503906,34.41245651245117,56.81391525268555,80.98475646972656,130.1136474609375,134.89578247070312,140.92481994628906,152.56268310546875,241.04566955566406,309.34033203125,463.77252197265625,690.5245971679688,970.5237426757812,1337.4508056640625,1762.4481201171875,3233.353271484375,1978.43115234375
223,0.0,0.11214698106050491,0.30155476927757263,0.5463457107543945,1.0423181056976318,1.6083494424819946,2.845242977142334,4.496040344238281,6.838789463043213,15.147408485412598,19.18748664855957,25.017101287841797,30.520841598510742,41.067230224609375,79.54603576660156,94.97020721435547,155.9352264404297,146.7102813720703,165.49696350097656,204.0539093017578,264.173095703125,427.8004150390625,569.1240234375,946.267578125,1284.484619140625,1854.1336669921875,2598.905029296875,4316.3154296875,2908.771728515625
224,0.0,0.13059690594673157,0.31795626878738403,0.5959471464157104,1.1725324392318726,1.7327402830123901,3.113694667816162,4.751430988311768,7.213169574737549,16.249570846557617,19.127927780151367,23.74817657470703,30.221736907958984,43.003116607666016,70.61504364013672,100.51118469238281,167.90206909179688,164.0792999267578,180.106201171875,227.53860473632812,327.1748352050781,477.9412841796875,621.453125,1123.2760009765625,1629.1629638671875,2108.360107421875,2864.51611328125,4811.28125,3229.021240234375
225,0.0,0.09095713496208191,0.2200157791376114,0.4174622893333435,0.8022751808166504,1.1547200679779053,2.3136024475097656,3.3678476810455322,5.786618232727051,12.06086254119873,13.519560813903809,16.885705947875977,21.606908798217773,32.93319320678711,49.86576843261719,74.59076690673828,116.62859344482422,131.5653839111328,129.2181396484375,156.86965942382812,237.0504913330078,314.5246276855469,462.4896545410156,772.5911254882812,1086.9541015625,1421.1708984375,2001.581787109375,3447.961181640625,1933.6407470703125
226,0.0,0.1018461212515831,0.23934879899024963,0.4599650800228119,0.8256250619888306,1.277438998222351,2.5945587158203125,3.799427032470703,6.099307060241699,12.368376731872559,14.45500659942627,18.71458625793457,25.21745491027832,32.955322265625,53.822242736816406,78.59040832519531,116.90824890136719,137.8660430908203,139.25836181640625,160.8291015625,242.68447875976562,320.37176513671875,506.5667724609375,752.8699951171875,1185.0281982421875,1600.61328125,2179.438720703125,3583.174560546875,1970.1968994140625
227,0.0,0.07991545647382736,0.19091714918613434,0.35595324635505676,0.7146674990653992,1.0301350355148315,1.9533294439315796,2.7349650859832764,4.940165042877197,10.108887672424316,12.3390474319458,14.756311416625977,18.69803810119629,27.453420639038086,47.25999069213867,68.13936614990234,93.0156478881836,116.56413269042969,123.63194274902344,134.62940979003906,193.54928588867188,280.9886779785156,407.9580078125,718.2566528320312,1006.415771484375,1322.225830078125,1766.2950439453125,3093.931640625,1770.7576904296875
228,0.0,0.10294241458177567,0.2549843490123749,0.4944832921028137,0.9357501864433289,1.2453851699829102,2.451448440551758,3.612987995147705,6.4353790283203125,11.893383026123047,14.683903694152832,20.080379486083984,24.44058609008789,34.360107421875,61.93608093261719,82.06143188476562,129.64688110351562,128.61843872070312,148.75567626953125,170.24147033691406,254.0494842529297,326.4535217285156,519.728759765625,854.0023803710938,1229.6055908203125,1658.433349609375,2230.021484375,3988.24560546875,2467.671142578125
229,0.0,0.060446422547101974,0.1459251195192337,0.24294568598270416,0.5238271951675415,0.8137370944023132,1.313022494316101,2.164260149002075,3.7584006786346436,7.588897705078125,9.31529426574707,12.940279960632324,15.117790222167969,20.850749969482422,32.84066390991211,51.74148178100586,68.69703674316406,81.65229797363281,88.76702117919922,96.55297088623047,150.27378845214844,194.00184631347656,305.16278076171875,500.588134765625,710.017822265625,1019.6921997070312,1300.9969482421875,1941.4710693359375,1278.434326171875
230,0.0,0.09876018017530441,0.2353898286819458,0.4491790235042572,0.8033134937286377,1.2699545621871948,2.4659342765808105,3.9757916927337646,6.144688129425049,12.62923526763916,14.305196762084961,18.77851676940918,23.91253089904785,31.631967544555664,63.95238494873047,85.53820037841797,130.1437530517578,152.50372314453125,147.12413024902344,182.925048828125,248.17758178710938,344.124267578125,495.7812805175781,787.8401489257812,1015.9617309570312,1481.9588623046875,2068.051025390625,3628.12255859375,2336.332275390625
231,0.0,0.09002429991960526,0.21386411786079407,0.40128231048583984,0.8091686964035034,1.1983494758605957,2.376276731491089,3.5660152435302734,5.596749305725098,11.724356651306152,13.500163078308105,19.95484161376953,24.437070846557617,32.061683654785156,55.78262710571289,73.4498291015625,112.24414825439453,127.50711822509766,130.6947784423828,149.05337524414062,242.12335205078125,260.8186340332031,467.94964599609375,722.941162109375,1110.9810791015625,1284.6502685546875,1935.456787109375,3032.876220703125,1979.8756103515625
232,0.0,0.07882244884967804,0.2138061672449112,0.39402925968170166,0.8235326409339905,1.1450423002243042,2.0559942722320557,3.279329776763916,5.024016380310059,11.801998138427734,12.898358345031738,18.434524536132812,21.99463653564453,30.995365142822266,50.3015251159668,70.89541625976562,100.5843276977539,105.52977752685547,120.44157409667969,132.58091735839844,197.9084014892578,252.50209045410156,426.555908203125,679.09375,935.2407836914062,1200.9837646484375,1484.236572265625,2635.5107421875,1631.630615234375
233,0.0,0.11027868092060089,0.2621150314807892,0.4849328100681305,0.9475138187408447,1.4683021306991577,2.836230993270874,3.930239677429199,6.320728778839111,13.920416831970215,15.418618202209473,20.353500366210938,24.49505615234375,34.560726165771484,64.7746810913086,81.02294158935547,131.19692993164062,143.32278442382812,148.12490844726562,170.67356872558594,252.0288543701172,319.19378662109375,472.3370361328125,791.1549072265625,1078.8040771484375,1357.062255859375,1960.4892578125,3566.82470703125,1684.6353759765625
234,0.0,0.09091322869062424,0.23724602162837982,0.4291638433933258,0.7971838116645813,1.3122676610946655,1.9727587699890137,3.506131410598755,5.684746265411377,11.629881858825684,14.584900856018066,20.818973541259766,23.60307502746582,31.104333877563477,52.665122985839844,75.97657012939453,113.1134262084961,116.9744873046875,140.1483612060547,150.31594848632812,217.98284912109375,289.33837890625,480.08966064453125,708.4033813476562,1010.993408203125,1263.7513427734375,1868.0054931640625,2995.731689453125,1938.059326171875
235,0.0,0.053875118494033813,0.12985560297966003,0.2671107351779938,0.5625978112220764,0.7446572184562683,1.224767804145813,2.0238351821899414,3.3254811763763428,7.030612945556641,7.986154556274414,10.604864120483398,13.314752578735352,16.97283363342285,30.70332145690918,43.27671432495117,63.70319747924805,73.42798614501953,74.23917388916016,94.3639907836914,132.1243896484375,180.68104553222656,306.41021728515625,445.7828369140625,704.3167724609375,868.2667846679688,1093.9283447265625,1873.5506591796875,1194.29541015625
