,layer_1,layer_2,layer_3,layer_4,layer_5,layer_6,layer_7,layer_8,layer_9,layer_10,layer_11,layer_12,layer_13,layer_14,layer_15,layer_16,layer_17,layer_18,layer_19,layer_20,layer_21,layer_22,layer_23,layer_24,layer_25,layer_26,layer_27,layer_28,layer_29
0,0.0,0.0008854861371219158,0.001716514932923019,0.0031835981644690037,8.536307334899902,9.537911415100098,8.519946098327637,8.431212425231934,8.141940116882324,8.820537567138672,8.999076843261719,9.431577682495117,9.852871894836426,9.600587844848633,9.636856079101562,10.420756340026855,10.6165771484375,11.040372848510742,10.478326797485352,10.40202808380127,10.156678199768066,10.753106117248535,10.896990776062012,11.100469589233398,12.916245460510254,13.368776321411133,16.82707977294922,12.791818618774414,8.870956420898438
1,0.0,0.0007901231292635202,0.0016210824251174927,0.002968958579003811,8.020942687988281,7.710963249206543,7.991087436676025,7.390829086303711,7.667624473571777,8.319679260253906,7.760595321655273,7.360192775726318,8.49326229095459,8.103506088256836,8.356849670410156,8.644180297851562,9.116488456726074,8.156102180480957,9.200010299682617,8.522143363952637,8.86411190032959,9.279495239257812,9.388922691345215,9.050777435302734,11.06171989440918,12.075324058532715,16.194028854370117,14.604681968688965,10.895156860351562
2,0.0,0.000990812317468226,0.0018130362732335925,0.003354942426085472,8.133796691894531,9.508851051330566,9.12089729309082,8.722137451171875,8.69102954864502,9.23386001586914,8.832988739013672,8.977799415588379,10.074742317199707,9.926885604858398,9.557857513427734,10.115198135375977,10.185791969299316,10.697188377380371,10.833251953125,10.073240280151367,11.73551082611084,10.551690101623535,11.340924263000488,11.182326316833496,12.709781646728516,13.792189598083496,16.276464462280273,14.736119270324707,9.543980598449707
3,0.0,0.0010281017748638988,0.0020370488055050373,0.003561219898983836,8.015403747558594,8.55626392364502,9.02658748626709,9.551080703735352,9.625115394592285,9.428589820861816,8.19006061553955,8.630366325378418,10.011487007141113,10.486026763916016,10.164706230163574,10.533769607543945,10.155660629272461,9.971086502075195,10.27051830291748,9.983843803405762,10.238265037536621,10.238966941833496,11.135197639465332,12.070408821105957,12.223309516906738,14.226691246032715,18.485828399658203,17.239171981811523,11.507576942443848
4,0.0,0.001100032008253038,0.0020531730260699987,0.0039370195008814335,8.363808631896973,9.162775039672852,9.205896377563477,9.355350494384766,10.625797271728516,8.927103996276855,9.739856719970703,9.472066879272461,10.579355239868164,10.702813148498535,10.698702812194824,9.259391784667969,10.519689559936523,9.901744842529297,9.934381484985352,10.09161376953125,10.273180961608887,10.837262153625488,11.273675918579102,11.84279727935791,14.485108375549316,16.340272903442383,19.68240737915039,17.53628158569336,12.096705436706543
5,0.0,0.0008633105899207294,0.0016480936901643872,0.002889959840103984,7.347753047943115,8.313859939575195,7.917357444763184,7.604857921600342,8.192794799804688,7.425673007965088,6.718331336975098,7.354316711425781,8.827336311340332,8.604696273803711,8.992765426635742,8.134012222290039,8.696427345275879,8.736080169677734,8.424234390258789,8.790660858154297,8.546504020690918,9.516827583312988,9.371516227722168,9.413403511047363,11.095602035522461,12.149009704589844,15.023943901062012,12.720381736755371,9.65734577178955
6,0.0,0.0008712879498489201,0.0016456280136480927,0.002924574539065361,7.704586029052734,7.8393144607543945,7.149601936340332,7.467714309692383,7.789113521575928,6.880215167999268,7.989356517791748,7.866100311279297,8.178149223327637,8.523835182189941,9.649109840393066,7.947113990783691,8.654924392700195,9.174262046813965,9.252586364746094,8.43989086151123,8.15073299407959,9.102279663085938,8.632589340209961,10.040555953979492,11.846731185913086,13.2960205078125,15.334295272827148,14.346367835998535,11.07620906829834
7,0.0,0.0010474961018189788,0.002055200282484293,0.00358727783896029,8.390619277954102,8.850576400756836,7.94764518737793,7.993485927581787,7.570508003234863,7.3184590339660645,7.2097039222717285,7.198193073272705,7.878413677215576,9.0057954788208,8.654766082763672,7.968188762664795,8.985660552978516,8.530295372009277,9.530506134033203,9.465896606445312,8.940433502197266,8.241765975952148,9.823064804077148,9.617770195007324,11.977336883544922,13.16848087310791,18.434579849243164,18.518184661865234,13.051676750183105
8,0.0,0.001118161715567112,0.0020993025973439217,0.003894063178449869,8.502737045288086,9.20236873626709,9.825236320495605,8.60515308380127,8.797940254211426,9.389554977416992,9.4680814743042,8.754594802856445,9.11778450012207,10.250389099121094,9.877532005310059,9.751020431518555,9.697317123413086,10.734689712524414,10.703014373779297,9.89582347869873,10.479655265808105,10.87175464630127,10.692510604858398,11.023662567138672,12.806723594665527,14.106185913085938,18.67298126220703,16.31646728515625,9.571605682373047
9,0.0,0.0009732047910802066,0.0019108386477455497,0.003561964724212885,8.60973072052002,9.256401062011719,9.29162311553955,8.753865242004395,9.385863304138184,9.194302558898926,9.564131736755371,8.834113121032715,9.276185989379883,10.460562705993652,10.500776290893555,10.781448364257812,10.522253036499023,9.817662239074707,10.351927757263184,10.161921501159668,10.554136276245117,10.759940147399902,10.984750747680664,11.82144546508789,12.53539752960205,12.968880653381348,17.47562026977539,13.268863677978516,7.879705905914307
10,0.0,0.0008846684359014034,0.0018185797380283475,0.003638913854956627,8.961566925048828,9.145486831665039,9.43019962310791,8.798389434814453,9.776459693908691,8.307520866394043,9.159807205200195,8.426851272583008,9.910253524780273,10.443578720092773,9.47721004486084,9.534510612487793,10.444208145141602,11.06222152709961,9.852251052856445,10.47912883758545,10.737319946289062,10.840812683105469,10.894143104553223,11.489277839660645,12.809676170349121,14.576186180114746,17.490415573120117,14.19952392578125,9.94452953338623
11,0.0,0.0009074375266209245,0.0019079685444012284,0.0038928992580622435,8.036553382873535,9.160406112670898,9.056357383728027,8.89447021484375,8.690240859985352,9.108541488647461,9.153529167175293,9.4645414352417,9.09333610534668,9.512918472290039,10.69039535522461,10.048577308654785,10.969968795776367,10.234074592590332,10.474318504333496,10.749180793762207,10.544922828674316,11.104913711547852,11.135321617126465,11.616331100463867,13.29038143157959,14.21606731414795,17.948631286621094,16.678678512573242,10.844244956970215
12,0.0,0.0010254207300022244,0.0020120027475059032,0.003681799164041877,8.095194816589355,9.525660514831543,8.804929733276367,8.315590858459473,9.168910026550293,8.649996757507324,9.270674705505371,9.339715957641602,9.614428520202637,9.478339195251465,9.726188659667969,9.665301322937012,10.780593872070312,10.128694534301758,10.202916145324707,10.838180541992188,10.550235748291016,10.836676597595215,11.456841468811035,11.650263786315918,12.396418571472168,14.54108715057373,19.082969665527344,16.382226943969727,11.080692291259766
13,0.0,0.0008961710263974965,0.0019932398572564125,0.00393791776150465,8.385517120361328,9.061492919921875,9.344306945800781,8.971879005432129,9.210846900939941,9.112229347229004,8.524980545043945,9.00660228729248,9.169254302978516,9.787955284118652,9.2182035446167,9.842443466186523,10.671064376831055,10.863348960876465,10.288496017456055,10.50769329071045,10.956122398376465,9.951828002929688,11.92501449584961,11.840605735778809,12.785920143127441,14.181116104125977,19.881906509399414,15.385457992553711,10.717426300048828
14,0.0,0.0009963017655536532,0.0020075973588973284,0.004080047830939293,8.032988548278809,7.533390045166016,7.973374366760254,7.369002342224121,7.726595878601074,7.379504203796387,7.121081352233887,7.672072410583496,7.859175205230713,8.628240585327148,8.238354682922363,8.978466987609863,9.561314582824707,8.404195785522461,8.792264938354492,9.1000337600708,8.885050773620605,8.877337455749512,8.664878845214844,10.179759979248047,11.61377239227295,12.816030502319336,17.322635650634766,16.780555725097656,12.151432037353516
15,0.0,0.0011370382271707058,0.002088143490254879,0.003814870025962591,8.882217407226562,8.518694877624512,9.287304878234863,8.53173828125,8.539215087890625,9.514415740966797,8.842144966125488,8.953678131103516,9.817917823791504,10.280412673950195,10.169827461242676,10.077567100524902,9.987637519836426,9.906927108764648,10.485565185546875,10.364510536193848,9.92151927947998,10.955942153930664,10.9750337600708,11.117992401123047,11.86707878112793,13.987600326538086,16.26844024658203,12.833370208740234,7.310907363891602
16,0.0,0.0011105712037533522,0.0020955910440534353,0.0036151292733848095,8.584914207458496,8.904650688171387,9.008467674255371,9.06065845489502,9.152750968933105,8.719359397888184,8.710455894470215,9.189717292785645,10.352155685424805,9.453140258789062,10.447484016418457,9.609037399291992,10.252188682556152,10.252975463867188,10.666451454162598,10.10305118560791,10.471951484680176,10.961434364318848,11.43418025970459,11.389893531799316,12.984278678894043,15.136975288391113,19.028762817382812,15.960660934448242,11.087111473083496
17,0.0,0.0009300426463596523,0.0018268181011080742,0.003161792876198888,7.951590061187744,8.540750503540039,7.739638805389404,7.023070812225342,6.833303928375244,7.433820724487305,7.803732872009277,6.9459733963012695,8.309814453125,8.207893371582031,9.269691467285156,7.6996893882751465,8.016790390014648,8.545206069946289,8.467721939086914,9.69310188293457,8.493826866149902,9.233504295349121,8.862692832946777,9.023390769958496,11.134767532348633,12.248309135437012,16.447906494140625,14.736435890197754,11.33684253692627
18,0.0,0.000926497217733413,0.0018604740034788847,0.0033237214665859938,8.496123313903809,8.525854110717773,9.082109451293945,8.609697341918945,9.49658489227295,8.936624526977539,8.89821720123291,9.169422149658203,10.031855583190918,10.352871894836426,9.610405921936035,9.814784049987793,9.812621116638184,10.52864933013916,9.573199272155762,10.417802810668945,9.763712882995605,10.308826446533203,10.563372611999512,11.26955509185791,13.219039916992188,14.736607551574707,16.24773597717285,13.539713859558105,11.020965576171875
19,0.0,0.0009020345751196146,0.0017752102576196194,0.0034614643082022667,9.325275421142578,8.744775772094727,8.885558128356934,9.829588890075684,8.349115371704102,9.301570892333984,8.487634658813477,9.16226577758789,10.753182411193848,10.200211524963379,9.883286476135254,9.980134010314941,9.813726425170898,10.189586639404297,10.779722213745117,10.075282096862793,10.560811042785645,10.064574241638184,10.719039916992188,12.131382942199707,12.625326156616211,14.251640319824219,16.52029800415039,13.88005542755127,9.383594512939453
20,0.0,0.001082578324712813,0.0020593167282640934,0.0035181830171495676,8.546356201171875,8.871593475341797,9.525864601135254,9.395092010498047,8.207756042480469,9.172560691833496,8.918115615844727,8.059532165527344,9.85486125946045,9.606489181518555,10.582049369812012,9.7561674118042,10.254149436950684,10.983858108520508,11.163413047790527,10.731573104858398,10.220303535461426,10.7980318069458,10.636459350585938,12.043660163879395,12.349916458129883,13.766053199768066,16.945215225219727,13.378809928894043,7.900850296020508
21,0.0,0.0011353016598150134,0.0021251942962408066,0.0039557344280183315,7.8110175132751465,9.00787353515625,9.018324851989746,8.925719261169434,9.369006156921387,9.167287826538086,8.610187530517578,9.526199340820312,8.910703659057617,9.558144569396973,10.428771018981934,10.082062721252441,10.591630935668945,10.30273151397705,9.933928489685059,10.22907829284668,11.043927192687988,10.59969425201416,11.534635543823242,10.93714714050293,13.132404327392578,14.972273826599121,18.27223014831543,13.768389701843262,7.552140235900879
22,0.0,0.0009140402544289827,0.0019378253491595387,0.003525040578097105,8.422201156616211,9.119158744812012,8.954379081726074,9.005081176757812,9.07807445526123,8.834955215454102,8.685882568359375,8.767796516418457,9.82707691192627,10.591973304748535,9.669391632080078,10.225238800048828,10.840471267700195,11.015641212463379,9.729537963867188,10.398774147033691,10.31018352508545,10.635221481323242,10.7423677444458,11.46031379699707,12.91038703918457,15.122447967529297,18.67591094970703,17.517004013061523,9.47284984588623
23,0.0,0.0010943355737254024,0.0020417135674506426,0.00394180603325367,8.744356155395508,7.602172374725342,7.920763969421387,7.6019721031188965,7.590987682342529,7.521075248718262,7.158776760101318,7.507102966308594,7.804520130157471,8.612287521362305,8.20928955078125,7.729085445404053,8.722539901733398,7.990246295928955,8.397644996643066,9.485565185546875,8.484984397888184,9.13229751586914,8.809131622314453,10.539773941040039,12.15334415435791,13.596944808959961,19.87092399597168,20.942052841186523,14.247838020324707
24,0.0,0.0008642746834084392,0.0016373958205804229,0.0030060268472880125,7.95743465423584,7.973982334136963,7.165098190307617,7.404639720916748,7.606899738311768,7.227295875549316,7.958398818969727,7.788666725158691,8.78157901763916,7.6421918869018555,8.949642181396484,8.516478538513184,8.53298282623291,8.712267875671387,8.448919296264648,9.644430160522461,8.632033348083496,9.091811180114746,8.851072311401367,9.423805236816406,11.193249702453613,12.66076946258545,14.439776420593262,13.007462501525879,9.320399284362793
25,0.0,0.0008358001941815019,0.001504005049355328,0.0026838055346161127,8.271981239318848,7.3494133949279785,7.08616304397583,7.169396877288818,7.514829635620117,7.555891990661621,7.686319351196289,6.838769435882568,8.055405616760254,8.375755310058594,8.06420612335205,8.63585376739502,8.462961196899414,9.371153831481934,8.846604347229004,8.86529541015625,8.7245454788208,9.073375701904297,9.986111640930176,9.895248413085938,10.876715660095215,13.455520629882812,16.306798934936523,14.762655258178711,11.175003051757812
26,0.0,0.001118933316320181,0.002087581204250455,0.0038750155363231897,8.868025779724121,8.855278968811035,9.008376121520996,9.088629722595215,8.535989761352539,8.903590202331543,8.711149215698242,9.237065315246582,9.913248062133789,10.029314994812012,9.732439041137695,10.131363868713379,10.361648559570312,9.666175842285156,10.924805641174316,10.210573196411133,11.176679611206055,10.161664962768555,10.665741920471191,10.835996627807617,12.718523979187012,14.552369117736816,18.95309066772461,17.762954711914062,10.621831893920898
27,0.0,0.0009339802199974656,0.0019098566845059395,0.0038724697660654783,8.167866706848145,9.110234260559082,8.96847152709961,8.997865676879883,8.921941757202148,8.934128761291504,9.349184036254883,8.554603576660156,10.195408821105957,10.38625431060791,10.687467575073242,10.929377555847168,10.773317337036133,10.22978401184082,10.55783462524414,10.260330200195312,10.743648529052734,11.352823257446289,10.475537300109863,11.258809089660645,12.237144470214844,14.765495300292969,18.29026222229004,18.893260955810547,9.658747673034668
28,0.0,0.0012160837650299072,0.0023650031071156263,0.004230312537401915,8.086255073547363,8.898160934448242,9.139078140258789,8.747403144836426,8.906469345092773,8.102381706237793,8.631351470947266,8.347029685974121,9.518301010131836,9.820246696472168,10.02955150604248,9.774422645568848,10.30661678314209,9.803669929504395,9.674367904663086,10.458502769470215,10.545275688171387,11.028820991516113,11.06983757019043,11.995660781860352,13.094590187072754,14.517227172851562,16.368423461914062,13.73727035522461,8.11128044128418
29,0.0,0.0009406832396052778,0.0019590992014855146,0.0037346717435866594,8.435186386108398,8.987943649291992,9.526799201965332,8.891823768615723,9.129738807678223,8.25199031829834,9.575963973999023,9.076176643371582,8.877066612243652,8.754510879516602,9.844330787658691,9.641342163085938,9.789765357971191,9.50493049621582,11.172728538513184,10.115164756774902,9.659320831298828,10.546350479125977,11.265646934509277,11.883350372314453,13.962891578674316,14.497264862060547,19.453184127807617,17.683691024780273,11.054492950439453
30,0.0,0.0010778678115457296,0.00211799587123096,0.0037941932678222656,7.772500991821289,8.116691589355469,7.080218315124512,7.50730037689209,8.157296180725098,7.172988414764404,7.41746711730957,7.183290481567383,7.923051834106445,8.429396629333496,7.067479610443115,8.105405807495117,9.509986877441406,8.868473052978516,9.264673233032227,8.991515159606934,8.428947448730469,9.410503387451172,9.108742713928223,9.485369682312012,11.408134460449219,12.369893074035645,15.89815902709961,15.004172325134277,8.54322338104248
31,0.0,0.0008884455892257392,0.0016990011790767312,0.003048537764698267,7.587764263153076,8.166837692260742,7.738636493682861,7.27983283996582,7.301101207733154,7.612944602966309,7.435267925262451,7.185466289520264,8.298256874084473,8.148214340209961,8.463129997253418,8.533428192138672,8.811893463134766,8.946457862854004,8.967949867248535,8.023983001708984,8.347764015197754,9.234647750854492,9.953024864196777,9.420104026794434,10.56505012512207,11.481802940368652,13.765069007873535,10.728525161743164,7.871893882751465
32,0.0,0.001014358946122229,0.0021090065129101276,0.004057155456393957,8.111152648925781,7.923635005950928,7.847611427307129,7.21096134185791,7.1458353996276855,7.42866849899292,7.950364589691162,7.29213809967041,8.202286720275879,8.630607604980469,8.366275787353516,9.439937591552734,8.345611572265625,8.4396390914917,8.820459365844727,9.35342025756836,9.108621597290039,9.41596508026123,9.665817260742188,10.222256660461426,11.783771514892578,12.882707595825195,18.155134201049805,18.572864532470703,12.520598411560059
33,0.0,0.0011507465969771147,0.0021843549329787493,0.003958685789257288,8.625782012939453,9.15410327911377,9.279106140136719,8.251455307006836,8.80467414855957,9.393058776855469,8.731268882751465,8.66269588470459,9.982658386230469,10.538881301879883,10.072257995605469,9.974299430847168,9.294940948486328,10.213298797607422,10.660740852355957,10.395898818969727,10.100418090820312,10.503793716430664,11.234162330627441,10.299792289733887,12.4103422164917,13.459938049316406,16.006858825683594,12.788158416748047,6.734160423278809
34,0.0,0.0010310772340744734,0.002155531430616975,0.004259924404323101,8.84937572479248,8.50788688659668,8.695798873901367,8.536982536315918,7.956738471984863,8.456908226013184,9.829883575439453,8.737935066223145,9.07188606262207,9.793989181518555,10.593557357788086,9.379937171936035,10.234197616577148,10.738672256469727,10.31795597076416,10.855765342712402,11.152390480041504,10.887758255004883,10.461044311523438,10.95521354675293,13.098125457763672,14.933664321899414,18.76958656311035,16.94685173034668,9.456262588500977
35,0.0,0.0011190882651135325,0.002284873044118285,0.004257327411323786,8.276010513305664,8.98726749420166,7.920200347900391,8.831879615783691,9.312325477600098,9.125459671020508,8.674285888671875,9.787871360778809,10.007390975952148,10.341914176940918,10.12399673461914,10.05850601196289,9.78378963470459,10.079480171203613,11.326627731323242,9.880640983581543,10.56551742553711,10.44407844543457,11.474842071533203,11.1898193359375,13.566787719726562,14.631895065307617,19.727293014526367,18.699514389038086,11.905905723571777
36,0.0,0.0011200130684301257,0.002271168865263462,0.004184098448604345,8.007737159729004,8.75316047668457,9.737348556518555,8.951709747314453,8.435466766357422,8.343177795410156,9.640095710754395,8.976272583007812,9.763568878173828,10.254426002502441,9.947500228881836,10.132773399353027,10.2274751663208,10.562102317810059,10.279082298278809,10.328824996948242,10.75977611541748,11.379287719726562,11.445235252380371,11.379814147949219,12.970428466796875,14.481463432312012,18.5148868560791,15.590921401977539,10.737918853759766
37,0.0,0.0010298831621184945,0.0019598023500293493,0.003477495862171054,8.81412124633789,9.360037803649902,8.758604049682617,9.206527709960938,8.35936164855957,8.621291160583496,8.839760780334473,9.53699779510498,9.121406555175781,9.766984939575195,9.831683158874512,10.59239673614502,10.46170425415039,10.915412902832031,10.072785377502441,10.73338794708252,11.006962776184082,11.175745010375977,11.190323829650879,11.799521446228027,12.78888988494873,14.116560935974121,16.03784942626953,12.72060775756836,7.828647613525391
38,0.0,0.0008903701673261821,0.0017728947568684816,0.0032955510541796684,8.300538063049316,8.975015640258789,9.524123191833496,9.13144588470459,9.054883003234863,8.578804969787598,9.250904083251953,8.450629234313965,9.350756645202637,9.493297576904297,9.94426155090332,10.881691932678223,10.597156524658203,10.488875389099121,10.091196060180664,10.239347457885742,9.866801261901855,11.203845977783203,11.048880577087402,11.217630386352539,13.476990699768066,14.86152172088623,17.964160919189453,14.924403190612793,9.494980812072754
39,0.0,0.0008806133409962058,0.0017198739806190133,0.003159529296681285,8.952183723449707,9.50732707977295,8.811942100524902,8.305500030517578,9.321895599365234,8.828713417053223,9.541460990905762,9.388351440429688,10.550256729125977,10.452299118041992,9.511482238769531,9.878303527832031,10.35250473022461,10.505287170410156,10.042234420776367,10.735248565673828,10.435883522033691,10.750692367553711,11.36593246459961,11.207830429077148,12.70423698425293,14.675944328308105,19.066829681396484,18.040790557861328,11.233805656433105
40,0.0,0.0009326018625870347,0.0020101554691791534,0.004230363294482231,8.420817375183105,9.359344482421875,8.85787582397461,8.869418144226074,8.805357933044434,8.477497100830078,9.8339262008667,9.241835594177246,10.276337623596191,9.698762893676758,9.767866134643555,10.62585163116455,10.060091972351074,11.1148681640625,10.82674789428711,11.116662979125977,10.272334098815918,10.445486068725586,11.292937278747559,11.097516059875488,13.75382137298584,15.155986785888672,21.300735473632812,19.83432388305664,12.36204719543457
41,0.0,0.0009660074138082564,0.001843842794187367,0.003261369885876775,8.40562629699707,9.230000495910645,9.81695556640625,8.634172439575195,9.259211540222168,10.000597953796387,9.105144500732422,8.785825729370117,10.058330535888672,9.89016342163086,10.059022903442383,10.375907897949219,9.289875030517578,10.232337951660156,9.76090145111084,10.024534225463867,10.355850219726562,10.713367462158203,10.01974868774414,11.410181999206543,12.668451309204102,14.896051406860352,17.323429107666016,13.34490966796875,8.571250915527344
42,0.0,0.0009702115785330534,0.0020060583483427763,0.003839636454358697,7.4773335456848145,7.842353820800781,7.391959190368652,7.005281925201416,7.793840408325195,7.623805046081543,7.535410404205322,7.457818031311035,8.095973014831543,8.134000778198242,8.507614135742188,9.033519744873047,8.528731346130371,8.472341537475586,8.85536003112793,8.471609115600586,8.99378776550293,8.554098129272461,9.508650779724121,10.193793296813965,11.948687553405762,15.240401268005371,19.507200241088867,18.808439254760742,14.070464134216309
43,0.0,0.001187383197247982,0.002150678774341941,0.003938072361052036,8.259275436401367,9.241656303405762,8.955193519592285,8.966310501098633,8.769896507263184,9.301092147827148,9.313848495483398,8.767253875732422,9.827438354492188,10.172390937805176,9.28765869140625,9.886051177978516,11.010611534118652,9.901704788208008,11.227746963500977,10.383063316345215,10.25568962097168,10.892093658447266,11.307348251342773,10.721144676208496,12.697205543518066,15.033284187316895,18.542211532592773,15.824151039123535,8.272615432739258
44,0.0,0.0009533465490676463,0.0018968210788443685,0.0038871867582201958,8.582200050354004,8.828856468200684,8.902397155761719,8.901053428649902,8.909133911132812,8.720723152160645,9.034104347229004,8.68648910522461,9.608511924743652,9.726428031921387,9.768796920776367,9.255990982055664,10.600655555725098,10.282397270202637,9.9329195022583,10.433449745178223,9.917750358581543,10.749456405639648,11.569435119628906,10.948554992675781,13.49133014678955,14.179088592529297,19.740169525146484,17.5089111328125,11.014226913452148
45,0.0,0.0009765647118911147,0.001869939616881311,0.0033725036773830652,8.205632209777832,7.6403398513793945,7.453527927398682,7.463326454162598,7.241867542266846,7.466238975524902,7.693994522094727,7.759491920471191,8.425100326538086,7.6236772537231445,8.231955528259277,8.742947578430176,8.998867988586426,8.441375732421875,8.764866828918457,8.74683666229248,8.361990928649902,9.1366605758667,9.623019218444824,10.15032958984375,11.406488418579102,14.147086143493652,19.077781677246094,20.339052200317383,14.685020446777344
46,0.0,0.0010959282517433167,0.002039907034486532,0.0037346919998526573,8.546503067016602,8.361420631408691,7.02492618560791,7.11100435256958,7.262649059295654,7.9112677574157715,7.900616645812988,7.41091775894165,8.76848316192627,8.448055267333984,8.40974235534668,8.208808898925781,8.98178768157959,9.052583694458008,8.843125343322754,9.310450553894043,9.661846160888672,9.278006553649902,9.280856132507324,9.19982624053955,11.654287338256836,13.092463493347168,17.389381408691406,16.704524993896484,10.14945125579834
47,0.0,0.0009108350495807827,0.0017452071188017726,0.003182267304509878,8.006038665771484,8.936516761779785,9.521286010742188,9.177521705627441,8.810729026794434,8.726289749145508,9.040365219116211,8.592055320739746,10.058874130249023,10.114341735839844,9.726181983947754,10.15815258026123,9.8626708984375,10.358966827392578,9.702351570129395,9.389307022094727,10.612580299377441,10.363619804382324,11.284664154052734,10.857263565063477,13.775174140930176,15.509516716003418,18.019384384155273,16.713672637939453,10.896597862243652
48,0.0,0.0008781744400039315,0.0017116660019382834,0.003193050157278776,8.283676147460938,9.096916198730469,8.652936935424805,9.369222640991211,9.435057640075684,9.291879653930664,8.064874649047852,9.350835800170898,10.33460521697998,10.572406768798828,9.350078582763672,9.51193618774414,10.055352210998535,10.725244522094727,10.399633407592773,10.739694595336914,10.718329429626465,10.506658554077148,11.367337226867676,11.454201698303223,13.04563045501709,13.690502166748047,16.23704719543457,15.013442039489746,8.135292053222656
49,0.0,0.0011554802767932415,0.0021586534567177296,0.003891147905960679,8.618985176086426,9.378113746643066,8.907557487487793,8.982951164245605,9.116338729858398,9.194767951965332,8.541067123413086,9.219457626342773,9.669574737548828,10.282670021057129,10.085529327392578,9.721299171447754,10.167793273925781,9.575398445129395,9.543562889099121,10.31474494934082,9.834481239318848,10.875234603881836,10.431426048278809,11.445208549499512,13.480453491210938,14.781792640686035,18.52488899230957,19.64964485168457,11.229045867919922
50,0.0,0.0008484831196255982,0.0015801034169271588,0.00270151998847723,7.613032817840576,8.195306777954102,6.885673999786377,7.205104827880859,7.378878116607666,7.608437538146973,7.254107475280762,6.894371509552002,8.132728576660156,8.557109832763672,8.910375595092773,8.279909133911133,8.765256881713867,9.501866340637207,8.573463439941406,9.073226928710938,8.957573890686035,8.987398147583008,9.543572425842285,9.844233512878418,10.624434471130371,12.308572769165039,14.693479537963867,12.544548988342285,11.1703519821167
51,0.0,0.001023567863740027,0.0019992508459836245,0.003919263835996389,9.24951457977295,9.202689170837402,8.806769371032715,9.081324577331543,9.025836944580078,8.631903648376465,8.766911506652832,8.251063346862793,10.005514144897461,10.270320892333984,9.86119270324707,10.24089241027832,10.48391342163086,10.465590476989746,10.207651138305664,9.713262557983398,10.648408889770508,11.340665817260742,10.709848403930664,11.1434965133667,12.930377960205078,15.340014457702637,19.017715454101562,15.409631729125977,10.801652908325195
52,0.0,0.0009338094387203455,0.0019456224981695414,0.004121126141399145,8.866812705993652,9.35526180267334,9.441340446472168,9.021299362182617,9.259613990783691,9.288028717041016,9.370621681213379,9.65956974029541,10.227643013000488,9.626540184020996,9.490362167358398,9.710641860961914,10.116859436035156,9.795576095581055,10.68222427368164,11.13661003112793,10.893203735351562,10.677661895751953,11.941620826721191,11.700207710266113,12.388361930847168,14.157393455505371,16.617462158203125,12.984325408935547,8.120026588439941
53,0.0,0.0008483485435135663,0.001615410903468728,0.0030845319852232933,7.935356616973877,8.544818878173828,7.135916709899902,7.758659839630127,7.872483730316162,6.910272598266602,8.262651443481445,7.22223424911499,8.284777641296387,8.641456604003906,9.022985458374023,8.463935852050781,8.637157440185547,8.752365112304688,8.844979286193848,7.826904773712158,9.361141204833984,8.614655494689941,9.844038963317871,9.41460132598877,11.491527557373047,11.337552070617676,14.256290435791016,13.121962547302246,8.292169570922852
54,0.0,0.001253953785635531,0.002669353736564517,0.004432470537722111,8.683062553405762,9.471930503845215,8.340511322021484,8.561720848083496,9.469735145568848,8.955965042114258,8.550832748413086,8.665060997009277,9.526141166687012,9.564987182617188,10.368776321411133,9.987197875976562,9.678423881530762,10.25123119354248,10.665245056152344,10.760323524475098,11.084358215332031,10.748637199401855,11.597129821777344,11.08446979522705,13.694730758666992,14.808119773864746,20.393232345581055,20.662765502929688,10.695449829101562
55,0.0,0.001046102144755423,0.002104752464219928,0.003971297759562731,8.274796485900879,9.213933944702148,8.42880916595459,9.438387870788574,9.077485084533691,9.180195808410645,9.237359046936035,9.230616569519043,9.869524955749512,10.2782564163208,10.333609580993652,9.442138671875,9.654434204101562,10.001371383666992,10.736897468566895,10.004034042358398,10.58427619934082,11.587343215942383,11.27872085571289,12.034719467163086,12.469213485717773,14.37519359588623,18.719511032104492,15.791182518005371,9.30549430847168
56,0.0,0.0009154629078693688,0.002105836058035493,0.004274176899343729,7.850994110107422,7.547581672668457,7.315741539001465,7.928965091705322,7.578810691833496,7.531627178192139,7.283963203430176,7.263060092926025,8.469769477844238,8.76077938079834,8.7067289352417,7.980100631713867,9.069438934326172,8.885528564453125,8.810471534729004,8.532973289489746,9.521556854248047,9.199520111083984,8.64112663269043,10.023244857788086,11.202974319458008,13.35131549835205,17.143299102783203,16.008506774902344,10.415679931640625
57,0.0,0.0009566916851326823,0.0018947077915072441,0.0034081554040312767,8.289029121398926,9.644536972045898,9.320992469787598,8.934391975402832,9.323448181152344,9.2096586227417,8.447310447692871,8.998961448669434,9.203506469726562,10.563204765319824,10.897297859191895,9.604178428649902,9.492654800415039,10.96115493774414,10.106502532958984,11.416707992553711,10.593705177307129,10.77365779876709,11.46093463897705,11.2260103225708,13.56920337677002,14.114023208618164,18.092443466186523,14.829225540161133,10.188799858093262
58,0.0,0.0009410909260623157,0.0017546263989061117,0.0034440946765244007,8.36588191986084,9.154363632202148,8.767322540283203,8.668724060058594,8.696051597595215,8.899827003479004,8.819014549255371,8.760726928710938,10.11262321472168,9.767672538757324,10.187504768371582,9.614822387695312,10.214034080505371,11.429072380065918,11.420321464538574,9.663301467895508,9.944780349731445,11.03460693359375,10.828776359558105,11.920064926147461,12.404512405395508,14.919746398925781,17.325870513916016,14.124350547790527,10.227140426635742
59,0.0,0.0009989613899961114,0.0020997014362365007,0.004596740938723087,8.127915382385254,9.262955665588379,9.131295204162598,8.854994773864746,9.379363059997559,8.8037691116333,9.140387535095215,8.902664184570312,9.099237442016602,10.856545448303223,9.652621269226074,10.322259902954102,10.484881401062012,10.558584213256836,11.254658699035645,10.528718948364258,10.139756202697754,10.85113525390625,11.002863883972168,10.8336820602417,13.162278175354004,14.417000770568848,18.19854736328125,16.25508689880371,10.206929206848145
60,0.0,0.000954501680098474,0.0019657353404909372,0.003646072931587696,8.258295059204102,9.069458961486816,8.777374267578125,8.748565673828125,9.209245681762695,9.593318939208984,9.405472755432129,8.85048770904541,9.806109428405762,9.369820594787598,9.650125503540039,9.833702087402344,10.006302833557129,10.009102821350098,10.64391803741455,10.114998817443848,10.45457935333252,11.322726249694824,11.280205726623535,10.94186019897461,12.593464851379395,14.342670440673828,17.88512420654297,15.382452011108398,9.885437965393066
61,0.0,0.0010961826192215085,0.0021273300517350435,0.0038408772088587284,8.712319374084473,9.38809871673584,9.051383018493652,8.741718292236328,8.973889350891113,9.674529075622559,9.128059387207031,9.793766021728516,9.71209716796875,9.823225021362305,10.083406448364258,10.422618865966797,10.417041778564453,10.653631210327148,9.411555290222168,10.849883079528809,9.971349716186523,11.206793785095215,11.18331527709961,10.949972152709961,12.989188194274902,14.822486877441406,17.8315372467041,16.848398208618164,9.372480392456055
62,0.0,0.0008827084093354642,0.0017657350981608033,0.003565283492207527,8.429449081420898,8.88481330871582,9.19637680053711,8.421358108520508,8.573617935180664,8.7083158493042,9.570119857788086,9.026363372802734,10.100643157958984,10.645110130310059,9.87551212310791,10.706738471984863,9.524895668029785,10.407767295837402,10.566956520080566,9.705777168273926,10.27105712890625,10.231213569641113,10.544672966003418,11.430728912353516,13.5477876663208,15.324553489685059,19.940059661865234,18.97026252746582,13.277270317077637
63,0.0,0.0010718971025198698,0.0025048013776540756,0.005085352808237076,8.472825050354004,9.019341468811035,9.028799057006836,9.799162864685059,9.97268009185791,9.095697402954102,8.8834867477417,9.621793746948242,10.052962303161621,10.949281692504883,10.398146629333496,9.594664573669434,10.765141487121582,10.284931182861328,10.77383041381836,12.049092292785645,10.115077018737793,10.087495803833008,10.895785331726074,11.550846099853516,11.909173011779785,15.996955871582031,20.776901245117188,22.267833709716797,12.366961479187012
64,0.0,0.0010655763326212764,0.0022381790913641453,0.004528591874986887,8.45712947845459,9.788580894470215,9.452509880065918,9.328619956970215,9.358437538146973,9.370955467224121,8.468578338623047,9.030977249145508,10.156188011169434,9.815256118774414,10.785449981689453,10.326521873474121,10.358444213867188,10.303352355957031,9.860922813415527,9.956063270568848,9.986553192138672,10.643798828125,11.725621223449707,11.44444751739502,12.952768325805664,14.960350036621094,16.9905948638916,14.632556915283203,9.442183494567871
65,0.0,0.0009928004583343863,0.0018283637473359704,0.0033299890346825123,8.53730297088623,9.396119117736816,9.935660362243652,8.958507537841797,9.525182723999023,9.072345733642578,9.474889755249023,8.852333068847656,10.37873363494873,10.377250671386719,10.031179428100586,9.928966522216797,9.578287124633789,10.07463550567627,10.556940078735352,10.661617279052734,11.03106689453125,10.65519905090332,11.068838119506836,10.733918190002441,12.49155330657959,13.745912551879883,18.202091217041016,14.268455505371094,9.29049301147461
66,0.0,0.0009598764590919018,0.0019070877460762858,0.0035595351364463568,8.036211013793945,9.534257888793945,8.678091049194336,8.509549140930176,8.61076545715332,9.04466438293457,9.117452621459961,8.940322875976562,9.162740707397461,9.916404724121094,9.612749099731445,9.938937187194824,10.336625099182129,10.279339790344238,10.26285171508789,10.902480125427246,11.13508129119873,10.092817306518555,11.17393970489502,10.993186950683594,13.260164260864258,14.560822486877441,18.349597930908203,17.474782943725586,11.297266960144043
67,0.0,0.0008565774187445641,0.001704321475699544,0.002948602195829153,7.811723232269287,7.935941696166992,6.970159530639648,7.672415256500244,7.229917526245117,7.06688117980957,7.379795074462891,7.90366268157959,7.753117084503174,7.77474308013916,8.548568725585938,8.428436279296875,8.639997482299805,9.056285858154297,8.855034828186035,8.553600311279297,8.51379680633545,9.903822898864746,9.391201972961426,8.852473258972168,11.367959976196289,11.526694297790527,14.632527351379395,12.902602195739746,7.777248382568359
68,0.0,0.001010538195259869,0.001977676060050726,0.0038576482329517603,8.448843955993652,9.16849422454834,8.403458595275879,8.32403564453125,8.890728950500488,9.131322860717773,9.3163480758667,8.554729461669922,9.44814395904541,9.321682929992676,10.204914093017578,10.720973014831543,10.409530639648438,11.706079483032227,10.979084968566895,10.882707595825195,10.578422546386719,10.204748153686523,10.48730754852295,11.241541862487793,14.16111946105957,14.320395469665527,19.49513053894043,18.903621673583984,10.901949882507324
69,0.0,0.001059604692272842,0.002115064300596714,0.004096290562301874,8.654138565063477,9.182990074157715,9.220304489135742,9.14913558959961,8.965209007263184,9.299861907958984,8.851394653320312,9.02082633972168,10.103761672973633,10.86992359161377,9.84487533569336,9.831917762756348,10.473145484924316,10.287588119506836,9.939289093017578,10.480084419250488,10.59858226776123,10.02778148651123,10.653578758239746,11.588849067687988,13.517729759216309,14.984529495239258,17.68266487121582,16.219993591308594,9.604349136352539
70,0.0,0.0010209822794422507,0.001975110499188304,0.003390540834516287,8.192312240600586,9.317001342773438,8.711941719055176,9.044526100158691,9.191502571105957,9.216447830200195,9.008474349975586,8.58465576171875,10.198623657226562,9.759272575378418,9.667891502380371,10.986316680908203,10.316840171813965,10.593440055847168,10.273041725158691,10.508061408996582,10.857905387878418,10.408260345458984,10.945393562316895,10.948177337646484,12.911946296691895,14.537545204162598,17.07342529296875,16.475391387939453,9.180496215820312
71,0.0,0.0009622797952033579,0.0019586384296417236,0.003922915086150169,9.100824356079102,8.556559562683105,8.096799850463867,9.52569580078125,8.762432098388672,8.874258041381836,8.427663803100586,9.472814559936523,8.649637222290039,10.305721282958984,10.114145278930664,9.696956634521484,10.801087379455566,10.368566513061523,10.749481201171875,10.695935249328613,10.48784065246582,11.504813194274902,11.008147239685059,11.230182647705078,12.406623840332031,14.390331268310547,18.575538635253906,16.236064910888672,10.24198055267334
72,0.0,0.0008651549578644335,0.0017221416346728802,0.002898526145145297,8.129011154174805,8.243375778198242,7.391463279724121,7.645314693450928,7.44944953918457,7.406540393829346,7.312859058380127,7.59156608581543,8.499405860900879,8.6600923538208,8.790576934814453,8.323952674865723,8.432576179504395,8.573290824890137,8.910719871520996,8.605316162109375,8.506165504455566,9.413654327392578,8.9998140335083,10.223484992980957,10.88593864440918,11.835049629211426,14.850998878479004,14.59626579284668,8.956968307495117
73,0.0,0.0009292514296248555,0.0017511015757918358,0.0030377504881471395,7.136754989624023,8.296168327331543,7.560783386230469,7.394928932189941,7.636672496795654,7.333173751831055,7.617940902709961,7.907944679260254,8.181157112121582,7.274925231933594,8.226247787475586,8.37109375,9.041769981384277,8.454943656921387,9.149876594543457,9.197955131530762,8.564201354980469,9.491111755371094,8.531679153442383,9.398846626281738,10.81307601928711,11.57750415802002,14.228293418884277,10.932445526123047,8.538797378540039
74,0.0,0.0010857634479179978,0.001959657296538353,0.003541071666404605,8.71678638458252,8.67721176147461,8.694021224975586,9.218388557434082,8.665575981140137,8.836796760559082,9.021150588989258,9.460489273071289,9.657645225524902,10.425644874572754,10.678120613098145,10.694073677062988,10.663116455078125,11.102335929870605,10.104886054992676,9.647510528564453,11.164973258972168,10.354562759399414,10.752154350280762,10.793065071105957,12.091525077819824,14.392441749572754,18.004831314086914,15.994529724121094,9.987934112548828
75,0.0,0.000936439202632755,0.0018502594903111458,0.0037307313177734613,8.060583114624023,7.83599853515625,7.514130592346191,7.239925384521484,7.367686748504639,7.0294389724731445,6.894334316253662,7.380888938903809,8.684796333312988,7.921781063079834,8.815912246704102,8.140856742858887,9.015137672424316,8.316922187805176,8.919402122497559,8.545564651489258,8.29047679901123,9.574291229248047,8.70630931854248,10.023219108581543,11.343348503112793,12.381428718566895,16.149662017822266,15.854373931884766,10.519411087036133
76,0.0,0.0011309093097224832,0.002401986625045538,0.004300874192267656,8.693774223327637,8.648757934570312,8.617513656616211,8.859387397766113,9.509024620056152,9.32245922088623,9.201815605163574,9.122992515563965,9.527289390563965,10.184136390686035,10.435124397277832,10.255139350891113,9.767372131347656,10.195977210998535,10.347662925720215,10.332613945007324,10.574956893920898,11.289440155029297,11.66637134552002,11.43281078338623,12.881427764892578,13.955371856689453,16.55815887451172,15.105416297912598,8.4548921585083
77,0.0,0.0011627539061009884,0.002194391330704093,0.00405455194413662,8.354255676269531,8.942668914794922,9.642598152160645,9.047314643859863,9.262375831604004,9.136449813842773,9.254087448120117,7.839866638183594,10.019096374511719,9.829151153564453,9.986832618713379,10.49102783203125,10.308666229248047,10.501229286193848,10.062993049621582,9.464884757995605,10.515674591064453,11.242209434509277,10.65671157836914,11.22140121459961,12.956855773925781,13.727187156677246,17.172082901000977,15.121875762939453,8.185420036315918
78,0.0,0.0014158247504383326,0.002759184455499053,0.005183654837310314,8.397520065307617,8.912550926208496,8.552687644958496,8.664905548095703,9.00536060333252,8.790033340454102,9.147318840026855,9.668549537658691,9.637197494506836,9.615391731262207,9.957629203796387,10.59135627746582,10.537043571472168,10.320649147033691,9.717562675476074,9.39953899383545,9.778000831604004,10.30284595489502,9.559955596923828,11.344707489013672,13.840169906616211,13.212997436523438,17.066328048706055,15.088480949401855,9.00703239440918
79,0.0,0.0009576794691383839,0.001839969540014863,0.0035190593916922808,8.123032569885254,8.550898551940918,9.432281494140625,9.454391479492188,8.904428482055664,8.946447372436523,9.212156295776367,9.603914260864258,10.064559936523438,10.977102279663086,9.968441009521484,10.0326509475708,10.508723258972168,9.767605781555176,10.575262069702148,10.922835350036621,9.86651611328125,10.190391540527344,9.71239185333252,11.903800010681152,12.280254364013672,13.73840045928955,16.589826583862305,13.193410873413086,7.586580276489258
80,0.0,0.0011727713281288743,0.002530026249587536,0.005013202782720327,8.956609725952148,8.43619441986084,8.91347599029541,8.718066215515137,8.795344352722168,8.165051460266113,8.790785789489746,9.260972023010254,9.803557395935059,9.95269775390625,9.860727310180664,10.458056449890137,11.083889961242676,11.23400592803955,10.487788200378418,10.541619300842285,10.421723365783691,11.187215805053711,10.87717056274414,12.15120792388916,14.315180778503418,16.173187255859375,22.055803298950195,24.28449249267578,11.547453880310059
81,0.0,0.001034536398947239,0.0020933267660439014,0.0035636944230645895,9.013764381408691,9.148125648498535,8.344873428344727,9.3806734085083,8.682699203491211,9.386260032653809,9.160734176635742,8.764185905456543,10.0923490524292,9.728507041931152,10.993849754333496,10.184675216674805,10.036500930786133,10.771791458129883,10.034638404846191,9.816746711730957,10.62583065032959,10.756156921386719,11.028054237365723,11.213529586791992,13.02613639831543,14.030172348022461,17.002775192260742,14.10287857055664,8.836920738220215
82,0.0,0.0008684729691594839,0.0016984426183626056,0.0031407366041094065,8.236394882202148,7.343149185180664,7.4138875007629395,7.682492256164551,6.919668197631836,6.810757160186768,7.14319372177124,7.674973964691162,8.57514476776123,8.34211540222168,8.344781875610352,8.08854866027832,8.6151762008667,8.665667533874512,8.675861358642578,8.747407913208008,8.5287446975708,9.692821502685547,9.193822860717773,9.564748764038086,11.151511192321777,12.131529808044434,15.844623565673828,14.314066886901855,9.79645824432373
83,0.0,0.0009016105905175209,0.0017221748130396008,0.003313137451186776,8.679037094116211,9.847129821777344,9.439324378967285,9.418519973754883,8.993524551391602,8.720595359802246,8.462366104125977,8.951537132263184,9.896830558776855,10.344664573669434,10.331500053405762,10.365556716918945,10.29780101776123,11.034577369689941,10.398200035095215,10.773351669311523,10.333625793457031,10.885953903198242,10.24027156829834,11.25285816192627,12.94739818572998,14.601601600646973,17.44193458557129,14.848404884338379,10.472644805908203
84,0.0,0.0008910140604712069,0.0018584311474114656,0.0036720396019518375,8.210234642028809,9.095098495483398,9.002756118774414,8.6244478225708,9.103144645690918,8.421207427978516,8.34073543548584,9.761035919189453,9.560893058776855,9.801627159118652,9.885930061340332,9.7621431350708,9.931737899780273,10.910584449768066,10.02011775970459,10.323601722717285,11.019770622253418,10.699634552001953,10.899114608764648,11.914060592651367,12.95602798461914,14.371803283691406,18.072473526000977,16.678356170654297,10.551624298095703
85,0.0,0.0009500960586592555,0.0019823815673589706,0.0037895042914897203,8.432548522949219,7.537349224090576,7.928431034088135,7.803950309753418,7.636911392211914,7.398959159851074,7.332245349884033,7.560171127319336,7.9003424644470215,8.905744552612305,8.460213661193848,8.73867416381836,8.244481086730957,8.720870971679688,7.93208646774292,8.84974479675293,9.265300750732422,9.381908416748047,9.240376472473145,9.599881172180176,11.243398666381836,13.094486236572266,17.117816925048828,17.677852630615234,10.372269630432129
86,0.0,0.0009482654859311879,0.0018653450533747673,0.0032458039931952953,8.553291320800781,9.880654335021973,9.296781539916992,8.763155937194824,9.21122932434082,9.299345970153809,9.05870532989502,8.820174217224121,9.467552185058594,9.412575721740723,9.960457801818848,9.406306266784668,10.561535835266113,10.676252365112305,10.829550743103027,10.335573196411133,10.471405029296875,10.590067863464355,10.982139587402344,12.47455883026123,13.14892578125,13.952974319458008,19.73000144958496,18.325551986694336,12.725152969360352
87,0.0,0.0013017236487939954,0.002520425943657756,0.004765902645885944,8.741292953491211,8.969793319702148,9.108205795288086,8.637923240661621,9.242124557495117,9.023984909057617,9.329848289489746,8.846338272094727,9.70322322845459,10.06128978729248,10.276590347290039,9.817536354064941,10.19824504852295,10.887845039367676,10.200446128845215,10.776556968688965,11.016563415527344,11.639045715332031,11.073517799377441,11.555771827697754,13.0332670211792,14.04951000213623,16.814067840576172,15.24169635772705,8.60087776184082
88,0.0,0.0010264001321047544,0.002028843155130744,0.0035722232423722744,7.961060047149658,7.759172439575195,7.239757537841797,7.663771152496338,7.537160396575928,7.832468509674072,7.903543472290039,7.81836462020874,7.519020080566406,8.457226753234863,8.464762687683105,8.967355728149414,9.066986083984375,8.289158821105957,8.774070739746094,8.406439781188965,8.082364082336426,9.476289749145508,8.93673038482666,9.783812522888184,10.30197811126709,12.441258430480957,15.816096305847168,16.587881088256836,8.285099983215332
89,0.0,0.0009041798184625804,0.001644503092393279,0.0028889828827232122,8.9041109085083,9.559807777404785,8.70820426940918,8.711491584777832,8.699238777160645,9.125840187072754,9.325489044189453,9.2968111038208,10.099530220031738,10.1232271194458,10.288033485412598,10.551950454711914,10.594057083129883,10.767154693603516,9.942229270935059,9.99739933013916,10.201411247253418,10.837532043457031,10.947297096252441,11.246686935424805,11.812786102294922,13.108888626098633,16.20983123779297,11.501091957092285,9.730559349060059
90,0.0,0.001022828626446426,0.0021066695917397738,0.004206797573715448,8.402463912963867,7.9629364013671875,7.334923267364502,7.471886157989502,7.95580530166626,7.091617584228516,7.137209415435791,7.158092975616455,7.9138078689575195,8.43828296661377,8.09750747680664,8.130528450012207,8.280207633972168,8.978257179260254,8.551856994628906,9.543853759765625,8.864871978759766,8.662636756896973,9.452617645263672,10.045165061950684,12.075936317443848,12.647112846374512,16.39162254333496,16.38962173461914,11.493400573730469
91,0.0,0.0009782911511138082,0.0018682576483115554,0.003543789964169264,8.385217666625977,8.943326950073242,9.34492301940918,9.128643035888672,9.485018730163574,8.788474082946777,8.880836486816406,8.800338745117188,9.892709732055664,10.14078140258789,10.233275413513184,9.70846939086914,9.941190719604492,10.342888832092285,10.33390998840332,10.636516571044922,9.819162368774414,9.995083808898926,10.879242897033691,10.949119567871094,12.689858436584473,13.404149055480957,15.21873664855957,12.794546127319336,7.4868621826171875
92,0.0,0.0009840265847742558,0.0019045061198994517,0.0035020802170038223,7.683501243591309,9.582263946533203,8.445358276367188,9.286152839660645,8.204428672790527,9.421255111694336,9.10350227355957,9.221181869506836,9.553852081298828,10.248453140258789,10.800689697265625,9.893105506896973,10.198172569274902,11.472940444946289,10.291379928588867,11.823471069335938,10.864514350891113,10.503969192504883,11.57127571105957,11.0292329788208,13.632782936096191,14.268718719482422,18.428945541381836,15.609700202941895,12.12159252166748
93,0.0,0.0009491306846030056,0.0018999383319169283,0.0036394151393324137,8.092655181884766,8.102604866027832,6.986530780792236,7.866913795471191,7.124859809875488,6.8421244621276855,7.436049938201904,7.880495548248291,8.372505187988281,8.240524291992188,8.489380836486816,8.774832725524902,8.363734245300293,8.801079750061035,8.46884822845459,7.8887715339660645,9.36361026763916,8.712120056152344,10.066222190856934,9.721564292907715,11.672998428344727,12.85419750213623,17.57608413696289,16.211130142211914,10.650973320007324
94,0.0,0.0009980573086068034,0.001988401170819998,0.003723516594618559,8.967884063720703,9.424904823303223,8.959518432617188,8.561877250671387,8.87367057800293,9.073873519897461,9.122244834899902,9.273641586303711,9.939570426940918,10.281667709350586,10.156521797180176,9.640443801879883,10.00294017791748,10.180253982543945,9.610602378845215,10.255300521850586,10.554238319396973,10.791549682617188,11.645722389221191,11.696904182434082,13.182687759399414,14.702519416809082,18.02956771850586,16.763660430908203,11.53424072265625
95,0.0,0.0008605078910477459,0.0016981884837150574,0.0030943683814257383,8.125554084777832,7.7595648765563965,7.482182025909424,7.502458095550537,7.428207874298096,6.678150653839111,7.351870536804199,8.08430004119873,8.405754089355469,8.62112045288086,8.124801635742188,8.501354217529297,8.737347602844238,9.061248779296875,8.920369148254395,9.469864845275879,8.781492233276367,8.51551342010498,9.943901062011719,10.551830291748047,11.080835342407227,12.162044525146484,15.201327323913574,12.190945625305176,9.702103614807129
96,0.0,0.0010193126508966088,0.002168942941352725,0.004010835196822882,8.316291809082031,8.449400901794434,8.895658493041992,8.721832275390625,9.00035285949707,8.746395111083984,8.482569694519043,9.470160484313965,9.35025691986084,10.132097244262695,10.135095596313477,9.997394561767578,9.929222106933594,10.593725204467773,9.943450927734375,10.078350067138672,9.93774700164795,10.307706832885742,10.8291654586792,10.838357925415039,13.947959899902344,16.082246780395508,21.817594528198242,21.08842658996582,10.712814331054688
97,0.0,0.0010472431313246489,0.0019400117453187704,0.0035897414200007915,8.417045593261719,9.138463973999023,8.958230972290039,8.670782089233398,9.696796417236328,9.348017692565918,8.848477363586426,9.578824996948242,9.641267776489258,10.435928344726562,10.026710510253906,10.631260871887207,10.700528144836426,10.335638999938965,10.328892707824707,10.902766227722168,10.207820892333984,10.979445457458496,11.689664840698242,12.603042602539062,13.479743957519531,14.735151290893555,18.722227096557617,18.228578567504883,11.789948463439941
98,0.0,0.0008816529880277812,0.0016807547071948647,0.003042602678760886,8.730231285095215,8.078899383544922,7.48286247253418,7.920833110809326,7.779109001159668,7.436122417449951,7.593771934509277,8.026007652282715,7.992787837982178,9.493265151977539,8.490267753601074,8.765318870544434,8.619641304016113,8.616179466247559,9.229145050048828,9.054631233215332,9.64277458190918,8.895883560180664,9.538284301757812,10.180869102478027,11.664779663085938,13.023401260375977,16.496601104736328,16.60833168029785,9.8585844039917
99,0.0,0.0010169754968956113,0.0019507433753460646,0.003310642670840025,8.643206596374512,9.580839157104492,9.020654678344727,9.310877799987793,7.940906524658203,8.886434555053711,8.643913269042969,8.91874885559082,10.419145584106445,9.348247528076172,9.92403793334961,10.26414966583252,10.880041122436523,10.301358222961426,10.92839527130127,10.818275451660156,11.191938400268555,10.328027725219727,11.372888565063477,11.65182876586914,13.455772399902344,14.573080062866211,16.722532272338867,15.916984558105469,9.225984573364258
100,0.0,0.0009178625768981874,0.001771321170963347,0.0032537055667489767,8.592634201049805,9.539379119873047,9.606834411621094,9.246709823608398,8.887256622314453,8.790155410766602,9.186846733093262,8.583581924438477,9.619457244873047,9.618467330932617,10.371320724487305,10.647229194641113,10.236201286315918,10.027508735656738,10.557711601257324,11.578680038452148,9.640752792358398,10.32695198059082,10.391437530517578,11.718698501586914,12.861125946044922,14.526961326599121,19.182430267333984,16.427330017089844,10.589086532592773
101,0.0,0.0008543740841560066,0.0016671920893713832,0.0030134515836834908,8.248588562011719,8.322797775268555,7.121148586273193,7.642811298370361,7.651607036590576,7.600627422332764,7.025760173797607,7.24182653427124,8.400479316711426,8.420689582824707,8.034283638000488,8.76966667175293,8.44326400756836,8.450874328613281,8.66347885131836,8.558695793151855,8.604966163635254,9.428404808044434,8.53332805633545,9.927738189697266,10.884469032287598,12.131637573242188,17.51833152770996,15.884366035461426,12.490498542785645
102,0.0,0.0008688907837495208,0.001722846645861864,0.003208952257409692,8.34615707397461,8.69662857055664,8.789461135864258,9.122048377990723,8.944159507751465,8.33311653137207,8.83596134185791,8.822916030883789,10.197366714477539,10.533780097961426,9.752074241638184,9.84325122833252,11.232240676879883,10.51845932006836,11.110539436340332,9.494199752807617,11.050064086914062,10.13086986541748,11.104488372802734,11.308446884155273,13.587181091308594,14.156562805175781,15.802712440490723,14.107561111450195,7.578595161437988
103,0.0,0.000933925446588546,0.0018140723695978522,0.003255033167079091,8.13983154296875,9.183034896850586,8.7450532913208,8.274598121643066,8.5271635055542,8.985377311706543,8.394165992736816,8.833280563354492,9.79345703125,9.602418899536133,10.025613784790039,10.658858299255371,10.441752433776855,10.519919395446777,10.858370780944824,10.615630149841309,10.497288703918457,10.336621284484863,11.504124641418457,11.961231231689453,12.889286041259766,14.23218059539795,18.113508224487305,13.907258033752441,9.781207084655762
104,0.0,0.0011815960751846433,0.0022392228711396456,0.004052292555570602,8.311996459960938,9.493207931518555,8.515334129333496,10.090510368347168,8.31679916381836,8.849024772644043,8.485102653503418,9.356375694274902,10.324223518371582,9.598388671875,9.477429389953613,10.462027549743652,10.832551002502441,10.769821166992188,10.12904167175293,10.235204696655273,10.914464950561523,9.991985321044922,10.461847305297852,10.724846839904785,12.282660484313965,14.484508514404297,17.746238708496094,16.27716827392578,9.208767890930176
105,0.0,0.0009371806518174708,0.0017418317729607224,0.0033431246411055326,8.815762519836426,8.785712242126465,8.70080280303955,8.734047889709473,9.055119514465332,8.302511215209961,9.551483154296875,9.371441841125488,10.514260292053223,10.210232734680176,9.994285583496094,10.039795875549316,10.05935001373291,10.379039764404297,10.217672348022461,10.121957778930664,10.780482292175293,11.265336990356445,11.44333267211914,11.599934577941895,12.989236831665039,14.570602416992188,17.384231567382812,13.454137802124023,8.307308197021484
106,0.0,0.0009993790881708264,0.001913820393383503,0.003906325902789831,7.681856632232666,8.331645011901855,7.651455402374268,7.451498031616211,7.26153039932251,7.106038570404053,7.448211193084717,7.518095970153809,8.289712905883789,8.036209106445312,8.5392427444458,8.5364990234375,8.553352355957031,9.031326293945312,9.005119323730469,8.509733200073242,9.29874324798584,8.867470741271973,9.751134872436523,10.273492813110352,11.931800842285156,12.635748863220215,16.602886199951172,15.811450004577637,11.037240982055664
107,0.0,0.0011426296550780535,0.0022877766750752926,0.00410264590755105,7.910813808441162,8.989726066589355,9.567123413085938,9.156379699707031,9.124345779418945,9.006936073303223,9.246587753295898,8.975479125976562,9.722746849060059,10.887892723083496,10.746805191040039,10.280372619628906,11.089484214782715,10.342334747314453,9.855265617370605,10.178500175476074,10.678933143615723,10.296283721923828,10.161508560180664,11.24938678741455,12.232422828674316,14.925549507141113,18.52634048461914,15.806777000427246,8.653400421142578
108,0.0,0.0009074666886590421,0.0018176535377278924,0.003612278262153268,8.349701881408691,8.88831901550293,9.727227210998535,8.770987510681152,8.746332168579102,9.381965637207031,9.597463607788086,9.004619598388672,9.721501350402832,10.442895889282227,10.049015998840332,9.409488677978516,10.78665542602539,10.259431838989258,10.270349502563477,10.43956184387207,10.879178047180176,10.925215721130371,11.22409725189209,11.808568954467773,12.985037803649902,13.659467697143555,16.899917602539062,12.756753921508789,7.7763352394104
109,0.0,0.0011526616290211678,0.0021383948624134064,0.003633264685049653,8.48172378540039,7.586637020111084,7.392448425292969,7.479060649871826,7.118661403656006,7.400755882263184,7.110706806182861,7.7514262199401855,8.137471199035645,8.210545539855957,8.527971267700195,8.537693977355957,8.459900856018066,8.619298934936523,9.044638633728027,8.156731605529785,9.826570510864258,8.87057876586914,9.892406463623047,10.211371421813965,11.385215759277344,13.059832572937012,17.117158889770508,17.405059814453125,11.533018112182617
110,0.0,0.0009206175454892218,0.0017035732744261622,0.0029321457259356976,7.780464172363281,7.618683815002441,7.430739402770996,7.4008708000183105,7.942800521850586,7.820263862609863,7.333815097808838,7.897983074188232,7.423726558685303,8.576655387878418,9.005451202392578,7.891262054443359,8.672506332397461,9.305399894714355,8.726751327514648,9.16405963897705,8.77925968170166,9.04143238067627,8.485230445861816,9.327649116516113,11.24020004272461,12.408906936645508,15.13783073425293,14.232529640197754,9.225967407226562
111,0.0,0.0009710988379083574,0.0018888830672949553,0.0039529516361653805,8.585203170776367,8.651410102844238,8.864896774291992,8.64520263671875,8.666003227233887,9.01612377166748,9.260156631469727,8.729710578918457,10.080162048339844,10.129642486572266,10.265156745910645,10.208109855651855,11.209883689880371,10.54427433013916,10.005598068237305,9.791252136230469,11.082988739013672,10.871402740478516,11.190545082092285,11.575029373168945,12.74349308013916,14.178443908691406,17.512035369873047,13.410740852355957,8.828020095825195
112,0.0,0.000888130278326571,0.0017183071468025446,0.0031623486429452896,8.361832618713379,7.708488464355469,7.393048286437988,7.881803512573242,7.170397758483887,7.124441623687744,7.694179534912109,8.271492004394531,7.9188947677612305,8.759682655334473,8.535894393920898,9.308213233947754,8.260674476623535,7.856558799743652,9.161931991577148,8.212640762329102,9.077079772949219,9.111553192138672,8.979000091552734,9.823942184448242,11.070157051086426,12.188332557678223,13.73374080657959,12.364627838134766,9.119298934936523
113,0.0,0.0010521226795390248,0.0019644543062895536,0.0033848443999886513,7.9036359786987305,8.69577407836914,8.789505958557129,9.071426391601562,9.49315071105957,8.357823371887207,9.286246299743652,9.239434242248535,10.315780639648438,9.47077751159668,9.333760261535645,10.163959503173828,10.78149700164795,10.588823318481445,10.721270561218262,10.675664901733398,11.501974105834961,11.64903450012207,11.113643646240234,12.57280158996582,13.15597915649414,14.508502960205078,18.537946701049805,16.763626098632812,10.398611068725586
114,0.0,0.000987905077636242,0.001994465943425894,0.003301626769825816,7.84440803527832,8.92882251739502,9.075746536254883,9.466507911682129,8.656717300415039,9.193181991577148,7.709727764129639,8.717308044433594,9.906294822692871,9.999055862426758,9.577462196350098,9.994281768798828,10.1327543258667,10.154539108276367,10.49063777923584,9.975485801696777,9.767667770385742,9.987700462341309,10.742835998535156,10.863743782043457,13.13575267791748,13.504779815673828,18.630367279052734,13.898934364318848,7.769649028778076
115,0.0,0.0010120022343471646,0.0019074989249929786,0.0031403545290231705,8.461261749267578,9.21423625946045,8.977313041687012,9.536903381347656,9.01496410369873,8.85279369354248,9.174369812011719,8.827140808105469,9.869518280029297,10.44567584991455,9.902338981628418,10.063058853149414,10.444504737854004,10.595076560974121,9.661776542663574,10.89621639251709,10.751392364501953,11.20844554901123,11.139374732971191,11.799297332763672,12.746006965637207,13.776163101196289,15.763622283935547,12.751611709594727,7.93295431137085
116,0.0,0.0009868654888123274,0.0018127125222235918,0.0029776645824313164,7.545358657836914,7.645907402038574,7.558620452880859,7.0635881423950195,7.2530198097229,7.864334583282471,7.3250885009765625,7.233043193817139,7.991918563842773,7.621039390563965,8.342092514038086,8.025436401367188,9.037930488586426,8.922466278076172,9.082452774047852,8.860343933105469,8.680389404296875,8.73195743560791,9.128788948059082,9.912723541259766,11.321908950805664,13.14438533782959,15.964245796203613,14.850919723510742,11.234501838684082
117,0.0,0.0009686074336059391,0.0018745088018476963,0.003494315780699253,8.688456535339355,8.539809226989746,9.383049964904785,9.658658981323242,8.497502326965332,8.919975280761719,8.877811431884766,9.317209243774414,9.385186195373535,10.570904731750488,9.873907089233398,10.556756019592285,10.479721069335938,9.793363571166992,9.627652168273926,9.953083038330078,10.624945640563965,9.900862693786621,10.83897590637207,11.013762474060059,13.278410911560059,13.357553482055664,16.976858139038086,14.05659294128418,8.382895469665527
118,0.0,0.0009322357946075499,0.0018281532684341073,0.003374392632395029,8.101344108581543,8.842103004455566,9.332184791564941,8.865072250366211,9.425894737243652,9.577723503112793,9.057238578796387,9.485662460327148,9.670821189880371,10.262885093688965,9.12071704864502,10.418482780456543,10.549007415771484,11.251277923583984,9.61905288696289,10.379576683044434,11.470138549804688,10.656639099121094,11.170318603515625,12.080365180969238,13.439888954162598,13.206342697143555,18.04804039001465,14.995108604431152,8.318992614746094
119,0.0,0.0010253776563331485,0.0018951724050566554,0.003518188139423728,7.757829666137695,9.200532913208008,8.438271522521973,9.00756549835205,8.552238464355469,8.084708213806152,9.682454109191895,8.865365028381348,9.306403160095215,10.922635078430176,10.327360153198242,10.829923629760742,10.717679977416992,9.448373794555664,10.669328689575195,10.449902534484863,10.852010726928711,10.805291175842285,10.568779945373535,10.618409156799316,12.41742992401123,13.884703636169434,17.247465133666992,14.020964622497559,8.937146186828613
120,0.0,0.0009617427131161094,0.0019400594756007195,0.0034909446258097887,8.665925025939941,9.388458251953125,9.218778610229492,9.083641052246094,8.905570983886719,8.46896743774414,9.124285697937012,8.545044898986816,9.540998458862305,10.14464282989502,9.803973197937012,9.989469528198242,10.420045852661133,9.911746978759766,9.99720287322998,10.100192070007324,10.272059440612793,10.261697769165039,10.81913948059082,9.932456016540527,12.902067184448242,13.469789505004883,17.341833114624023,13.492403984069824,8.88343334197998
121,0.0,0.0010581252863630652,0.0019606647547334433,0.003470760304480791,8.531370162963867,8.493042945861816,9.02104377746582,10.01293659210205,8.635210990905762,8.483572006225586,9.126256942749023,8.44714641571045,10.927523612976074,10.03711223602295,9.931238174438477,10.113934516906738,10.698797225952148,10.390116691589355,10.4259672164917,10.833199501037598,10.012772560119629,11.151564598083496,10.539288520812988,11.531137466430664,12.340633392333984,13.195679664611816,17.44799041748047,14.281103134155273,8.284316062927246
122,0.0,0.0010573022300377488,0.0020409850403666496,0.0037359597627073526,8.22311782836914,9.301248550415039,8.377523422241211,9.541211128234863,8.09158992767334,8.443690299987793,8.799967765808105,9.641230583190918,9.968969345092773,10.091103553771973,9.928628921508789,9.868803977966309,10.348273277282715,10.763830184936523,11.007055282592773,9.827919006347656,10.984094619750977,10.679113388061523,10.9274320602417,12.429858207702637,12.512035369873047,15.86245059967041,17.653057098388672,16.93056869506836,10.820731163024902
123,0.0,0.0009080710588023067,0.001778340432792902,0.0035132556222379208,7.704356670379639,8.199963569641113,8.10728645324707,6.985077381134033,6.812131881713867,7.321648597717285,7.268883228302002,7.557021141052246,8.046911239624023,8.273019790649414,8.238041877746582,8.147228240966797,8.916752815246582,8.651260375976562,9.40814208984375,9.100682258605957,9.307950019836426,9.62092113494873,9.24655532836914,9.548035621643066,11.231375694274902,12.995443344116211,17.042713165283203,16.93754768371582,9.903225898742676
124,0.0,0.0010281791910529137,0.0020982318092137575,0.0038020627107471228,7.920897483825684,7.663787841796875,7.198212623596191,7.481505870819092,6.993096828460693,7.324181079864502,7.435657501220703,7.392885208129883,8.109528541564941,8.639246940612793,8.144804000854492,8.346497535705566,8.7782564163208,9.64510726928711,8.970004081726074,8.945960998535156,8.50439453125,9.267806053161621,9.467059135437012,9.736249923706055,12.978196144104004,12.995226860046387,19.276155471801758,19.383316040039062,14.872119903564453
125,0.0,0.0010867324890568852,0.002180981682613492,0.004279464017599821,8.340453147888184,8.20376968383789,7.682884216308594,7.363550186157227,7.704095840454102,7.3636298179626465,7.931092262268066,7.687291145324707,8.03679370880127,8.874176025390625,8.318592071533203,9.51209545135498,9.00174617767334,9.35939884185791,8.566658973693848,8.00352668762207,9.364672660827637,8.974538803100586,9.335046768188477,9.695077896118164,11.540637016296387,13.699955940246582,18.010717391967773,18.207368850708008,11.510215759277344
126,0.0,0.000862090673763305,0.0016341324662789702,0.0028949985280632973,8.167325973510742,7.804311752319336,7.993734836578369,6.82252836227417,7.187098979949951,7.100164413452148,7.378783702850342,7.595368385314941,7.9175801277160645,8.959097862243652,8.077582359313965,7.869222164154053,8.912938117980957,8.80860710144043,8.597808837890625,9.26311206817627,8.919017791748047,8.734589576721191,9.136910438537598,9.865144729614258,11.212213516235352,12.599264144897461,14.382254600524902,13.078052520751953,8.798624992370605
127,0.0,0.0012142921332269907,0.0026628084015101194,0.004658376798033714,8.367446899414062,9.39981746673584,9.044549942016602,8.945863723754883,8.724197387695312,8.881719589233398,9.484733581542969,8.718091011047363,9.458821296691895,9.696311950683594,9.143282890319824,10.35423469543457,10.16154956817627,10.500033378601074,10.280186653137207,10.974713325500488,11.279309272766113,10.642305374145508,11.078566551208496,13.111950874328613,13.701555252075195,17.140941619873047,22.343168258666992,22.615196228027344,13.305947303771973
128,0.0,0.0010771258966997266,0.0022746401373296976,0.004055460449308157,7.255910396575928,8.046209335327148,7.915258407592773,7.00851583480835,7.008854389190674,7.374650001525879,7.360153675079346,7.3918304443359375,8.385037422180176,8.317011833190918,8.090526580810547,8.995789527893066,8.55109977722168,8.852771759033203,9.610281944274902,8.255615234375,9.036177635192871,9.150959014892578,8.795918464660645,9.585150718688965,12.077251434326172,14.605158805847168,21.608909606933594,23.98077392578125,15.049140930175781
129,0.0,0.0009761256515048444,0.0019381989259272814,0.00344917643815279,7.8634748458862305,9.079951286315918,8.630769729614258,9.096787452697754,8.668461799621582,8.906038284301758,8.710103988647461,8.770283699035645,9.794133186340332,9.56313705444336,9.93824577331543,10.106793403625488,9.479618072509766,9.857043266296387,10.703232765197754,10.678442001342773,10.502706527709961,10.578584671020508,11.50281047821045,10.96345329284668,13.346209526062012,14.452106475830078,16.991436004638672,13.780207633972168,8.35930347442627
130,0.0,0.0010354862315580249,0.0019884903449565172,0.0034835143014788628,8.304508209228516,8.77617073059082,9.544074058532715,8.847516059875488,8.975557327270508,9.208451271057129,8.868226051330566,8.744710922241211,10.489437103271484,10.162553787231445,9.887057304382324,9.348417282104492,11.057299613952637,10.740144729614258,10.05124282836914,10.404035568237305,10.482134819030762,10.537994384765625,10.852950096130371,11.808910369873047,12.210867881774902,14.514107704162598,19.66284942626953,20.24078369140625,15.369484901428223
131,0.0,0.001088852877728641,0.0020626322366297245,0.003759207436814904,7.555391788482666,7.4254984855651855,7.163428783416748,7.369807243347168,6.991752624511719,7.885436534881592,7.255430221557617,7.0382232666015625,8.164748191833496,7.600877285003662,7.845125675201416,8.039000511169434,8.758835792541504,8.555563926696777,9.664182662963867,7.852320671081543,9.640501022338867,8.580223083496094,9.606681823730469,9.971107482910156,11.737903594970703,12.621088027954102,18.436168670654297,18.8452205657959,11.797531127929688
132,0.0,0.0009307730360887945,0.0018805594881996512,0.0035594189539551735,8.546429634094238,9.384621620178223,8.955568313598633,9.072041511535645,9.142587661743164,9.054275512695312,9.351815223693848,9.375090599060059,9.915390968322754,10.427041053771973,10.903096199035645,9.916572570800781,10.11394214630127,11.424148559570312,10.710357666015625,10.417027473449707,10.937527656555176,10.425130844116211,10.426542282104492,11.655956268310547,12.976912498474121,14.096373558044434,15.681999206542969,11.863080978393555,7.839666366577148
133,0.0,0.0014693614793941379,0.002826703479513526,0.00549138942733407,7.969834327697754,7.944793224334717,7.242488861083984,8.191567420959473,7.722437381744385,7.23628568649292,7.187531471252441,7.434108734130859,7.772353649139404,7.929372310638428,8.039782524108887,8.095541000366211,8.645528793334961,8.614775657653809,9.196422576904297,9.097311019897461,8.421695709228516,9.105889320373535,9.52364730834961,9.847216606140137,10.22662353515625,12.676033020019531,17.473560333251953,15.90511417388916,9.601078987121582
134,0.0,0.001104397582821548,0.002208874560892582,0.003830077825114131,7.814265727996826,7.77777624130249,7.2266316413879395,7.815279960632324,7.250613689422607,6.984978675842285,6.84266996383667,6.934803009033203,8.032879829406738,8.243049621582031,8.046878814697266,8.375840187072754,8.285761833190918,8.566896438598633,7.938504219055176,9.051544189453125,9.302331924438477,9.037314414978027,9.4436616897583,9.798786163330078,11.617779731750488,13.165094375610352,17.798688888549805,17.428144454956055,12.062689781188965
135,0.0,0.0011245789937675,0.0021524610929191113,0.003818189725279808,7.944343090057373,8.636845588684082,7.69661283493042,7.248336315155029,7.478274345397949,7.329372406005859,7.23701286315918,7.413664817810059,7.816043376922607,8.712971687316895,8.230673789978027,9.012271881103516,8.782175064086914,8.458565711975098,8.398869514465332,8.69131851196289,8.78968620300293,9.217336654663086,9.550029754638672,9.880136489868164,11.644744873046875,14.02209186553955,18.857053756713867,19.47935676574707,13.332953453063965
136,0.0,0.0009719973313622177,0.0018994997953996062,0.003619165625423193,7.912036418914795,9.233492851257324,8.99515438079834,9.452531814575195,8.914209365844727,9.661520004272461,8.920672416687012,9.697315216064453,10.101927757263184,10.631680488586426,9.962871551513672,10.650445938110352,9.742341041564941,10.332686424255371,9.938515663146973,11.18831729888916,10.528103828430176,10.984880447387695,10.39112377166748,12.416300773620605,13.40194320678711,15.204182624816895,19.57198143005371,17.67337989807129,11.306183815002441
137,0.0,0.001182281761430204,0.002162887714803219,0.003942764364182949,8.764884948730469,8.767000198364258,8.66050910949707,8.59675121307373,8.838277816772461,8.918330192565918,9.615877151489258,9.53463363647461,9.126285552978516,9.502291679382324,9.662983894348145,10.119633674621582,10.358248710632324,9.657649040222168,10.507307052612305,10.32551383972168,10.671133995056152,10.779184341430664,11.231161117553711,11.632433891296387,12.963172912597656,14.843189239501953,20.226980209350586,18.76860237121582,12.5111083984375
138,0.0,0.0008917779196053743,0.0016119405627250671,0.002904273569583893,8.221343040466309,8.070843696594238,7.741970062255859,7.429635524749756,7.825070858001709,6.855398654937744,7.432798862457275,7.516738414764404,8.332200050354004,8.742423057556152,8.512393951416016,8.10481071472168,8.580641746520996,8.393600463867188,8.77109432220459,8.349860191345215,8.619060516357422,9.319480895996094,9.454675674438477,10.087327003479004,11.207035064697266,12.963852882385254,14.675525665283203,11.28397274017334,9.008840560913086
139,0.0,0.0009404423763044178,0.002024218440055847,0.004165567923337221,8.439664840698242,7.905924320220947,7.190579414367676,6.94612455368042,7.783886909484863,7.634957313537598,7.52341365814209,7.109628200531006,7.709979057312012,8.350399017333984,8.034293174743652,8.12877368927002,9.053967475891113,8.745521545410156,9.035168647766113,8.978461265563965,9.805818557739258,8.919219017028809,9.193065643310547,9.772363662719727,11.570176124572754,12.516790390014648,15.966988563537598,15.489133834838867,11.296830177307129
140,0.0,0.000996920047327876,0.0020382683724164963,0.003587742568925023,8.115438461303711,9.759366035461426,9.318994522094727,9.697751998901367,9.57779312133789,8.673646926879883,8.78270149230957,8.254487037658691,9.62580680847168,10.411624908447266,9.222049713134766,10.658402442932129,9.447013854980469,10.357389450073242,10.832653045654297,10.550922393798828,10.270598411560059,10.620532035827637,11.126288414001465,11.564805030822754,13.26871395111084,14.479022026062012,17.162399291992188,16.326950073242188,9.48858642578125
141,0.0,0.0007885462837293744,0.0016307489713653922,0.0033845393918454647,8.425370216369629,6.924257278442383,7.648885726928711,7.750734329223633,7.170007228851318,7.833206653594971,7.643847465515137,7.549270153045654,8.281747817993164,8.265298843383789,7.818482398986816,9.004427909851074,8.546303749084473,8.15293025970459,9.387049674987793,8.678885459899902,8.567254066467285,9.596693992614746,9.032963752746582,9.79201602935791,10.601278305053711,11.833910942077637,14.931495666503906,12.967918395996094,8.206585884094238
142,0.0,0.0008176201954483986,0.0015537191648036242,0.002819251734763384,9.028966903686523,7.48584508895874,6.768723011016846,7.17926025390625,7.448748588562012,7.606565952301025,7.5257954597473145,7.897660732269287,7.26812744140625,8.135004043579102,8.380436897277832,7.97985315322876,9.073920249938965,9.123799324035645,8.60191822052002,9.152726173400879,8.448712348937988,9.440936088562012,9.283767700195312,9.0068359375,11.027190208435059,12.23361587524414,15.184791564941406,14.46172046661377,10.357646942138672
143,0.0,0.001084549818187952,0.002052895724773407,0.0035751189570873976,7.99224853515625,7.672481060028076,7.583324432373047,7.604557991027832,7.562768936157227,7.314633369445801,7.569544315338135,7.847054958343506,8.26198673248291,8.559170722961426,8.05672550201416,8.717329978942871,7.934060573577881,8.76173210144043,8.950961112976074,8.969794273376465,8.650604248046875,9.544994354248047,9.587323188781738,9.282115936279297,10.569024085998535,11.018410682678223,14.926972389221191,12.442822456359863,7.175950527191162
144,0.0,0.0008008657023310661,0.0016960242064669728,0.0030553992837667465,7.578917980194092,7.895648956298828,7.130859851837158,6.758266925811768,7.526482105255127,7.515456199645996,7.6446967124938965,7.582708835601807,7.990383148193359,7.831577301025391,8.711980819702148,8.853226661682129,8.552164077758789,8.654378890991211,8.619623184204102,9.314027786254883,9.05399227142334,8.461641311645508,8.734406471252441,9.739336013793945,11.209505081176758,12.679203033447266,15.597700119018555,14.78787612915039,11.964834213256836
145,0.0,0.0008662640466354787,0.0017142152646556497,0.003445943584665656,8.387558937072754,9.004578590393066,8.51988697052002,8.45348834991455,8.475408554077148,9.259373664855957,9.293068885803223,8.471168518066406,9.644964218139648,11.303248405456543,10.08025074005127,10.22909164428711,10.561092376708984,10.209152221679688,10.97841739654541,9.930963516235352,10.747267723083496,10.31170654296875,10.847753524780273,11.583516120910645,12.240815162658691,15.064657211303711,18.862173080444336,16.001184463500977,12.66275405883789
146,0.0,0.0009259517537429929,0.0017686877399682999,0.0034876991994678974,8.684747695922852,9.06047248840332,8.737858772277832,8.685815811157227,9.068697929382324,9.00466251373291,8.429031372070312,9.316514015197754,10.012956619262695,9.589485168457031,9.373255729675293,9.50754165649414,10.834617614746094,10.429914474487305,10.720863342285156,10.541449546813965,10.271437644958496,10.966568946838379,10.862601280212402,11.412820816040039,12.599942207336426,14.463229179382324,18.17757225036621,14.209932327270508,9.53897762298584
147,0.0,0.0009894350077956915,0.0020094793289899826,0.003696282161399722,8.796117782592773,8.298298835754395,8.406961441040039,9.562570571899414,8.975727081298828,9.48744010925293,9.043943405151367,9.096795082092285,9.598875045776367,10.267216682434082,10.565285682678223,10.56099796295166,10.590514183044434,9.82300090789795,10.628438949584961,10.028008460998535,11.213521957397461,10.681632995605469,11.415375709533691,11.267450332641602,13.921930313110352,14.023238182067871,19.055641174316406,19.934911727905273,12.61758041381836
148,0.0,0.0008739086915738881,0.0017563203582540154,0.003479406237602234,8.095580101013184,9.036386489868164,9.030474662780762,9.654186248779297,9.45639705657959,9.314093589782715,8.847932815551758,8.995532989501953,10.218184471130371,9.747987747192383,10.082531929016113,10.085742950439453,10.996194839477539,10.73990249633789,10.05268383026123,10.240194320678711,9.98464584350586,11.221330642700195,10.852879524230957,11.570995330810547,13.07164478302002,13.071662902832031,16.4248104095459,12.162030220031738,7.285007953643799
149,0.0,0.0010850246762856841,0.0023268256336450577,0.004638422280550003,8.022485733032227,8.231534004211426,9.737823486328125,8.981363296508789,8.63481616973877,9.04561996459961,9.622893333435059,9.197160720825195,9.33918285369873,10.443799018859863,9.833221435546875,10.672207832336426,11.099982261657715,11.430891036987305,10.658076286315918,10.236997604370117,9.773428916931152,10.524192810058594,11.489627838134766,11.596187591552734,12.692883491516113,13.855074882507324,18.59709930419922,16.687227249145508,9.804266929626465
150,0.0,0.0010451015550643206,0.0020813927985727787,0.0038088506553322077,8.681960105895996,8.953676223754883,8.927375793457031,9.231431007385254,8.744352340698242,9.1435546875,9.429461479187012,8.866778373718262,9.99870777130127,9.950109481811523,10.563426971435547,9.676412582397461,10.77016544342041,10.52522087097168,10.339022636413574,10.109994888305664,10.3408842086792,10.47046947479248,10.525594711303711,11.499237060546875,12.736712455749512,14.394347190856934,18.39972686767578,15.865983963012695,9.518549919128418
151,0.0,0.0009272138704545796,0.0019430768443271518,0.0036788065917789936,7.964451313018799,8.372763633728027,7.105265140533447,7.684935092926025,7.557927131652832,7.629621505737305,6.996973991394043,7.150030612945557,8.284832000732422,8.59518051147461,8.631131172180176,7.799413681030273,9.075740814208984,8.895068168640137,9.284590721130371,9.157875061035156,8.777280807495117,9.097814559936523,9.387072563171387,9.995539665222168,11.129199981689453,13.001838684082031,16.738645553588867,14.780228614807129,8.999703407287598
152,0.0,0.0009321821271441877,0.001829158398322761,0.003241482190787792,8.79590892791748,8.898429870605469,9.294147491455078,9.028375625610352,9.50606632232666,9.03336238861084,9.198859214782715,9.430941581726074,9.53052043914795,10.250520706176758,9.48879337310791,9.995562553405762,10.356473922729492,10.87270736694336,10.339096069335938,10.455004692077637,10.45568561553955,11.287534713745117,11.879459381103516,11.229848861694336,13.712667465209961,15.909862518310547,20.369531631469727,19.396509170532227,11.553857803344727
153,0.0,0.0009305739658884704,0.0018666638061404228,0.0034610158763825893,7.781999588012695,9.005315780639648,9.542610168457031,9.233957290649414,9.301074981689453,9.195182800292969,9.133732795715332,8.881490707397461,9.428384780883789,9.66024112701416,9.35905933380127,9.414329528808594,9.921955108642578,10.247893333435059,10.174711227416992,10.028502464294434,11.197946548461914,11.129637718200684,10.090563774108887,12.146126747131348,13.333161354064941,15.541473388671875,18.994352340698242,18.410602569580078,11.669157028198242
154,0.0,0.0009850345086306334,0.0021388966124504805,0.004439567681401968,8.094451904296875,8.559523582458496,8.590852737426758,8.31668758392334,9.224462509155273,8.930743217468262,8.507225036621094,9.101362228393555,9.521767616271973,10.679526329040527,9.350440979003906,10.11715030670166,10.823660850524902,9.662942886352539,10.501214981079102,10.678071022033691,10.447766304016113,10.069343566894531,10.95727252960205,10.92794418334961,12.166206359863281,13.848652839660645,15.941957473754883,12.419571876525879,7.794322490692139
155,0.0,0.0010537956841289997,0.0021195567678660154,0.004008404910564423,7.6505513191223145,7.80558443069458,7.834827899932861,7.227766990661621,7.497991561889648,7.979471206665039,7.458342552185059,7.076010227203369,7.666619777679443,9.016785621643066,8.31169605255127,8.721548080444336,9.182048797607422,8.323766708374023,8.424236297607422,8.377763748168945,8.795385360717773,8.933171272277832,9.756258010864258,10.739876747131348,11.336551666259766,12.659347534179688,17.706850051879883,16.92449951171875,11.84701156616211
156,0.0,0.0016939154593273997,0.0033292649313807487,0.0061133806593716145,8.188431739807129,8.829984664916992,8.730494499206543,9.465221405029297,8.97126579284668,9.004216194152832,8.862306594848633,9.166423797607422,9.44366455078125,10.332619667053223,9.688213348388672,9.39109992980957,10.791770935058594,10.171165466308594,10.311232566833496,10.274959564208984,10.830517768859863,10.451664924621582,11.496146202087402,12.1961088180542,15.712900161743164,15.292688369750977,22.115177154541016,20.303245544433594,10.371004104614258
157,0.0,0.0008929237374104559,0.0017834871541708708,0.0031294594518840313,8.34106731414795,7.957749843597412,7.1731696128845215,7.247678279876709,7.268762111663818,7.940041542053223,7.515887260437012,7.767319679260254,8.463248252868652,9.033782005310059,8.499833106994629,7.776824474334717,9.288874626159668,8.726195335388184,8.569255828857422,8.703691482543945,9.170099258422852,9.419445037841797,10.159509658813477,9.909585952758789,10.71888542175293,13.143105506896973,16.607521057128906,16.432615280151367,10.726560592651367
158,0.0,0.0012179259210824966,0.002565927105024457,0.004583658650517464,7.982079029083252,7.72379732131958,7.396474838256836,8.354114532470703,6.922026634216309,7.33603572845459,7.347577095031738,7.188350677490234,8.785416603088379,7.939639568328857,8.862767219543457,7.8898420333862305,8.426791191101074,9.137173652648926,9.708699226379395,8.35483455657959,8.707653045654297,10.487030029296875,9.629908561706543,10.05309772491455,12.729331970214844,15.042142868041992,19.748022079467773,24.01559829711914,12.654996871948242
159,0.0,0.0011150228092446923,0.002122640609741211,0.004136775154620409,7.502878189086914,8.444253921508789,7.472365379333496,7.3109130859375,7.341256141662598,7.463886260986328,7.381906032562256,7.524909496307373,8.209203720092773,8.316580772399902,8.073802947998047,8.219128608703613,8.669686317443848,9.086528778076172,8.678567886352539,9.115838050842285,8.870564460754395,7.678476810455322,9.30608081817627,9.453006744384766,11.558856010437012,13.740106582641602,19.638172149658203,19.325881958007812,11.106785774230957
160,0.0,0.0009531943942420185,0.002041491447016597,0.0041780006140470505,7.343817234039307,7.5981831550598145,8.022029876708984,6.721651554107666,7.433585166931152,7.582210540771484,7.882789611816406,7.870800018310547,8.20303726196289,8.1032133102417,8.243291854858398,8.509453773498535,8.823029518127441,8.345574378967285,8.907369613647461,8.866642951965332,8.945230484008789,9.653057098388672,9.023179054260254,9.71635627746582,11.792086601257324,12.692110061645508,17.446897506713867,15.544118881225586,9.130779266357422
161,0.0,0.0009800386615097523,0.001877944334410131,0.003617833135649562,8.198871612548828,8.781566619873047,8.918919563293457,9.457300186157227,8.719208717346191,10.072188377380371,8.40015697479248,8.798517227172852,9.964634895324707,9.98794174194336,10.503117561340332,10.246453285217285,10.417027473449707,10.7247896194458,9.855500221252441,10.218358993530273,10.647943496704102,11.226282119750977,10.600738525390625,12.23175048828125,12.353850364685059,14.153366088867188,18.60323143005371,16.388507843017578,10.076224327087402
162,0.0,0.0011145733296871185,0.0023269534576684237,0.004189002327620983,8.231879234313965,9.153451919555664,9.350838661193848,9.086017608642578,9.73139476776123,9.172511100769043,9.170987129211426,9.066303253173828,9.236800193786621,9.804408073425293,10.547767639160156,10.473142623901367,10.580925941467285,10.52642822265625,10.417113304138184,9.828619956970215,9.993021965026855,10.692076683044434,11.877180099487305,11.710344314575195,14.151246070861816,15.474101066589355,20.956113815307617,22.441192626953125,13.617182731628418
163,0.0,0.0010752868838608265,0.0020959347020834684,0.0036942034494131804,8.089966773986816,8.237548828125,9.038387298583984,9.165696144104004,8.277908325195312,9.3795804977417,9.431066513061523,8.891094207763672,9.749381065368652,9.882039070129395,10.67296314239502,10.86767292022705,9.854373931884766,9.7857027053833,9.897867202758789,11.191149711608887,10.475397109985352,10.359475135803223,11.240878105163574,11.779572486877441,12.23168659210205,14.190224647521973,17.43535041809082,14.685208320617676,7.982016086578369
164,0.0,0.0011681343894451857,0.0021513057872653008,0.003915797453373671,8.362598419189453,9.003313064575195,8.274816513061523,8.724855422973633,8.649625778198242,9.328039169311523,8.297152519226074,9.972713470458984,9.090514183044434,9.902029991149902,11.442392349243164,10.370086669921875,10.341800689697266,10.452634811401367,10.420393943786621,10.549994468688965,10.179765701293945,10.782218933105469,11.265350341796875,11.021584510803223,12.921879768371582,13.572949409484863,15.963098526000977,14.087501525878906,7.414886951446533
165,0.0,0.0009784549474716187,0.001897619105875492,0.0035852279979735613,8.66549301147461,9.675951957702637,9.173639297485352,9.045851707458496,8.635180473327637,8.267122268676758,8.930264472961426,8.88878345489502,9.673986434936523,9.832321166992188,9.693946838378906,9.929556846618652,9.884173393249512,10.947754859924316,10.434060096740723,10.780644416809082,10.307785987854004,10.700027465820312,11.257473945617676,12.263283729553223,12.65162181854248,15.572153091430664,18.699451446533203,17.937768936157227,12.231966972351074
166,0.0,0.0010680698323994875,0.001968893688172102,0.003647842910140753,8.234135627746582,8.905492782592773,9.600428581237793,9.102842330932617,9.336941719055176,9.17355728149414,9.674905776977539,9.344797134399414,9.84694766998291,10.100395202636719,10.730500221252441,9.728925704956055,10.130414962768555,10.008223533630371,10.273677825927734,10.67442798614502,11.685588836669922,10.820454597473145,10.242207527160645,11.017221450805664,13.201958656311035,14.821491241455078,18.776397705078125,16.2471923828125,10.933690071105957
167,0.0,0.0009614945156499743,0.0018713418394327164,0.003949463367462158,7.330284595489502,7.854245662689209,7.609962463378906,7.530367851257324,7.016849040985107,6.924739360809326,7.597696781158447,7.720665454864502,8.003568649291992,8.332441329956055,8.518196105957031,8.262548446655273,8.272025108337402,9.268049240112305,8.868242263793945,8.132573127746582,8.708091735839844,8.72305679321289,9.333353996276855,9.645928382873535,12.418546676635742,13.709033966064453,19.96992301940918,18.75533103942871,14.441116333007812
168,0.0,0.0009612547582946718,0.001941458904184401,0.0038982625119388103,8.026650428771973,9.341653823852539,8.727677345275879,8.698942184448242,9.47155475616455,9.205207824707031,8.919625282287598,8.920294761657715,9.770336151123047,9.647496223449707,9.962189674377441,10.975296020507812,10.581714630126953,10.403118133544922,10.218074798583984,9.897137641906738,10.297441482543945,10.240276336669922,12.217090606689453,11.314316749572754,13.589929580688477,14.985252380371094,18.281145095825195,16.2027645111084,10.30272388458252
169,0.0,0.001024914439767599,0.002028911840170622,0.003850541776046157,7.834314823150635,7.493834495544434,7.1455206871032715,7.820357322692871,7.657871246337891,7.051472187042236,7.599259853363037,7.301968097686768,8.519353866577148,8.749265670776367,8.730609893798828,8.012490272521973,8.061006546020508,8.797037124633789,8.01147747039795,8.95817756652832,8.621994018554688,9.693284034729004,9.47671890258789,10.194442749023438,11.684815406799316,13.31613540649414,17.1589298248291,17.35030174255371,11.544988632202148
170,0.0,0.0008883430855348706,0.0017209812067449093,0.003291667904704809,8.626343727111816,8.91529655456543,9.025382995605469,9.061006546020508,9.166677474975586,9.123456954956055,9.147034645080566,8.544532775878906,10.426639556884766,10.001638412475586,9.760303497314453,9.939353942871094,9.607466697692871,10.612820625305176,10.15146255493164,10.556191444396973,10.090693473815918,10.318697929382324,10.689220428466797,11.583187103271484,13.082864761352539,13.876725196838379,18.77304458618164,17.58877944946289,11.45467472076416
171,0.0,0.0010346067138016224,0.0020596839021891356,0.0037868241779506207,8.670846939086914,9.474452018737793,8.298972129821777,8.726476669311523,9.15310001373291,8.846586227416992,9.017525672912598,9.072547912597656,10.31306266784668,10.156292915344238,9.965792655944824,10.106228828430176,10.150904655456543,10.460902214050293,10.29154109954834,11.12264633178711,10.28011417388916,11.255291938781738,11.168557167053223,11.116775512695312,13.925737380981445,15.753829956054688,22.468564987182617,23.31145477294922,14.380023956298828
172,0.0,0.0009104315540753305,0.0016966479597613215,0.0031325528398156166,8.151768684387207,8.088579177856445,7.736305236816406,7.438235282897949,6.88271427154541,7.15034294128418,7.570652484893799,7.376072406768799,8.598037719726562,8.480445861816406,8.811484336853027,8.760623931884766,8.636927604675293,8.964401245117188,8.834330558776855,8.571697235107422,8.834632873535156,9.01191520690918,9.758119583129883,9.568554878234863,10.125568389892578,11.504240989685059,14.328407287597656,13.412949562072754,8.663456916809082
173,0.0,0.000988476094789803,0.0019526396645233035,0.003666411619633436,8.33891487121582,8.306814193725586,8.89328384399414,8.808411598205566,8.467534065246582,9.69711685180664,8.938935279846191,8.808808326721191,9.94202995300293,10.115971565246582,9.18596363067627,10.005555152893066,10.18029499053955,9.979879379272461,10.77564811706543,10.343338966369629,10.259819984436035,10.73149299621582,10.1744966506958,11.39207649230957,12.002053260803223,13.489082336425781,17.308446884155273,13.188111305236816,7.727697849273682
174,0.0,0.0008747584070079029,0.0016405688365921378,0.0029092631302773952,8.073368072509766,8.1134672164917,7.51647424697876,6.978824615478516,7.345102787017822,8.174481391906738,7.314866065979004,7.394265174865723,8.445133209228516,7.783351898193359,8.668238639831543,8.655681610107422,8.691780090332031,8.769949913024902,8.328703880310059,8.882206916809082,8.950206756591797,9.854636192321777,9.17518424987793,9.75839900970459,10.427719116210938,11.982653617858887,14.702445983886719,12.070891380310059,7.751185894012451
175,0.0,0.0010508005507290363,0.0019468051614239812,0.003635452361777425,7.71980619430542,8.003764152526855,7.442079544067383,7.463570594787598,7.481626987457275,7.4727678298950195,7.582466125488281,8.162825584411621,7.4005913734436035,8.260473251342773,8.293644905090332,8.633148193359375,8.87191104888916,9.093026161193848,9.607784271240234,8.774592399597168,9.115435600280762,8.813232421875,9.6630277633667,10.274436950683594,12.012450218200684,14.766904830932617,20.336645126342773,22.410388946533203,17.210317611694336
176,0.0,0.000931869784835726,0.001938234781846404,0.00393600482493639,8.111603736877441,9.001114845275879,9.275069236755371,8.76992130279541,9.166443824768066,8.545052528381348,8.46841812133789,9.043567657470703,9.53673267364502,10.235004425048828,10.257967948913574,9.592373847961426,10.776717185974121,10.298639297485352,10.063769340515137,10.650556564331055,9.796074867248535,10.848586082458496,11.374345779418945,10.897801399230957,12.786473274230957,14.538432121276855,17.713520050048828,15.146090507507324,8.52492904663086
177,0.0,0.0009719299268908799,0.0019451745320111513,0.0039009188767522573,8.212249755859375,7.783325672149658,7.411871433258057,7.512577533721924,6.619915008544922,7.176431179046631,7.367044448852539,7.071845531463623,8.084465026855469,8.564715385437012,8.170180320739746,8.698925971984863,9.454504013061523,8.470850944519043,8.631686210632324,9.20841121673584,9.44011116027832,9.126703262329102,9.685189247131348,9.465981483459473,11.508768081665039,13.510692596435547,16.32201385498047,15.728463172912598,9.595852851867676
178,0.0,0.0009502833127044141,0.0018755401251837611,0.003688835771754384,8.477093696594238,9.24449634552002,8.782344818115234,9.096075057983398,9.447846412658691,8.966266632080078,8.922539710998535,9.32405948638916,10.095104217529297,9.923556327819824,9.522436141967773,10.013750076293945,9.913514137268066,10.530174255371094,10.748825073242188,10.666753768920898,10.642712593078613,10.704793930053711,11.877739906311035,10.975127220153809,12.734536170959473,14.650298118591309,16.64546012878418,14.73715877532959,8.999934196472168
179,0.0,0.0008763748337514699,0.0017536039231345057,0.0033067376352846622,7.546359539031982,7.849508285522461,7.223051071166992,7.522058486938477,7.192818641662598,7.4512858390808105,7.351536273956299,7.089881420135498,8.385991096496582,8.729912757873535,8.814104080200195,9.175143241882324,8.352324485778809,8.224129676818848,8.684961318969727,9.397928237915039,8.451598167419434,8.724146842956543,10.079907417297363,10.226786613464355,11.470946311950684,12.652426719665527,16.074846267700195,14.355889320373535,10.741480827331543
180,0.0,0.0009972609113901854,0.0018552069086581469,0.003454547841101885,8.824686050415039,8.763057708740234,9.026912689208984,9.591107368469238,8.533151626586914,9.059957504272461,8.708767890930176,9.727324485778809,10.068659782409668,9.179566383361816,9.992481231689453,9.925813674926758,10.736350059509277,10.949633598327637,10.383917808532715,10.285347938537598,10.672036170959473,10.799205780029297,11.352028846740723,11.255659103393555,13.085552215576172,15.739570617675781,18.49297332763672,17.27297592163086,11.410381317138672
181,0.0,0.0010826964862644672,0.0021334588527679443,0.004137300420552492,8.046781539916992,8.141021728515625,9.06676959991455,9.773285865783691,8.671135902404785,9.25755786895752,8.753851890563965,8.456436157226562,9.510100364685059,10.690117835998535,9.765089988708496,9.831069946289062,10.223539352416992,10.521451950073242,10.887420654296875,11.024215698242188,10.482192993164062,10.361031532287598,11.726692199707031,12.171688079833984,14.560938835144043,16.33039665222168,21.78822898864746,21.388809204101562,14.618226051330566
182,0.0,0.001033817301504314,0.0018925998592749238,0.0031974127050489187,8.650167465209961,9.318209648132324,9.089274406433105,8.38818359375,8.592277526855469,9.25932502746582,9.430255889892578,8.744294166564941,9.831217765808105,10.091219902038574,10.489945411682129,9.980059623718262,10.088732719421387,10.861440658569336,11.115253448486328,10.418428421020508,10.016963005065918,10.93985366821289,10.031370162963867,10.786076545715332,12.858077049255371,14.230950355529785,16.049245834350586,12.178272247314453,7.037348747253418
183,0.0,0.00108048552647233,0.002017722697928548,0.0036137907300144434,8.087103843688965,9.140012741088867,8.784795761108398,8.756509780883789,8.350900650024414,9.23445987701416,9.164163589477539,8.988219261169434,9.658597946166992,9.905191421508789,10.85202407836914,10.324723243713379,10.730340003967285,10.268144607543945,10.724151611328125,10.028695106506348,10.413154602050781,10.018552780151367,11.201311111450195,11.065862655639648,13.618762969970703,14.425694465637207,19.174789428710938,15.87848949432373,11.3080415725708
184,0.0,0.0010407529771327972,0.0019855964928865433,0.0034789936617016792,8.683783531188965,9.215084075927734,9.312091827392578,9.545611381530762,8.726485252380371,9.388890266418457,9.071277618408203,9.142911911010742,10.20223331451416,10.18415641784668,10.666460037231445,9.473068237304688,9.742634773254395,10.154690742492676,10.315154075622559,10.765776634216309,10.460683822631836,10.244149208068848,11.539177894592285,11.626497268676758,12.689373970031738,13.851548194885254,17.996103286743164,14.016629219055176,8.404125213623047
185,0.0,0.000916312332265079,0.0017358062323182821,0.0031299430411309004,8.062190055847168,9.067793846130371,9.166609764099121,9.679886817932129,9.813882827758789,8.975607872009277,9.932180404663086,9.017723083496094,9.913540840148926,10.223630905151367,10.268518447875977,9.857000350952148,10.458680152893066,10.131422996520996,10.390961647033691,10.068817138671875,10.305472373962402,10.26470947265625,11.265728950500488,11.172942161560059,12.94954776763916,14.406103134155273,16.41023826599121,14.062026977539062,9.463508605957031
186,0.0,0.001051178784109652,0.002212889026850462,0.004523937124758959,8.673543930053711,8.2860746383667,9.279441833496094,8.98737907409668,8.348950386047363,8.733702659606934,9.002044677734375,8.725242614746094,9.70457649230957,10.785465240478516,11.239523887634277,9.538308143615723,10.218561172485352,11.406402587890625,9.909929275512695,11.363194465637207,10.701918601989746,10.477723121643066,10.467474937438965,11.064773559570312,12.217885971069336,13.634346961975098,18.55293846130371,16.53628158569336,9.172694206237793
187,0.0,0.0008813781896606088,0.0018231760477647185,0.003471388015896082,8.364554405212402,9.33942699432373,8.625847816467285,9.1094388961792,8.535429954528809,9.104582786560059,9.110222816467285,9.150164604187012,9.843564987182617,9.578930854797363,9.730511665344238,9.858145713806152,10.182258605957031,9.642932891845703,9.841382026672363,9.619840621948242,10.599297523498535,10.21658992767334,10.913040161132812,11.11724853515625,11.675268173217773,14.126721382141113,16.22119140625,12.500832557678223,7.978480815887451
188,0.0,0.0009265677654184401,0.0018439426785334945,0.0035930005833506584,7.7791547775268555,8.00510311126709,7.290538311004639,7.529882431030273,7.478733539581299,7.3371901512146,7.143718242645264,7.273001194000244,8.416217803955078,8.55494213104248,8.261301040649414,8.977275848388672,9.022430419921875,9.14925479888916,9.054834365844727,8.657779693603516,9.729141235351562,8.976187705993652,8.926675796508789,9.617680549621582,10.852570533752441,13.254609107971191,16.581836700439453,16.522602081298828,10.99957275390625
189,0.0,0.0009379687253385782,0.0017935923533514142,0.003507940797135234,8.3378324508667,9.013808250427246,8.646160125732422,9.221182823181152,9.124195098876953,9.060972213745117,8.577374458312988,8.48980712890625,9.803317070007324,10.03388786315918,10.381185531616211,9.71910285949707,11.005828857421875,10.797170639038086,10.562249183654785,9.902074813842773,11.025009155273438,11.04278564453125,10.643576622009277,10.912944793701172,13.390423774719238,14.30402946472168,17.226524353027344,14.366230964660645,10.089606285095215
190,0.0,0.0010179432574659586,0.0018860460259020329,0.0035272238310426474,8.63846206665039,8.681177139282227,8.481922149658203,8.104990005493164,9.31862735748291,8.591320991516113,8.913350105285645,9.099283218383789,9.483050346374512,9.825950622558594,9.88542652130127,10.77505874633789,10.860185623168945,10.742131233215332,10.042290687561035,10.824012756347656,10.799666404724121,10.924187660217285,10.763568878173828,11.680639266967773,12.69911003112793,14.466716766357422,18.636741638183594,16.295495986938477,12.324028015136719
191,0.0,0.0008881434914655983,0.0017940362449735403,0.003600322874262929,8.220619201660156,8.854233741760254,8.700331687927246,9.180293083190918,8.559775352478027,8.778776168823242,9.331579208374023,8.972018241882324,9.590644836425781,11.078306198120117,11.206560134887695,10.208139419555664,10.74000072479248,10.34477710723877,10.63691234588623,10.296432495117188,10.37810230255127,10.493642807006836,11.525045394897461,11.593141555786133,11.715559005737305,14.22560977935791,18.035146713256836,13.268622398376465,8.974323272705078
192,0.0,0.0008206054335460067,0.0016558364732190967,0.0028491176199167967,8.551188468933105,8.584383010864258,7.70072078704834,7.013453483581543,7.594086647033691,7.442428112030029,8.204473495483398,8.123825073242188,8.293951034545898,8.760756492614746,8.830580711364746,7.885946750640869,8.923538208007812,8.546174049377441,8.941451072692871,8.540847778320312,8.701367378234863,8.45942211151123,8.870000839233398,9.6676607131958,11.059168815612793,12.518149375915527,15.289228439331055,13.158535957336426,9.697322845458984
193,0.0,0.0014147970359772444,0.002830963348969817,0.0047400216571986675,8.297510147094727,8.862228393554688,9.109356880187988,9.528966903686523,8.25251579284668,8.975789070129395,9.378007888793945,8.713488578796387,10.287592887878418,10.178844451904297,10.71373462677002,10.051682472229004,10.94744873046875,10.677986145019531,10.550121307373047,10.27236270904541,10.590002059936523,10.813928604125977,11.182357788085938,11.186912536621094,13.84521770477295,15.397436141967773,19.2271671295166,20.173036575317383,11.543559074401855
194,0.0,0.0009479179279878736,0.0018049835925921798,0.0029467446729540825,7.500699520111084,7.4203033447265625,7.541422367095947,7.33625602722168,7.663393020629883,7.476193904876709,7.4010443687438965,7.470901012420654,7.7813801765441895,8.744257926940918,8.097769737243652,9.081350326538086,8.840166091918945,8.918991088867188,8.948695182800293,8.609346389770508,9.093565940856934,8.731916427612305,9.379645347595215,9.886531829833984,10.690136909484863,12.147693634033203,15.179200172424316,13.235868453979492,8.695369720458984
195,0.0,0.000983553472906351,0.00187767599709332,0.0036083245649933815,7.670238971710205,8.69912338256836,8.837183952331543,9.778366088867188,8.901823043823242,9.205538749694824,8.780587196350098,8.719532012939453,10.278135299682617,9.55940055847168,10.024553298950195,9.891374588012695,9.78504753112793,10.321432113647461,10.293418884277344,9.6270170211792,11.397963523864746,11.158951759338379,10.772422790527344,11.683869361877441,13.109182357788086,13.893226623535156,19.572229385375977,15.788992881774902,11.060151100158691
196,0.0,0.0009594878065399826,0.0018703981768339872,0.0033830981701612473,8.520082473754883,8.967720031738281,9.247289657592773,8.870098114013672,8.81893253326416,8.914117813110352,9.306733131408691,9.158109664916992,10.254459381103516,10.07214069366455,9.99576187133789,10.138983726501465,10.711801528930664,10.707328796386719,10.595972061157227,10.50307846069336,10.388236999511719,10.63839340209961,10.45278263092041,11.538203239440918,12.370412826538086,14.239234924316406,17.975801467895508,15.240331649780273,8.739768981933594
197,0.0,0.0011570093920454383,0.002137056551873684,0.00412255572155118,8.01624870300293,8.425066947937012,7.060596942901611,7.565853118896484,6.851580619812012,7.6182684898376465,7.678549289703369,7.105006217956543,7.760929107666016,8.459811210632324,8.111486434936523,9.169623374938965,8.588752746582031,8.01747989654541,8.319311141967773,9.030242919921875,8.936593055725098,9.107128143310547,9.487510681152344,9.607492446899414,11.58920955657959,13.381057739257812,17.324520111083984,17.25041961669922,12.027275085449219
198,0.0,0.0009415411041118205,0.0018312495667487383,0.0035393941216170788,8.49205493927002,8.752211570739746,8.889812469482422,9.020904541015625,8.42192268371582,10.01328182220459,8.383030891418457,8.345182418823242,9.066374778747559,9.355913162231445,10.867152214050293,9.812363624572754,9.888882637023926,10.842206954956055,9.96403980255127,10.37794017791748,10.132743835449219,10.504672050476074,11.21522331237793,10.984648704528809,12.433023452758789,14.221451759338379,16.94703483581543,14.106679916381836,8.202242851257324
199,0.0,0.0009243945241905749,0.0018290982116013765,0.0033463179133832455,7.976786136627197,8.658154487609863,8.667540550231934,9.291637420654297,8.53928279876709,9.137633323669434,8.465010643005371,9.357895851135254,9.933408737182617,11.066268920898438,10.556310653686523,10.106453895568848,10.005562782287598,10.630066871643066,11.345573425292969,9.664155006408691,10.376307487487793,10.190516471862793,10.507535934448242,10.709187507629395,13.56027603149414,14.975167274475098,17.860532760620117,15.063657760620117,11.558676719665527
200,0.0,0.0009068155777640641,0.0017075770301744342,0.003115317551419139,8.553488731384277,8.742446899414062,8.93014144897461,8.92796516418457,9.151276588439941,8.869952201843262,8.684762001037598,9.141260147094727,10.16557788848877,9.449054718017578,10.026063919067383,10.444615364074707,10.022710800170898,9.83320140838623,10.295799255371094,10.768884658813477,11.155503273010254,10.525713920593262,10.772299766540527,11.297131538391113,12.445805549621582,13.683242797851562,16.27329444885254,13.212440490722656,8.621617317199707
201,0.0,0.0009341021068394184,0.0018556639552116394,0.00336338859051466,8.413208961486816,8.83371353149414,9.434493064880371,9.019970893859863,8.727991104125977,9.123513221740723,9.088022232055664,9.112311363220215,10.543076515197754,10.234628677368164,10.050724983215332,10.081621170043945,10.542560577392578,10.445091247558594,9.839824676513672,10.82685375213623,10.353034019470215,10.274876594543457,11.560373306274414,11.500367164611816,12.89666748046875,15.144079208374023,18.035703659057617,16.130447387695312,11.22576904296875
202,0.0,0.001159263658337295,0.0021202906500548124,0.004032870754599571,8.566828727722168,9.597334861755371,8.71054458618164,9.467756271362305,9.480504035949707,9.175121307373047,8.389297485351562,9.1869478225708,11.02566909790039,10.164496421813965,10.384004592895508,10.06148624420166,10.720992088317871,10.799046516418457,10.53475570678711,10.419818878173828,11.295000076293945,11.33436393737793,11.465350151062012,11.342090606689453,13.80961799621582,15.791380882263184,18.650876998901367,17.780977249145508,11.439545631408691
203,0.0,0.0009669064311310649,0.0020142318680882454,0.003808539593592286,8.395703315734863,8.924129486083984,9.878031730651855,9.310708999633789,8.79507064819336,9.055157661437988,8.775615692138672,9.694658279418945,9.02790641784668,10.037781715393066,10.096641540527344,10.461807250976562,9.886390686035156,10.737814903259277,9.6322603225708,10.2528657913208,10.40088939666748,10.612302780151367,9.884739875793457,11.799707412719727,13.516286849975586,14.358170509338379,19.884368896484375,19.358675003051758,12.461698532104492
204,0.0,0.0011353266891092062,0.002175683155655861,0.00405897619202733,8.454991340637207,9.151354789733887,9.292096138000488,7.985620021820068,8.36651611328125,10.059674263000488,8.805410385131836,9.510543823242188,9.184412956237793,9.416268348693848,9.851244926452637,9.720361709594727,9.963930130004883,10.549517631530762,10.072744369506836,10.622058868408203,10.582694053649902,10.907367706298828,11.377086639404297,10.955979347229004,12.901041984558105,13.95724105834961,17.00367546081543,13.459582328796387,7.148563861846924
205,0.0,0.0008870812598615885,0.001793926814571023,0.0035929300356656313,8.926886558532715,9.050863265991211,8.661906242370605,9.278155326843262,8.784764289855957,9.022590637207031,9.057955741882324,8.808090209960938,10.46796989440918,9.877964973449707,10.517403602600098,10.014650344848633,10.185887336730957,10.280299186706543,10.935887336730957,10.110957145690918,9.76245403289795,10.509809494018555,10.749543190002441,11.635313034057617,12.2159423828125,13.727736473083496,16.321863174438477,13.90048885345459,8.65018081665039
206,0.0,0.0009307764121331275,0.0018608253449201584,0.0038146600127220154,8.761542320251465,8.263725280761719,8.768570899963379,9.63865852355957,9.116954803466797,8.701748847961426,9.02657699584961,9.236804962158203,10.094191551208496,10.062047004699707,10.250494003295898,10.221101760864258,10.7952880859375,9.679269790649414,11.631867408752441,10.638175964355469,11.472088813781738,11.69090461730957,11.000225067138672,12.277254104614258,12.892287254333496,14.50847053527832,17.080228805541992,14.336647987365723,10.538778305053711
207,0.0,0.0008451897883787751,0.0016025829827412963,0.0032511872705072165,8.28962230682373,7.82777214050293,7.3179545402526855,7.904285430908203,7.369978904724121,7.669705390930176,7.71694278717041,7.127366542816162,7.966409683227539,9.485164642333984,8.478133201599121,8.62457275390625,8.686810493469238,9.032135009765625,8.425012588500977,8.473176002502441,8.478425025939941,8.455379486083984,9.189728736877441,10.199614524841309,11.253210067749023,11.921069145202637,15.927837371826172,13.995410919189453,9.141084671020508
208,0.0,0.0010308873606845737,0.001953372498974204,0.0037094643339514732,8.59840202331543,9.214295387268066,9.520902633666992,9.294541358947754,9.347799301147461,9.379018783569336,8.88454818725586,9.269755363464355,9.687804222106934,10.602984428405762,9.104782104492188,10.194202423095703,10.324836730957031,10.458507537841797,10.309389114379883,10.096035957336426,10.256270408630371,10.803990364074707,11.362370491027832,11.764594078063965,12.764351844787598,15.346064567565918,18.737655639648438,16.60196876525879,10.237199783325195
209,0.0,0.0009104902856051922,0.0017610352952033281,0.0032634891103953123,8.784945487976074,9.034811973571777,9.142388343811035,8.813465118408203,8.8943510055542,8.930529594421387,8.58498764038086,8.968358039855957,10.236015319824219,9.748645782470703,11.092808723449707,10.550426483154297,10.21852970123291,10.539796829223633,10.239313125610352,9.616519927978516,10.127836227416992,10.522074699401855,10.501404762268066,11.304966926574707,11.572924613952637,13.058557510375977,15.541115760803223,11.89960765838623,6.31303071975708
210,0.0,0.001001303200609982,0.001958928070962429,0.0034392797388136387,7.862590789794922,8.513108253479004,9.056321144104004,9.264059066772461,8.998758316040039,8.994592666625977,9.668668746948242,9.253543853759766,8.80232048034668,10.204333305358887,9.741029739379883,10.309791564941406,10.214411735534668,10.513389587402344,11.275887489318848,11.484518051147461,10.093400955200195,10.691313743591309,11.838881492614746,11.108325958251953,12.405599594116211,14.136275291442871,17.953523635864258,17.09988784790039,10.33253002166748
211,0.0,0.001028495142236352,0.0020411983132362366,0.0037457626312971115,7.2354350090026855,8.04538631439209,8.006192207336426,6.890960216522217,7.206907749176025,7.248045921325684,7.499447822570801,7.400586128234863,8.30533504486084,8.328498840332031,8.601388931274414,7.740549087524414,9.477792739868164,8.934106826782227,8.544146537780762,9.216015815734863,8.397281646728516,9.483403205871582,9.6715669631958,9.461042404174805,11.93893051147461,13.168931007385254,17.34615707397461,17.863388061523438,10.799114227294922
212,0.0,0.000970004010014236,0.0020411736331880093,0.004088724497705698,8.321224212646484,9.257360458374023,8.836735725402832,9.416583061218262,8.85218334197998,9.632875442504883,8.8045072555542,9.151983261108398,9.7616605758667,10.509563446044922,9.64069938659668,10.29769229888916,10.457643508911133,10.677090644836426,9.925996780395508,10.95365047454834,10.576114654541016,10.042768478393555,11.317018508911133,11.48653793334961,12.726390838623047,14.30552864074707,17.33620834350586,14.144770622253418,8.85279369354248
213,0.0,0.0008881086250767112,0.001768271322362125,0.0031967314425855875,8.125886917114258,9.07655143737793,8.749604225158691,8.67378044128418,9.733837127685547,8.57726764678955,9.473770141601562,10.24613094329834,10.047552108764648,9.825271606445312,10.054045677185059,10.036872863769531,9.614075660705566,10.40339183807373,10.639143943786621,10.51638126373291,10.120553016662598,10.71069049835205,10.025814056396484,11.20436954498291,12.097597122192383,13.960585594177246,15.307388305664062,11.711539268493652,6.925743579864502
214,0.0,0.0009694325271993876,0.0019503753865137696,0.003907051403075457,7.617698669433594,8.164660453796387,7.545943260192871,8.004657745361328,7.124436855316162,7.321777820587158,7.407235622406006,7.543832302093506,8.567514419555664,8.210554122924805,8.534652709960938,7.816989421844482,9.06977653503418,8.635940551757812,9.077506065368652,8.226521492004395,8.906756401062012,8.87740707397461,9.23365306854248,9.743509292602539,11.048182487487793,12.604704856872559,15.600724220275879,15.241606712341309,8.793030738830566
215,0.0,0.0010121542727574706,0.0019304360030218959,0.0037194890901446342,8.946136474609375,9.370951652526855,9.79470157623291,8.541208267211914,10.106390953063965,8.577310562133789,8.998541831970215,9.01480770111084,8.95415210723877,10.226707458496094,9.324992179870605,10.18879508972168,9.107989311218262,10.959794998168945,10.384224891662598,10.131250381469727,10.86952018737793,10.889659881591797,10.052209854125977,11.425191879272461,14.424124717712402,14.543292045593262,16.355911254882812,13.259567260742188,7.700382232666016
216,0.0,0.0011283806525170803,0.0023625290486961603,0.0040794252417981625,8.768693923950195,8.669636726379395,8.282196998596191,8.59609603881836,9.160405158996582,9.286746978759766,9.298686027526855,8.834722518920898,9.848015785217285,10.115324974060059,9.780094146728516,10.794770240783691,10.46965503692627,10.024389266967773,10.151252746582031,10.931347846984863,10.84139347076416,10.135053634643555,11.098930358886719,10.965034484863281,13.60986614227295,13.969321250915527,16.16539192199707,14.146649360656738,8.59054946899414
217,0.0,0.0010237436508759856,0.002011657925322652,0.003767887596040964,7.675896644592285,7.885963439941406,8.054160118103027,6.929398536682129,7.758694648742676,7.4147796630859375,7.312501430511475,7.65265417098999,7.971851825714111,8.229291915893555,8.646441459655762,8.426461219787598,9.054912567138672,8.503131866455078,8.673483848571777,9.12228012084961,8.822240829467773,8.494625091552734,9.423747062683105,9.396424293518066,10.929669380187988,13.003533363342285,16.059520721435547,17.570043563842773,13.22031307220459
218,0.0,0.0008868284639902413,0.0017233145190402865,0.0033521598670631647,8.20178508758545,8.033273696899414,7.601260185241699,8.387038230895996,6.990289211273193,6.670278549194336,7.119659900665283,7.215005874633789,8.347249984741211,8.036972045898438,8.722646713256836,8.437153816223145,8.602777481079102,9.45004653930664,8.493776321411133,8.930540084838867,9.07890510559082,9.111480712890625,9.036321640014648,10.277641296386719,11.615756034851074,11.977330207824707,16.884044647216797,15.889777183532715,11.33200454711914
219,0.0,0.001020530704408884,0.001974135637283325,0.003592748660594225,7.692163467407227,8.665223121643066,8.423152923583984,9.664300918579102,8.753947257995605,9.2421236038208,8.888686180114746,9.476668357849121,9.451746940612793,9.592985153198242,10.308062553405762,9.651019096374512,9.897449493408203,10.828068733215332,9.57709789276123,9.951822280883789,10.939844131469727,10.304537773132324,11.610697746276855,12.126893043518066,13.224580764770508,13.809672355651855,16.090545654296875,12.42902660369873,7.980586528778076
220,0.0,0.0010464192600920796,0.0020357815083116293,0.0038861010689288378,7.343074798583984,7.916067600250244,7.365996837615967,7.414673328399658,7.677039623260498,7.719976425170898,6.820942401885986,7.504453659057617,8.123642921447754,8.692313194274902,8.432759284973145,8.19392204284668,8.720443725585938,8.358386993408203,8.424123764038086,8.622065544128418,9.542704582214355,9.497371673583984,8.771502494812012,9.300257682800293,12.273494720458984,13.647187232971191,18.509965896606445,18.107757568359375,12.676694869995117
221,0.0,0.0009326781728304923,0.0019150141160935163,0.003664095886051655,7.331085205078125,8.7294282913208,7.616854667663574,7.383196830749512,8.183087348937988,7.4914093017578125,7.4678168296813965,6.785274505615234,8.204113960266113,7.754340648651123,7.90219783782959,8.476353645324707,8.327912330627441,8.96764087677002,8.39335823059082,8.620511054992676,8.863472938537598,8.711373329162598,8.986833572387695,10.248076438903809,11.745826721191406,13.61821460723877,18.950773239135742,19.15591049194336,13.423831939697266
222,0.0,0.000932312395889312,0.001855213544331491,0.0035929614678025246,8.127119064331055,8.494067192077637,8.375920295715332,8.79216194152832,9.261775970458984,8.320863723754883,8.77155876159668,8.985861778259277,10.227582931518555,9.502366065979004,10.319721221923828,10.642585754394531,11.187555313110352,10.119104385375977,10.611383438110352,10.284786224365234,10.875795364379883,11.015660285949707,11.453534126281738,11.387269973754883,13.034488677978516,14.099431991577148,19.4760799407959,17.119150161743164,12.577653884887695
223,0.0,0.0010440899059176445,0.0021512575913220644,0.004304277710616589,8.310254096984863,9.33961009979248,8.788418769836426,9.318279266357422,8.65886116027832,9.725144386291504,8.73344612121582,8.888400077819824,9.570237159729004,9.521105766296387,10.528606414794922,10.821357727050781,11.691662788391113,10.080255508422852,10.774603843688965,10.382570266723633,10.104262351989746,10.150299072265625,11.212538719177246,11.54306697845459,13.456127166748047,14.756121635437012,17.80845832824707,17.53977394104004,10.032469749450684
224,0.0,0.0009930066298693419,0.002083797473460436,0.004363108891993761,8.91159439086914,9.485513687133789,8.72019100189209,8.261224746704102,8.561535835266113,9.429141998291016,8.506787300109863,9.0053071975708,9.120965957641602,9.434947967529297,9.237913131713867,10.51087760925293,10.337238311767578,10.455878257751465,10.735382080078125,10.101755142211914,9.810656547546387,11.540973663330078,10.60754108428955,11.334856986999512,13.48511028289795,14.446166038513184,19.273849487304688,16.076519012451172,9.382185935974121
225,0.0,0.0009172880090773106,0.0018035097746178508,0.0033144145272672176,8.325496673583984,8.998872756958008,8.390704154968262,9.21231746673584,9.4889554977417,9.274483680725098,8.971285820007324,9.128789901733398,9.701082229614258,10.353507995605469,9.645331382751465,9.511662483215332,10.293634414672852,10.777928352355957,11.072795867919922,9.169463157653809,10.216544151306152,11.820951461791992,11.315645217895508,11.269875526428223,12.393960952758789,13.218587875366211,15.985549926757812,12.334007263183594,8.910959243774414
226,0.0,0.0009276717319153249,0.0018112357938662171,0.003375678788870573,8.660228729248047,9.26696491241455,9.448047637939453,9.529537200927734,9.180330276489258,9.258431434631348,9.537384986877441,9.122912406921387,9.783631324768066,9.462966918945312,9.613052368164062,10.289284706115723,10.324586868286133,9.761849403381348,10.45162296295166,10.88614273071289,10.514304161071777,10.638924598693848,11.347981452941895,10.823301315307617,13.516321182250977,15.601861953735352,19.246097564697266,17.344390869140625,11.569971084594727
227,0.0,0.0009357763919979334,0.0018589469837024808,0.0035165995359420776,8.445090293884277,8.989957809448242,8.857717514038086,9.11292839050293,8.553133010864258,8.738066673278809,9.41534423828125,8.624117851257324,8.719027519226074,10.384932518005371,10.317809104919434,9.75353717803955,11.120217323303223,9.392059326171875,9.808196067810059,10.518522262573242,10.196955680847168,10.652639389038086,10.362395286560059,10.72205924987793,12.773209571838379,14.658308029174805,18.655620574951172,14.765663146972656,11.918801307678223
228,0.0,0.0009548935340717435,0.0018972159596160054,0.003616903442889452,7.927061557769775,7.448646068572998,7.045599937438965,6.533795356750488,7.648937702178955,7.178758144378662,7.216919422149658,7.285543441772461,8.122225761413574,8.072014808654785,8.340312957763672,8.357438087463379,8.927549362182617,8.587423324584961,8.572281837463379,8.630958557128906,9.283821105957031,8.839323043823242,10.273996353149414,9.940808296203613,12.133428573608398,12.914294242858887,17.39306640625,18.324966430664062,13.505086898803711
229,0.0,0.0007938923663459718,0.0015179605688899755,0.0027792269829660654,8.012088775634766,7.810688018798828,7.57223653793335,7.645294189453125,7.30966854095459,7.213090896606445,7.64707088470459,8.094863891601562,7.820552349090576,8.113215446472168,8.885765075683594,8.185600280761719,8.821430206298828,9.5448579788208,8.8297700881958,8.33477783203125,8.997818946838379,8.953771591186523,9.51467227935791,9.498146057128906,10.817496299743652,11.83603572845459,13.430205345153809,10.784465789794922,8.894375801086426
230,0.0,0.0009099135641008615,0.0019178660586476326,0.0037638393696397543,9.194855690002441,9.237748146057129,8.629166603088379,8.944869041442871,9.493154525756836,9.757710456848145,9.041091918945312,9.081750869750977,10.331863403320312,10.333090782165527,10.116726875305176,9.808514595031738,9.388047218322754,9.823904991149902,10.941681861877441,10.869341850280762,10.217223167419434,10.5380220413208,12.310416221618652,11.821677207946777,13.275186538696289,15.115007400512695,17.99839210510254,16.057384490966797,11.667330741882324
231,0.0,0.0010551477316766977,0.002032841555774212,0.0034633707255125046,7.820118427276611,8.80463981628418,9.13667106628418,9.275580406188965,9.433539390563965,9.495835304260254,8.574389457702637,8.525349617004395,9.59745979309082,10.611241340637207,10.416891098022461,10.400099754333496,10.546679496765137,10.683414459228516,10.122665405273438,10.206951141357422,10.172416687011719,10.448472023010254,10.748510360717773,11.006425857543945,12.542020797729492,14.721854209899902,17.530410766601562,15.370942115783691,9.85949420928955
232,0.0,0.0011211971286684275,0.002115348819643259,0.0038264018949121237,8.017557144165039,9.283780097961426,9.296039581298828,8.443347930908203,8.655261993408203,9.284512519836426,9.457294464111328,9.36443042755127,10.142342567443848,9.814251899719238,10.405625343322754,10.125648498535156,9.766657829284668,10.388602256774902,10.655169486999512,10.20016860961914,9.744537353515625,10.797271728515625,11.036408424377441,11.491779327392578,12.213857650756836,14.381166458129883,18.23752784729004,16.0421085357666,10.86775016784668
233,0.0,0.001009932835586369,0.0019466686062514782,0.003525159554556012,7.5904951095581055,8.456978797912598,7.661264896392822,7.597343921661377,7.118275165557861,7.159669876098633,8.334860801696777,7.142603874206543,8.557889938354492,8.498903274536133,8.261043548583984,9.058621406555176,9.484357833862305,8.313389778137207,8.196200370788574,9.362688064575195,8.875051498413086,8.357568740844727,9.90631103515625,10.379677772521973,11.414645195007324,13.144731521606445,16.331279754638672,16.08920669555664,13.419607162475586
234,0.0,0.0009670098079368472,0.0018525562481954694,0.0036349196452647448,8.431612014770508,9.216763496398926,9.972885131835938,8.498357772827148,9.283577919006348,9.08481502532959,9.586090087890625,8.692300796508789,9.523366928100586,10.375833511352539,10.025761604309082,9.935412406921387,9.984687805175781,9.791309356689453,10.986102104187012,10.038217544555664,10.871143341064453,10.70240306854248,11.243698120117188,11.908770561218262,12.683427810668945,14.913209915161133,19.44216537475586,16.47136688232422,12.206201553344727
235,0.0,0.0008409704314544797,0.001628237310796976,0.0029295424465090036,8.451476097106934,7.761682033538818,7.893619060516357,7.277151584625244,7.522806167602539,7.383367538452148,7.177289009094238,7.395563125610352,8.50342845916748,8.794336318969727,8.388236999511719,8.078855514526367,8.830053329467773,8.967801094055176,8.258703231811523,9.035162925720215,8.29358196258545,9.206619262695312,9.805130958557129,9.82325267791748,10.78852367401123,12.491069793701172,15.706053733825684,12.793838500976562,10.914520263671875
