,layer_1,layer_2,layer_3,layer_4,layer_5,layer_6,layer_7,layer_8,layer_9,layer_10,layer_11,layer_12,layer_13,layer_14,layer_15,layer_16,layer_17,layer_18,layer_19,layer_20,layer_21,layer_22,layer_23,layer_24,layer_25,layer_26,layer_27,layer_28,layer_29
0,0.0,0.0007986588752828538,0.0015016596298664808,0.0024225644301623106,8.121719360351562,9.5859956741333,8.534473419189453,8.867670059204102,8.843097686767578,8.879207611083984,9.223858833312988,8.887044906616211,9.545092582702637,10.028585433959961,10.827486038208008,9.668079376220703,9.95307445526123,10.426112174987793,10.199371337890625,10.40550422668457,10.569177627563477,11.004236221313477,10.610970497131348,9.468624114990234,11.33480167388916,11.493354797363281,11.210013389587402,5.234948635101318,3.3363449573516846
1,0.0,0.0007221382111310959,0.0014568937476724386,0.0023063221015036106,9.017840385437012,8.873564720153809,9.874342918395996,9.020893096923828,9.278297424316406,9.012943267822266,9.329042434692383,8.885446548461914,9.61226749420166,10.563173294067383,9.952900886535645,9.66012191772461,10.394180297851562,10.689066886901855,10.451077461242676,10.897104263305664,9.915510177612305,10.469058990478516,10.512104034423828,10.938386917114258,12.026387214660645,11.566006660461426,11.692267417907715,5.850245952606201,4.332592964172363
2,0.0,0.0008340731146745384,0.0016492486465722322,0.0027751405723392963,8.1920747756958,8.698744773864746,8.840676307678223,9.282336235046387,9.092668533325195,8.824984550476074,9.297354698181152,9.346595764160156,9.28870964050293,10.2642183303833,9.824657440185547,10.283092498779297,9.802068710327148,10.730960845947266,9.781819343566895,10.934257507324219,10.40461540222168,11.30270004272461,11.211906433105469,11.437500953674316,12.016626358032227,12.251791000366211,12.130488395690918,5.690563678741455,3.4196159839630127
3,0.0,0.0009015583200380206,0.0018503759056329727,0.0029420750215649605,7.700521945953369,9.265908241271973,9.494547843933105,9.053674697875977,9.005393028259277,8.885208129882812,8.60383415222168,9.1142578125,10.343563079833984,11.239066123962402,10.332047462463379,9.861655235290527,10.730707168579102,11.192559242248535,9.778664588928223,9.944734573364258,9.948736190795898,10.554519653320312,10.403826713562012,11.274749755859375,11.850829124450684,11.775838851928711,10.980375289916992,5.446615695953369,3.5825719833374023
4,0.0,0.0009173778234981,0.0018951059319078922,0.003020471427589655,7.945525646209717,8.658514022827148,8.538178443908691,9.006326675415039,9.284056663513184,9.40701961517334,8.460925102233887,9.23529052734375,8.949776649475098,10.428828239440918,10.0238618850708,10.435906410217285,10.018656730651855,10.874367713928223,10.231430053710938,10.30186939239502,10.149938583374023,11.01228141784668,10.666486740112305,10.468470573425293,11.971498489379883,11.402556419372559,11.118830680847168,6.4311323165893555,4.198179721832275
5,0.0,0.0007640460971742868,0.0015240954235196114,0.002345323096960783,8.81141471862793,9.249722480773926,9.110895156860352,8.871570587158203,9.36769962310791,8.771968841552734,8.369355201721191,9.127914428710938,10.23483657836914,9.589306831359863,9.66029167175293,10.288043022155762,9.704936027526855,9.679352760314941,9.417420387268066,10.580455780029297,10.560656547546387,9.977359771728516,10.371490478515625,11.776115417480469,12.18220329284668,11.84876823425293,11.624531745910645,5.358142375946045,3.7865655422210693
6,0.0,0.000774216721765697,0.0014583459123969078,0.0023198043927550316,8.163824081420898,9.073918342590332,8.489030838012695,8.660033226013184,8.78288459777832,8.628870010375977,8.554170608520508,8.64329719543457,10.071953773498535,10.668270111083984,10.665452003479004,10.525899887084961,10.14282512664795,10.172752380371094,10.629773139953613,10.903715133666992,10.539677619934082,11.078115463256836,10.716964721679688,10.807098388671875,11.627426147460938,12.14344310760498,10.900960922241211,5.893076419830322,3.8462326526641846
7,0.0,0.0009473988320678473,0.0018740986706689,0.0030400617979466915,8.293444633483887,9.341557502746582,8.386279106140137,9.020305633544922,9.47500228881836,9.019145965576172,9.405043601989746,9.892926216125488,9.380318641662598,10.01956844329834,10.194031715393066,10.448854446411133,10.417160987854004,10.525641441345215,10.374971389770508,10.824807167053223,10.766633033752441,11.462674140930176,10.676796913146973,10.552144050598145,11.41866683959961,12.99190902709961,12.046305656433105,6.520919322967529,3.8287642002105713
8,0.0,0.0009516908903606236,0.0020075079519301653,0.0032096991781145334,8.299979209899902,8.813045501708984,8.984959602355957,8.818638801574707,9.210901260375977,8.544670104980469,8.794675827026367,9.229141235351562,9.482943534851074,9.8031644821167,9.991994857788086,10.236675262451172,9.682750701904297,10.599679946899414,10.183332443237305,10.93830680847168,10.324670791625977,10.851431846618652,10.77553653717041,11.435840606689453,11.139851570129395,12.143065452575684,11.54021167755127,5.857427597045898,3.50989031791687
9,0.0,0.000859963009133935,0.0017966448795050383,0.0029475484043359756,8.468071937561035,8.884711265563965,9.161998748779297,8.63371753692627,9.637480735778809,9.421762466430664,9.22304630279541,8.90831470489502,10.332832336425781,9.431355476379395,9.953277587890625,10.078750610351562,9.508613586425781,10.378935813903809,10.342228889465332,10.160041809082031,10.835908889770508,10.505939483642578,10.353703498840332,10.491764068603516,10.798810958862305,11.88742446899414,11.262262344360352,5.444517612457275,3.1747398376464844
10,0.0,0.0008242087787948549,0.0017111890483647585,0.0028244550339877605,8.879623413085938,8.228252410888672,9.493080139160156,8.916760444641113,8.46796989440918,9.513995170593262,9.563474655151367,8.844077110290527,9.619735717773438,9.240654945373535,9.886062622070312,10.277923583984375,9.705668449401855,10.611154556274414,10.399550437927246,10.995551109313965,9.530608177185059,10.354230880737305,10.068528175354004,10.90038013458252,10.833755493164062,11.61837387084961,11.134176254272461,5.088709831237793,3.182708263397217
11,0.0,0.0008168963831849396,0.0016317091649398208,0.0027438788674771786,7.766816139221191,9.665699005126953,9.007772445678711,8.472044944763184,8.61050033569336,9.466358184814453,9.192315101623535,9.060757637023926,9.208731651306152,10.431961059570312,10.038588523864746,10.303237915039062,9.351125717163086,10.285667419433594,9.708062171936035,10.307703018188477,10.359695434570312,10.68907642364502,10.246779441833496,11.097637176513672,11.799736022949219,11.831480979919434,11.174518585205078,6.219526290893555,3.9618053436279297
12,0.0,0.0008484312565997243,0.0017165456665679812,0.002817095024511218,8.043962478637695,8.650240898132324,9.161272048950195,9.233813285827637,9.21439266204834,9.17115306854248,8.967588424682617,9.104580879211426,9.152496337890625,9.881074905395508,8.996691703796387,10.001225471496582,10.457029342651367,9.929844856262207,10.75547981262207,10.590625762939453,10.139375686645508,10.294658660888672,10.499778747558594,11.088781356811523,10.932586669921875,11.775440216064453,11.59732437133789,5.549398899078369,3.357210159301758
13,0.0,0.000827712647151202,0.0016945380484685302,0.0028141671791672707,8.57675552368164,8.605705261230469,9.387564659118652,8.513934135437012,9.284900665283203,8.623764038085938,9.119158744812012,8.564236640930176,9.18427848815918,10.622492790222168,9.645065307617188,10.318925857543945,10.556933403015137,10.595653533935547,10.39579963684082,10.899346351623535,9.852105140686035,10.249813079833984,9.904974937438965,10.73083209991455,11.391449928283691,12.321022033691406,12.31318187713623,6.221299171447754,3.7528069019317627
14,0.0,0.0008906727307476103,0.0017650225199759007,0.0028821115847676992,8.873025894165039,8.745549201965332,8.979823112487793,9.028787612915039,9.136465072631836,9.07926082611084,9.036057472229004,9.157079696655273,11.102518081665039,10.612530708312988,9.523396492004395,10.498234748840332,10.410089492797852,10.371726989746094,9.80638313293457,10.744400024414062,9.77434253692627,11.494145393371582,11.231110572814941,11.536535263061523,10.775893211364746,11.831779479980469,11.528756141662598,5.972285270690918,3.5707130432128906
15,0.0,0.0009357578819617629,0.001873855828307569,0.0030370187014341354,8.341317176818848,9.151195526123047,8.73118782043457,8.556083679199219,8.562393188476562,8.923514366149902,8.357197761535645,8.837740898132324,9.133298873901367,9.97260856628418,10.259010314941406,9.880596160888672,9.689558982849121,10.919736862182617,10.247384071350098,10.024560928344727,10.89055347442627,9.892291069030762,11.51341724395752,11.19859790802002,10.63508129119873,11.882645606994629,11.531092643737793,4.934159278869629,3.0459704399108887
16,0.0,0.0009246247354894876,0.0018240931676700711,0.0029522464610636234,8.551825523376465,9.220378875732422,9.191770553588867,8.471813201904297,9.546965599060059,8.73735237121582,9.675491333007812,9.48031997680664,9.502988815307617,9.454719543457031,10.318338394165039,9.614363670349121,10.205174446105957,10.950901985168457,10.472707748413086,9.76541519165039,9.719426155090332,10.895851135253906,10.848028182983398,11.172469139099121,11.56103515625,11.30111312866211,11.260361671447754,5.511569499969482,3.617405891418457
17,0.0,0.0007688930490985513,0.0015824666479602456,0.002504367846995592,8.40415096282959,8.863096237182617,8.089544296264648,9.350798606872559,8.947333335876465,8.878955841064453,9.315661430358887,8.925545692443848,10.073457717895508,9.738390922546387,10.354637145996094,9.047420501708984,9.510440826416016,10.374354362487793,10.544395446777344,10.45761489868164,10.256235122680664,10.825336456298828,10.604859352111816,10.776204109191895,12.566682815551758,13.046252250671387,11.337957382202148,5.636672019958496,4.034115791320801
18,0.0,0.0009418933768756688,0.0018730758456513286,0.003082078183069825,8.937978744506836,9.194868087768555,9.075057029724121,9.09044075012207,8.564558982849121,9.56093978881836,8.638397216796875,9.787821769714355,10.381010055541992,10.549727439880371,10.322562217712402,10.178092956542969,10.331975936889648,10.498763084411621,10.243062019348145,10.834858894348145,11.224621772766113,10.318002700805664,10.061806678771973,11.180673599243164,11.533048629760742,12.814990997314453,11.07526969909668,5.827124118804932,3.6857995986938477
19,0.0,0.0008411972085013986,0.0016373973339796066,0.002665024483576417,8.554388999938965,8.690871238708496,8.972023963928223,8.754497528076172,9.030867576599121,9.212578773498535,8.611477851867676,8.691953659057617,9.635039329528809,10.911613464355469,9.916937828063965,9.63720417022705,10.246354103088379,10.54178524017334,9.858232498168945,9.91271686553955,10.129542350769043,9.800359725952148,10.637618064880371,11.002331733703613,11.11288070678711,13.069037437438965,11.550639152526855,5.7135701179504395,3.6069204807281494
20,0.0,0.0009253334137611091,0.0018044529715552926,0.0029714538250118494,8.55942440032959,9.202286720275879,8.816215515136719,8.695429801940918,9.531211853027344,8.816530227661133,9.252187728881836,7.949169158935547,10.140632629394531,10.21179485321045,10.848194122314453,10.192846298217773,10.926326751708984,9.751529693603516,10.36410903930664,10.810277938842773,10.125144958496094,10.050701141357422,9.997533798217773,11.639920234680176,11.132408142089844,11.986827850341797,10.475730895996094,5.036665439605713,3.1915295124053955
21,0.0,0.0009716534405015409,0.0019821643363684416,0.0031557807233184576,8.394865989685059,9.719382286071777,9.592522621154785,9.027240753173828,8.770975112915039,9.449411392211914,8.764418601989746,8.532315254211426,10.332615852355957,10.743000984191895,10.283730506896973,10.477877616882324,10.971824645996094,10.418846130371094,10.995305061340332,11.41464900970459,10.522027969360352,10.976229667663574,10.226705551147461,10.632230758666992,11.545117378234863,11.874080657958984,11.584967613220215,5.126621246337891,2.8934850692749023
22,0.0,0.0008610643562860787,0.0017993919318541884,0.0030602989718317986,8.122636795043945,8.404206275939941,8.793280601501465,9.058526039123535,9.402331352233887,8.561140060424805,8.850298881530762,9.069451332092285,9.544718742370605,9.881437301635742,10.324832916259766,10.318329811096191,10.40754222869873,9.512894630432129,9.460580825805664,10.34924030303955,10.167852401733398,11.195574760437012,10.022361755371094,10.084023475646973,11.884819030761719,11.503246307373047,11.500321388244629,5.700737476348877,3.5573973655700684
23,0.0,0.0009367574821226299,0.0018422100692987442,0.003009981941431761,8.380547523498535,8.500903129577637,9.120166778564453,9.95765495300293,9.32347583770752,8.665156364440918,9.838003158569336,8.938645362854004,10.13476848602295,10.16156005859375,10.713705062866211,10.081965446472168,10.402082443237305,10.635398864746094,9.683667182922363,10.091498374938965,10.90783405303955,11.166121482849121,10.548038482666016,11.065807342529297,10.83491325378418,11.167256355285645,11.965327262878418,7.047799110412598,4.411121368408203
24,0.0,0.0007058089831843972,0.0013749789213761687,0.002254291670396924,8.028229713439941,9.542222023010254,9.69230842590332,8.66519546508789,9.834112167358398,9.115307807922363,9.569393157958984,8.426589965820312,10.296730041503906,10.690007209777832,10.286030769348145,9.437079429626465,10.519832611083984,10.174434661865234,10.395622253417969,10.349557876586914,11.114938735961914,9.78748607635498,10.535232543945312,10.964293479919434,11.359648704528809,13.189165115356445,10.984879493713379,5.253536224365234,3.510375499725342
25,0.0,0.0007136284839361906,0.0013276487588882446,0.0021545784547924995,8.507223129272461,9.13251781463623,9.931168556213379,7.981385707855225,8.874300956726074,8.807875633239746,9.004307746887207,8.711454391479492,10.1637544631958,10.338130950927734,9.664767265319824,10.007204055786133,9.887015342712402,9.935556411743164,10.164118766784668,9.953981399536133,10.289382934570312,10.637648582458496,10.826030731201172,11.014592170715332,12.671375274658203,11.899283409118652,11.472797393798828,5.9375529289245605,3.947808265686035
26,0.0,0.0010547295678406954,0.002021342283114791,0.0032422104850411415,8.611286163330078,8.874788284301758,9.005277633666992,8.865434646606445,9.730871200561523,9.15247631072998,8.996038436889648,8.424347877502441,10.681097984313965,9.645744323730469,9.601215362548828,9.893059730529785,10.364500045776367,11.040711402893066,10.592019081115723,10.480602264404297,10.428777694702148,11.161962509155273,9.77719783782959,11.343255996704102,11.800271987915039,12.289532661437988,11.348873138427734,6.352812767028809,3.756561040878296
27,0.0,0.0008268009987659752,0.0016502125654369593,0.0027107561472803354,8.354676246643066,9.080860137939453,9.52269172668457,9.487297058105469,8.877315521240234,8.949483871459961,8.909149169921875,8.49006462097168,9.369209289550781,9.33838939666748,10.064047813415527,10.391252517700195,10.397632598876953,10.63899040222168,10.98864459991455,10.410484313964844,10.720840454101562,9.823816299438477,10.549269676208496,11.16626262664795,10.98989200592041,11.548130989074707,11.658601760864258,6.4032816886901855,4.068334102630615
28,0.0,0.0010182419791817665,0.0021780345123261213,0.0034162166994065046,8.729673385620117,9.927122116088867,8.579413414001465,8.977926254272461,9.053915977478027,9.06263542175293,8.760078430175781,9.380248069763184,10.277717590332031,10.037627220153809,9.580215454101562,10.016667366027832,10.209498405456543,10.531299591064453,10.286468505859375,10.902294158935547,10.360133171081543,10.934867858886719,10.693222999572754,11.086246490478516,11.15626049041748,11.920977592468262,10.324691772460938,5.584018707275391,3.319401502609253
29,0.0,0.0008592448430135846,0.001722080516628921,0.0028770870994776487,8.346612930297852,8.8222017288208,8.53862476348877,8.028743743896484,8.830025672912598,9.872051239013672,8.32189655303955,8.783480644226074,10.51219367980957,10.646940231323242,9.714362144470215,10.337923049926758,10.272494316101074,10.97778606414795,9.75881290435791,10.243640899658203,11.386499404907227,10.253549575805664,10.781855583190918,11.671531677246094,10.555726051330566,12.301711082458496,11.725576400756836,5.907815456390381,3.51882004737854
30,0.0,0.0009173562866635621,0.0018201335333287716,0.003006275277584791,8.462797164916992,8.980734825134277,8.871648788452148,8.820596694946289,8.767390251159668,8.544150352478027,9.411921501159668,9.316523551940918,10.77604866027832,10.636338233947754,9.608550071716309,9.706119537353516,10.942303657531738,10.999878883361816,10.77230453491211,10.396705627441406,10.615522384643555,10.833252906799316,10.668182373046875,11.630035400390625,12.022920608520508,11.717166900634766,10.72158432006836,5.191610813140869,3.046546697616577
31,0.0,0.0007610133034177125,0.0015196731546893716,0.0024777522776275873,7.832056999206543,8.365981101989746,8.429466247558594,9.67720890045166,8.715217590332031,8.991902351379395,9.347615242004395,8.366135597229004,9.429133415222168,9.303322792053223,10.370867729187012,10.536849021911621,10.45952033996582,9.541467666625977,10.27159309387207,9.531087875366211,10.720337867736816,10.18686294555664,10.908710479736328,11.126277923583984,11.800396919250488,11.1139554977417,10.883221626281738,4.847968101501465,3.043456792831421
32,0.0,0.0009063347824849188,0.0018978504231199622,0.0031455375719815493,8.477006912231445,10.138457298278809,8.744930267333984,9.621000289916992,8.762791633605957,8.939661026000977,9.173873901367188,8.607964515686035,9.584807395935059,9.65618896484375,10.436971664428711,9.918693542480469,10.330129623413086,9.992619514465332,11.336918830871582,9.966196060180664,9.908239364624023,10.47364616394043,10.65260124206543,10.87816047668457,11.29018783569336,11.928790092468262,11.14315128326416,6.103682041168213,3.8140645027160645
33,0.0,0.000958488613832742,0.0018415980739519,0.0030941376462578773,8.676092147827148,9.481717109680176,8.685307502746582,8.73138427734375,9.491145133972168,8.880584716796875,8.60166072845459,8.641101837158203,10.720527648925781,9.997718811035156,10.345477104187012,9.754473686218262,10.786101341247559,9.487828254699707,10.155908584594727,9.703691482543945,10.046435356140137,10.936125755310059,10.83232593536377,10.782156944274902,11.775254249572754,12.673937797546387,10.423591613769531,5.111024856567383,2.9797871112823486
34,0.0,0.0009727213764563203,0.0019628657028079033,0.003112431149929762,8.366908073425293,9.11848258972168,9.424768447875977,8.555578231811523,8.669957160949707,8.759968757629395,8.882806777954102,9.143455505371094,10.175113677978516,10.746991157531738,9.852469444274902,9.795303344726562,10.185965538024902,10.861762046813965,10.758417129516602,9.728232383728027,10.134424209594727,11.062488555908203,10.094243049621582,11.118053436279297,12.020916938781738,12.543803215026855,11.465814590454102,6.200953483581543,3.5656914710998535
35,0.0,0.0009691005107015371,0.0020932250190526247,0.00329134170897305,8.064861297607422,8.503888130187988,9.018345832824707,9.505431175231934,8.885360717773438,9.731719970703125,9.181257247924805,8.683414459228516,9.711288452148438,10.377341270446777,9.479765892028809,10.129199981689453,10.465449333190918,11.118402481079102,9.884084701538086,10.713261604309082,9.781965255737305,10.347980499267578,10.523540496826172,11.424352645874023,11.146809577941895,11.594352722167969,10.856889724731445,6.113672733306885,3.41487193107605
36,0.0,0.0010643764398992062,0.002241583541035652,0.003636412788182497,9.197708129882812,8.087624549865723,8.513998031616211,9.785893440246582,9.223489761352539,8.709996223449707,8.79273509979248,8.399049758911133,9.40500259399414,10.538350105285645,9.988890647888184,10.5546236038208,9.687539100646973,10.060201644897461,10.741958618164062,10.15139102935791,10.516369819641113,10.786046981811523,10.689083099365234,11.847532272338867,10.788661003112793,12.05025863647461,11.274121284484863,5.809538841247559,3.43034291267395
37,0.0,0.0008843070827424526,0.001778423204086721,0.002913772827014327,9.38197135925293,8.948783874511719,8.383848190307617,9.416146278381348,8.997611999511719,8.569058418273926,8.79937744140625,9.450477600097656,10.09946060180664,10.53624153137207,9.71488094329834,10.273168563842773,10.680567741394043,10.141453742980957,10.72066879272461,9.715760231018066,10.206039428710938,9.869828224182129,9.934592247009277,10.923624992370605,11.225141525268555,12.212453842163086,10.533943176269531,4.923072338104248,2.962841033935547
38,0.0,0.0008260635659098625,0.0015924961771816015,0.0027221939526498318,8.110774040222168,9.303000450134277,8.313859939575195,9.435362815856934,9.156086921691895,9.505900382995605,8.990913391113281,8.891399383544922,10.838885307312012,10.206042289733887,10.037291526794434,10.128203392028809,10.979828834533691,10.565176010131836,10.87258529663086,10.831097602844238,10.470439910888672,11.757927894592285,9.648163795471191,10.407368659973145,11.197674751281738,12.430327415466309,10.660228729248047,5.337085723876953,3.5771613121032715
39,0.0,0.0007695750100538135,0.0015654554590582848,0.0025656772777438164,9.25759506225586,8.838027954101562,9.265035629272461,8.772273063659668,9.639070510864258,8.852262496948242,9.047250747680664,9.095647811889648,9.254284858703613,10.355548858642578,9.157218933105469,9.746469497680664,9.794174194335938,10.597431182861328,11.04214859008789,10.084699630737305,11.44814682006836,10.599925994873047,10.685962677001953,11.780426025390625,11.377358436584473,12.888941764831543,11.001080513000488,5.992786407470703,3.9244420528411865
40,0.0,0.0009032489033415914,0.0017696282593533397,0.0030070398934185505,8.054351806640625,7.817809104919434,9.570757865905762,9.363297462463379,8.798957824707031,9.79481315612793,9.513742446899414,9.124451637268066,10.236469268798828,10.196650505065918,9.415631294250488,10.464834213256836,9.859301567077637,10.116232872009277,10.762933731079102,10.80637264251709,10.581713676452637,10.316311836242676,10.851369857788086,10.848434448242188,11.296749114990234,11.6492919921875,11.908474922180176,7.405336380004883,4.740075588226318
41,0.0,0.0008208605577237904,0.0016189632005989552,0.0026088699232786894,8.4008150100708,8.243966102600098,8.96819019317627,9.23895263671875,9.507203102111816,8.501466751098633,9.937766075134277,9.227988243103027,9.619945526123047,9.501302719116211,10.90128231048584,10.71445083618164,10.675214767456055,10.235645294189453,10.155862808227539,10.330785751342773,10.291831016540527,10.635210037231445,10.825878143310547,11.06635570526123,11.646748542785645,11.994311332702637,11.222579002380371,5.15602970123291,3.22476863861084
42,0.0,0.000894112279638648,0.0018445466412231326,0.002912113443017006,8.381904602050781,8.717207908630371,8.709578514099121,8.980542182922363,8.714808464050293,8.904050827026367,9.413080215454102,9.492905616760254,10.142845153808594,10.952627182006836,9.915657043457031,9.751672744750977,10.239570617675781,10.989288330078125,10.738393783569336,9.407647132873535,10.023677825927734,10.598302841186523,11.563013076782227,10.763887405395508,12.095776557922363,11.626052856445312,12.04971694946289,6.547003269195557,4.484984397888184
43,0.0,0.000995237729512155,0.0020307847298681736,0.0033316975459456444,8.548707962036133,9.149931907653809,9.033387184143066,8.853531837463379,9.252249717712402,9.163853645324707,9.376590728759766,8.964990615844727,8.893367767333984,10.243871688842773,10.258443832397461,10.963822364807129,9.691197395324707,10.248985290527344,10.849571228027344,9.961350440979004,10.211459159851074,10.167940139770508,10.393261909484863,10.490272521972656,11.416264533996582,12.19892406463623,11.199365615844727,5.032463073730469,2.9425816535949707
44,0.0,0.0008541900315321982,0.0017750674160197377,0.0029204750899225473,8.44636058807373,8.617944717407227,9.326836585998535,9.435609817504883,9.732926368713379,8.521797180175781,9.579727172851562,8.48502254486084,9.272577285766602,10.114079475402832,10.278412818908691,9.865630149841309,10.784584999084473,10.198049545288086,10.707419395446777,10.623504638671875,10.646925926208496,9.896126747131348,9.96830940246582,11.011958122253418,11.005748748779297,11.567648887634277,11.6136474609375,5.848273277282715,3.841137647628784
45,0.0,0.0009110860992223024,0.001774296397343278,0.0029298588633537292,7.874942302703857,9.321609497070312,9.113097190856934,9.162063598632812,9.60086441040039,8.329377174377441,9.141666412353516,8.460402488708496,10.450169563293457,9.554703712463379,11.482625961303711,10.706873893737793,10.046714782714844,9.53808307647705,10.095416069030762,9.715426445007324,10.498909950256348,10.862662315368652,9.067941665649414,11.246469497680664,11.5260591506958,13.282800674438477,12.152307510375977,6.919346809387207,4.136897563934326
46,0.0,0.0009663171949796379,0.0018866251921281219,0.003072949592024088,8.642791748046875,9.04721736907959,9.434021949768066,8.577837944030762,8.544548988342285,8.609795570373535,9.520479202270508,9.232402801513672,9.439312934875488,10.296530723571777,10.362979888916016,10.183090209960938,10.234622955322266,10.196403503417969,10.29043197631836,10.551636695861816,10.659242630004883,10.833174705505371,9.882936477661133,11.188542366027832,11.238754272460938,11.653838157653809,11.754733085632324,5.95276403427124,3.9794299602508545
47,0.0,0.0007908429251983762,0.0015093357069417834,0.0024289123248308897,8.442889213562012,8.854490280151367,8.711516380310059,8.720816612243652,8.973729133605957,9.676246643066406,10.002840995788574,9.405137062072754,9.663122177124023,10.080211639404297,10.037492752075195,10.426203727722168,10.247440338134766,10.926627159118652,10.71743392944336,9.63691234588623,10.41691780090332,9.885818481445312,10.113476753234863,10.521958351135254,11.693625450134277,12.661606788635254,11.3600492477417,5.625637054443359,3.6864147186279297
48,0.0,0.0008128776680678129,0.001578739145770669,0.0025454717688262463,8.148541450500488,9.812284469604492,8.831687927246094,8.979557991027832,8.486491203308105,8.472352027893066,9.107396125793457,9.279547691345215,9.79837703704834,10.109715461730957,9.820453643798828,8.992806434631348,9.816062927246094,10.135793685913086,10.84093952178955,10.744237899780273,10.553764343261719,10.33452033996582,11.120011329650879,10.92139720916748,11.88705062866211,12.695868492126465,10.993611335754395,5.396270751953125,3.2403013706207275
49,0.0,0.0009784991852939129,0.0019525914685800672,0.0031596054323017597,8.30146312713623,8.585942268371582,8.795951843261719,9.107834815979004,9.111510276794434,8.86790943145752,8.747550010681152,9.144927978515625,9.917357444763184,9.71729564666748,10.211143493652344,10.400660514831543,9.958013534545898,10.13956069946289,10.875892639160156,10.89097785949707,10.641927719116211,11.983721733093262,10.343799591064453,10.649690628051758,10.54531478881836,12.166838645935059,11.23132038116455,5.894870281219482,3.3254382610321045
50,0.0,0.0006901134038344026,0.0013242338318377733,0.0021164489444345236,8.82103443145752,9.322779655456543,8.819733619689941,9.384203910827637,9.465746879577637,9.21548843383789,9.057282447814941,9.241289138793945,10.090971946716309,10.152668952941895,9.952742576599121,10.100698471069336,10.249735832214355,10.991398811340332,10.706254959106445,10.17730712890625,10.054427146911621,10.881753921508789,11.269200325012207,10.797860145568848,11.606502532958984,12.248044967651367,11.740701675415039,5.2366156578063965,3.547393560409546
51,0.0,0.0009247197303920984,0.0019118080381304026,0.00310938130132854,8.051441192626953,9.275164604187012,9.01700210571289,9.252629280090332,9.20089054107666,8.555981636047363,9.243025779724121,9.382038116455078,9.71730899810791,9.711793899536133,10.17918872833252,10.323664665222168,11.13696575164795,10.065126419067383,9.866093635559082,10.136442184448242,10.683943748474121,11.48581600189209,10.604999542236328,9.778945922851562,10.84207820892334,12.548785209655762,10.897644996643066,5.53589391708374,3.2465412616729736
52,0.0,0.000845984264742583,0.0016393247060477734,0.002689592307433486,8.254714012145996,8.971586227416992,9.076473236083984,9.367947578430176,9.200841903686523,9.530586242675781,9.310412406921387,9.527645111083984,10.340289115905762,10.53665542602539,9.866108894348145,10.672417640686035,10.234911918640137,10.405434608459473,10.246248245239258,10.99887752532959,10.419736862182617,10.638269424438477,9.933143615722656,11.6481294631958,10.967679977416992,11.56395149230957,11.422221183776855,5.621488571166992,3.562654495239258
53,0.0,0.0007318161078728735,0.0014328535180538893,0.0022990298457443714,8.980011940002441,9.134026527404785,9.408836364746094,8.577287673950195,9.155234336853027,9.334770202636719,9.010650634765625,8.508821487426758,10.451881408691406,10.596302032470703,10.322354316711426,9.24794864654541,9.870911598205566,10.9378080368042,9.697855949401855,9.779162406921387,10.286084175109863,10.935738563537598,9.672073364257812,10.421429634094238,11.837681770324707,11.467745780944824,11.094939231872559,5.157309055328369,3.3705503940582275
54,0.0,0.001103791524656117,0.002460424555465579,0.0038318606093525887,8.579671859741211,9.142155647277832,8.488679885864258,9.867156028747559,9.16610050201416,9.569815635681152,8.611703872680664,9.162229537963867,10.432197570800781,10.138044357299805,10.395639419555664,9.27376937866211,10.47863483428955,10.442188262939453,10.393953323364258,10.024857521057129,10.712573051452637,10.357022285461426,11.036152839660645,10.678117752075195,11.33092212677002,12.583855628967285,12.111334800720215,7.611310005187988,4.216617584228516
55,0.0,0.0009551186230964959,0.0019489822443574667,0.003185342065989971,7.481088161468506,8.605142593383789,9.325382232666016,9.309172630310059,9.481391906738281,8.481619834899902,8.013151168823242,9.418350219726562,9.65185832977295,10.261691093444824,10.50635814666748,10.693082809448242,10.690592765808105,10.083261489868164,10.277713775634766,9.456086158752441,10.850080490112305,11.40644645690918,10.537375450134277,10.89218521118164,11.126076698303223,11.85301399230957,11.849549293518066,5.3536176681518555,3.3547286987304688
56,0.0,0.0008951314375735819,0.0017765727825462818,0.0029697525314986706,8.900603294372559,9.471024513244629,9.061049461364746,8.421005249023438,9.438491821289062,9.176745414733887,9.290446281433105,9.331182479858398,9.737920761108398,10.152000427246094,10.883203506469727,10.228963851928711,9.92685317993164,10.312664985656738,10.83472728729248,11.0382661819458,10.28696346282959,10.45007038116455,10.562219619750977,10.69647216796875,11.44148063659668,11.475605010986328,11.472102165222168,5.74239444732666,3.4600236415863037
57,0.0,0.0008278721943497658,0.0016135957557708025,0.0026578688994050026,9.379732131958008,9.255640983581543,9.477423667907715,9.398500442504883,8.511693954467773,9.145401954650879,8.595625877380371,8.17902946472168,10.110761642456055,9.650168418884277,9.901335716247559,10.537975311279297,10.170844078063965,10.997947692871094,10.272537231445312,10.67121696472168,10.060043334960938,10.894067764282227,10.567052841186523,10.934313774108887,11.706998825073242,11.641732215881348,10.62435245513916,5.197884559631348,3.363492250442505
58,0.0,0.0008289380930364132,0.0015410111518576741,0.0024689515121281147,8.865002632141113,8.815295219421387,9.21831226348877,9.4598970413208,8.739550590515137,8.8607759475708,9.632094383239746,8.823908805847168,10.273904800415039,9.898167610168457,9.964174270629883,10.032551765441895,10.693135261535645,10.760414123535156,10.7948637008667,10.401942253112793,10.31348705291748,11.151931762695312,11.145486831665039,11.312477111816406,11.536506652832031,11.475118637084961,11.4128999710083,5.482573509216309,3.4927217960357666
59,0.0,0.0009283091640099883,0.0018916064873337746,0.002970901085063815,8.866164207458496,7.985891819000244,9.104644775390625,8.793089866638184,9.62791633605957,8.871970176696777,9.52198314666748,9.477012634277344,9.502398490905762,9.555096626281738,10.480216026306152,9.822233200073242,10.278290748596191,10.665075302124023,10.578553199768066,10.433526039123535,9.836780548095703,9.83450984954834,10.369169235229492,11.074309349060059,10.916447639465332,11.674004554748535,10.971421241760254,5.931906223297119,3.258451223373413
60,0.0,0.0009501995518803596,0.0018930946243926883,0.0031348755583167076,8.275172233581543,8.607111930847168,8.714302062988281,9.187858581542969,9.083279609680176,8.986611366271973,9.172758102416992,9.010894775390625,10.369553565979004,9.581836700439453,10.161192893981934,9.915783882141113,10.731517791748047,10.641159057617188,10.824517250061035,10.707547187805176,10.295553207397461,9.866791725158691,10.541268348693848,11.312588691711426,11.53675651550293,11.345815658569336,11.75064468383789,4.999251365661621,3.2998318672180176
61,0.0,0.000983892590738833,0.0020022299140691757,0.0033071418292820454,8.505166053771973,8.548471450805664,9.54782772064209,8.914532661437988,9.35644817352295,8.684547424316406,8.835588455200195,8.604777336120605,9.300715446472168,10.599610328674316,10.7285795211792,9.71969223022461,10.576074600219727,9.585633277893066,9.752981185913086,10.650675773620605,10.473244667053223,10.487998962402344,10.954655647277832,10.673209190368652,11.069930076599121,12.749807357788086,12.139517784118652,5.8539137840271,3.3556740283966064
62,0.0,0.0008143013110384345,0.001545172999612987,0.00256093917414546,7.892121315002441,8.729342460632324,9.072551727294922,8.98678970336914,9.580219268798828,9.056326866149902,9.251259803771973,9.654406547546387,10.519562721252441,10.590826034545898,10.077655792236328,9.881659507751465,10.643839836120605,10.312535285949707,10.877567291259766,9.992265701293945,10.79253101348877,10.373764038085938,10.92154598236084,10.975265502929688,11.807633399963379,12.517457008361816,11.946526527404785,6.519014835357666,4.167420864105225
63,0.0,0.0010517260525375605,0.0021612115669995546,0.0036407005973160267,8.46426010131836,8.807244300842285,8.911810874938965,8.980008125305176,9.248248100280762,9.746011734008789,9.050350189208984,9.40577220916748,10.643453598022461,10.020795822143555,10.137938499450684,10.210803031921387,10.59760856628418,9.586669921875,9.813727378845215,10.43614673614502,9.934432029724121,10.466160774230957,10.904363632202148,11.876389503479004,11.893338203430176,12.28442668914795,11.58647632598877,7.91848087310791,5.23549747467041
64,0.0,0.0009133041021414101,0.0019129944266751409,0.003054762491956353,8.700758934020996,8.329129219055176,9.148231506347656,9.163106918334961,8.658074378967285,9.718626976013184,8.927789688110352,9.471796989440918,9.490307807922363,9.81684398651123,9.577893257141113,9.661360740661621,10.249509811401367,10.170967102050781,10.579980850219727,10.574623107910156,9.758465766906738,10.161953926086426,11.102728843688965,10.506887435913086,10.878988265991211,11.836648941040039,11.4729585647583,5.350428581237793,3.1376917362213135
65,0.0,0.0008228953229263425,0.001637167646549642,0.0026317760348320007,8.890774726867676,9.933943748474121,9.115945816040039,8.387733459472656,8.136277198791504,8.8917818069458,9.025924682617188,9.132712364196777,10.038063049316406,9.873031616210938,9.823892593383789,9.704082489013672,10.605535507202148,10.50253963470459,9.990289688110352,10.406122207641602,10.595982551574707,9.45278549194336,10.811834335327148,10.584243774414062,11.15563678741455,11.641694068908691,10.96759033203125,5.304145812988281,3.510570526123047
66,0.0,0.0008905542199499905,0.0018111629178747535,0.0027982578612864017,8.782485008239746,9.672769546508789,8.961304664611816,8.98720645904541,9.421131134033203,8.549054145812988,8.390295028686523,8.870195388793945,9.675588607788086,10.172857284545898,10.554797172546387,10.449652671813965,10.600934982299805,9.8744535446167,11.084709167480469,10.412306785583496,10.33629322052002,10.565998077392578,11.201554298400879,10.781184196472168,11.1810302734375,12.40962028503418,11.658371925354004,5.734379291534424,3.5824825763702393
67,0.0,0.0007717032567597926,0.0014833546010777354,0.002383512444794178,8.72989273071289,9.034313201904297,9.422204971313477,9.44411563873291,8.7313871383667,8.795949935913086,9.421907424926758,8.72004222869873,9.756811141967773,9.958837509155273,10.446117401123047,9.90742301940918,9.959729194641113,10.477177619934082,10.820119857788086,10.923810958862305,11.369800567626953,10.60832691192627,10.579090118408203,11.325347900390625,11.226664543151855,11.063940048217773,11.18440055847168,5.115304946899414,3.348006010055542
68,0.0,0.0009256110643036664,0.0018995852442458272,0.0030874607618898153,8.52673053741455,9.018031120300293,8.857399940490723,8.936301231384277,8.680191993713379,8.323349952697754,8.898005485534668,8.785233497619629,9.104874610900879,10.18303394317627,9.77377700805664,10.36861801147461,10.966824531555176,9.953441619873047,10.472250938415527,10.353513717651367,10.506555557250977,10.57128620147705,10.667075157165527,10.335506439208984,11.707380294799805,12.406285285949707,12.174338340759277,6.808749675750732,3.8984880447387695
69,0.0,0.000980228534899652,0.001995534636080265,0.003219658974558115,8.619121551513672,8.882078170776367,8.543931007385254,9.391763687133789,8.943903923034668,8.63645076751709,9.53174877166748,8.89036750793457,10.0068998336792,10.323568344116211,9.951869010925293,10.364326477050781,9.526957511901855,9.969359397888184,10.329514503479004,9.965835571289062,10.545607566833496,10.41125202178955,10.007943153381348,10.944583892822266,11.23302936553955,12.931717872619629,11.575553894042969,5.409079074859619,3.329761028289795
70,0.0,0.0009173880680464208,0.001821076963096857,0.0029109083116054535,8.627080917358398,9.155783653259277,9.359416961669922,9.487777709960938,9.357139587402344,9.340219497680664,9.186882972717285,9.250475883483887,9.403672218322754,10.145105361938477,10.506912231445312,9.832932472229004,10.224122047424316,10.489890098571777,10.43847370147705,9.90644359588623,10.168913841247559,9.874369621276855,10.969230651855469,10.658023834228516,11.278965950012207,12.274538040161133,10.667763710021973,5.543521881103516,3.4855713844299316
71,0.0,0.000861792010255158,0.0016786445630714297,0.0027462830767035484,8.577315330505371,8.872980117797852,8.52713394165039,8.563207626342773,9.504499435424805,9.796052932739258,9.28993034362793,8.421552658081055,9.993718147277832,9.399633407592773,10.195539474487305,10.552523612976074,10.74777603149414,10.204339981079102,10.288348197937012,10.54411506652832,10.645041465759277,10.323101997375488,10.678839683532715,11.706009864807129,11.091083526611328,11.458175659179688,11.064957618713379,5.995090484619141,3.5478532314300537
72,0.0,0.000833498255815357,0.0015918598510324955,0.0024780037347227335,8.638609886169434,9.24736213684082,9.080257415771484,9.255864143371582,9.040488243103027,8.953582763671875,9.331351280212402,9.27949047088623,9.805760383605957,10.12539291381836,9.926526069641113,9.87636947631836,9.995309829711914,10.597938537597656,9.750250816345215,10.162994384765625,9.914081573486328,9.756264686584473,10.180547714233398,10.425832748413086,10.942422866821289,10.986271858215332,10.839519500732422,5.515149116516113,3.5724241733551025
73,0.0,0.0007470575510524213,0.0014862772077322006,0.0024061508011072874,9.340641021728516,8.847761154174805,9.429890632629395,8.448065757751465,8.674759864807129,9.28553581237793,9.177555084228516,8.840319633483887,10.24788761138916,11.007112503051758,10.105693817138672,9.3141508102417,9.65299129486084,10.306151390075684,10.571866035461426,10.42276382446289,10.270896911621094,11.08103084564209,9.995172500610352,10.877822875976562,11.68901252746582,12.15131664276123,11.279623031616211,4.966489791870117,3.2132985591888428
74,0.0,0.000919092446565628,0.0018724593101069331,0.002992133377119899,8.251646995544434,9.107219696044922,9.056829452514648,9.044278144836426,9.231340408325195,8.887238502502441,8.758084297180176,9.130003929138184,10.103269577026367,10.175152778625488,10.712718963623047,9.627349853515625,10.142004013061523,10.422250747680664,10.509977340698242,10.445110321044922,10.68350601196289,10.645621299743652,10.61852741241455,10.189156532287598,11.88916301727295,12.111294746398926,11.610276222229004,5.1435465812683105,3.343477249145508
75,0.0,0.0008700627367943525,0.0016862633638083935,0.002844457747414708,8.301191329956055,8.634764671325684,8.769153594970703,8.236126899719238,8.519002914428711,9.051411628723145,8.546595573425293,8.392830848693848,9.988383293151855,10.092463493347168,9.922561645507812,9.8998384475708,10.543067932128906,10.423044204711914,9.593011856079102,10.16594409942627,10.48781681060791,10.239326477050781,11.510666847229004,10.869877815246582,11.03474235534668,11.776644706726074,11.360194206237793,5.631165504455566,3.672595739364624
76,0.0,0.0011728359386324883,0.0024030678905546665,0.004235269967466593,9.346261024475098,8.491003036499023,9.488847732543945,9.221151351928711,8.86653995513916,8.906972885131836,9.082152366638184,8.867276191711426,9.85898494720459,10.29520034790039,9.51598072052002,9.718385696411133,10.595438003540039,10.273407936096191,11.048871040344238,9.856151580810547,10.624414443969727,11.115077018737793,10.639018058776855,12.234110832214355,11.743010520935059,12.417489051818848,11.045310974121094,6.5185627937316895,4.691775798797607
77,0.0,0.0009934044210240245,0.0019985532853752375,0.0032226264011114836,8.488176345825195,9.281567573547363,9.649383544921875,8.775644302368164,8.501592636108398,9.49488639831543,9.340276718139648,9.293777465820312,9.205728530883789,10.512271881103516,10.46800422668457,10.248834609985352,10.770278930664062,10.981315612792969,9.990702629089355,9.987592697143555,10.284289360046387,10.208160400390625,10.220279693603516,10.633304595947266,10.969785690307617,11.85499095916748,11.12829875946045,5.129738807678223,3.0482866764068604
78,0.0,0.0012205573730170727,0.002398434095084667,0.0038398944307118654,7.92990779876709,8.188058853149414,8.826797485351562,8.59980297088623,9.16525650024414,9.109455108642578,8.78847885131836,8.878355026245117,10.489988327026367,9.897003173828125,9.761967658996582,10.346193313598633,10.46729564666748,11.077140808105469,10.936310768127441,10.392457008361816,10.993672370910645,10.019567489624023,10.454222679138184,9.736289978027344,10.863778114318848,11.55238151550293,10.357826232910156,5.263778209686279,3.0737481117248535
79,0.0,0.0008676659781485796,0.0016994564794003963,0.002832848811522126,8.816189765930176,8.56591510772705,9.152259826660156,8.99105167388916,10.075454711914062,8.245932579040527,9.470868110656738,8.565291404724121,10.575725555419922,10.567863464355469,10.224647521972656,9.727495193481445,10.343976974487305,10.52794361114502,11.205655097961426,10.769335746765137,11.14783763885498,11.102396965026855,11.041960716247559,10.810140609741211,12.105691909790039,11.093402862548828,10.26779556274414,5.172793388366699,3.1288843154907227
80,0.0,0.0011858229991048574,0.002412297297269106,0.0041487934067845345,8.327824592590332,9.903985023498535,9.469647407531738,9.528131484985352,8.626258850097656,8.994195938110352,9.496971130371094,9.577516555786133,10.086557388305664,10.24560832977295,10.007863998413086,9.920205116271973,9.644415855407715,9.729236602783203,11.3966703414917,10.322015762329102,9.77920150756836,10.761219024658203,10.237614631652832,10.693185806274414,11.83887004852295,12.34013557434082,11.867125511169434,6.813014030456543,4.105927467346191
81,0.0,0.0009329554159194231,0.0017959850374609232,0.0030572526156902313,7.97899866104126,8.747260093688965,9.208757400512695,8.620379447937012,8.333236694335938,9.052005767822266,9.383160591125488,9.73094367980957,9.955572128295898,10.239328384399414,9.90538501739502,10.415994644165039,11.10866641998291,11.313497543334961,11.22085952758789,10.999398231506348,11.558799743652344,10.544412612915039,11.129582405090332,9.852693557739258,12.150572776794434,11.539217948913574,10.92533016204834,5.315250396728516,3.332268238067627
82,0.0,0.0007535032345913351,0.0014729826943948865,0.0024228848051279783,7.738179683685303,9.591364860534668,9.044791221618652,8.925806999206543,8.746722221374512,8.891385078430176,9.360099792480469,9.013195037841797,9.38757038116455,10.642074584960938,10.312053680419922,10.007903099060059,10.449873924255371,9.793046951293945,9.697904586791992,10.440291404724121,10.226509094238281,10.421125411987305,10.306903839111328,11.091021537780762,10.966238975524902,11.722626686096191,10.94444465637207,5.387800693511963,3.510366916656494
83,0.0,0.0008176608243957162,0.0016142313834279776,0.0026098687667399645,9.53077220916748,9.011856079101562,9.088025093078613,8.53640079498291,9.163008689880371,9.683253288269043,9.398271560668945,9.212828636169434,10.123639106750488,9.960655212402344,10.090836524963379,9.774516105651855,10.4579496383667,10.042861938476562,10.055862426757812,10.272436141967773,10.454920768737793,9.748387336730957,10.339285850524902,10.628204345703125,10.949482917785645,12.412992477416992,12.24134635925293,5.347959041595459,3.342360496520996
84,0.0,0.0008265787619166076,0.0017059360397979617,0.002666250802576542,8.648834228515625,8.894306182861328,9.412749290466309,9.026267051696777,9.234779357910156,9.964740753173828,9.244848251342773,8.14460277557373,9.946844100952148,10.058938026428223,10.222721099853516,9.55525016784668,10.055329322814941,10.113137245178223,10.574307441711426,11.245826721191406,10.992685317993164,9.75967788696289,11.454153060913086,10.992350578308105,11.630008697509766,11.89797306060791,11.693685531616211,5.680041313171387,3.7101032733917236
85,0.0,0.0009138070745393634,0.0018502004677429795,0.002929230220615864,8.927937507629395,9.213040351867676,8.733858108520508,9.183320045471191,8.744270324707031,8.59433650970459,8.915804862976074,8.662455558776855,10.080004692077637,10.024314880371094,9.842622756958008,8.995062828063965,10.354129791259766,10.510016441345215,10.669431686401367,10.284814834594727,9.985852241516113,10.615873336791992,10.522162437438965,10.475533485412598,11.023533821105957,11.450508117675781,11.23645305633545,6.133224010467529,3.7456750869750977
86,0.0,0.0009173409780487418,0.0017905097920447588,0.002852031262591481,8.138113021850586,8.84036922454834,9.781147003173828,9.285436630249023,8.895095825195312,9.412201881408691,8.548316955566406,9.33436393737793,9.251391410827637,10.22754192352295,8.91396713256836,9.898727416992188,10.101696014404297,10.612380981445312,11.179136276245117,10.62333869934082,10.25893497467041,10.592879295349121,10.417118072509766,10.872279167175293,9.878398895263672,12.191387176513672,11.295953750610352,6.398265361785889,4.20924186706543
87,0.0,0.0012048081262037158,0.002398935379460454,0.0038695756811648607,7.905385971069336,8.579480171203613,8.796008110046387,8.69978141784668,9.346809387207031,8.154836654663086,9.26343059539795,8.873281478881836,9.811084747314453,10.428190231323242,10.19772720336914,9.725523948669434,9.548662185668945,10.423856735229492,10.882881164550781,10.00500774383545,11.354643821716309,10.816119194030762,10.27857494354248,11.091684341430664,11.589028358459473,12.026598930358887,11.379992485046387,5.466231346130371,3.310002565383911
88,0.0,0.0009542705956846476,0.0018548562657088041,0.0030264912638813257,8.320271492004395,8.95582103729248,9.284345626831055,8.813220977783203,9.01030445098877,9.250791549682617,8.985431671142578,9.37307071685791,9.873916625976562,9.70518684387207,10.318984985351562,10.38176441192627,11.084365844726562,10.23811149597168,10.308039665222168,9.765176773071289,10.01319694519043,10.451462745666504,10.441383361816406,11.440214157104492,11.872458457946777,12.036224365234375,11.539762496948242,5.457870960235596,3.3180878162384033
89,0.0,0.000710312626324594,0.0014018554938957095,0.002239169552922249,8.944893836975098,9.10700798034668,8.964613914489746,9.053058624267578,9.111445426940918,8.692557334899902,8.82948112487793,9.212019920349121,10.14070987701416,9.621084213256836,9.626570701599121,10.17293643951416,9.521414756774902,9.92216682434082,10.95850658416748,9.718382835388184,10.230904579162598,10.591711044311523,10.814631462097168,10.387689590454102,10.432575225830078,11.765865325927734,11.53764533996582,5.032442569732666,3.3730320930480957
90,0.0,0.0009036943083629012,0.0018204465741291642,0.0029787232633680105,8.735820770263672,9.226550102233887,8.64335823059082,8.64432430267334,8.983760833740234,8.780279159545898,8.468850135803223,8.780579566955566,9.75203800201416,9.892987251281738,10.113151550292969,9.681707382202148,10.912467002868652,10.43889331817627,10.63294792175293,10.207164764404297,10.00734806060791,10.101956367492676,10.346639633178711,10.611268997192383,10.654273986816406,11.682357788085938,11.28948974609375,6.402429580688477,3.973123788833618
91,0.0,0.0008330567507073283,0.0017241202294826508,0.002744839759543538,8.270523071289062,8.70761775970459,8.749502182006836,8.391651153564453,9.239912986755371,8.685639381408691,10.43290901184082,9.602529525756836,9.23308277130127,9.972009658813477,10.249605178833008,11.370927810668945,10.682711601257324,10.745838165283203,10.782654762268066,9.89322280883789,10.777487754821777,10.352195739746094,10.776135444641113,10.776694297790527,11.006229400634766,11.575923919677734,11.04401969909668,5.437893867492676,3.318634033203125
92,0.0,0.0008309364784508944,0.0016719992272555828,0.00265761511400342,7.774162292480469,9.42841625213623,8.741506576538086,8.86223030090332,9.000924110412598,9.622377395629883,10.27214527130127,8.316611289978027,10.098740577697754,9.849674224853516,9.82349967956543,10.565948486328125,10.380035400390625,10.801804542541504,10.561307907104492,10.357389450073242,9.684346199035645,10.980705261230469,11.463892936706543,11.21320629119873,11.289958000183105,11.498577117919922,11.269289016723633,5.58126974105835,3.8118457794189453
93,0.0,0.000887920381501317,0.0017800539499148726,0.002965315943583846,9.020153045654297,8.508084297180176,8.476990699768066,9.150384902954102,9.058791160583496,8.580513954162598,8.99758243560791,8.34921932220459,9.343432426452637,10.596549987792969,10.199594497680664,10.463698387145996,10.82709789276123,10.538586616516113,10.465920448303223,10.077590942382812,10.626801490783691,10.169485092163086,10.132189750671387,10.711748123168945,11.168366432189941,12.573613166809082,11.462388038635254,5.738087177276611,3.720900058746338
94,0.0,0.0009029927314259112,0.0017124612350016832,0.002967295702546835,8.101776123046875,9.127649307250977,8.935406684875488,8.567668914794922,8.56910228729248,9.52042293548584,9.423113822937012,8.627676963806152,10.076631546020508,9.497292518615723,10.917088508605957,10.345404624938965,10.481377601623535,10.12847900390625,10.52603816986084,9.780250549316406,10.476470947265625,10.681079864501953,11.030943870544434,11.653937339782715,11.461071968078613,11.871932983398438,11.670021057128906,5.8071088790893555,3.802583694458008
95,0.0,0.0007600828539580107,0.0015359240351244807,0.0024029097985476255,8.094334602355957,8.968551635742188,9.734158515930176,9.324396133422852,9.020893096923828,9.377605438232422,8.728988647460938,8.668944358825684,9.643818855285645,10.257819175720215,9.50953197479248,9.177558898925781,10.798130989074707,10.590564727783203,10.08318042755127,10.258359909057617,10.815884590148926,9.838244438171387,11.269556045532227,10.226014137268066,10.796319007873535,12.165984153747559,11.79173469543457,5.614566326141357,3.610224723815918
96,0.0,0.000966577441431582,0.0019739673007279634,0.0032740829046815634,8.63163948059082,9.046879768371582,9.25004768371582,8.941548347473145,8.681024551391602,8.956070899963379,9.527738571166992,8.24781608581543,9.717275619506836,10.900821685791016,9.973311424255371,10.167695045471191,10.16485595703125,9.953932762145996,11.021387100219727,10.438733100891113,10.351323127746582,10.675586700439453,11.513458251953125,11.205260276794434,11.814981460571289,11.447250366210938,11.203400611877441,6.267963409423828,3.3873114585876465
97,0.0,0.0008650615345686674,0.001690447679720819,0.002784488955512643,8.489402770996094,9.47165298461914,9.085687637329102,8.90173053741455,9.352234840393066,9.23669147491455,8.252129554748535,9.649227142333984,9.799681663513184,9.584043502807617,9.585758209228516,10.695366859436035,10.917791366577148,10.313128471374512,10.007153511047363,11.033711433410645,11.157551765441895,9.844144821166992,10.26957893371582,11.106040000915527,11.034525871276855,11.980652809143066,11.59623908996582,6.382404804229736,4.214282989501953
98,0.0,0.0007521928055211902,0.0014925625873729587,0.0024701508227735758,9.090304374694824,9.511322975158691,8.83656120300293,9.721037864685059,8.707554817199707,8.697121620178223,9.179349899291992,9.914717674255371,9.777438163757324,10.749358177185059,10.464332580566406,10.698821067810059,9.96270751953125,10.093533515930176,10.78545093536377,10.818565368652344,10.00858211517334,10.287444114685059,11.085314750671387,10.720303535461426,11.990439414978027,12.652727127075195,11.8760986328125,5.968286991119385,3.702951192855835
99,0.0,0.0009167398675344884,0.0017563124420121312,0.002919847145676613,8.310298919677734,9.060047149658203,8.843889236450195,8.988325119018555,8.360099792480469,9.298860549926758,8.366378784179688,8.8814115524292,10.01157283782959,9.874409675598145,10.224614143371582,9.28184986114502,10.203853607177734,10.695114135742188,10.387529373168945,10.412996292114258,9.895465850830078,10.45864486694336,9.91810417175293,11.926482200622559,10.882722854614258,10.993982315063477,10.722490310668945,5.112336158752441,3.1484375
100,0.0,0.0008173722308129072,0.0016750693321228027,0.0025988875422626734,8.379438400268555,8.913873672485352,9.059446334838867,9.788070678710938,8.643930435180664,9.448310852050781,8.513253211975098,8.512683868408203,9.41427230834961,9.725740432739258,10.704708099365234,9.75669002532959,10.188009262084961,9.22130298614502,9.951199531555176,9.947154998779297,10.779117584228516,10.535289764404297,10.454031944274902,11.268142700195312,11.442662239074707,12.59184455871582,11.08710765838623,5.919774532318115,3.871739387512207
101,0.0,0.0007644180441275239,0.0015136111760511994,0.002470302628353238,8.221908569335938,8.523198127746582,8.604342460632324,8.8273286819458,9.01816463470459,9.88955307006836,9.081807136535645,8.901741027832031,10.088644027709961,10.136456489562988,9.713751792907715,11.309146881103516,10.751145362854004,10.468863487243652,10.344968795776367,11.333110809326172,10.251774787902832,9.429640769958496,9.869065284729004,10.463240623474121,11.165639877319336,11.875375747680664,11.514780044555664,5.771914482116699,3.8989927768707275
102,0.0,0.0008430453017354012,0.0016651181504130363,0.0026206232141703367,7.831137657165527,9.663915634155273,9.023055076599121,9.238101959228516,9.671658515930176,8.668193817138672,8.39758586883545,9.148090362548828,10.4321928024292,10.63147258758545,9.71947193145752,9.841672897338867,10.912542343139648,10.821396827697754,10.449886322021484,11.04382038116455,10.422639846801758,10.439199447631836,10.434727668762207,11.66299057006836,11.735746383666992,12.130428314208984,11.00158405303955,5.269522666931152,3.318242311477661
103,0.0,0.0008649940718896687,0.0016534755704924464,0.002711924258619547,8.49193000793457,8.945384979248047,10.002029418945312,8.835705757141113,8.836546897888184,9.304262161254883,8.719047546386719,9.155131340026855,9.463750839233398,9.888434410095215,10.476506233215332,10.047008514404297,10.918525695800781,10.810079574584961,10.724417686462402,10.05439281463623,10.344236373901367,10.566655158996582,10.847107887268066,10.679207801818848,12.047033309936523,11.722004890441895,11.861471176147461,5.492969036102295,3.53482723236084
104,0.0,0.0009947012877091765,0.0020739794708788395,0.0033481649588793516,8.377961158752441,8.389562606811523,8.891321182250977,9.364986419677734,9.159701347351074,10.045799255371094,8.746331214904785,9.638082504272461,10.14590835571289,9.951963424682617,10.495338439941406,10.4635648727417,9.949305534362793,10.876350402832031,10.169716835021973,9.46859073638916,9.908943176269531,10.63192081451416,10.817441940307617,10.663344383239746,11.42971420288086,12.176374435424805,11.250856399536133,5.200440883636475,3.17718505859375
105,0.0,0.0008055782527662814,0.001539810560643673,0.002424551174044609,8.512540817260742,8.73194408416748,8.956972122192383,8.617375373840332,8.447736740112305,9.53718090057373,8.985063552856445,9.485706329345703,9.857548713684082,10.465092658996582,10.559211730957031,10.078661918640137,10.566875457763672,10.775339126586914,10.436001777648926,10.05704116821289,10.177092552185059,10.757237434387207,10.197604179382324,10.930646896362305,11.657535552978516,11.811800956726074,11.5487060546875,5.467337131500244,3.629718542098999
106,0.0,0.0009284747648052871,0.0017958112293854356,0.0028874517884105444,8.13455581665039,8.818388938903809,9.583974838256836,8.786227226257324,8.08853816986084,8.734818458557129,8.41589641571045,9.050264358520508,9.82226276397705,10.395797729492188,10.509653091430664,9.856901168823242,10.017477035522461,10.438582420349121,10.282369613647461,10.675774574279785,10.862544059753418,10.44658088684082,10.728618621826172,12.360895156860352,11.244823455810547,12.4819974899292,11.491082191467285,5.841372489929199,3.4743194580078125
107,0.0,0.0010158562799915671,0.002029343042522669,0.003334526903927326,8.774664878845215,8.982648849487305,8.919004440307617,8.721123695373535,8.914698600769043,9.468998908996582,9.533814430236816,9.328478813171387,10.079323768615723,10.463180541992188,9.903519630432129,9.700567245483398,10.594980239868164,9.95012378692627,10.614826202392578,10.563840866088867,10.082450866699219,10.205957412719727,9.599655151367188,10.770276069641113,10.735794067382812,11.871070861816406,10.37276840209961,5.2513275146484375,2.971161365509033
108,0.0,0.000834996229968965,0.001670876401476562,0.0027261367067694664,8.17320442199707,8.5792818069458,9.099547386169434,8.582622528076172,8.611929893493652,8.954215049743652,9.541582107543945,8.517658233642578,9.400580406188965,9.881745338439941,10.77486515045166,9.678703308105469,10.501479148864746,9.777681350708008,10.433578491210938,10.150379180908203,10.284489631652832,11.176363945007324,10.52369213104248,11.578731536865234,10.597014427185059,12.264739036560059,11.421921730041504,5.336302280426025,3.2198140621185303
109,0.0,0.0009625282837077975,0.001944690477102995,0.003097978187724948,8.509536743164062,9.823295593261719,9.707993507385254,8.269268035888672,8.653931617736816,9.001773834228516,8.909199714660645,8.785500526428223,9.344970703125,10.414250373840332,10.215571403503418,10.023551940917969,9.648340225219727,10.359892845153809,10.206031799316406,10.971455574035645,9.647602081298828,10.694381713867188,10.592480659484863,11.445427894592285,10.920692443847656,11.936535835266113,11.865367889404297,6.990564823150635,4.424015998840332
110,0.0,0.0008328413241542876,0.0015861773863434792,0.002524149138480425,8.209972381591797,8.631170272827148,8.481428146362305,8.981985092163086,8.938920021057129,9.188027381896973,9.417684555053711,8.913195610046387,9.773152351379395,9.454340934753418,9.594340324401855,10.45264720916748,10.293760299682617,10.545821189880371,10.765303611755371,10.408957481384277,10.235133171081543,10.647878646850586,11.102104187011719,10.50139331817627,11.404801368713379,12.083099365234375,11.250007629394531,5.582500457763672,3.4074251651763916
111,0.0,0.000863867811858654,0.0016979547217488289,0.0027521431911736727,9.03808307647705,9.788847923278809,9.023326873779297,9.248729705810547,9.336557388305664,8.523675918579102,9.507415771484375,9.022186279296875,9.83686351776123,10.140069961547852,9.483723640441895,10.077771186828613,10.675155639648438,10.685897827148438,10.392870903015137,10.01206111907959,9.968489646911621,10.299400329589844,11.115643501281738,11.007243156433105,10.479092597961426,11.209582328796387,11.336496353149414,5.242170333862305,3.1653873920440674
112,0.0,0.000767365621868521,0.0014506207080557942,0.002442442113533616,8.30721664428711,8.87540340423584,9.803238868713379,9.074179649353027,8.354736328125,9.190224647521973,9.130837440490723,9.540151596069336,9.403270721435547,9.808627128601074,9.99345874786377,10.392745018005371,11.098772048950195,10.563451766967773,10.702293395996094,10.98259449005127,10.83802604675293,9.425355911254883,10.887365341186523,10.781551361083984,10.928230285644531,11.296799659729004,11.378692626953125,5.079098224639893,3.3126678466796875
113,0.0,0.0008957516402006149,0.0018858042312785983,0.0029009131249040365,8.446715354919434,9.337506294250488,8.753654479980469,9.285250663757324,9.285426139831543,8.975774765014648,8.954426765441895,9.558427810668945,9.372306823730469,9.990775108337402,10.063801765441895,10.286750793457031,10.594916343688965,10.37578010559082,9.765437126159668,9.499845504760742,9.705160140991211,10.539112091064453,11.243227005004883,11.643939971923828,11.680991172790527,11.83556079864502,11.549342155456543,5.681865692138672,3.7907521724700928
114,0.0,0.000856999191455543,0.0017365238163620234,0.0027644101064652205,9.391973495483398,9.450940132141113,8.914216041564941,8.855560302734375,8.950128555297852,9.972467422485352,8.634300231933594,9.47126579284668,9.719532012939453,9.902229309082031,10.29932689666748,10.52315616607666,10.201720237731934,9.79737377166748,10.94788932800293,9.936994552612305,9.903205871582031,10.127211570739746,11.096609115600586,10.893202781677246,11.60452938079834,12.0093412399292,10.982878684997559,5.195952892303467,3.220353603363037
115,0.0,0.0008574114181101322,0.0016524349339306355,0.0026604796294122934,9.028477668762207,8.996291160583496,9.131422996520996,9.530214309692383,9.201324462890625,8.853569030761719,8.946615219116211,9.199971199035645,9.8718843460083,9.759002685546875,9.92166805267334,10.496665000915527,10.287908554077148,10.680009841918945,10.254738807678223,10.094474792480469,9.239775657653809,9.936586380004883,10.600885391235352,11.053784370422363,10.627479553222656,12.24807071685791,11.68358325958252,5.247385025024414,3.153604745864868
116,0.0,0.0007834896096028388,0.0015063326572999358,0.0023732513654977083,8.623215675354004,9.53136920928955,8.659469604492188,8.991118431091309,9.33413314819336,9.028656005859375,8.578078269958496,9.222970962524414,10.214826583862305,10.296481132507324,9.449206352233887,9.741236686706543,10.717188835144043,10.753798484802246,10.602889060974121,11.027777671813965,10.535416603088379,10.298824310302734,10.868593215942383,11.374711036682129,11.320064544677734,11.750112533569336,11.146297454833984,6.038942813873291,4.02107048034668
117,0.0,0.0008252590196207166,0.001615471439436078,0.002614291151985526,8.347893714904785,8.401613235473633,8.536819458007812,9.485161781311035,9.525010108947754,8.837980270385742,9.560774803161621,9.777654647827148,9.360844612121582,11.090078353881836,10.156582832336426,9.114402770996094,10.907625198364258,10.568999290466309,10.540644645690918,9.854777336120605,10.966073989868164,10.259686470031738,10.399066925048828,11.149211883544922,11.363761901855469,12.127752304077148,11.127367973327637,5.448519706726074,3.395714282989502
118,0.0,0.0007921365322545171,0.0015801478875800967,0.0025519714690744877,8.39004135131836,8.903169631958008,9.30061149597168,8.57367992401123,8.480243682861328,9.129189491271973,9.429888725280762,8.704681396484375,10.706621170043945,10.21220588684082,10.150510787963867,9.716766357421875,10.042338371276855,10.748031616210938,10.053268432617188,9.963369369506836,11.107467651367188,10.399696350097656,10.223438262939453,11.170934677124023,11.604049682617188,11.612252235412598,11.47305679321289,5.201990127563477,3.3958373069763184
119,0.0,0.000850232201628387,0.0016625764546915889,0.002791895531117916,8.741223335266113,9.156645774841309,8.564688682556152,9.50191879272461,8.970086097717285,8.832134246826172,8.946603775024414,9.18010425567627,10.344574928283691,9.789302825927734,10.14513874053955,9.843863487243652,9.914788246154785,10.52132511138916,10.235657691955566,10.356795310974121,10.15153980255127,10.928543090820312,10.418525695800781,12.293423652648926,11.274992942810059,12.226746559143066,10.503705978393555,5.190390586853027,3.25620436668396
120,0.0,0.0009152856073342264,0.0018093730323016644,0.0028839821461588144,8.173064231872559,8.830972671508789,9.358872413635254,9.183930397033691,9.508026123046875,8.739619255065918,9.231346130371094,9.060782432556152,9.98980712890625,10.245720863342285,10.12827205657959,9.683332443237305,10.588665962219238,10.091337203979492,10.317874908447266,10.124676704406738,11.292601585388184,10.432414054870605,10.74830150604248,11.396388053894043,11.674971580505371,12.831188201904297,11.219355583190918,5.894404411315918,4.049637317657471
121,0.0,0.0008430037996731699,0.0016827910440042615,0.0026565848384052515,8.375797271728516,9.262228965759277,9.609346389770508,9.385186195373535,9.166542053222656,9.381211280822754,9.725516319274902,9.28947925567627,9.701275825500488,10.661272048950195,10.325262069702148,10.052508354187012,10.580778121948242,10.85666275024414,11.096576690673828,10.329072952270508,10.388145446777344,10.814577102661133,10.944147109985352,10.599366188049316,11.231573104858398,11.808682441711426,11.333303451538086,4.874363899230957,3.1147725582122803
122,0.0,0.0008980912389233708,0.0017596968682482839,0.0028871383983641863,8.707972526550293,8.965795516967773,9.193445205688477,8.660970687866211,9.043678283691406,8.509170532226562,9.576745986938477,9.281197547912598,8.720654487609863,9.104645729064941,10.025445938110352,10.311141967773438,10.633063316345215,9.777555465698242,10.973550796508789,10.4625883102417,10.105302810668945,10.596144676208496,9.921008110046387,10.867924690246582,11.738018989562988,11.933660507202148,10.968676567077637,5.9363908767700195,3.5150389671325684
123,0.0,0.0008462348487228155,0.0017165268072858453,0.0028111585415899754,8.738525390625,8.582758903503418,8.305168151855469,9.798050880432129,9.244707107543945,9.464448928833008,8.648744583129883,9.107812881469727,9.56952953338623,10.590307235717773,10.722304344177246,9.946111679077148,9.583404541015625,10.631819725036621,10.580022811889648,10.643478393554688,10.368571281433105,10.221016883850098,10.739652633666992,10.734286308288574,11.139739990234375,12.334940910339355,12.031784057617188,6.850152492523193,4.683672904968262
124,0.0,0.0009033428505063057,0.0017887448193505406,0.002967662177979946,8.668496131896973,8.655170440673828,8.725200653076172,9.264697074890137,8.797694206237793,9.030757904052734,8.738839149475098,9.235023498535156,10.087603569030762,9.637664794921875,10.071407318115234,9.413150787353516,11.02962589263916,10.73590087890625,10.210309028625488,10.448739051818848,10.259228706359863,10.085803985595703,10.374964714050293,10.729737281799316,11.44806957244873,12.06799602508545,11.809806823730469,6.350251197814941,4.124820709228516
125,0.0,0.0010382042964920402,0.0020763897337019444,0.0034840188454836607,7.928024768829346,8.086949348449707,8.577496528625488,8.561182975769043,8.668478965759277,8.967894554138184,9.317549705505371,9.539752006530762,9.570037841796875,9.830909729003906,9.862408638000488,10.027531623840332,10.360020637512207,10.306417465209961,9.726363182067871,10.30686092376709,10.194297790527344,10.272255897521973,10.559185981750488,10.867100715637207,11.32027816772461,11.887308120727539,11.992565155029297,6.484939098358154,3.834742784500122
126,0.0,0.0007650524494238198,0.0014430158771574497,0.002434898167848587,8.435261726379395,8.752346992492676,9.53409194946289,8.733377456665039,9.135451316833496,8.713874816894531,9.201676368713379,9.000232696533203,9.89064884185791,10.197341918945312,10.20142650604248,9.7809476852417,10.55884075164795,10.071137428283691,9.746500015258789,11.078927993774414,9.965015411376953,10.395000457763672,10.564148902893066,11.508870124816895,10.81654167175293,12.255964279174805,11.07345962524414,5.367574691772461,3.496896982192993
127,0.0,0.0011123326839879155,0.0025194939225912094,0.004245100077241659,8.673137664794922,8.940549850463867,9.7929048538208,9.128052711486816,9.17623519897461,8.994827270507812,8.281245231628418,8.344879150390625,9.600475311279297,9.997161865234375,10.239012718200684,10.229856491088867,10.457526206970215,11.03235149383545,9.838644981384277,9.62918472290039,9.97724437713623,10.251355171203613,10.781810760498047,11.590055465698242,12.176909446716309,11.230633735656738,11.290120124816895,6.398012161254883,3.882459878921509
128,0.0,0.0010845420183613896,0.0022583589889109135,0.0035877900663763285,8.447755813598633,8.923836708068848,9.4334716796875,9.519604682922363,8.62071418762207,9.085502624511719,9.19721508026123,9.58132553100586,10.172994613647461,10.377565383911133,9.586751937866211,9.844504356384277,10.257234573364258,10.150738716125488,9.405217170715332,10.591691970825195,9.416160583496094,10.937413215637207,10.858410835266113,10.78268814086914,11.048707008361816,12.752439498901367,11.154922485351562,6.50359582901001,4.04033088684082
129,0.0,0.0008610610384494066,0.0017304439097642899,0.0028989315032958984,8.792459487915039,9.361369132995605,8.334759712219238,9.070199966430664,8.738709449768066,8.825420379638672,9.65471363067627,9.284412384033203,10.437543869018555,9.684708595275879,10.346946716308594,10.242183685302734,9.770356178283691,10.80352783203125,11.027647972106934,10.100543975830078,10.349684715270996,9.799684524536133,11.553467750549316,11.745689392089844,12.585295677185059,12.399551391601562,10.980051040649414,5.342905521392822,3.263103723526001
130,0.0,0.000909326015971601,0.001795157790184021,0.002935214200988412,8.761305809020996,9.387870788574219,9.231951713562012,9.34730052947998,8.775228500366211,8.702984809875488,9.397302627563477,9.105857849121094,9.550763130187988,10.424542427062988,10.381473541259766,9.592047691345215,9.829583168029785,10.361699104309082,11.002635955810547,10.4955472946167,9.998896598815918,11.051133155822754,11.157164573669434,10.964568138122559,12.120972633361816,11.916687965393066,12.03107738494873,6.435937881469727,4.273238182067871
131,0.0,0.0009399760165251791,0.001937786233611405,0.0029963573906570673,8.723922729492188,9.320515632629395,8.741954803466797,8.23298168182373,8.485145568847656,9.59237289428711,9.2523832321167,9.024989128112793,9.269041061401367,10.030223846435547,10.011030197143555,10.2298002243042,10.924015998840332,9.88892936706543,10.607479095458984,10.492945671081543,10.181892395019531,10.334692001342773,10.971314430236816,10.775788307189941,11.882715225219727,12.151103019714355,11.558051109313965,6.156445503234863,3.782414197921753
132,0.0,0.000802190916147083,0.001570811145938933,0.0025147534906864166,8.151366233825684,9.186436653137207,8.122357368469238,8.194327354431152,8.83767318725586,8.606799125671387,8.596153259277344,8.914831161499023,10.190937995910645,9.95813274383545,10.026830673217773,9.752653121948242,10.624268531799316,10.893733978271484,10.643789291381836,11.084710121154785,10.342397689819336,10.33529281616211,10.377504348754883,11.089883804321289,12.555183410644531,12.552745819091797,11.115826606750488,5.370718002319336,3.331098794937134
133,0.0,0.0011963675497099757,0.0024903640151023865,0.003996355924755335,8.086013793945312,8.389961242675781,9.071236610412598,8.220305442810059,9.01915454864502,8.893101692199707,8.830904960632324,9.355744361877441,9.44775390625,10.472711563110352,10.213255882263184,9.973261833190918,9.961881637573242,9.649230003356934,10.552486419677734,9.368207931518555,10.474790573120117,10.568879127502441,10.850336074829102,11.818127632141113,11.486255645751953,12.125426292419434,11.893500328063965,5.527096748352051,3.2766830921173096
134,0.0,0.001034757005982101,0.002096387790516019,0.0032001864165067673,8.04287338256836,8.886033058166504,9.164203643798828,8.989175796508789,8.452781677246094,9.245769500732422,8.948543548583984,8.47909164428711,9.182811737060547,10.335326194763184,10.193151473999023,9.66285228729248,10.569326400756836,9.910392761230469,9.625899314880371,9.499079704284668,11.20187759399414,10.877584457397461,10.357309341430664,10.514122009277344,12.22713851928711,11.762883186340332,11.591910362243652,6.752028465270996,4.532656669616699
135,0.0,0.0009677540510892868,0.0018498508725315332,0.003010557033121586,8.05988883972168,8.607073783874512,8.8732271194458,8.960919380187988,8.701005935668945,8.922578811645508,8.887680053710938,8.999337196350098,10.808926582336426,9.576886177062988,9.532278060913086,10.353004455566406,10.883819580078125,10.111336708068848,10.676895141601562,11.248662948608398,10.667855262756348,11.929383277893066,9.879733085632324,10.976638793945312,12.272658348083496,11.44278335571289,11.247408866882324,6.041118621826172,4.085111618041992
136,0.0,0.0008468629675917327,0.0016753750387579203,0.002765197306871414,8.304322242736816,8.57951831817627,9.449987411499023,8.75182819366455,8.929189682006836,9.493432998657227,9.5433931350708,8.957809448242188,9.702688217163086,9.654967308044434,9.116608619689941,10.479391098022461,10.219804763793945,10.358153343200684,10.91702651977539,10.688619613647461,10.61619758605957,11.179510116577148,9.621031761169434,10.204231262207031,11.364229202270508,12.216133117675781,11.370862007141113,6.088211536407471,3.5776612758636475
137,0.0,0.0009447234333492815,0.0019522961229085922,0.0031448109075427055,8.378922462463379,8.564371109008789,8.963895797729492,9.118889808654785,9.27409839630127,9.466215133666992,8.755702018737793,9.721818923950195,10.565699577331543,10.507356643676758,9.42119312286377,10.510055541992188,10.372237205505371,10.309510231018066,10.649258613586426,10.431977272033691,9.910670280456543,10.339359283447266,10.717363357543945,11.070963859558105,11.386043548583984,12.601305961608887,11.857745170593262,6.22639274597168,3.906191349029541
138,0.0,0.0007094835746102035,0.0013434005668386817,0.002210526028648019,8.432801246643066,9.14678955078125,8.15612506866455,8.898698806762695,9.436822891235352,8.77625846862793,9.284309387207031,8.808843612670898,9.154027938842773,9.317079544067383,10.662199974060059,10.80938720703125,9.856197357177734,11.032386779785156,10.803078651428223,11.416059494018555,11.395121574401855,10.721571922302246,10.870681762695312,10.983162879943848,12.29857063293457,12.41671371459961,10.31315803527832,5.418112277984619,3.6070621013641357
139,0.0,0.0008712456910870969,0.001750192022882402,0.0028187590651214123,7.7785325050354,9.091626167297363,7.8848557472229,8.732194900512695,8.950069427490234,9.070088386535645,9.64692497253418,8.551748275756836,9.86536979675293,9.943262100219727,10.497506141662598,9.540983200073242,10.541999816894531,10.225958824157715,10.720976829528809,10.140006065368652,10.965676307678223,10.349455833435059,10.127975463867188,10.559547424316406,10.813173294067383,11.749707221984863,11.108647346496582,6.25117301940918,3.880681276321411
140,0.0,0.0008945642621256411,0.0017929791938513517,0.002873397199437022,8.823137283325195,9.616384506225586,8.770256042480469,8.5907564163208,8.659822463989258,8.838910102844238,9.485615730285645,8.15140151977539,9.857049942016602,9.941234588623047,10.504050254821777,9.208015441894531,10.594168663024902,11.407058715820312,10.030641555786133,10.487040519714355,10.525115966796875,10.366764068603516,10.900371551513672,11.211997032165527,10.889191627502441,11.840657234191895,11.417885780334473,5.3623809814453125,3.0733635425567627
141,0.0,0.0007335404516197741,0.0014775951858609915,0.0024917260743677616,8.681647300720215,8.739995002746582,8.409777641296387,8.345855712890625,8.968986511230469,9.398804664611816,8.952240943908691,9.14668083190918,10.8171968460083,10.646273612976074,9.421247482299805,10.41592788696289,10.493383407592773,10.328056335449219,10.23359203338623,10.256420135498047,10.529845237731934,11.0189208984375,10.846213340759277,11.187393188476562,10.486578941345215,11.470316886901855,11.283615112304688,5.2980828285217285,3.527446746826172
142,0.0,0.000813060556538403,0.001515351003035903,0.002371283946558833,8.325393676757812,9.252521514892578,8.970318794250488,9.167295455932617,9.208154678344727,8.389458656311035,8.622769355773926,9.499134063720703,9.606847763061523,9.680068969726562,9.919472694396973,9.77276611328125,10.000744819641113,10.149942398071289,9.942867279052734,10.606149673461914,10.583085060119629,10.252514839172363,10.34101676940918,11.39737319946289,11.410676956176758,12.006022453308105,11.84203052520752,5.9481987953186035,3.70426869392395
143,0.0,0.0009607524843886495,0.0018690074793994427,0.0030634175054728985,8.778284072875977,9.240141868591309,9.407743453979492,9.237996101379395,8.93873119354248,9.093785285949707,8.744646072387695,8.769525527954102,8.886591911315918,9.759797096252441,9.861305236816406,10.921607971191406,10.986340522766113,10.428603172302246,10.136789321899414,11.20878791809082,10.847965240478516,10.9410982131958,10.364201545715332,10.750317573547363,12.239630699157715,11.312816619873047,11.202160835266113,5.41142463684082,3.296403646469116
144,0.0,0.0007713818922638893,0.001531365211121738,0.0024276452604681253,8.261425971984863,8.719525337219238,8.864081382751465,9.377299308776855,9.20480728149414,9.210447311401367,8.741822242736816,9.135197639465332,10.03142261505127,10.159002304077148,10.688485145568848,10.21337604522705,10.003568649291992,10.167906761169434,10.279955863952637,9.671685218811035,10.825549125671387,10.19338321685791,10.669944763183594,11.535139083862305,11.745342254638672,12.048778533935547,11.152117729187012,6.037430763244629,4.067576885223389
145,0.0,0.0007935623289085925,0.0015981681644916534,0.0025283030699938536,8.097930908203125,8.439428329467773,9.04476261138916,9.128143310546875,8.87862777709961,8.533720970153809,8.91445541381836,8.84108829498291,8.910897254943848,10.363553047180176,9.288769721984863,9.526564598083496,9.572179794311523,11.07531452178955,10.19040298461914,10.30867862701416,10.652615547180176,9.83304500579834,10.124272346496582,11.501949310302734,11.253279685974121,11.874075889587402,11.346138954162598,5.399726867675781,3.55574369430542
146,0.0,0.0007932368898764253,0.0015472344821318984,0.0024338632356375456,8.902521133422852,8.114557266235352,8.88746452331543,8.309527397155762,8.552067756652832,9.135980606079102,8.890993118286133,9.414345741271973,9.732378959655762,10.39382266998291,9.825737953186035,10.500435829162598,10.488478660583496,10.865891456604004,10.925592422485352,10.738972663879395,10.857223510742188,10.605252265930176,10.557120323181152,11.520281791687012,10.44897747039795,11.920698165893555,11.426924705505371,5.39656925201416,3.513164758682251
147,0.0,0.0009467503405176103,0.0018662279471755028,0.003043083706870675,8.991324424743652,8.603424072265625,8.779666900634766,8.898524284362793,8.878674507141113,8.58780288696289,9.214487075805664,9.836420059204102,10.19671630859375,9.605207443237305,9.716270446777344,11.089312553405762,10.069974899291992,10.284337997436523,10.124042510986328,11.06362533569336,10.414552688598633,11.914022445678711,10.42328929901123,10.563408851623535,11.558943748474121,12.324067115783691,12.156023979187012,6.131307125091553,3.6979660987854004
148,0.0,0.0007805954664945602,0.0015147479716688395,0.0024638993199914694,8.50422477722168,8.700554847717285,8.962924003601074,8.644186019897461,9.185369491577148,9.644014358520508,8.666577339172363,9.390408515930176,9.568148612976074,10.41452407836914,9.958379745483398,9.409112930297852,10.020214080810547,9.783272743225098,10.25334644317627,10.628336906433105,10.279982566833496,10.31654167175293,10.601428985595703,10.974002838134766,11.485125541687012,12.40161418914795,12.001790046691895,5.328442573547363,3.437375545501709
149,0.0,0.0010924363741651177,0.0022378929425030947,0.0039324634708464146,7.653909206390381,8.225414276123047,9.288683891296387,8.498213768005371,8.669217109680176,8.914857864379883,9.563070297241211,8.928213119506836,10.493261337280273,9.808832168579102,10.864953994750977,10.003156661987305,10.423933029174805,10.930088996887207,10.336270332336426,10.97248363494873,10.529864311218262,10.975648880004883,10.327254295349121,10.527600288391113,11.651555061340332,12.410454750061035,11.700284004211426,6.302186965942383,4.086409568786621
150,0.0,0.0010027209063991904,0.0020650129299610853,0.003431128803640604,8.321642875671387,8.591645240783691,9.043170928955078,8.981490135192871,9.366340637207031,9.183647155761719,10.340312957763672,9.049333572387695,9.701650619506836,11.21757984161377,10.05027961730957,10.27768325805664,10.381969451904297,10.482257843017578,9.501423835754395,10.684731483459473,9.833035469055176,10.251577377319336,10.952567100524902,10.891292572021484,11.156305313110352,12.709641456604004,10.851744651794434,5.57800817489624,3.4033029079437256
151,0.0,0.0008642796310596168,0.0017709237290546298,0.002953191054984927,8.039368629455566,9.09619426727295,9.164783477783203,9.403434753417969,8.839082717895508,9.683237075805664,8.874763488769531,9.349322319030762,9.63212776184082,9.741031646728516,9.821611404418945,9.640083312988281,10.466830253601074,10.80459976196289,10.883974075317383,9.781416893005371,10.678281784057617,10.170432090759277,11.260154724121094,10.900742530822754,11.721333503723145,11.336283683776855,11.187928199768066,5.2740912437438965,3.19545316696167
152,0.0,0.0008396682096645236,0.0016558320494368672,0.0026729819364845753,8.644320487976074,8.403772354125977,9.288069725036621,8.938852310180664,9.66051197052002,8.886836051940918,8.464543342590332,9.390274047851562,9.455140113830566,9.859529495239258,9.635510444641113,10.114870071411133,10.334883689880371,10.752035140991211,10.772723197937012,10.708088874816895,10.948482513427734,10.738178253173828,10.233735084533691,11.554095268249512,11.60976505279541,11.523903846740723,11.493535995483398,6.300049304962158,4.312221050262451
153,0.0,0.0008634277037344873,0.0016819388838484883,0.0027177464216947556,8.290133476257324,9.44556713104248,9.45804214477539,8.589183807373047,9.153955459594727,9.400741577148438,8.792737007141113,9.498827934265137,9.102108001708984,9.495759963989258,10.458840370178223,9.603565216064453,9.783553123474121,10.18161392211914,8.881501197814941,9.749117851257324,10.558660507202148,10.540722846984863,10.727373123168945,10.916241645812988,10.632534980773926,11.518645286560059,12.061827659606934,5.929609775543213,3.808433771133423
154,0.0,0.0008819762733764946,0.0018199030309915543,0.0030490136705338955,7.932425498962402,8.491791725158691,8.848791122436523,9.756356239318848,8.664693832397461,8.933847427368164,8.640111923217773,9.290314674377441,9.933395385742188,9.58877182006836,10.2252779006958,10.162735939025879,10.5919771194458,10.32963752746582,10.684462547302246,11.319314002990723,9.977441787719727,10.178618431091309,10.979228973388672,11.660341262817383,10.07482624053955,12.140318870544434,10.77269172668457,5.295685768127441,3.005783796310425
155,0.0,0.0009373320499435067,0.0018295863410457969,0.0028903328347951174,8.384955406188965,8.881720542907715,8.902095794677734,8.405461311340332,8.4567232131958,9.498234748840332,9.73513126373291,8.706055641174316,9.838539123535156,10.50489616394043,10.846353530883789,9.114496231079102,10.38135814666748,10.853443145751953,10.775067329406738,10.891694068908691,10.854537010192871,11.062353134155273,11.292011260986328,12.23182487487793,10.96805477142334,11.597649574279785,11.638590812683105,6.078051567077637,3.8013060092926025
156,0.0,0.0015888072084635496,0.003635199973359704,0.005903889890760183,8.130449295043945,8.814022064208984,8.636581420898438,8.379435539245605,8.945526123046875,9.146491050720215,8.707852363586426,9.128841400146484,10.119633674621582,10.113933563232422,9.7428617477417,11.266631126403809,9.752846717834473,10.350764274597168,10.275179862976074,10.86510181427002,9.564709663391113,10.454337120056152,10.891230583190918,10.544160842895508,12.091350555419922,12.598278045654297,12.415817260742188,6.532158374786377,3.7030279636383057
157,0.0,0.0008326279348693788,0.0016459710896015167,0.002614954486489296,8.113525390625,8.547174453735352,9.091775894165039,9.344099998474121,8.521636962890625,9.025354385375977,8.944116592407227,9.849201202392578,10.249399185180664,9.665238380432129,10.43767261505127,10.20527172088623,10.309368133544922,11.006449699401855,9.616342544555664,11.079917907714844,11.7984619140625,10.163830757141113,10.283748626708984,11.018412590026855,11.310927391052246,11.505290985107422,11.521519660949707,5.623960494995117,3.7471611499786377
158,0.0,0.0012542702024802566,0.002677690237760544,0.00421484187245369,8.289617538452148,8.862313270568848,9.89311408996582,8.77132511138916,8.825455665588379,9.103205680847168,9.007655143737793,9.4413423538208,9.63895320892334,10.309133529663086,10.067032814025879,10.64197826385498,10.570544242858887,10.332084655761719,10.178322792053223,9.899874687194824,10.03829574584961,10.538688659667969,10.630623817443848,11.385257720947266,11.426179885864258,12.741933822631836,11.316004753112793,7.279158592224121,4.192643642425537
159,0.0,0.0009214684250764549,0.0018788435263559222,0.0030606896616518497,8.232845306396484,9.543301582336426,9.071880340576172,9.288681983947754,9.36140251159668,8.658055305480957,9.34644603729248,9.215594291687012,10.521175384521484,9.737859725952148,9.705280303955078,10.665407180786133,11.063470840454102,11.433777809143066,10.241626739501953,11.178752899169922,11.064287185668945,10.030035018920898,9.54531478881836,10.922558784484863,12.261656761169434,11.711233139038086,12.158881187438965,7.016561508178711,4.054558753967285
160,0.0,0.000892532872967422,0.0018285413971170783,0.002951273927465081,8.413442611694336,8.94331169128418,8.941940307617188,8.432238578796387,8.910223960876465,8.477692604064941,8.963678359985352,8.609539031982422,8.770049095153809,10.457674026489258,10.426220893859863,9.869704246520996,9.76364517211914,9.889700889587402,10.66966438293457,10.746382713317871,10.394730567932129,10.30681037902832,10.581160545349121,10.8068208694458,11.22108268737793,12.708012580871582,11.922178268432617,5.688321590423584,3.477595329284668
161,0.0,0.0008509241160936654,0.0017456404166296124,0.00283640343695879,8.06706714630127,9.259727478027344,9.43252944946289,9.066926002502441,9.366942405700684,9.163416862487793,9.307530403137207,9.437615394592285,9.629209518432617,9.64599895477295,10.88441276550293,10.28335952758789,10.676889419555664,10.749271392822266,10.702190399169922,10.81688117980957,10.98528003692627,10.59807300567627,10.986466407775879,10.604286193847656,11.507977485656738,12.148889541625977,12.115078926086426,6.020567417144775,3.6310548782348633
162,0.0,0.0011898739030584693,0.002320756670087576,0.0037994426675140858,8.573952674865723,9.06222152709961,8.582521438598633,8.902400970458984,9.379514694213867,8.386760711669922,9.363699913024902,9.154221534729004,9.52659797668457,10.755659103393555,9.639631271362305,9.788905143737793,9.837557792663574,10.250657081604004,10.399072647094727,10.911666870117188,10.175268173217773,11.08448314666748,10.50571346282959,11.234773635864258,12.483377456665039,11.861947059631348,12.40469741821289,8.205567359924316,4.781486511230469
163,0.0,0.0009736670763231814,0.002049344591796398,0.0032728719525039196,7.865115642547607,9.633221626281738,9.131823539733887,8.686697959899902,9.438969612121582,8.403912544250488,9.594480514526367,8.798232078552246,10.853814125061035,9.691939353942871,9.39692211151123,10.264374732971191,10.519023895263672,10.770915031433105,10.503658294677734,10.105897903442383,10.244508743286133,10.614420890808105,10.398649215698242,10.963014602661133,10.729300498962402,12.310209274291992,10.85898494720459,5.197176933288574,3.0405943393707275
164,0.0,0.0010107682319357991,0.001940271002240479,0.003132373094558716,8.430706977844238,8.94560432434082,9.720799446105957,8.607383728027344,9.215707778930664,9.107255935668945,8.172826766967773,9.062518119812012,9.851017951965332,11.081924438476562,10.866242408752441,9.718914985656738,10.029561996459961,10.434788703918457,10.498040199279785,11.105117797851562,10.436711311340332,10.652251243591309,11.190340042114258,11.743152618408203,11.229440689086914,12.038331985473633,11.312118530273438,5.038036346435547,3.0120227336883545
165,0.0,0.0008145255269482732,0.0016755672404542565,0.0026208788622170687,8.631280899047852,9.420957565307617,8.913548469543457,9.487554550170898,9.605567932128906,8.880197525024414,9.482820510864258,9.078398704528809,9.261080741882324,10.486696243286133,9.716261863708496,9.78246784210205,9.287699699401855,10.699376106262207,10.136906623840332,10.425500869750977,11.101475715637207,11.192212104797363,10.590933799743652,10.96844482421875,11.136474609375,12.591075897216797,10.761924743652344,5.573849678039551,3.439682722091675
166,0.0,0.0008778123301453888,0.001766188652254641,0.002940638456493616,8.343119621276855,8.071152687072754,9.598540306091309,8.568434715270996,8.10641860961914,9.111283302307129,8.904518127441406,9.321274757385254,10.2731294631958,9.276976585388184,10.142923355102539,10.199095726013184,10.429184913635254,10.522807121276855,10.400785446166992,10.376173973083496,11.487122535705566,10.93051815032959,10.801419258117676,11.144908905029297,10.636506080627441,12.311927795410156,11.98216438293457,5.8711957931518555,4.053027629852295
167,0.0,0.0008878982625901699,0.001792779890820384,0.003000803990289569,8.048080444335938,8.243988037109375,8.334650039672852,9.137510299682617,8.970807075500488,8.639942169189453,9.314841270446777,9.160435676574707,9.442153930664062,9.961322784423828,10.056541442871094,10.013505935668945,10.400623321533203,10.31742000579834,10.024588584899902,10.319814682006836,10.332011222839355,10.068239212036133,11.000301361083984,10.772720336914062,11.135669708251953,12.452695846557617,11.326205253601074,6.507270812988281,4.160844802856445
168,0.0,0.0008349595591425896,0.001720314146950841,0.0027477245312184095,8.788162231445312,8.787959098815918,8.506502151489258,8.753252983093262,9.390387535095215,8.873420715332031,8.391683578491211,10.0321683883667,10.134467124938965,10.47082805633545,10.086848258972168,9.718633651733398,10.839800834655762,10.750225067138672,10.68929386138916,10.517989158630371,10.67435073852539,10.422517776489258,11.070930480957031,10.424242973327637,11.455709457397461,11.469459533691406,11.158843040466309,5.661643028259277,3.6349289417266846
169,0.0,0.0009473140817135572,0.0019247427117079496,0.0030571643728762865,7.820560932159424,8.528480529785156,9.199769973754883,9.245638847351074,9.740907669067383,8.716480255126953,8.88990592956543,8.73288345336914,9.457883834838867,10.340287208557129,10.206377029418945,10.112105369567871,11.113448143005371,10.242227554321289,10.229076385498047,10.577047348022461,10.252718925476074,10.580227851867676,10.948165893554688,11.842025756835938,10.937125205993652,11.539377212524414,11.468770027160645,6.36691427230835,3.611100196838379
170,0.0,0.0007959578651934862,0.0015432462096214294,0.0023912021424621344,8.387752532958984,8.93040657043457,9.736705780029297,9.2576265335083,9.026285171508789,9.889654159545898,8.547961235046387,9.040291786193848,9.275337219238281,10.234627723693848,9.148294448852539,10.878430366516113,10.600686073303223,10.187344551086426,10.225518226623535,9.987652778625488,9.39932632446289,10.688494682312012,11.023091316223145,10.477643013000488,11.970135688781738,11.456901550292969,11.6586275100708,6.277780532836914,4.240250110626221
171,0.0,0.0010003945790231228,0.002031696029007435,0.0033589990343898535,8.638409614562988,8.447914123535156,8.722063064575195,8.19698715209961,9.733014106750488,8.767221450805664,9.087477684020996,9.247584342956543,9.608312606811523,9.571757316589355,9.866011619567871,10.927531242370605,10.7340669631958,10.36484146118164,11.072455406188965,10.329947471618652,10.150460243225098,10.252005577087402,10.746194839477539,10.930185317993164,10.932938575744629,11.656230926513672,12.017471313476562,6.791964054107666,4.474767684936523
172,0.0,0.0007630205363966525,0.001484665204770863,0.002435071626678109,7.4644389152526855,9.478830337524414,9.218175888061523,9.48739242553711,8.99816608428955,9.08311939239502,9.64914321899414,9.036873817443848,9.998268127441406,9.179155349731445,9.33135986328125,10.34835147857666,9.764627456665039,9.800065040588379,10.73843765258789,9.841689109802246,10.468639373779297,10.62578010559082,10.45009708404541,10.416679382324219,11.44665241241455,11.996721267700195,11.110651016235352,5.048140048980713,3.132500171661377
173,0.0,0.0008622452151030302,0.001725377282127738,0.0028567935805767775,8.874317169189453,9.061518669128418,9.067357063293457,9.224230766296387,9.405511856079102,9.043951988220215,9.747981071472168,9.469346046447754,10.473268508911133,9.924164772033691,9.737828254699707,9.865304946899414,10.120512008666992,10.358062744140625,10.010570526123047,11.031295776367188,10.39980697631836,10.189459800720215,9.500389099121094,10.866888999938965,11.158267974853516,12.759856224060059,11.784628868103027,5.1561784744262695,3.274271011352539
174,0.0,0.0007604259881190956,0.001488948124460876,0.0023731256369501352,9.139698028564453,9.090588569641113,9.048524856567383,9.487350463867188,8.8187837600708,9.358306884765625,9.314680099487305,9.054564476013184,10.024895668029785,10.475318908691406,10.465049743652344,10.705168724060059,10.876811027526855,9.891267776489258,11.04513168334961,10.384224891662598,10.998579025268555,9.8058500289917,10.540051460266113,10.935200691223145,11.542289733886719,12.047284126281738,11.529865264892578,5.100175857543945,3.4677934646606445
175,0.0,0.0009238768834620714,0.0018446369795128703,0.0028385063633322716,8.31757640838623,9.132072448730469,9.127017974853516,9.290834426879883,8.940690040588379,9.220084190368652,8.892212867736816,9.258728981018066,9.468844413757324,10.06472110748291,10.571585655212402,10.101288795471191,9.490433692932129,11.136360168457031,10.480804443359375,9.492549896240234,10.52999496459961,10.990679740905762,10.959891319274902,10.867111206054688,12.192625999450684,12.335070610046387,12.365861892700195,7.8292036056518555,5.142974853515625
176,0.0,0.0008510027546435595,0.0017398050986230373,0.0028636532370001078,9.187358856201172,9.006229400634766,8.93479061126709,8.881634712219238,9.186336517333984,9.0431489944458,9.053129196166992,9.35457992553711,10.018625259399414,10.35840129852295,10.0054931640625,9.63529109954834,9.806998252868652,10.701301574707031,10.10545539855957,10.98373794555664,10.25125789642334,10.417625427246094,10.898015975952148,10.736223220825195,11.910717010498047,11.295939445495605,11.017301559448242,5.6057209968566895,3.5913238525390625
177,0.0,0.0008561361464671791,0.0017894133925437927,0.0028410381637513638,8.981243133544922,9.77309799194336,9.057967185974121,8.631203651428223,9.449968338012695,8.87996768951416,8.971160888671875,8.937501907348633,9.798398971557617,9.167644500732422,10.132271766662598,10.062945365905762,9.765045166015625,10.92768669128418,10.525381088256836,10.404919624328613,10.132692337036133,10.832388877868652,11.757471084594727,11.101287841796875,12.083093643188477,11.866049766540527,11.270448684692383,5.527063369750977,3.4738900661468506
178,0.0,0.000828031450510025,0.001647228142246604,0.002708615269511938,8.307463645935059,9.211324691772461,9.369157791137695,8.919365882873535,9.690545082092285,8.669380187988281,8.673440933227539,8.902580261230469,10.330765724182129,10.93886661529541,10.080137252807617,10.64669418334961,9.55666446685791,10.311013221740723,9.87182903289795,10.385933876037598,10.372692108154297,10.170870780944824,10.989272117614746,10.723630905151367,11.005252838134766,11.88029956817627,12.304521560668945,6.1266093254089355,3.7188472747802734
179,0.0,0.000762582232709974,0.0014321623602882028,0.0023187894839793444,8.298198699951172,9.166034698486328,8.72985553741455,8.749342918395996,9.043145179748535,9.249292373657227,8.38344955444336,9.045758247375488,10.407867431640625,9.5730562210083,9.406436920166016,10.004317283630371,10.677434921264648,10.614404678344727,11.609941482543945,10.165802001953125,11.003203392028809,10.91856575012207,10.597283363342285,11.548295021057129,11.22824764251709,12.284687995910645,11.574554443359375,5.4229631423950195,3.414560079574585
180,0.0,0.0008630795637145638,0.0017170954961329699,0.002784865442663431,8.875201225280762,8.800869941711426,8.335426330566406,8.739070892333984,9.587000846862793,9.221299171447754,9.1129789352417,9.059866905212402,9.177489280700684,10.766839981079102,10.149797439575195,9.631505966186523,10.381830215454102,10.087410926818848,9.712985038757324,9.97207260131836,10.855877876281738,9.673543930053711,10.410476684570312,11.438369750976562,11.519275665283203,12.601841926574707,11.52346134185791,6.321651458740234,4.1429643630981445
181,0.0,0.0009977573063224554,0.002017494523897767,0.003291998989880085,8.393755912780762,9.8640718460083,9.514274597167969,9.198991775512695,8.599127769470215,8.19162654876709,8.679037094116211,8.2694091796875,10.351678848266602,10.308575630187988,9.7970609664917,9.925779342651367,10.700272560119629,10.473442077636719,10.645963668823242,10.428003311157227,9.707077980041504,9.789459228515625,10.646486282348633,11.286775588989258,11.179335594177246,12.04000186920166,11.690071105957031,7.763241291046143,4.385408401489258
182,0.0,0.000887371483258903,0.0017541873967275023,0.00273862830363214,8.405251502990723,9.492199897766113,9.160684585571289,8.508423805236816,8.467974662780762,9.565425872802734,8.747435569763184,9.016396522521973,9.45085620880127,10.432587623596191,10.002700805664062,9.793994903564453,9.96167278289795,10.470037460327148,9.642053604125977,9.862577438354492,10.311612129211426,10.25932502746582,10.504939079284668,11.32863712310791,11.696427345275879,11.983358383178711,10.523360252380371,4.9659013748168945,3.0046916007995605
183,0.0,0.0008843584218993783,0.001839514821767807,0.0029976714868098497,8.310785293579102,9.469412803649902,8.337494850158691,8.912652969360352,8.707837104797363,9.023943901062012,9.400971412658691,9.31904411315918,9.528369903564453,10.626246452331543,9.139669418334961,9.697505950927734,9.590652465820312,10.401844024658203,10.139267921447754,11.308058738708496,10.772998809814453,10.422185897827148,10.170534133911133,11.577515602111816,11.014001846313477,11.830595970153809,11.459555625915527,5.747195720672607,3.6218109130859375
184,0.0,0.000984044512733817,0.00195864075794816,0.0030309802386909723,7.703548908233643,8.804914474487305,8.958765983581543,8.789555549621582,9.322420120239258,9.026233673095703,8.661537170410156,9.616665840148926,9.349023818969727,9.846975326538086,9.866848945617676,10.89017105102539,9.433321952819824,10.12811279296875,10.937115669250488,10.512358665466309,9.982447624206543,10.686752319335938,10.283344268798828,11.096928596496582,11.441168785095215,12.024503707885742,11.102086067199707,5.520495414733887,3.307443857192993
185,0.0,0.0007865523220971227,0.0015795400831848383,0.0024945607874542475,7.991396903991699,8.956369400024414,8.812420845031738,9.249429702758789,9.320531845092773,8.669404983520508,8.47898006439209,8.657561302185059,10.70955753326416,10.3891019821167,9.793838500976562,10.304386138916016,9.842123985290527,10.46144962310791,10.58551025390625,10.578426361083984,10.009908676147461,10.289495468139648,10.379775047302246,10.834037780761719,11.261541366577148,11.944838523864746,11.971122741699219,5.481142044067383,3.6625490188598633
186,0.0,0.0009509175433777273,0.001975719118490815,0.0034625905100256205,8.11424732208252,9.635920524597168,8.808365821838379,9.466146469116211,9.469857215881348,9.275729179382324,8.746434211730957,9.15836238861084,9.5320463180542,10.211944580078125,10.280068397521973,10.134138107299805,9.507800102233887,10.289671897888184,11.530640602111816,10.073455810546875,11.447273254394531,9.409204483032227,10.21382999420166,11.385254859924316,11.419012069702148,11.764900207519531,11.251317024230957,5.676444053649902,3.316520929336548
187,0.0,0.000836943625472486,0.0016755724791437387,0.002693590708076954,8.270873069763184,8.745976448059082,9.502784729003906,8.564909934997559,9.166434288024902,9.063865661621094,9.125094413757324,8.164482116699219,9.241576194763184,10.800893783569336,10.229516983032227,10.21749210357666,9.967935562133789,9.903766632080078,10.234488487243652,10.378623962402344,11.171401023864746,10.823830604553223,10.632719039916992,10.52085018157959,11.471558570861816,12.373297691345215,12.018838882446289,5.31955099105835,3.4534988403320312
188,0.0,0.0007936494657769799,0.001493141520768404,0.0024933512322604656,8.361943244934082,8.873064041137695,8.607032775878906,8.65041446685791,9.562369346618652,8.9283447265625,9.583083152770996,8.910881996154785,9.364017486572266,9.901334762573242,9.307549476623535,10.142534255981445,10.510923385620117,10.31314468383789,9.62092399597168,10.04332160949707,9.898426055908203,10.05141830444336,10.12752628326416,10.948457717895508,11.210573196411133,12.381587028503418,12.3231840133667,6.929484844207764,4.728488922119141
189,0.0,0.000867826456669718,0.0016926683019846678,0.0026366172824054956,8.413887023925781,9.23473072052002,8.523451805114746,8.63035774230957,8.595287322998047,8.570902824401855,8.696089744567871,8.900060653686523,10.356283187866211,9.85302734375,9.682832717895508,10.145873069763184,9.82953929901123,11.709432601928711,11.15936279296875,10.318961143493652,9.612878799438477,10.433027267456055,10.503400802612305,10.619793891906738,12.018719673156738,11.134346961975098,11.516414642333984,5.246374130249023,3.3071722984313965
190,0.0,0.0008951963973231614,0.001751977251842618,0.0027359791565686464,8.519580841064453,9.036206245422363,9.631649017333984,8.925259590148926,9.560365676879883,8.844161033630371,9.330888748168945,8.575218200683594,9.192391395568848,10.561963081359863,10.136037826538086,10.350493431091309,10.639046669006348,10.404745101928711,10.698563575744629,10.29912281036377,11.336945533752441,11.390630722045898,10.416098594665527,11.845697402954102,11.729697227478027,11.98562240600586,11.912520408630371,6.24592924118042,3.844202995300293
191,0.0,0.0008127556648105383,0.0015414431691169739,0.0026087856385856867,9.064806938171387,9.334607124328613,8.720157623291016,9.089300155639648,8.886726379394531,9.09589672088623,9.207172393798828,9.304808616638184,9.335014343261719,10.236498832702637,10.67028522491455,9.980781555175781,10.8477201461792,10.047245979309082,9.926101684570312,10.334630966186523,9.898792266845703,9.894998550415039,10.326531410217285,10.022598266601562,12.214936256408691,11.698013305664062,11.522486686706543,5.267226219177246,3.4412717819213867
192,0.0,0.0007224585278891027,0.0014794098678976297,0.002353932708501816,9.070866584777832,8.405436515808105,8.442415237426758,9.091618537902832,8.400338172912598,8.57076644897461,9.742015838623047,9.224787712097168,10.0632905960083,9.71002197265625,9.609519958496094,9.925021171569824,10.261150360107422,10.868640899658203,10.11690902709961,11.499449729919434,9.992148399353027,10.636330604553223,11.19642448425293,11.359357833862305,11.451653480529785,11.148137092590332,11.9005126953125,5.503540515899658,3.986224412918091
193,0.0,0.0012384580913931131,0.002725082915276289,0.004257663153111935,8.762482643127441,9.280211448669434,9.475828170776367,8.420272827148438,9.569378852844238,8.241853713989258,8.758492469787598,8.492429733276367,9.623820304870605,10.171652793884277,10.090195655822754,10.787121772766113,9.964062690734863,10.776769638061523,10.364806175231934,10.61699390411377,10.652297019958496,10.807477951049805,11.216736793518066,10.568007469177246,12.022348403930664,11.386475563049316,11.530313491821289,5.747086524963379,2.9025638103485107
194,0.0,0.0008094334043562412,0.0015501311281695962,0.0024462805595248938,8.489266395568848,9.381972312927246,8.2594633102417,8.07861614227295,9.525936126708984,9.197807312011719,8.984994888305664,8.975552558898926,9.638514518737793,10.4839448928833,9.887236595153809,9.815582275390625,9.909969329833984,10.414140701293945,9.870813369750977,9.953348159790039,11.199831008911133,10.480328559875488,10.580968856811523,11.209548950195312,10.971123695373535,12.318367958068848,11.636505126953125,5.345880508422852,3.586803436279297
195,0.0,0.0008720857440494001,0.001703032641671598,0.0027526787016540766,8.735562324523926,9.06842041015625,9.630926132202148,8.635708808898926,9.290510177612305,9.057851791381836,9.117681503295898,8.935596466064453,10.354426383972168,9.573819160461426,10.354974746704102,9.982478141784668,10.646573066711426,10.298911094665527,10.861063957214355,10.889849662780762,11.028109550476074,10.246702194213867,10.168490409851074,11.12748908996582,11.7472562789917,11.817096710205078,11.779385566711426,5.425046443939209,3.431746482849121
196,0.0,0.0008838913054205477,0.0017266788054257631,0.002790574450045824,8.307026863098145,8.600224494934082,9.603490829467773,9.419459342956543,8.696870803833008,9.151240348815918,9.611610412597656,9.039168357849121,9.90420150756836,10.208639144897461,10.676817893981934,10.21229076385498,10.520197868347168,10.20650577545166,10.452157974243164,9.86472225189209,10.336451530456543,10.690414428710938,10.06988525390625,10.949070930480957,10.81937026977539,11.350873947143555,11.580245971679688,5.480355739593506,3.3076045513153076
197,0.0,0.0009495835984125733,0.001922460040077567,0.0030913373921066523,8.390881538391113,9.413801193237305,9.385299682617188,8.904224395751953,8.75412368774414,8.883927345275879,8.615933418273926,9.103754043579102,9.883700370788574,9.854869842529297,9.68416690826416,9.89004135131836,10.010978698730469,10.213510513305664,9.77383041381836,10.434955596923828,11.07250690460205,10.11556339263916,10.300677299499512,10.752631187438965,11.057934761047363,12.300419807434082,11.104448318481445,5.716932773590088,3.7060937881469727
198,0.0,0.0008013520855456591,0.0015589434187859297,0.002542391885071993,8.242593765258789,9.593868255615234,8.92052936553955,9.697196006774902,8.893839836120605,9.521097183227539,9.385162353515625,8.583230972290039,9.717305183410645,9.133576393127441,10.16840648651123,10.183585166931152,10.981582641601562,9.715994834899902,10.30233097076416,10.942687034606934,10.862129211425781,10.812834739685059,10.287242889404297,11.16414737701416,12.414861679077148,11.709261894226074,11.760273933410645,5.373470783233643,3.2867536544799805
199,0.0,0.0008133294177241623,0.0016182763502001762,0.0026165535673499107,8.325272560119629,9.459267616271973,9.16879940032959,8.681668281555176,9.259248733520508,9.388160705566406,8.527624130249023,8.970303535461426,9.581106185913086,10.147613525390625,10.284671783447266,10.33609390258789,9.89812183380127,10.90578556060791,10.517329216003418,10.121883392333984,11.011919021606445,9.567183494567871,10.684688568115234,11.091058731079102,11.125564575195312,11.672380447387695,11.11430835723877,5.760974407196045,3.816265821456909
200,0.0,0.0007861760095693171,0.0015691784210503101,0.002459269715473056,8.205371856689453,9.579669952392578,8.268782615661621,9.297930717468262,8.855402946472168,9.096426963806152,9.411041259765625,8.821793556213379,9.772788047790527,10.373771667480469,9.70301628112793,10.150588035583496,10.469442367553711,10.395736694335938,10.615901947021484,10.185535430908203,10.824400901794434,10.728704452514648,10.890731811523438,11.276816368103027,11.033488273620605,11.594923973083496,11.190914154052734,5.503826141357422,3.5748538970947266
201,0.0,0.0008266836521215737,0.0016653696075081825,0.0027440220583230257,8.37854290008545,8.713541030883789,9.065703392028809,9.03092098236084,8.99521541595459,9.444562911987305,9.129230499267578,8.939640045166016,9.70641040802002,10.125574111938477,10.297457695007324,10.572882652282715,10.726820945739746,10.433382987976074,10.980709075927734,10.372223854064941,10.439634323120117,10.82408332824707,10.97111701965332,10.280365943908691,11.660089492797852,11.884045600891113,11.510424613952637,5.404398441314697,3.1336021423339844
202,0.0,0.0009322295663878322,0.0018594375578686595,0.003002953715622425,8.004087448120117,8.764575004577637,9.361885070800781,9.376374244689941,9.030921936035156,8.737704277038574,9.304935455322266,8.894875526428223,9.89576530456543,9.81148624420166,9.874922752380371,9.858183860778809,9.274508476257324,10.943476676940918,10.386649131774902,10.389215469360352,10.141533851623535,10.9054594039917,10.888945579528809,10.748947143554688,11.634648323059082,12.50001049041748,11.697953224182129,5.35420036315918,3.499567985534668
203,0.0,0.0009496939601376653,0.002000880893319845,0.003120995359495282,8.673815727233887,9.46978759765625,8.727642059326172,9.403885841369629,8.9967622756958,9.457740783691406,8.44997501373291,8.602959632873535,8.916570663452148,9.716055870056152,10.290694236755371,10.25363826751709,10.274091720581055,9.726729393005371,9.762176513671875,10.20617389678955,11.277228355407715,10.710200309753418,10.710945129394531,10.913543701171875,11.783894538879395,12.194328308105469,12.36474323272705,6.742842197418213,4.489643573760986
204,0.0,0.0009945504134520888,0.002064051339402795,0.0033547745551913977,8.248126983642578,8.950955390930176,9.571879386901855,8.780241012573242,9.548467636108398,9.432342529296875,8.949377059936523,8.951621055603027,10.290582656860352,10.259150505065918,10.057323455810547,9.587678909301758,9.780586242675781,10.879963874816895,10.266186714172363,10.798824310302734,9.986164093017578,10.727754592895508,10.267168045043945,10.848016738891602,11.382306098937988,11.711006164550781,11.214858055114746,5.033412456512451,2.976266860961914
205,0.0,0.0007711738580837846,0.0015387209132313728,0.0025113963056355715,7.772046089172363,9.239592552185059,8.690406799316406,9.762514114379883,9.176220893859863,8.465749740600586,9.246811866760254,8.467586517333984,10.241394996643066,9.440013885498047,10.293486595153809,10.28312873840332,9.759505271911621,10.45664119720459,9.701310157775879,11.112519264221191,10.145215034484863,10.532903671264648,9.951178550720215,10.849556922912598,11.798154830932617,11.439385414123535,11.34372329711914,5.139942646026611,3.3153090476989746
206,0.0,0.0008612472447566688,0.001681787776760757,0.002688690321519971,8.378538131713867,9.110869407653809,8.910863876342773,9.035308837890625,9.324201583862305,8.57558536529541,9.937277793884277,9.283953666687012,9.63409423828125,10.64380168914795,10.402543067932129,9.523429870605469,10.952950477600098,10.4069242477417,11.03170394897461,10.43946361541748,11.081740379333496,11.016246795654297,10.450556755065918,11.332155227661133,11.53324031829834,12.049567222595215,11.59421443939209,5.359433174133301,3.3426740169525146
207,0.0,0.0007689701742492616,0.0014803237281739712,0.0024366832803934813,8.515600204467773,8.631302833557129,9.242653846740723,8.421327590942383,8.230399131774902,9.260812759399414,9.848400115966797,9.060086250305176,10.181626319885254,10.615291595458984,9.884148597717285,9.843839645385742,10.677047729492188,9.987464904785156,10.31922721862793,10.854447364807129,9.757641792297363,10.111679077148438,11.588537216186523,11.463922500610352,11.427044868469238,11.668120384216309,11.066144943237305,5.767703533172607,3.595639228820801
208,0.0,0.0008638507570140064,0.0017540183616802096,0.0027614030987024307,8.713932991027832,9.100013732910156,8.9691801071167,9.79262638092041,9.18660831451416,9.140555381774902,8.995306968688965,9.502884864807129,9.820721626281738,9.753754615783691,9.053035736083984,9.238025665283203,10.018771171569824,9.512127876281738,10.433406829833984,10.390230178833008,10.256305694580078,11.203638076782227,10.796964645385742,10.559052467346191,10.56379508972168,12.57931137084961,10.715112686157227,5.522043228149414,3.48517107963562
209,0.0,0.0007544131367467344,0.0015225560637190938,0.0023482253309339285,7.856341361999512,8.834901809692383,9.082193374633789,9.103496551513672,8.568110466003418,9.30432415008545,8.556068420410156,10.562068939208984,10.052027702331543,9.882189750671387,9.63492202758789,10.108675956726074,10.334891319274902,10.745391845703125,11.110555648803711,10.257660865783691,10.539776802062988,10.833481788635254,11.272717475891113,10.530824661254883,10.961188316345215,11.344676971435547,10.644024848937988,5.060460090637207,3.260585069656372
210,0.0,0.0008755723829381168,0.0016817370196804404,0.002715412061661482,8.8339204788208,9.422137260437012,9.242345809936523,9.392224311828613,10.451574325561523,9.660140991210938,8.627402305603027,9.251777648925781,9.772974967956543,9.677020072937012,10.240992546081543,10.29603385925293,9.888298034667969,10.533394813537598,10.089418411254883,9.80253791809082,9.782113075256348,10.441158294677734,10.208775520324707,10.325021743774414,11.702329635620117,12.031195640563965,11.691957473754883,5.9799933433532715,3.679675340652466
211,0.0,0.0009497239952906966,0.0019165790872648358,0.0030908824410289526,8.854157447814941,8.412042617797852,8.665361404418945,9.03119945526123,8.324994087219238,8.826410293579102,9.04885196685791,8.816776275634766,9.110658645629883,9.791969299316406,9.416452407836914,10.065032005310059,9.990889549255371,10.413662910461426,10.377063751220703,10.58410930633545,9.982339859008789,9.769025802612305,11.401721000671387,10.740362167358398,11.267085075378418,12.224303245544434,11.258477210998535,5.942173480987549,3.639373540878296
212,0.0,0.0008759320480749011,0.0017609016504138708,0.0027947353664785624,8.36376667022705,9.158674240112305,8.639229774475098,9.163613319396973,9.241585731506348,9.20107364654541,9.320725440979004,8.346697807312012,9.84395980834961,10.421797752380371,10.353013038635254,10.147126197814941,10.602784156799316,10.09481430053711,9.709306716918945,10.945653915405273,9.885892868041992,9.376957893371582,10.407133102416992,10.979937553405762,11.09503173828125,12.206045150756836,11.475713729858398,5.973247528076172,3.578648328781128
213,0.0,0.0007996985223144293,0.0015377186937257648,0.0024711941368877888,7.936229705810547,9.026920318603516,8.960301399230957,9.0997953414917,8.370414733886719,9.605379104614258,9.06412124633789,9.417595863342285,10.274940490722656,9.976519584655762,9.545327186584473,9.476027488708496,10.530797004699707,10.026366233825684,10.216153144836426,10.17234992980957,10.298322677612305,9.856189727783203,9.986525535583496,11.520868301391602,10.80289077758789,12.252745628356934,11.781370162963867,5.1704535484313965,3.260028600692749
214,0.0,0.0009277279605157673,0.0018341403920203447,0.0031373854726552963,8.617444038391113,8.790084838867188,9.187840461730957,9.473193168640137,8.764103889465332,9.245203018188477,10.11701774597168,9.071941375732422,9.90488338470459,9.71770191192627,9.931598663330078,9.851140975952148,10.71687126159668,10.547320365905762,11.034078598022461,10.167940139770508,11.182124137878418,10.287891387939453,11.31721305847168,11.205033302307129,11.595247268676758,10.930684089660645,11.473840713500977,5.647282600402832,3.597271680831909
215,0.0,0.0009522808832116425,0.001814235933125019,0.00288318726234138,8.073851585388184,8.936945915222168,8.164194107055664,8.7490234375,8.36677360534668,9.059669494628906,9.905535697937012,9.501764297485352,9.325759887695312,9.736310958862305,9.70866870880127,9.990569114685059,10.798885345458984,10.350173950195312,10.025559425354004,11.106432914733887,10.096223831176758,11.033705711364746,10.496285438537598,10.940689086914062,11.559530258178711,11.940449714660645,11.547795295715332,5.185744285583496,3.0828256607055664
216,0.0,0.001024848548695445,0.002113940892741084,0.0033531885128468275,8.267887115478516,8.317830085754395,8.709823608398438,8.800212860107422,9.251935958862305,9.348908424377441,8.71964168548584,8.955799102783203,10.03805160522461,10.12514877319336,10.092575073242188,10.076070785522461,9.713275909423828,11.08427619934082,9.417709350585938,9.717130661010742,10.314515113830566,10.002793312072754,10.656801223754883,10.435036659240723,11.309473991394043,11.709263801574707,10.909185409545898,5.380868911743164,3.2326271533966064
217,0.0,0.0009536586585454643,0.0018811128102242947,0.0030857445672154427,9.335963249206543,8.536738395690918,8.783320426940918,8.957037925720215,9.150287628173828,8.501104354858398,8.129718780517578,8.704246520996094,9.763769149780273,9.996438026428223,9.808348655700684,9.033890724182129,11.544373512268066,10.316792488098145,10.56945514678955,10.545413970947266,11.574233055114746,11.038877487182617,10.831293106079102,10.187137603759766,11.008268356323242,12.216351509094238,11.743667602539062,6.081740379333496,4.122436046600342
218,0.0,0.0007551798480562866,0.001510589150711894,0.0025105325039476156,8.351008415222168,9.08474063873291,9.13376522064209,9.458638191223145,8.6032075881958,8.625650405883789,8.82125186920166,8.373344421386719,9.612530708312988,9.757794380187988,9.729293823242188,10.45864200592041,11.033856391906738,10.822580337524414,10.577155113220215,10.05966854095459,10.481903076171875,11.335969924926758,10.415770530700684,11.216056823730469,11.264840126037598,12.005412101745605,11.65049934387207,5.865298271179199,3.677725315093994
219,0.0,0.000906346773263067,0.001771487295627594,0.002865974558517337,8.37379264831543,8.965744972229004,9.307801246643066,9.206780433654785,8.788782119750977,9.43908405303955,8.683600425720215,9.019017219543457,9.554621696472168,9.38031005859375,10.241005897521973,10.198190689086914,10.644055366516113,10.122127532958984,11.200623512268066,9.993983268737793,10.51180362701416,10.056262016296387,10.741371154785156,10.773813247680664,11.037019729614258,11.681365966796875,11.074848175048828,5.092077255249023,3.0751678943634033
220,0.0,0.0009222920052707195,0.0018159823957830667,0.0030585634522140026,8.99692440032959,9.155257225036621,8.777680397033691,8.717120170593262,9.075091361999512,8.96310043334961,10.14784049987793,8.526644706726074,10.284253120422363,10.317375183105469,9.998071670532227,10.104288101196289,10.419027328491211,10.977496147155762,10.789031982421875,9.787091255187988,10.718709945678711,11.036371231079102,10.350532531738281,10.330251693725586,11.152664184570312,12.166937828063965,11.779441833496094,6.665918350219727,4.124598979949951
221,0.0,0.0008890479221008718,0.001699273707345128,0.002878505503758788,7.9536848068237305,8.993722915649414,8.72362232208252,9.355619430541992,8.362222671508789,8.676504135131836,8.568277359008789,8.918340682983398,9.930055618286133,9.6810884475708,9.960906028747559,9.729564666748047,10.341239929199219,10.427557945251465,10.36082649230957,11.213749885559082,10.311033248901367,10.675143241882324,10.51323127746582,11.19711971282959,10.845555305480957,11.841591835021973,11.301880836486816,6.338876724243164,3.8593199253082275
222,0.0,0.0008818894857540727,0.0018191867275163531,0.0029300476890057325,8.243428230285645,8.478537559509277,9.411783218383789,8.990447044372559,8.602191925048828,9.145936012268066,8.422513961791992,8.390843391418457,9.901834487915039,10.292613983154297,10.289859771728516,10.116601943969727,10.632338523864746,9.812666893005371,10.780055046081543,10.122416496276855,10.63190746307373,11.290777206420898,10.91677188873291,10.339357376098633,11.676069259643555,12.923221588134766,11.77310562133789,6.3813557624816895,3.8668224811553955
223,0.0,0.0009571521659381688,0.0018587374361231923,0.0030708052217960358,8.486957550048828,9.320201873779297,8.446733474731445,8.667412757873535,9.441925048828125,8.720239639282227,9.7089262008667,8.9555082321167,10.392838478088379,10.166982650756836,10.327848434448242,10.898330688476562,10.22801399230957,10.782524108886719,10.927197456359863,10.128808975219727,10.83654499053955,10.304012298583984,11.14712142944336,11.005603790283203,10.952752113342285,11.182721138000488,11.440799713134766,6.50199556350708,3.9412970542907715
224,0.0,0.0009383755968883634,0.0018164267530664802,0.003032578621059656,8.317201614379883,8.822617530822754,9.654891014099121,8.83653450012207,8.576179504394531,9.21273136138916,8.735269546508789,9.121039390563965,10.229378700256348,10.226040840148926,10.439248085021973,10.16598129272461,10.88646125793457,10.06153678894043,10.846231460571289,10.152684211730957,10.40572452545166,10.951332092285156,10.52928352355957,10.877593040466309,11.389086723327637,12.000314712524414,11.561721801757812,5.627317428588867,3.374657392501831
225,0.0,0.0007926214020699263,0.0015491057420149446,0.0024788184091448784,8.661303520202637,8.832873344421387,8.195551872253418,8.614033699035645,8.820690155029297,9.308568000793457,8.960596084594727,9.4396333694458,10.181740760803223,10.479310989379883,10.169187545776367,9.765987396240234,11.691590309143066,10.034733772277832,10.223160743713379,10.404631614685059,10.335672378540039,10.871377944946289,10.823049545288086,10.370573043823242,11.420817375183105,11.645645141601562,11.455374717712402,5.443038463592529,3.649460554122925
226,0.0,0.0008626736816950142,0.001703161746263504,0.002735941903665662,8.460596084594727,9.046904563903809,8.32758903503418,9.970186233520508,9.359684944152832,9.28661060333252,9.195955276489258,8.656911849975586,9.931365013122559,10.075865745544434,9.72168254852295,10.665674209594727,10.55284595489502,10.72059440612793,9.836241722106934,9.5582857131958,10.075422286987305,11.140592575073242,10.64196491241455,11.806012153625488,11.170013427734375,12.063023567199707,11.642586708068848,6.0605082511901855,3.844020366668701
227,0.0,0.0008114194497466087,0.0016571575542911887,0.0026048999279737473,8.814627647399902,8.89626407623291,9.202932357788086,8.53579330444336,9.36827564239502,9.087529182434082,9.607102394104004,8.669099807739258,9.793791770935059,9.854406356811523,10.244373321533203,10.319326400756836,10.382278442382812,10.00682258605957,10.448088645935059,9.590916633605957,9.933979034423828,10.866191864013672,10.170089721679688,10.644240379333496,11.176080703735352,13.064119338989258,11.392603874206543,5.775873184204102,3.750303030014038
228,0.0,0.0008976137032732368,0.0017365510575473309,0.0028323668520897627,8.999943733215332,9.086729049682617,8.434222221374512,9.09012508392334,9.24030876159668,8.918938636779785,9.05983829498291,9.054205894470215,9.035310745239258,10.897086143493652,10.915035247802734,9.658469200134277,10.325799942016602,10.097920417785645,10.645194053649902,10.580435752868652,10.352240562438965,9.996773719787598,11.031567573547363,9.976755142211914,10.738142013549805,12.074016571044922,11.325754165649414,7.143671035766602,3.7515921592712402
229,0.0,0.0006815143278799951,0.001317976275458932,0.0020996597595512867,8.443558692932129,8.179774284362793,8.696023941040039,8.978384971618652,8.862194061279297,8.486746788024902,8.832060813903809,9.207964897155762,10.085586547851562,10.076969146728516,9.981579780578613,9.485967636108398,10.778979301452637,11.672136306762695,9.70612907409668,11.286957740783691,11.38459587097168,10.980456352233887,11.164068222045898,10.834996223449707,11.337149620056152,12.326492309570312,11.296442031860352,5.302766799926758,3.4321250915527344
230,0.0,0.0008345865062437952,0.0017717487644404173,0.0027882528956979513,8.299951553344727,8.899754524230957,8.99561595916748,8.860610008239746,8.898173332214355,9.661641120910645,8.904959678649902,9.340166091918945,9.912104606628418,10.621179580688477,10.59837532043457,10.311666488647461,10.822243690490723,10.505706787109375,10.764204025268555,10.44148063659668,10.974750518798828,10.946447372436523,10.68386173248291,9.985868453979492,12.148149490356445,12.339468955993652,11.674031257629395,6.160872459411621,3.8491642475128174
231,0.0,0.0008829965954646468,0.0018266579136252403,0.0029143623542040586,8.13005542755127,9.444939613342285,9.217131614685059,9.628914833068848,8.619383811950684,9.01722526550293,9.30443000793457,8.813714981079102,9.797082901000977,10.382152557373047,10.699209213256836,10.04286003112793,10.514833450317383,9.695295333862305,10.907731056213379,10.34575366973877,10.940715789794922,10.539746284484863,10.424901008605957,11.366814613342285,10.997879981994629,11.191231727600098,11.557785034179688,5.441586971282959,3.386942148208618
232,0.0,0.0008944126893766224,0.0018094837432727218,0.002904009073972702,8.962687492370605,8.907801628112793,8.637648582458496,8.668868064880371,9.983838081359863,9.362075805664062,8.497180938720703,9.787556648254395,10.602185249328613,10.370903968811035,10.167567253112793,9.813337326049805,10.837197303771973,10.078478813171387,10.200891494750977,9.890857696533203,10.253844261169434,10.393381118774414,10.525832176208496,10.929583549499512,10.867514610290527,12.070016860961914,11.316450119018555,5.4430365562438965,3.8250629901885986
233,0.0,0.0009110227110795677,0.0018207300454378128,0.002977769123390317,8.427105903625488,8.787481307983398,9.000325202941895,8.760659217834473,9.482088088989258,9.106172561645508,9.60500431060791,8.619887351989746,9.935715675354004,10.189223289489746,9.512182235717773,10.241633415222168,10.43848705291748,10.53614330291748,10.222546577453613,10.229133605957031,10.139796257019043,10.0736665725708,11.707027435302734,10.874261856079102,11.639737129211426,11.2152681350708,11.031079292297363,5.935314178466797,3.6079728603363037
234,0.0,0.000858844316098839,0.0017339459154754877,0.0028673780616372824,8.81260871887207,8.795105934143066,9.734842300415039,9.353679656982422,9.094356536865234,8.942967414855957,9.3672513961792,9.125168800354004,9.611349105834961,10.537078857421875,9.44019603729248,9.962236404418945,10.482246398925781,10.414836883544922,10.335332870483398,10.776532173156738,10.235403060913086,11.273538589477539,10.116286277770996,11.8822660446167,11.292060852050781,11.226097106933594,10.956666946411133,5.825573444366455,3.4950954914093018
235,0.0,0.0007037367904558778,0.0014236586866900325,0.0022555585019290447,8.604687690734863,9.103032112121582,8.998285293579102,8.795486450195312,8.912026405334473,9.411417961120605,8.387478828430176,8.988011360168457,8.878371238708496,9.175638198852539,10.492392539978027,10.041077613830566,10.583457946777344,10.310253143310547,10.509369850158691,10.444701194763184,9.319080352783203,10.696264266967773,10.429606437683105,10.72336196899414,12.704646110534668,11.424266815185547,11.31428050994873,5.61190938949585,3.596837043762207
