,layer_1,layer_2,layer_3,layer_4,layer_5,layer_6,layer_7,layer_8,layer_9,layer_10,layer_11,layer_12,layer_13,layer_14,layer_15,layer_16,layer_17,layer_18,layer_19,layer_20,layer_21,layer_22,layer_23,layer_24,layer_25,layer_26,layer_27,layer_28,layer_29
0,0.0,0.04422314837574959,0.21242429316043854,0.5770251154899597,2.82747220993042,3.33124041557312,3.753187656402588,3.786055088043213,4.403283596038818,5.5856709480285645,6.9846720695495605,10.261481285095215,10.256316184997559,12.778973579406738,18.143766403198242,16.208791732788086,27.056440353393555,27.833864212036133,29.387392044067383,35.58393859863281,46.441680908203125,48.273597717285156,91.59039306640625,121.81922149658203,176.65951538085938,264.984130859375,350.84100341796875,483.5816650390625,633.5322265625
1,0.0,0.037791501730680466,0.18758535385131836,0.5377265810966492,2.646364450454712,3.1223790645599365,3.153263807296753,3.7838127613067627,3.842081308364868,5.076026439666748,5.926778316497803,8.878365516662598,8.753403663635254,11.084056854248047,14.454264640808105,14.180581092834473,20.15870475769043,22.460790634155273,24.813020706176758,24.503446578979492,33.54584503173828,42.18660354614258,68.67595672607422,101.41073608398438,145.54356384277344,206.7213134765625,320.5491638183594,478.50946044921875,675.3504028320312
2,0.0,0.05272567272186279,0.2539297342300415,0.6979249715805054,2.8260233402252197,3.4482474327087402,3.606020927429199,3.9267170429229736,4.457662105560303,6.079555034637451,8.107874870300293,11.418702125549316,11.239842414855957,15.21065902709961,20.645801544189453,21.082984924316406,32.56520080566406,34.86534118652344,34.02170181274414,40.29916000366211,47.38824462890625,54.55144500732422,84.30751037597656,111.78530883789062,162.4401397705078,236.0053253173828,349.6247863769531,492.8377380371094,630.0098876953125
3,0.0,0.051478806883096695,0.24642711877822876,0.7189512252807617,2.923008918762207,3.650212287902832,3.773754358291626,4.267243385314941,4.453237056732178,6.5016374588012695,8.857147216796875,11.823275566101074,11.563085556030273,16.17466163635254,23.042644500732422,22.49151611328125,34.35552215576172,36.686397552490234,34.005836486816406,42.476993560791016,56.949581146240234,64.72974395751953,112.76775360107422,147.78860473632812,207.8641357421875,337.20233154296875,455.7049560546875,640.2536010742188,892.653076171875
4,0.0,0.057066988199949265,0.31693464517593384,0.8000326156616211,3.297368288040161,3.9171783924102783,4.327252388000488,4.582332134246826,4.914857864379883,7.360678672790527,9.034201622009277,12.477469444274902,12.486002922058105,17.712554931640625,22.828325271606445,22.96550941467285,37.89297866821289,36.918174743652344,39.865299224853516,44.451210021972656,52.1944465637207,66.70889282226562,102.29740142822266,148.07762145996094,215.6367645263672,313.9185485839844,458.2677001953125,655.386962890625,899.4956665039062
5,0.0,0.0389358252286911,0.1916847676038742,0.5033571124076843,2.6324303150177,2.8847453594207764,3.129016637802124,3.3287858963012695,3.6588799953460693,4.944432258605957,6.057232856750488,8.312370300292969,8.696334838867188,11.304439544677734,13.523488998413086,13.843647956848145,20.568723678588867,21.780296325683594,20.739425659179688,25.79693031311035,37.324283599853516,44.950748443603516,68.85033416748047,98.31913757324219,145.96922302246094,222.7247772216797,298.08203125,493.205322265625,612.4039916992188
6,0.0,0.04113614186644554,0.20871110260486603,0.5236534476280212,2.7087321281433105,2.950654983520508,3.430723190307617,3.591848850250244,3.9753658771514893,5.4131574630737305,6.955441951751709,8.909608840942383,9.12655258178711,12.149996757507324,15.691736221313477,15.720076560974121,21.367015838623047,25.594676971435547,26.545330047607422,27.949296951293945,39.82756423950195,47.24715805053711,76.61542510986328,107.45462799072266,140.88772583007812,209.60693359375,321.47509765625,478.87139892578125,655.2542724609375
7,0.0,0.05852939933538437,0.2964610159397125,0.8447202444076538,3.251776933670044,4.191915512084961,4.476293563842773,4.71339225769043,5.239205360412598,7.582497596740723,9.052203178405762,14.767534255981445,13.427838325500488,18.61960220336914,23.946853637695312,25.896604537963867,42.09707260131836,44.136539459228516,45.246673583984375,50.48462677001953,65.10985565185547,75.87894439697266,93.48587799072266,159.91493225097656,225.8145751953125,355.58465576171875,482.4544677734375,677.3876342773438,930.6741943359375
8,0.0,0.06108719855546951,0.3265930116176605,0.9598482251167297,3.274548053741455,4.285517692565918,4.681064605712891,4.92610502243042,5.279167652130127,8.206548690795898,10.32093620300293,16.14150619506836,15.228596687316895,19.3100528717041,27.773000717163086,25.364219665527344,40.28390884399414,40.549503326416016,48.644439697265625,51.992225646972656,63.294395446777344,69.67186737060547,109.2110366821289,149.54937744140625,204.45974731445312,289.52374267578125,429.90008544921875,677.7449951171875,738.1015014648438
9,0.0,0.04899337515234947,0.26472359895706177,0.6998992562294006,2.847776174545288,3.404407501220703,3.6770131587982178,4.36811637878418,4.424010276794434,6.373258113861084,7.793984413146973,10.702998161315918,11.017539024353027,15.954818725585938,18.669679641723633,19.601852416992188,30.15753936767578,29.3188419342041,30.370298385620117,34.96229934692383,43.2044792175293,54.72196960449219,81.55819702148438,107.7794418334961,160.32217407226562,261.9795837402344,350.6855773925781,539.7203979492188,652.8339233398438
10,0.0,0.05014180764555931,0.24345062673091888,0.6521193981170654,2.7320568561553955,3.5764572620391846,3.8865420818328857,4.082833766937256,3.9918880462646484,6.060770034790039,7.264543533325195,11.034056663513184,10.62817668914795,15.069344520568848,21.30304718017578,20.705286026000977,27.033384323120117,29.6166934967041,34.500301361083984,36.42756271362305,42.9827995300293,50.76091003417969,76.90239715576172,112.36787414550781,163.16757202148438,264.9454650878906,361.40313720703125,545.2150268554688,642.8809814453125
11,0.0,0.05414871498942375,0.2662500739097595,0.6560613512992859,3.1264824867248535,3.751781940460205,3.6633615493774414,4.336225986480713,4.757437705993652,6.4737443923950195,8.257668495178223,10.648445129394531,11.737683296203613,15.465912818908691,21.725141525268555,21.267852783203125,31.870651245117188,35.09339141845703,34.56089782714844,35.447776794433594,45.46240234375,55.09633255004883,80.67437744140625,117.2655029296875,152.96786499023438,226.49172973632812,347.1022644042969,548.3504028320312,616.6116333007812
12,0.0,0.051273126155138016,0.24881723523139954,0.674605667591095,3.1965959072113037,3.5641086101531982,3.934918165206909,4.157617568969727,4.537097930908203,6.1975555419921875,8.380434036254883,12.07226276397705,11.552607536315918,14.616762161254883,20.181133270263672,20.446176528930664,31.97184181213379,32.4464111328125,33.608097076416016,39.18165969848633,51.77114486694336,61.744407653808594,86.57278442382812,130.84909057617188,173.35641479492188,268.94439697265625,400.95782470703125,631.5809326171875,659.6585083007812
13,0.0,0.05288444831967354,0.26822277903556824,0.7061758041381836,3.134878635406494,3.662381649017334,3.8904411792755127,4.23366641998291,4.7186713218688965,6.652502059936523,8.154394149780273,10.794166564941406,11.596822738647461,14.471125602722168,19.45714569091797,18.918983459472656,26.562387466430664,30.48734474182129,32.594539642333984,32.23807144165039,48.2493782043457,51.53888702392578,88.93824005126953,129.86427307128906,177.0149383544922,280.1567687988281,391.72882080078125,562.6409301757812,856.5693969726562
14,0.0,0.05754423141479492,0.2937079071998596,0.8228818774223328,3.2431640625,4.056098461151123,4.466205596923828,4.474514961242676,4.904026031494141,6.753163814544678,8.062152862548828,12.201963424682617,12.867805480957031,15.01308822631836,21.32663345336914,20.36293601989746,31.957998275756836,34.55202865600586,35.76382064819336,40.04810333251953,60.53188705444336,65.475341796875,123.02230072021484,166.4326629638672,252.5691375732422,365.1717834472656,534.8031616210938,707.9212646484375,946.5223999023438
15,0.0,0.06504001468420029,0.29302021861076355,0.8736975193023682,3.2359752655029297,4.140214920043945,4.232506275177002,4.899777412414551,4.892238616943359,7.403600215911865,8.958080291748047,13.739598274230957,13.332393646240234,18.54388427734375,24.353988647460938,23.27199363708496,39.73875045776367,38.15080261230469,41.25062561035156,49.61271286010742,56.0065803527832,66.55693817138672,87.2558364868164,117.71241760253906,159.35682678222656,227.65188598632812,330.5079345703125,529.7529907226562,546.9735107421875
16,0.0,0.053079571574926376,0.2690484821796417,0.7258933186531067,2.95841908454895,3.610356092453003,3.9567041397094727,4.196118354797363,4.570724010467529,6.6518049240112305,8.816611289978027,13.129223823547363,12.599054336547852,17.657176971435547,21.419273376464844,23.452436447143555,34.423095703125,37.008018493652344,36.18269729614258,40.03268814086914,55.956180572509766,69.42272186279297,115.3309097290039,158.71644592285156,211.36572265625,358.74072265625,512.8535766601562,688.2189331054688,919.9793090820312
17,0.0,0.040147699415683746,0.1961679309606552,0.4995233416557312,2.544325828552246,2.9784390926361084,3.253469467163086,3.581021547317505,3.8543620109558105,5.167648792266846,7.005029201507568,9.496736526489258,9.832256317138672,13.016440391540527,16.63057518005371,15.889383316040039,23.413305282592773,24.535024642944336,26.593751907348633,28.300785064697266,40.112728118896484,48.85060501098633,76.81602478027344,108.51985931396484,146.44029235839844,226.7552947998047,318.36328125,495.9330749511719,632.4503784179688
18,0.0,0.04965490847826004,0.27149075269699097,0.7137541770935059,3.0534157752990723,3.57148814201355,3.754723310470581,4.14032506942749,4.578766822814941,6.782751083374023,8.151226997375488,12.571115493774414,13.199976921081543,16.723909378051758,20.41817283630371,19.620798110961914,28.08509635925293,30.863325119018555,35.655391693115234,37.83823776245117,51.5020751953125,58.75340270996094,98.52517700195312,151.8112030029297,208.41903686523438,338.82257080078125,424.2481384277344,680.9112548828125,826.3516845703125
19,0.0,0.0511249415576458,0.22930897772312164,0.6289201378822327,2.9090449810028076,3.775470495223999,3.8273584842681885,4.183582782745361,4.317883014678955,6.553587436676025,7.6160783767700195,11.360528945922852,12.081829071044922,15.124600410461426,20.228046417236328,18.861801147460938,30.529239654541016,33.50761795043945,31.82248878479004,37.7509880065918,48.97602462768555,58.3729133605957,87.64481353759766,127.4771957397461,186.36172485351562,265.81903076171875,375.808837890625,621.7718505859375,673.1873168945312
20,0.0,0.05447947978973389,0.28102150559425354,0.7269042730331421,2.9265353679656982,3.6867904663085938,3.8359367847442627,4.1618571281433105,4.707653522491455,6.341105937957764,8.162331581115723,11.855152130126953,12.477592468261719,18.59349250793457,23.003074645996094,23.183801651000977,34.24823760986328,38.09839630126953,36.72979736328125,43.09019088745117,49.20109176635742,59.67219161987305,88.02617645263672,126.92416381835938,162.44085693359375,234.5030975341797,359.21759033203125,478.96099853515625,563.4473876953125
21,0.0,0.06892082840204239,0.3201524317264557,0.9450523257255554,3.571467399597168,4.217015266418457,4.552284240722656,4.978118419647217,5.3133392333984375,8.282644271850586,9.421573638916016,13.977221488952637,13.722681999206543,16.53731918334961,25.419816970825195,22.43754768371582,34.96387481689453,38.44781494140625,38.68601608276367,42.83519744873047,47.53841781616211,55.56841278076172,81.96446228027344,111.12474822998047,144.3622283935547,217.3159637451172,316.7923278808594,557.9909057617188,518.802001953125
22,0.0,0.05044889822602272,0.27325063943862915,0.7245004177093506,3.1531505584716797,3.752797842025757,4.015262603759766,4.059462070465088,4.820977687835693,6.299583435058594,8.184971809387207,11.541131973266602,12.46890640258789,15.479386329650879,21.99350929260254,19.229167938232422,28.776063919067383,29.895458221435547,32.58129119873047,32.08437728881836,47.291568756103516,51.372840881347656,76.59978485107422,101.18192291259766,143.14588928222656,224.17837524414062,313.174560546875,481.488037109375,571.6441650390625
23,0.0,0.05644851177930832,0.2735389471054077,0.7630332112312317,3.2297301292419434,4.168359756469727,4.539294719696045,4.730990409851074,5.116299152374268,7.325423240661621,9.112936019897461,12.981188774108887,14.096414566040039,16.106891632080078,22.614561080932617,23.028139114379883,34.48459243774414,35.8375244140625,38.87940216064453,39.10722732543945,57.2915153503418,64.15863800048828,111.96249389648438,156.87513732910156,195.04258728027344,309.7988586425781,434.3170166015625,658.5956420898438,900.9641723632812
24,0.0,0.0371040441095829,0.16701515018939972,0.47900864481925964,2.643890380859375,2.913662910461426,3.139153003692627,3.392037868499756,3.7915313243865967,5.121535778045654,5.818154335021973,7.986101150512695,8.6530179977417,10.491063117980957,14.141270637512207,14.811446189880371,22.452621459960938,22.47892189025879,25.23802375793457,27.842023849487305,38.49159622192383,42.667938232421875,65.7917709350586,100.25696563720703,138.5537567138672,218.8805694580078,306.5057067871094,456.5806579589844,607.7651977539062
25,0.0,0.03530673682689667,0.1568969488143921,0.44208192825317383,2.41654372215271,2.8950138092041016,2.9354922771453857,3.1739439964294434,3.400617837905884,4.682522773742676,5.66716194152832,7.751440048217773,7.941551208496094,10.26950454711914,12.010213851928711,12.693289756774902,17.251880645751953,17.80997657775879,19.047082901000977,21.055421829223633,28.845766067504883,32.45475769042969,56.862342834472656,73.92610168457031,107.11770629882812,168.4371337890625,239.35769653320312,390.6329650878906,531.7412109375
26,0.0,0.07618892192840576,0.35301509499549866,0.958870530128479,3.604914665222168,4.369804859161377,4.611713886260986,4.9687180519104,5.6822991371154785,8.728702545166016,10.448975563049316,15.780117988586426,15.313641548156738,19.33664321899414,26.213754653930664,24.11396026611328,38.611148834228516,38.688743591308594,42.298072814941406,44.65936279296875,55.93197250366211,69.4971923828125,96.1630859375,133.9953155517578,193.2236785888672,328.9609069824219,399.2911682128906,683.611083984375,841.82080078125
27,0.0,0.05649922415614128,0.28211718797683716,0.7382180094718933,3.1242921352386475,3.6485183238983154,4.1636457443237305,4.278004169464111,4.992369174957275,6.526373863220215,8.081949234008789,12.468950271606445,12.58456802368164,16.654571533203125,21.119415283203125,22.217910766601562,31.155231475830078,34.508792877197266,35.222877502441406,40.608360290527344,47.17740249633789,52.75197982788086,86.55730438232422,111.48161315917969,167.60194396972656,257.678955078125,339.0539855957031,535.4902954101562,578.5525512695312
28,0.0,0.07333450019359589,0.36055848002433777,0.9212606549263,3.6064116954803467,4.028441905975342,4.536036014556885,5.082138538360596,5.546609401702881,7.6808576583862305,10.999738693237305,15.434666633605957,15.143438339233398,21.60449981689453,29.669950485229492,29.649717330932617,44.73417663574219,50.65717315673828,50.616722106933594,53.92845916748047,69.21409606933594,78.74617767333984,119.78431701660156,151.78594970703125,198.49522399902344,285.04931640625,424.7498474121094,654.8471069335938,625.853271484375
29,0.0,0.050331782549619675,0.2918650507926941,0.6655012369155884,2.869608163833618,3.60626220703125,3.726215362548828,4.2618231773376465,4.459499359130859,6.642850875854492,8.06057071685791,12.655430793762207,12.079191207885742,15.546854019165039,22.04743003845215,21.382165908813477,30.48480224609375,34.81071853637695,37.125267028808594,41.902469635009766,49.266624450683594,59.06365203857422,102.14147186279297,126.28533172607422,165.31837463378906,274.96417236328125,413.06298828125,568.3029174804688,719.965576171875
30,0.0,0.06159612536430359,0.3087545931339264,0.8381107449531555,3.325120210647583,4.023959636688232,4.25740385055542,4.428342819213867,5.054419994354248,7.810454845428467,9.181086540222168,13.01694393157959,14.122305870056152,19.0755672454834,25.871904373168945,24.167888641357422,36.66660690307617,43.68997573852539,43.758026123046875,48.50146484375,57.307830810546875,66.00386810302734,93.92579650878906,122.14452362060547,159.42306518554688,236.05386352539062,346.51556396484375,545.1198120117188,541.0159301757812
31,0.0,0.03984765708446503,0.19945044815540314,0.575339138507843,2.6757946014404297,3.3457658290863037,3.3048901557922363,3.5996949672698975,4.01678991317749,5.2345733642578125,6.790489196777344,9.326898574829102,9.913430213928223,13.317451477050781,16.36100959777832,16.523086547851562,25.570236206054688,26.332168579101562,28.094297409057617,32.90625,37.2228889465332,49.27768325805664,82.35385131835938,117.3342056274414,149.4554443359375,217.78875732421875,347.8458557128906,469.8114318847656,593.8526000976562
32,0.0,0.06280118227005005,0.31021082401275635,0.8443815112113953,3.4949886798858643,4.0210041999816895,4.521344184875488,4.7360429763793945,5.305595874786377,7.662850856781006,9.039338111877441,13.256134986877441,14.044811248779297,19.61475944519043,27.449844360351562,26.648120880126953,40.60293960571289,44.63031005859375,41.73652648925781,47.55558395385742,58.096954345703125,73.31234741210938,118.81969451904297,158.3329315185547,208.53213500976562,292.434326171875,472.129150390625,634.1698608398438,778.2566528320312
33,0.0,0.06541670858860016,0.3223627507686615,0.9744237661361694,3.4162087440490723,4.220961093902588,4.388333320617676,4.781975746154785,5.216063499450684,7.911355018615723,9.285600662231445,13.487674713134766,14.387828826904297,18.797653198242188,26.942506790161133,24.904739379882812,36.305267333984375,38.594844818115234,40.41565704345703,47.06972885131836,52.576698303222656,55.34360122680664,81.48915100097656,103.34505462646484,138.78350830078125,211.4819793701172,311.71014404296875,478.6643981933594,490.9427185058594
34,0.0,0.06084615737199783,0.33896565437316895,0.896066427230835,3.496744155883789,4.0379228591918945,4.5653181076049805,5.133242607116699,5.271422386169434,7.8481597900390625,10.147231101989746,13.97373104095459,14.265424728393555,19.111003875732422,28.876968383789062,24.532453536987305,38.6124153137207,46.90808868408203,44.94886779785156,54.19329833984375,63.12776565551758,70.99525451660156,97.12091064453125,131.55010986328125,187.93238830566406,288.51788330078125,438.21771240234375,694.80517578125,697.1331787109375
35,0.0,0.06947103142738342,0.3537883460521698,0.9084640145301819,3.5030465126037598,4.368011951446533,4.58803653717041,5.03568172454834,5.455634593963623,7.897592067718506,9.9157133102417,15.109012603759766,17.048147201538086,19.223155975341797,28.484272003173828,23.947919845581055,41.95853042602539,47.392765045166016,45.66474151611328,50.57503128051758,70.0337142944336,82.75140380859375,136.0301971435547,168.6289520263672,244.92959594726562,402.4350891113281,561.7085571289062,737.51220703125,969.8279418945312
36,0.0,0.0724068209528923,0.3784923255443573,1.0276768207550049,3.4484989643096924,4.800485134124756,4.805573463439941,5.066538333892822,5.561195373535156,8.207062721252441,10.090132713317871,14.904361724853516,16.9061222076416,19.12430191040039,30.83927345275879,28.633790969848633,48.521690368652344,57.066158294677734,57.759376525878906,57.377803802490234,78.31453704833984,90.7232666015625,149.16900634765625,180.24859619140625,277.8312072753906,389.4444885253906,548.8048706054688,802.2822265625,956.0665283203125
37,0.0,0.05380780249834061,0.2826598882675171,0.7062251567840576,3.0825037956237793,3.7334039211273193,3.913450241088867,4.217073440551758,4.487846851348877,6.6691508293151855,8.434947967529297,12.139246940612793,13.327133178710938,15.015411376953125,21.023805618286133,20.820449829101562,28.645566940307617,34.513641357421875,35.547523498535156,36.638885498046875,49.826332092285156,53.26626205444336,74.6316146850586,111.34486389160156,164.8022003173828,229.8870391845703,310.39471435546875,528.8772583007812,596.5537109375
38,0.0,0.043932344764471054,0.20792682468891144,0.6267805695533752,2.8791885375976562,3.130601167678833,3.464977741241455,3.7963757514953613,4.311641693115234,5.513154029846191,7.117903232574463,10.42259407043457,10.250802993774414,13.63566780090332,16.5300235748291,18.037492752075195,23.215364456176758,25.25457000732422,26.877517700195312,28.29686164855957,41.991519927978516,46.613792419433594,80.32506561279297,111.0839614868164,166.55569458007812,258.6421813964844,370.75482177734375,507.08697509765625,765.377197265625
39,0.0,0.04125639423727989,0.21394510567188263,0.5464522838592529,2.737011194229126,3.110771656036377,3.499624252319336,3.51607346534729,4.004852294921875,5.761977672576904,6.805632591247559,10.185626983642578,10.303179740905762,12.722530364990234,16.347457885742188,16.53693962097168,23.93552589416504,26.362247467041016,30.093473434448242,29.31192970275879,44.16838455200195,56.615386962890625,95.45352935791016,141.2710723876953,225.41085815429688,320.93023681640625,435.796875,608.277587890625,813.6734008789062
40,0.0,0.059432607144117355,0.3006610870361328,0.8321313858032227,3.301790475845337,3.9955320358276367,4.551826477050781,4.718426704406738,5.227880001068115,7.583756446838379,9.178949356079102,13.139348030090332,14.246232986450195,18.135608673095703,23.808040618896484,22.89571189880371,34.45756149291992,38.33090591430664,38.830318450927734,42.09016036987305,57.1135139465332,69.99190521240234,107.9435043334961,152.56747436523438,225.2292938232422,337.4615173339844,524.6911010742188,759.23876953125,947.3435668945312
41,0.0,0.048189517110586166,0.23825892806053162,0.6500459313392639,2.8297812938690186,3.4837236404418945,3.5893707275390625,4.149939060211182,4.164664268493652,5.728537559509277,7.403382301330566,10.425131797790527,10.670750617980957,12.425622940063477,18.75870704650879,16.34567642211914,25.455453872680664,27.65445899963379,26.608556747436523,28.525907516479492,41.8963623046875,48.5251350402832,76.60466003417969,102.61389923095703,144.98841857910156,219.92457580566406,309.05023193359375,487.3550720214844,600.4620361328125
42,0.0,0.05796591565012932,0.28196558356285095,0.7881728410720825,3.1329505443573,4.079204082489014,4.352215766906738,4.407237529754639,4.8506646156311035,7.2883172035217285,9.101975440979004,11.875778198242188,11.925771713256836,17.284709930419922,25.187847137451172,21.866405487060547,42.44746398925781,44.822235107421875,44.79859161376953,50.139808654785156,58.78692626953125,72.27556610107422,100.32847595214844,149.60069274902344,204.6995391845703,310.3211975097656,409.829833984375,654.5416259765625,691.7179565429688
43,0.0,0.07058935612440109,0.3298697769641876,0.8981398344039917,3.3584811687469482,4.311694622039795,4.388331413269043,5.091064929962158,5.109682559967041,7.139552116394043,9.097236633300781,13.942681312561035,13.625653266906738,18.999910354614258,28.101516723632812,24.73540687561035,43.44712829589844,41.60158157348633,46.296627044677734,53.74748992919922,58.97337341308594,64.84486389160156,90.68528747558594,123.96956634521484,159.9268798828125,228.27049255371094,315.5894470214844,562.7027587890625,505.894287109375
44,0.0,0.05614957958459854,0.27321192622184753,0.7110949754714966,3.1065785884857178,3.8408164978027344,3.875767707824707,4.511341094970703,4.715640068054199,7.084770679473877,8.238189697265625,12.773866653442383,12.974163055419922,17.42392921447754,22.024415969848633,20.96137237548828,29.854516983032227,34.141807556152344,36.6805419921875,40.361045837402344,58.28567886352539,63.886051177978516,109.9940414428711,153.8299102783203,213.77928161621094,293.4940490722656,463.05755615234375,657.3228149414062,862.8041381835938
45,0.0,0.05805713310837746,0.2774159610271454,0.7726121544837952,2.9678268432617188,3.6681580543518066,4.006019592285156,4.396110534667969,4.927696704864502,7.111323356628418,8.700451850891113,12.61889934539795,13.292845726013184,17.00166893005371,23.091121673583984,22.207876205444336,30.49666976928711,32.74819564819336,33.49325180053711,37.14714813232422,49.82292556762695,55.53602600097656,88.47795867919922,123.20489501953125,163.88272094726562,254.87615966796875,384.9790954589844,625.8605346679688,835.8633422851562
46,0.0,0.057450685650110245,0.30703026056289673,0.7869270443916321,3.4403042793273926,3.813654899597168,4.177585124969482,4.2178730964660645,4.650519847869873,6.925783634185791,8.85771369934082,12.322935104370117,12.690211296081543,16.628339767456055,22.404634475708008,19.75202751159668,31.905691146850586,34.49262237548828,34.64681625366211,41.789154052734375,51.197696685791016,58.34247970581055,87.47811126708984,129.17694091796875,165.7764434814453,248.45619201660156,382.09942626953125,617.9869995117188,799.7723388671875
47,0.0,0.04738852381706238,0.2134357988834381,0.5752149820327759,2.734980583190918,3.210325241088867,3.338054895401001,3.840503454208374,4.015632152557373,5.740318298339844,7.423595905303955,9.185818672180176,10.5890474319458,12.23624038696289,17.283191680908203,17.54119300842285,23.121505737304688,27.279016494750977,27.00437355041504,33.581634521484375,42.09679412841797,50.27819061279297,72.8508529663086,103.31100463867188,151.45556640625,219.99819946289062,335.9855041503906,494.8957214355469,651.4740600585938
48,0.0,0.04770508036017418,0.2249450832605362,0.6235018372535706,2.969184160232544,3.367824077606201,3.721487045288086,3.9645285606384277,4.004474639892578,5.940426349639893,7.234850883483887,10.146784782409668,10.073474884033203,13.82813549041748,16.47480010986328,17.467622756958008,27.063812255859375,28.81713104248047,28.860750198364258,34.545650482177734,41.73485565185547,48.06099319458008,65.937744140625,97.93516540527344,131.41041564941406,168.8663330078125,274.8828125,451.8749084472656,490.31964111328125
49,0.0,0.06513257324695587,0.2917083501815796,0.9331607818603516,3.342266321182251,4.127079010009766,4.44261360168457,4.692518711090088,5.138730525970459,7.37228536605835,9.746071815490723,13.136388778686523,14.397659301757812,18.189289093017578,24.355697631835938,24.299240112304688,34.56089401245117,39.46355056762695,43.543861389160156,45.208683013916016,50.76643371582031,57.76216506958008,78.97490692138672,126.84654235839844,155.49110412597656,243.85475158691406,346.1673583984375,585.248779296875,681.994384765625
50,0.0,0.034399475902318954,0.16909198462963104,0.4715513288974762,2.533536911010742,2.8048036098480225,2.9235055446624756,3.1778910160064697,3.657531976699829,4.923444747924805,6.148453235626221,7.899043560028076,7.687888145446777,9.94683837890625,12.550004959106445,12.138859748840332,18.060789108276367,21.04741096496582,23.2967472076416,24.45627212524414,38.535335540771484,45.381797790527344,74.99398040771484,106.7670669555664,175.6486358642578,245.53794860839844,363.6235046386719,502.070556640625,689.853759765625
51,0.0,0.06201618164777756,0.31665781140327454,0.8762359023094177,3.4682059288024902,3.9766852855682373,4.357820510864258,4.580625534057617,5.101344108581543,8.108880043029785,9.836370468139648,14.622041702270508,13.162195205688477,18.216842651367188,23.385324478149414,23.32955551147461,36.67411804199219,38.889774322509766,44.52249526977539,45.69688415527344,57.57881546020508,67.7657241821289,98.61992645263672,152.47207641601562,217.4971466064453,315.1568908691406,466.7456359863281,700.9451293945312,751.3760375976562
52,0.0,0.050452396273612976,0.2407686412334442,0.7069237232208252,3.006530523300171,3.677177667617798,3.9629645347595215,4.438986301422119,4.545253753662109,6.348871231079102,7.7573652267456055,10.788373947143555,11.534371376037598,14.909588813781738,18.996379852294922,19.954254150390625,26.713632583618164,29.62127113342285,32.902828216552734,37.13700866699219,42.72233581542969,52.18519592285156,72.70634460449219,98.48562622070312,139.77195739746094,194.44384765625,321.47711181640625,527.6767578125,489.9061584472656
53,0.0,0.03746883571147919,0.18916302919387817,0.52965247631073,2.5000767707824707,3.1282858848571777,3.093733787536621,3.4730968475341797,4.06359338760376,5.0719523429870605,6.255194664001465,8.549775123596191,9.242511749267578,12.334415435791016,14.613729476928711,14.55844783782959,21.059415817260742,23.19589614868164,22.411317825317383,27.278291702270508,36.91156768798828,41.551883697509766,67.19010162353516,99.37158203125,126.63378143310547,192.40611267089844,298.499755859375,403.93438720703125,537.9722900390625
54,0.0,0.08499478548765182,0.45240968465805054,1.2272210121154785,4.165693283081055,5.191492557525635,5.796722412109375,6.571984767913818,6.830530643463135,10.884550094604492,12.87536907196045,17.410816192626953,20.4151668548584,24.872629165649414,34.0914306640625,32.274166107177734,45.581153869628906,56.1351432800293,56.89430236816406,67.88520812988281,76.310302734375,82.4620590209961,128.52276611328125,179.1290740966797,242.48670959472656,359.3966064453125,510.14215087890625,785.0532836914062,754.0557250976562
55,0.0,0.07076280564069748,0.3145579397678375,0.8480676412582397,3.2519702911376953,4.242076396942139,4.526005744934082,4.602438926696777,5.208502292633057,7.873239994049072,10.406508445739746,14.211568832397461,15.221020698547363,18.21816062927246,27.062700271606445,25.038576126098633,39.722957611083984,43.85187530517578,45.14101028442383,49.463279724121094,59.675724029541016,67.2633285522461,107.8186264038086,137.17703247070312,189.03759765625,255.73574829101562,384.88250732421875,563.9076538085938,582.1372680664062
56,0.0,0.056293632835149765,0.2690823972225189,0.7752744555473328,3.224273681640625,3.9300992488861084,4.411435604095459,4.412292003631592,4.903703689575195,7.080952167510986,8.197375297546387,13.110369682312012,13.333127975463867,17.144813537597656,24.538660049438477,23.507352828979492,35.97114562988281,38.091392517089844,39.68788146972656,44.42996597290039,55.3171272277832,74.00005340576172,115.82272338867188,155.96754455566406,198.9221649169922,320.6097106933594,449.9382629394531,665.259765625,793.0322875976562
57,0.0,0.049991607666015625,0.2159501612186432,0.5949238538742065,2.802436113357544,3.484760046005249,3.784477949142456,4.093174457550049,3.995906352996826,5.932669639587402,6.873898506164551,10.752619743347168,10.557516098022461,14.484047889709473,18.854745864868164,18.524137496948242,26.314739227294922,29.377634048461914,29.991363525390625,36.716033935546875,47.5771484375,56.4648551940918,81.2820816040039,117.84931182861328,180.6151885986328,259.5047607421875,369.37481689453125,563.6535034179688,686.520263671875
58,0.0,0.044247400015592575,0.2170470654964447,0.6175049543380737,2.820603609085083,3.4358742237091064,3.723926305770874,3.8508636951446533,4.0959954261779785,5.730998516082764,6.781111717224121,9.859732627868652,10.29840087890625,13.193520545959473,18.935834884643555,18.29227638244629,27.08072853088379,28.61420249938965,31.825056076049805,32.77183532714844,44.99644088745117,53.47874069213867,81.35475158691406,127.49053192138672,173.61001586914062,262.4237976074219,374.8203430175781,525.0053100585938,715.4366455078125
59,0.0,0.06428077071905136,0.3430848717689514,0.9181455969810486,3.1800427436828613,4.393803119659424,4.559965133666992,5.024724960327148,5.395566463470459,7.964003086090088,9.621922492980957,13.54859733581543,14.136543273925781,18.691944122314453,27.103853225708008,23.529478073120117,37.609893798828125,41.409690856933594,43.733001708984375,47.60474395751953,60.20063400268555,74.20777130126953,109.50927734375,165.809814453125,210.43630981445312,318.3359069824219,459.08099365234375,647.517333984375,736.6990966796875
60,0.0,0.058376580476760864,0.26579946279525757,0.6657840609550476,3.0783565044403076,3.5566537380218506,3.8006744384765625,4.12959098815918,4.505543231964111,6.482510089874268,7.890942573547363,12.174174308776855,12.352314949035645,15.157017707824707,20.800477981567383,18.59903907775879,29.48005485534668,30.8955135345459,36.55402374267578,37.300758361816406,44.85630798339844,54.39350128173828,82.38587951660156,115.51647186279297,166.43043518066406,240.49322509765625,357.1947937011719,539.8817138671875,591.1705322265625
61,0.0,0.07093401998281479,0.34712597727775574,0.9141066074371338,3.480642318725586,4.388363361358643,4.755707263946533,5.006748199462891,5.608328819274902,8.326826095581055,10.55225658416748,15.476372718811035,16.037677764892578,20.838281631469727,30.60915756225586,27.722761154174805,44.48512649536133,48.036319732666016,47.188751220703125,53.49108123779297,58.646724700927734,70.09492492675781,108.20346069335938,144.29916381835938,182.45794677734375,290.48114013671875,418.1466979980469,642.4161987304688,791.332275390625
62,0.0,0.0463155061006546,0.20777009427547455,0.6471361517906189,2.9316608905792236,3.434068441390991,3.6552481651306152,3.926262617111206,4.29258918762207,6.127416133880615,7.612250328063965,9.609477043151855,10.749750137329102,13.367365837097168,16.843708038330078,17.761672973632812,25.415624618530273,30.8682861328125,29.441638946533203,32.41437911987305,45.06725311279297,57.041221618652344,86.2088851928711,123.88829040527344,170.47640991210938,265.718017578125,402.7095947265625,589.3139038085938,717.1381225585938
63,0.0,0.08425614982843399,0.4142909646034241,1.0205990076065063,3.935507297515869,4.630319595336914,5.214230060577393,5.806077003479004,6.234793186187744,9.186263084411621,12.594043731689453,19.792922973632812,18.317766189575195,25.613845825195312,29.708032608032227,29.602754592895508,47.47104263305664,53.54751205444336,49.912437438964844,62.80060577392578,68.79122161865234,86.71217346191406,125.7684555053711,159.33319091796875,235.88818359375,349.4707336425781,499.4505920410156,745.5430908203125,775.0007934570312
64,0.0,0.0664561539888382,0.3241032361984253,0.8104901313781738,3.28775954246521,4.428798198699951,4.606090068817139,5.133334159851074,4.887999534606934,7.1051859855651855,9.42908000946045,12.60179328918457,13.550920486450195,18.72812271118164,24.181093215942383,25.26348876953125,37.82979202270508,39.283485412597656,39.45449447631836,49.57662582397461,68.93922424316406,63.96808624267578,104.62601470947266,135.6511688232422,191.68092346191406,274.4300842285156,410.8663635253906,661.3045654296875,730.5288696289062
65,0.0,0.04856932535767555,0.22450709342956543,0.6183249950408936,2.780972957611084,3.4077608585357666,3.535959482192993,3.710118293762207,4.390286445617676,6.163443565368652,7.174485206604004,9.82484245300293,10.516522407531738,13.500914573669434,16.89271354675293,15.75574016571045,26.08083724975586,26.154930114746094,27.477094650268555,29.552919387817383,38.382869720458984,53.52417755126953,79.1595687866211,114.38572692871094,170.59141540527344,253.65171813964844,342.58758544921875,493.9504089355469,777.462646484375
66,0.0,0.056169673800468445,0.28773248195648193,0.7281209826469421,2.985985517501831,3.7132771015167236,4.006657123565674,4.442841053009033,4.616785526275635,6.787339687347412,8.221269607543945,11.583834648132324,13.287772178649902,15.47319221496582,21.170473098754883,20.83019256591797,30.848569869995117,35.51779556274414,33.789730072021484,36.0070915222168,45.93389892578125,55.93388366699219,88.05462646484375,122.76830291748047,172.69935607910156,264.9824523925781,362.1792907714844,575.0315551757812,686.3079223632812
67,0.0,0.037992242723703384,0.18352365493774414,0.5011247992515564,2.6259167194366455,2.8515357971191406,3.257633924484253,3.40071964263916,3.776301860809326,5.031683921813965,6.541694641113281,8.665487289428711,8.50469970703125,12.014273643493652,16.1097354888916,13.885473251342773,21.174219131469727,21.700119018554688,22.860504150390625,26.92346954345703,34.41185760498047,36.59739303588867,54.70042419433594,83.5719223022461,107.63866424560547,169.0898895263672,217.28260803222656,380.2991943359375,426.1961669921875
68,0.0,0.06744734197854996,0.3191978335380554,0.8603525161743164,3.418217182159424,4.0796942710876465,4.3089141845703125,4.722903251647949,5.4286370277404785,8.029659271240234,10.39348030090332,13.90584659576416,14.7250394821167,17.006149291992188,22.951282501220703,24.754959106445312,36.1251106262207,39.08671188354492,39.536434173583984,41.44121551513672,56.376129150390625,62.89946746826172,93.2678451538086,128.33338928222656,184.61720275878906,248.29722595214844,369.994140625,668.737060546875,583.7748413085938
69,0.0,0.06713681668043137,0.3385632336139679,0.9495367407798767,3.498720407485962,4.112425804138184,4.568811416625977,4.9615654945373535,5.195563316345215,7.818755149841309,9.682125091552734,13.855293273925781,14.275348663330078,19.08802032470703,26.632478713989258,23.558650970458984,40.542823791503906,41.92041778564453,43.88795852661133,47.63020706176758,61.44062042236328,67.9849853515625,99.91217803955078,140.0487823486328,198.59645080566406,275.53118896484375,402.4308166503906,622.1724243164062,753.5384521484375
70,0.0,0.0547478161752224,0.25453007221221924,0.7096990942955017,3.2428853511810303,4.100087642669678,3.8689537048339844,4.1992902755737305,4.745713710784912,6.804080486297607,8.444509506225586,10.820707321166992,12.065797805786133,15.23203182220459,19.774532318115234,21.648571014404297,29.74835777282715,32.72262954711914,33.374454498291016,40.201908111572266,43.822689056396484,51.1517448425293,86.8444595336914,116.29644775390625,147.9996795654297,231.81224060058594,309.900146484375,494.8514099121094,563.56689453125
71,0.0,0.05870620161294937,0.2669283449649811,0.7456117272377014,2.993584632873535,3.8609673976898193,4.071071624755859,4.443633079528809,4.563360691070557,6.695137023925781,8.249523162841797,11.946735382080078,12.146082878112793,15.241437911987305,22.054601669311523,21.143184661865234,32.23265838623047,35.32594680786133,35.93125915527344,43.7171745300293,53.08263397216797,61.6893310546875,94.31430053710938,137.40098571777344,177.059326171875,265.29571533203125,361.00140380859375,590.8093872070312,743.9618530273438
72,0.0,0.03937361389398575,0.20060956478118896,0.5538427829742432,2.663914918899536,3.0654830932617188,3.105806827545166,3.4899086952209473,3.900132894515991,5.585778713226318,6.652340412139893,9.083808898925781,8.810832977294922,12.024450302124023,15.762608528137207,15.917963981628418,23.42812156677246,24.430540084838867,27.294540405273438,24.950109481811523,36.96061706542969,43.86799240112305,66.32080078125,97.62490844726562,138.02142333984375,202.86488342285156,291.20330810546875,426.7349853515625,493.4693603515625
73,0.0,0.040775101631879807,0.1995914727449417,0.5285815000534058,2.6263763904571533,3.2157106399536133,3.3222858905792236,3.6405386924743652,4.0992960929870605,5.28007173538208,6.516484260559082,9.501594543457031,9.378762245178223,11.674067497253418,14.66891860961914,14.24985408782959,19.017311096191406,21.0982608795166,24.017486572265625,26.0345516204834,31.583484649658203,42.033206939697266,68.3629150390625,98.50892639160156,132.03334045410156,188.74139404296875,283.92584228515625,412.9978332519531,503.2801208496094
74,0.0,0.0613715797662735,0.28316202759742737,0.8037347793579102,3.017878770828247,3.6801064014434814,3.9292120933532715,4.485071659088135,4.735656261444092,6.862630367279053,7.914267539978027,11.821621894836426,13.537956237792969,15.892508506774902,24.034645080566406,24.537052154541016,36.93251037597656,38.90402603149414,38.56475067138672,43.590999603271484,48.88515853881836,54.75075149536133,78.45658111572266,113.490234375,148.77468872070312,218.69580078125,308.0927734375,480.3011474609375,570.833740234375
75,0.0,0.05467038229107857,0.2913593351840973,0.6643466949462891,3.2054896354675293,3.71905255317688,3.9950714111328125,4.4144721031188965,5.025824546813965,6.936845779418945,8.650994300842285,12.318914413452148,12.911680221557617,15.800439834594727,23.279335021972656,20.66667938232422,33.30416488647461,33.17304992675781,32.71855545043945,41.37251663208008,48.355674743652344,58.54966354370117,87.31806945800781,118.89836883544922,163.16082763671875,253.71200561523438,351.50213623046875,550.0240478515625,610.5062866210938
76,0.0,0.06567325443029404,0.3325999677181244,1.0074272155761719,3.51145339012146,4.0234246253967285,4.314289093017578,4.673280239105225,5.346993923187256,9.140274047851562,11.431323051452637,16.510251998901367,16.271228790283203,21.162322998046875,28.021610260009766,26.980981826782227,40.43452072143555,42.261173248291016,48.38077926635742,47.338619232177734,59.28736877441406,66.74425506591797,95.21783447265625,139.11761474609375,182.39797973632812,282.0787353515625,408.7560729980469,674.3097534179688,620.4154052734375
77,0.0,0.06322813034057617,0.31679242849349976,0.9182091951370239,3.479212999343872,4.163836479187012,4.36037015914917,4.8532209396362305,5.086644649505615,8.214079856872559,9.118090629577637,13.268037796020508,14.272747039794922,17.755298614501953,25.15366554260254,23.726287841796875,38.832000732421875,40.42585372924805,40.9007682800293,48.42134475708008,54.901798248291016,59.93343734741211,81.65667724609375,118.40603637695312,150.0145721435547,217.65472412109375,302.120361328125,540.822509765625,534.8785400390625
78,0.0,0.07927748560905457,0.39294031262397766,1.05576491355896,3.759080171585083,4.382622241973877,5.003991603851318,5.907592296600342,6.178857803344727,8.985308647155762,12.085411071777344,16.720203399658203,18.586030960083008,23.09144401550293,33.09358596801758,33.45500183105469,47.60872268676758,54.24561309814453,53.92489242553711,58.713871002197266,67.3162841796875,80.2837905883789,112.64472198486328,155.19505310058594,190.62637329101562,303.65045166015625,414.44464111328125,645.9180297851562,709.2472534179688
79,0.0,0.05317143350839615,0.2526150345802307,0.7044793963432312,2.911459445953369,3.5913634300231934,3.9273860454559326,4.0835137367248535,4.708145618438721,6.718033313751221,8.320718765258789,11.288846015930176,11.409717559814453,15.322674751281738,21.280620574951172,20.763517379760742,30.43148422241211,36.83544921875,32.61640930175781,38.73647689819336,51.89362716674805,55.790184020996094,75.41758728027344,109.70230865478516,157.6191864013672,224.3070068359375,328.3070068359375,504.8018493652344,535.3017578125
80,0.0,0.10032728314399719,0.43308526277542114,1.1391857862472534,3.7985763549804688,4.913584232330322,5.31337308883667,5.598344802856445,5.960249423980713,9.745625495910645,11.396866798400879,18.01076316833496,17.314403533935547,22.176679611206055,31.117122650146484,28.229951858520508,40.571048736572266,43.944461822509766,44.47562789916992,50.82380676269531,63.881710052490234,69.0455322265625,103.95336151123047,140.33790588378906,196.40135192871094,302.1311340332031,411.26483154296875,756.939453125,699.3771362304688
81,0.0,0.051455333828926086,0.26314082741737366,0.6676276922225952,2.9590165615081787,3.5944571495056152,3.9238131046295166,4.165835380554199,4.458906650543213,6.634791374206543,7.697126865386963,11.443631172180176,11.722533226013184,17.055376052856445,21.687597274780273,22.181638717651367,33.23167037963867,35.97086715698242,35.223114013671875,37.782989501953125,51.082942962646484,53.91143035888672,86.09030151367188,119.9427261352539,172.046875,239.21173095703125,335.8830261230469,532.292724609375,580.7454223632812
82,0.0,0.04001574218273163,0.19906114041805267,0.540538489818573,2.8312368392944336,3.134688138961792,3.353659152984619,3.611497640609741,3.974755048751831,5.583096027374268,6.776544094085693,9.731888771057129,10.903043746948242,12.17243766784668,16.49338722229004,15.141075134277344,23.337024688720703,24.85116958618164,25.558895111083984,27.649972915649414,39.67219543457031,47.07707977294922,70.0284652709961,103.74703216552734,151.1328582763672,239.90907287597656,341.72552490234375,490.8126525878906,730.2042846679688
83,0.0,0.04548558220267296,0.22422517836093903,0.5913121700286865,2.7168033123016357,3.3167307376861572,3.658276081085205,3.735384225845337,4.158465385437012,5.911289691925049,7.613209247589111,9.404879570007324,11.061233520507812,13.121014595031738,17.095258712768555,18.428674697875977,26.406005859375,28.07608413696289,27.884674072265625,32.63119125366211,44.731117248535156,55.390506744384766,77.00792694091797,125.30187225341797,178.2479705810547,244.34844970703125,393.3473205566406,562.8321533203125,711.8187866210938
84,0.0,0.052767444401979446,0.2365487813949585,0.697392463684082,3.0055172443389893,3.7148988246917725,4.172081470489502,4.237951755523682,4.435964107513428,6.874250411987305,8.05690860748291,10.869927406311035,11.75620174407959,14.030662536621094,18.848546981811523,18.917146682739258,27.866008758544922,31.483814239501953,32.45144271850586,35.70179748535156,48.42386245727539,60.616355895996094,92.07691192626953,124.3657455444336,185.25527954101562,271.4968566894531,394.63409423828125,563.892822265625,746.6156616210938
85,0.0,0.05504278838634491,0.29095613956451416,0.8119401335716248,3.0781142711639404,3.8697433471679688,4.163992881774902,4.594241619110107,5.233514308929443,7.350794792175293,8.823342323303223,13.057929992675781,13.411834716796875,17.137969970703125,23.607803344726562,24.409990310668945,37.31844711303711,37.78975296020508,41.55056381225586,42.99281311035156,53.48640823364258,64.31825256347656,99.37244415283203,129.4967498779297,192.56883239746094,266.17889404296875,416.2777099609375,618.0279541015625,735.3701782226562
86,0.0,0.04896321892738342,0.2222374975681305,0.6021731495857239,2.732712745666504,3.284189224243164,3.613551378250122,3.71925950050354,4.0285444259643555,6.223225116729736,7.280499458312988,10.437074661254883,10.797723770141602,13.926213264465332,18.408496856689453,18.043140411376953,26.943775177001953,31.15545082092285,29.42600440979004,32.37531280517578,42.804447174072266,54.53486633300781,85.20508575439453,119.57835388183594,166.74264526367188,252.07943725585938,374.5218505859375,566.5618896484375,704.7737426757812
87,0.0,0.08196146041154861,0.3883132040500641,1.027016520500183,3.6364266872406006,4.781530380249023,4.760623931884766,5.205361366271973,5.557464599609375,9.139242172241211,11.582491874694824,16.83694076538086,17.884597778320312,24.567285537719727,33.75752258300781,32.23057556152344,44.86878967285156,51.4130744934082,55.3448371887207,64.07404327392578,73.79188537597656,70.9370346069336,101.3687515258789,149.07284545898438,204.0255126953125,291.42889404296875,407.28289794921875,654.1336059570312,728.8599853515625
88,0.0,0.059259578585624695,0.29517531394958496,0.8130422234535217,3.2479138374328613,4.093990325927734,4.405197620391846,4.66802978515625,5.075065612792969,7.728153705596924,9.089483261108398,12.143608093261719,13.636483192443848,17.197790145874023,24.0120792388916,21.204200744628906,36.384490966796875,36.744571685791016,34.81825256347656,38.51654052734375,51.88466262817383,53.404335021972656,80.0054931640625,109.27092742919922,154.4539794921875,225.6060791015625,326.1127014160156,542.3310546875,573.9039306640625
89,0.0,0.03382204473018646,0.15732118487358093,0.41480347514152527,2.4122695922851562,2.8223180770874023,2.77144455909729,3.037198066711426,3.4431984424591064,4.830267906188965,6.094087600708008,7.590595245361328,8.793766021728516,10.428887367248535,12.412920951843262,12.444905281066895,18.75196075439453,19.851545333862305,20.69847297668457,23.597484588623047,30.843114852905273,42.885658264160156,71.48999786376953,106.00431823730469,159.40277099609375,241.77854919433594,347.72991943359375,463.6297912597656,708.3643188476562
90,0.0,0.062270961701869965,0.3023657500743866,0.823215663433075,3.1540939807891846,3.689260959625244,4.128747463226318,4.39467191696167,4.843654155731201,6.282632827758789,8.183614730834961,11.462526321411133,12.226241111755371,15.969393730163574,20.607606887817383,19.54091453552246,32.638912200927734,34.690223693847656,35.853206634521484,39.42669677734375,46.621726989746094,57.31769943237305,83.8353271484375,123.08454132080078,175.76327514648438,263.0880432128906,387.4015197753906,631.0571899414062,744.39013671875
91,0.0,0.052688565105199814,0.25412797927856445,0.7278810739517212,2.879857301712036,3.7993087768554688,3.9998114109039307,4.438526630401611,4.663867473602295,6.836822509765625,7.813241481781006,11.979388236999512,12.384161949157715,16.40791130065918,22.429603576660156,20.32167625427246,32.80148696899414,34.83720397949219,36.637813568115234,39.754112243652344,45.37127685546875,49.29188537597656,73.98464965820312,113.98358154296875,149.1854705810547,201.17054748535156,288.5302734375,513.1571044921875,477.587158203125
92,0.0,0.05243299528956413,0.24658000469207764,0.5940572619438171,2.962456703186035,3.592627763748169,3.733213186264038,4.324714183807373,4.4337263107299805,6.72855281829834,7.421525955200195,10.881502151489258,10.498906135559082,14.551800727844238,20.753019332885742,21.104631423950195,30.54861831665039,33.4664306640625,34.08348083496094,39.631126403808594,52.62466812133789,60.528785705566406,95.96564483642578,135.13705444335938,188.04501342773438,289.3528747558594,397.6770935058594,616.7454833984375,788.7369384765625
93,0.0,0.053472667932510376,0.2744891047477722,0.7747370004653931,3.0713400840759277,3.813002347946167,3.7869772911071777,4.315799236297607,4.749375820159912,7.262357711791992,9.082430839538574,12.420450210571289,13.558496475219727,16.67872428894043,23.20516586303711,24.071935653686523,34.40437316894531,36.78517532348633,39.76049041748047,46.490814208984375,55.697303771972656,64.95668029785156,96.02916717529297,135.66259765625,189.50010681152344,277.3645324707031,400.2655944824219,621.2728881835938,679.0892944335938
94,0.0,0.04834277555346489,0.23792356252670288,0.711790144443512,2.984956741333008,3.3221921920776367,3.4909322261810303,3.863388776779175,4.2336883544921875,6.227586269378662,8.08729362487793,11.434638977050781,12.618552207946777,15.132586479187012,20.555828094482422,19.645837783813477,28.625944137573242,30.683000564575195,31.271020889282227,32.61128616333008,49.878684997558594,54.20703125,89.41048431396484,127.28966522216797,184.55197143554688,285.6907958984375,379.60638427734375,592.665283203125,739.0386352539062
95,0.0,0.04551618546247482,0.2015591263771057,0.5631265044212341,2.685311794281006,3.0429999828338623,3.352531909942627,3.83296799659729,4.102996349334717,5.6323065757751465,6.750182151794434,9.594673156738281,10.159817695617676,13.190834999084473,16.008195877075195,15.718514442443848,23.041324615478516,24.64485740661621,26.60460662841797,30.509130477905273,41.84172058105469,47.97835159301758,72.84525299072266,93.72008514404297,144.58740234375,211.16041564941406,291.7569274902344,481.44366455078125,578.0110473632812
96,0.0,0.06636699289083481,0.33905550837516785,0.9867360591888428,3.3259644508361816,4.54764986038208,4.917087078094482,5.173439025878906,5.389912128448486,8.334762573242188,10.506319046020508,13.799665451049805,16.33405113220215,19.683629989624023,29.198362350463867,27.541675567626953,40.34429931640625,47.22049331665039,44.9642448425293,48.82173538208008,62.693603515625,67.86898803710938,106.6291275024414,156.059326171875,211.52301025390625,278.6187744140625,412.42633056640625,721.32666015625,710.2566528320312
97,0.0,0.05243659019470215,0.2575795352458954,0.7058981657028198,2.9338386058807373,3.5119688510894775,4.031026363372803,3.959017038345337,4.557382106781006,6.820425033569336,8.434004783630371,11.752096176147461,11.941758155822754,15.266805648803711,19.634531021118164,18.4327392578125,28.779598236083984,27.8155574798584,29.206642150878906,32.565528869628906,46.05288314819336,56.664947509765625,95.94489288330078,135.2090301513672,200.6260986328125,328.0011291503906,455.2190856933594,624.75830078125,902.394775390625
98,0.0,0.03928050026297569,0.20605875551700592,0.5903167128562927,2.700119733810425,3.3403379917144775,3.462754964828491,3.6748101711273193,4.14019775390625,5.636014938354492,6.531632900238037,10.533623695373535,11.043930053710938,11.354668617248535,15.213924407958984,13.833480834960938,21.35520362854004,20.808536529541016,22.518203735351562,25.7554874420166,35.213932037353516,38.70372009277344,61.22874450683594,86.33897399902344,128.07789611816406,196.43841552734375,269.2578125,428.9404602050781,536.6514282226562
99,0.0,0.052798792719841,0.23563727736473083,0.7581163644790649,3.0253677368164062,3.568225622177124,3.6171271800994873,3.854938268661499,4.545669078826904,7.021483898162842,7.727171421051025,11.572477340698242,12.051164627075195,16.038352966308594,20.791948318481445,22.515642166137695,33.49454879760742,36.46868133544922,35.580787658691406,42.39364242553711,48.62488555908203,60.535526275634766,81.6636962890625,109.0849609375,154.2140655517578,223.02243041992188,316.0230407714844,492.6541442871094,520.40625
100,0.0,0.04866144061088562,0.2215886265039444,0.6164752244949341,2.8180720806121826,3.484449863433838,3.7367186546325684,3.8113131523132324,4.078742027282715,6.242664337158203,7.168171405792236,10.346056938171387,10.862701416015625,13.755338668823242,18.959815979003906,17.886009216308594,27.314796447753906,28.374013900756836,30.235136032104492,34.81238555908203,45.15707778930664,55.48630905151367,89.50652313232422,123.52217864990234,187.6204071044922,260.6817321777344,415.16455078125,566.5738525390625,772.5111694335938
101,0.0,0.04308149591088295,0.2035977691411972,0.6027288436889648,2.6533379554748535,3.3131134510040283,3.3129289150238037,3.625685691833496,3.8823492527008057,5.602376461029053,6.970107078552246,8.803922653198242,9.662997245788574,12.306754112243652,15.895402908325195,15.47583293914795,22.824649810791016,24.978700637817383,25.342927932739258,28.502635955810547,39.27780532836914,45.04733657836914,71.57442474365234,108.50630187988281,162.88832092285156,246.5400390625,369.5522766113281,552.21875,791.1729125976562
102,0.0,0.04905523732304573,0.22767579555511475,0.6062557697296143,2.857034921646118,3.361176013946533,3.7686500549316406,3.764683246612549,4.327682018280029,6.223671913146973,7.558783531188965,11.677148818969727,10.301679611206055,14.423213005065918,19.744892120361328,17.762903213500977,28.536598205566406,31.576684951782227,33.64935302734375,35.768375396728516,42.647544860839844,49.62698745727539,79.01250457763672,102.12677764892578,130.60157775878906,199.66900634765625,274.6700134277344,490.1099548339844,426.1922607421875
103,0.0,0.04528149589896202,0.2239145040512085,0.6257190704345703,2.978951930999756,3.544186592102051,3.690227746963501,3.8959381580352783,4.302786350250244,5.625268936157227,7.446555137634277,10.572416305541992,10.616548538208008,14.56706714630127,17.973125457763672,19.951263427734375,30.08078384399414,30.69904136657715,31.658296585083008,34.0927619934082,45.41389465332031,53.082096099853516,88.07453918457031,126.3165512084961,175.17880249023438,253.60726928710938,383.58795166015625,541.1185302734375,660.8301391601562
104,0.0,0.06802072376012802,0.36548158526420593,0.9852359294891357,3.497356653213501,4.449954509735107,4.647144794464111,4.891708850860596,5.910228729248047,8.321189880371094,10.85872745513916,14.649578094482422,16.218873977661133,21.175376892089844,25.304410934448242,25.887126922607422,41.68308639526367,45.08129119873047,43.47749328613281,48.04705047607422,60.45281219482422,63.88322067260742,87.197265625,131.15414428710938,160.95230102539062,254.8745880126953,342.9478454589844,542.9260864257812,585.7806396484375
105,0.0,0.048595402389764786,0.2215997725725174,0.5879058837890625,2.7194342613220215,3.383582353591919,3.5721607208251953,3.862211227416992,3.969879627227783,5.994454383850098,6.538207530975342,9.822697639465332,11.238006591796875,12.183683395385742,16.98346519470215,15.635339736938477,22.948379516601562,24.970670700073242,26.498001098632812,29.01182746887207,43.080894470214844,51.52780532836914,83.7677993774414,108.02032470703125,165.04942321777344,245.1464080810547,362.78399658203125,581.5337524414062,673.1005249023438
106,0.0,0.054197121411561966,0.2667175531387329,0.7126245498657227,3.190218925476074,3.95475697517395,4.280079364776611,4.43089485168457,4.8332695960998535,7.107643127441406,8.565974235534668,13.175431251525879,12.792651176452637,16.066431045532227,21.777599334716797,22.898754119873047,32.77831268310547,34.42685317993164,34.32623291015625,42.33256912231445,49.93617630004883,58.351837158203125,90.25884246826172,121.72927856445312,162.3049774169922,263.8475646972656,346.239501953125,566.4475708007812,680.8978271484375
107,0.0,0.0683906078338623,0.3199751675128937,0.8971778750419617,3.543426990509033,4.209377288818359,4.6327714920043945,5.204733848571777,5.380018711090088,8.516433715820312,10.224457740783691,14.833209991455078,13.792259216308594,18.94057846069336,24.38397216796875,24.355005264282227,38.062015533447266,40.8677978515625,42.36773681640625,44.452640533447266,55.05046844482422,56.63637161254883,94.57749938964844,125.31434631347656,155.7508544921875,248.29794311523438,364.054931640625,617.5707397460938,577.6787719726562
108,0.0,0.05313871055841446,0.2527703046798706,0.7357248067855835,2.9732770919799805,3.8220374584198,4.05715274810791,4.380187511444092,4.479562759399414,6.442079067230225,7.538557052612305,10.501730918884277,11.439506530761719,14.51001262664795,21.137187957763672,21.130380630493164,32.667213439941406,33.902286529541016,36.105281829833984,38.10908889770508,45.49403762817383,53.017127990722656,70.49640655517578,106.13683319091797,141.67845153808594,195.8394012451172,284.563720703125,458.5432434082031,468.14306640625
109,0.0,0.05866033211350441,0.2793099582195282,0.868143618106842,3.2667346000671387,4.0010857582092285,4.220474720001221,4.5981221199035645,5.1150970458984375,7.65907096862793,9.5797758102417,14.210139274597168,14.522961616516113,18.41379737854004,25.214309692382812,24.97274398803711,34.280738830566406,37.327545166015625,42.31987762451172,43.488739013671875,56.91586685180664,67.00321960449219,111.61113739013672,157.74722290039062,226.8717041015625,337.8995666503906,524.7379150390625,721.5465087890625,977.5687255859375
110,0.0,0.04651498794555664,0.18316306173801422,0.5591768026351929,2.660922050476074,2.9703123569488525,3.0715601444244385,3.461362838745117,3.925436496734619,5.523739337921143,7.12812614440918,9.776798248291016,10.064188003540039,12.93502426147461,16.80257797241211,15.976366996765137,24.08639144897461,25.69512367248535,26.216327667236328,27.44585609436035,37.63035202026367,47.2461051940918,76.255615234375,114.62176513671875,145.3437042236328,225.57476806640625,321.71087646484375,483.4955139160156,604.4043579101562
111,0.0,0.05846289172768593,0.2637503147125244,0.7447003722190857,3.1790425777435303,3.5783326625823975,4.1501240730285645,4.29092264175415,4.929173946380615,6.992423057556152,8.152688026428223,11.596288681030273,12.044611930847168,15.709211349487305,19.202699661254883,20.332191467285156,30.319135665893555,33.18541717529297,33.57973861694336,40.20407485961914,48.413211822509766,52.1689338684082,75.01264190673828,113.11276245117188,155.20101928710938,246.3482666015625,340.65692138671875,563.1099243164062,612.0134887695312
112,0.0,0.042171865701675415,0.20939122140407562,0.5787031650543213,2.7391774654388428,3.1809916496276855,3.2339839935302734,3.714747428894043,4.010265350341797,5.589301586151123,6.684220790863037,9.062186241149902,10.55237865447998,12.569272994995117,16.393461227416992,16.113187789916992,22.105758666992188,24.665712356567383,27.446657180786133,28.368350982666016,39.7596435546875,45.20186233520508,75.78028106689453,96.15853118896484,134.72755432128906,196.51336669921875,288.06707763671875,514.7307739257812,575.0640258789062
113,0.0,0.05298219621181488,0.2414388805627823,0.6278607845306396,2.8850412368774414,3.7571702003479004,3.837869167327881,4.4438323974609375,4.665130138397217,6.50785493850708,8.137411117553711,11.27934741973877,12.617035865783691,17.14892578125,24.233814239501953,23.756683349609375,37.19016647338867,38.723445892333984,39.27934646606445,43.904972076416016,55.831932067871094,64.18782043457031,100.12065124511719,147.32228088378906,194.9780731201172,285.3727722167969,419.4697265625,597.7775268554688,815.7448120117188
114,0.0,0.04514934495091438,0.2274640053510666,0.6174547672271729,2.8136940002441406,3.277817726135254,3.6967334747314453,3.6949474811553955,4.4139723777771,5.798763275146484,7.648497581481934,9.966943740844727,11.484903335571289,14.454014778137207,19.403156280517578,19.245223999023438,29.79762077331543,29.565528869628906,29.280115127563477,34.2444953918457,41.81804275512695,44.18616485595703,67.16144561767578,107.27850341796875,117.77423858642578,184.37379455566406,285.380859375,460.149658203125,428.9998474121094
115,0.0,0.05122882127761841,0.22610123455524445,0.6089246273040771,2.6133580207824707,3.3712031841278076,3.5927348136901855,3.8896427154541016,4.047148704528809,5.943913459777832,7.370977401733398,10.56700611114502,10.406144142150879,14.313661575317383,18.375202178955078,19.71514129638672,29.686782836914062,28.055551528930664,30.763174057006836,34.00265884399414,43.638389587402344,48.406246185302734,67.38912963867188,99.82965850830078,133.7374725341797,205.4822235107422,268.67950439453125,474.7818603515625,513.9611206054688
116,0.0,0.04321911185979843,0.1841830611228943,0.5143184661865234,2.672783374786377,3.161705732345581,3.135897159576416,3.384762763977051,3.745521068572998,5.15036153793335,6.358254909515381,8.993553161621094,9.396425247192383,10.731342315673828,14.114946365356445,14.913661003112793,20.741262435913086,22.679336547851562,23.652835845947266,24.975605010986328,37.021461486816406,43.777915954589844,73.79976654052734,103.91277313232422,149.7752227783203,231.42076110839844,327.7876281738281,489.0448303222656,636.8529663085938
117,0.0,0.051844608038663864,0.2289586216211319,0.6377373933792114,2.926776885986328,3.5693368911743164,3.8224234580993652,4.184563159942627,4.289109706878662,5.730950832366943,6.971667766571045,10.096924781799316,10.370088577270508,13.400607109069824,18.706954956054688,17.526493072509766,31.926231384277344,29.882625579833984,34.45854949951172,38.719390869140625,45.883914947509766,56.487586975097656,83.1326904296875,107.54923248291016,151.27369689941406,221.681884765625,310.6407165527344,514.3070068359375,543.2640380859375
118,0.0,0.0495167076587677,0.24146915972232819,0.5832701325416565,2.965243339538574,3.262843608856201,3.576874256134033,3.883641242980957,4.380802154541016,5.672525882720947,6.6742095947265625,9.640694618225098,9.65602970123291,13.285765647888184,17.482675552368164,18.251434326171875,25.877376556396484,27.35987663269043,28.456844329833984,30.872480392456055,37.3974609375,47.93306350708008,68.81456756591797,91.2113037109375,135.00694274902344,203.98904418945312,297.2722473144531,505.9407043457031,537.2005004882812
119,0.0,0.05099005997180939,0.26256221532821655,0.7107658982276917,2.996127128601074,3.698127508163452,3.6867403984069824,4.010343074798584,4.589181900024414,6.189411163330078,8.288005828857422,11.101977348327637,11.179793357849121,14.422971725463867,19.031938552856445,18.802532196044922,27.852787017822266,28.7418212890625,32.93584442138672,37.11772155761719,46.04063415527344,57.81415939331055,84.3193588256836,110.79450225830078,152.7714385986328,226.37547302246094,344.0035705566406,528.0197143554688,639.4410400390625
120,0.0,0.05535731837153435,0.2921614944934845,0.7107031345367432,3.010622978210449,3.6310360431671143,4.08392333984375,4.1228508949279785,4.5042338371276855,7.293692588806152,8.421463012695312,12.164555549621582,12.138654708862305,16.86576271057129,20.65996551513672,22.08513069152832,32.83738327026367,37.39771270751953,36.509700775146484,41.340179443359375,49.56747817993164,59.90053176879883,80.76130676269531,117.43350219726562,169.53953552246094,236.47927856445312,347.86700439453125,513.6384887695312,615.4612426757812
121,0.0,0.050300233066082,0.24843162298202515,0.6577418446540833,3.065669536590576,3.51830792427063,3.686514139175415,4.238556861877441,4.8598809242248535,6.052552223205566,7.568296909332275,10.975683212280273,11.932088851928711,13.75158977508545,18.2871036529541,18.90532684326172,27.319189071655273,30.377277374267578,30.689977645874023,34.71859359741211,46.83686828613281,52.36293029785156,83.89988708496094,118.79302215576172,149.3734130859375,235.78443908691406,345.8438415527344,543.0565795898438,579.041748046875
122,0.0,0.05551263689994812,0.2813640832901001,0.7819687724113464,3.1774544715881348,3.7577157020568848,4.294676780700684,4.829980850219727,4.699571132659912,6.549447536468506,8.61014175415039,11.779918670654297,13.530031204223633,16.061485290527344,22.866331100463867,22.653118133544922,33.89350891113281,36.99873733520508,38.31476593017578,44.7993049621582,54.0184211730957,64.49170684814453,93.60814666748047,133.45486450195312,193.97906494140625,294.5480651855469,404.6826477050781,644.3652954101562,796.6558837890625
123,0.0,0.05671676993370056,0.28368860483169556,0.7917932868003845,3.1713287830352783,3.8373756408691406,4.137633800506592,4.2967305183410645,5.092306137084961,7.375988483428955,8.497354507446289,12.26005744934082,13.09992790222168,16.618362426757812,23.23788070678711,22.5211124420166,36.2880859375,38.15536117553711,37.61248779296875,43.364723205566406,53.29568099975586,59.94865036010742,84.58745574951172,117.35742950439453,170.6839141845703,256.1202087402344,354.0168151855469,607.25,608.5780029296875
124,0.0,0.06132207065820694,0.3017417788505554,0.8252739906311035,3.162470817565918,3.880929470062256,4.346497535705566,4.307077884674072,4.702315807342529,6.892529487609863,8.993088722229004,13.030898094177246,13.245086669921875,17.702138900756836,22.775423049926758,20.955150604248047,33.21847915649414,38.578590393066406,41.070491790771484,47.98408889770508,56.87109375,70.07856750488281,108.74307250976562,150.21217346191406,224.36436462402344,324.7255859375,461.09747314453125,724.7530517578125,936.3570556640625
125,0.0,0.07443107664585114,0.39621007442474365,1.0487374067306519,3.6110012531280518,4.665069580078125,4.92089319229126,5.572356700897217,6.22744083404541,9.885746955871582,11.80561351776123,16.892969131469727,17.512531280517578,22.3582763671875,33.187984466552734,34.750301361083984,48.05261993408203,56.56999588012695,53.341758728027344,62.67121887207031,78.85698699951172,90.29296112060547,139.16500854492188,212.63035583496094,268.88543701171875,396.626220703125,571.7618408203125,745.08154296875,913.4475708007812
126,0.0,0.03818633779883385,0.17087876796722412,0.5062858462333679,2.597903251647949,2.951075553894043,3.2063238620758057,3.3356876373291016,3.6861608028411865,5.086897850036621,6.589479446411133,8.61087703704834,8.97393798828125,12.104007720947266,15.692340850830078,14.278016090393066,21.108848571777344,22.52996253967285,24.734668731689453,25.674854278564453,32.96546936035156,37.92161178588867,58.018856048583984,83.87167358398438,115.2425537109375,161.1652069091797,237.7908477783203,373.0989074707031,461.84228515625
127,0.0,0.08421830832958221,0.468238890171051,1.3013029098510742,3.9162991046905518,4.973031520843506,5.782203197479248,5.473217010498047,6.635416507720947,9.87721061706543,13.39016056060791,19.686120986938477,20.537866592407227,26.93555450439453,38.78343963623047,40.9783935546875,61.47859573364258,67.78076934814453,66.1845474243164,78.07563018798828,86.48706817626953,93.6170654296875,145.21603393554688,194.7299041748047,271.07501220703125,383.3653259277344,512.8411254882812,821.6057739257812,852.7201538085938
128,0.0,0.07960397750139236,0.41495272517204285,1.1103241443634033,3.729769706726074,4.806139945983887,5.378391742706299,5.6816792488098145,6.172994613647461,9.833695411682129,11.418575286865234,18.080453872680664,18.8088321685791,25.497844696044922,33.049476623535156,31.376220703125,55.58911895751953,56.64213562011719,58.75041580200195,65.77183532714844,79.7147216796875,95.22145080566406,131.4571075439453,188.2291717529297,251.1962127685547,392.65606689453125,526.072998046875,808.1205444335938,808.3636474609375
129,0.0,0.05340586602687836,0.23788657784461975,0.7040579915046692,2.9413905143737793,3.7141265869140625,3.823678970336914,4.096227645874023,4.4102678298950195,6.594093322753906,8.302903175354004,11.352730751037598,12.078160285949707,14.259708404541016,20.54649543762207,19.18895721435547,30.579118728637695,32.21366882324219,33.8353385925293,38.34453201293945,44.90142059326172,48.84201431274414,68.3869400024414,97.20378875732422,134.54115295410156,210.89991760253906,290.5976867675781,477.5357666015625,497.0093688964844
130,0.0,0.05571014806628227,0.2567721903324127,0.7324938774108887,3.07486891746521,3.5364341735839844,3.9464030265808105,4.318753242492676,4.602230072021484,7.154256820678711,8.297595024108887,11.733975410461426,13.760631561279297,16.93464469909668,21.92420196533203,21.71991539001465,35.32535934448242,35.59307098388672,36.80426025390625,40.96583938598633,54.64701843261719,71.38115692138672,111.28414154052734,157.52513122558594,225.7554168701172,356.3145751953125,468.215576171875,708.9100341796875,1041.404052734375
131,0.0,0.06318292021751404,0.292917400598526,0.7950635552406311,3.122877597808838,3.763542890548706,4.0730485916137695,4.345369338989258,5.11086893081665,7.420271396636963,9.16480541229248,13.545845031738281,13.960467338562012,16.199060440063477,22.2526798248291,22.558324813842773,36.09471893310547,36.385196685791016,38.98837661743164,44.12150192260742,56.455360412597656,65.32377624511719,101.93238830566406,162.43447875976562,217.08529663085938,346.3440856933594,471.17230224609375,676.7782592773438,890.1847534179688
132,0.0,0.049921419471502304,0.24546919763088226,0.6431014537811279,2.8624348640441895,3.4857447147369385,3.660135507583618,4.033758640289307,4.200745105743408,5.598604679107666,7.43726921081543,10.689189910888672,10.038896560668945,12.067727088928223,17.626750946044922,18.05184555053711,26.55491828918457,25.286516189575195,29.04068946838379,33.10976028442383,42.841087341308594,45.736934661865234,69.89527130126953,98.06946563720703,141.4458770751953,198.50982666015625,266.2015686035156,445.2278137207031,525.6821899414062
133,0.0,0.09054910391569138,0.4432665705680847,1.223214864730835,3.990176200866699,4.90340518951416,5.569995403289795,5.616844654083252,6.431722164154053,9.525114059448242,12.993133544921875,18.651844024658203,19.509380340576172,24.030338287353516,34.584224700927734,34.73496627807617,50.82058334350586,50.68304443359375,58.427894592285156,61.10206985473633,67.51551818847656,73.18508911132812,104.5167236328125,147.0565948486328,204.48207092285156,296.7840270996094,430.1881408691406,643.5636596679688,693.85546875
134,0.0,0.0658830776810646,0.30754920840263367,0.8305867910385132,3.319251537322998,3.7582626342773438,4.153371334075928,4.3059563636779785,4.939916133880615,8.168362617492676,9.309564590454102,14.499900817871094,14.729926109313965,18.091278076171875,26.85465431213379,24.19054412841797,34.798370361328125,43.7214469909668,41.678245544433594,43.58534622192383,54.7095947265625,72.39527130126953,121.15258026123047,173.2866973876953,221.3805694580078,352.001953125,542.4702758789062,700.90966796875,944.8424072265625
135,0.0,0.05876053497195244,0.30526620149612427,0.7660121917724609,3.282970428466797,4.2055816650390625,4.391190052032471,4.5713300704956055,5.278703689575195,7.44130277633667,9.156432151794434,12.76301383972168,14.523058891296387,18.700998306274414,25.041933059692383,22.467098236083984,37.61764144897461,40.85960388183594,41.378047943115234,44.16842269897461,68.85413360595703,76.6838607788086,122.89058685302734,173.0553741455078,241.1599578857422,423.37335205078125,546.92529296875,789.192626953125,1085.1617431640625
136,0.0,0.05103990435600281,0.26907962560653687,0.753806471824646,3.084674835205078,3.9339001178741455,4.077967643737793,4.318066120147705,4.665380477905273,6.6596455574035645,8.044282913208008,12.032798767089844,11.726455688476562,14.434308052062988,21.60123634338379,20.28118896484375,33.00483322143555,36.99526596069336,35.32252502441406,41.19826889038086,52.801979064941406,57.63478469848633,90.60803985595703,128.1974639892578,171.86428833007812,257.83624267578125,381.04296875,596.2378540039062,696.18212890625
137,0.0,0.06557758152484894,0.3148544430732727,0.8064925074577332,3.2187063694000244,3.9928553104400635,4.324675559997559,4.67301607131958,5.317574501037598,7.482518196105957,9.694878578186035,14.928230285644531,14.18764877319336,17.56878662109375,22.05081558227539,22.9803409576416,32.513587951660156,40.29697799682617,39.76044845581055,44.437095642089844,58.96059799194336,63.74641036987305,104.15333557128906,132.59481811523438,226.9564666748047,306.2643127441406,447.0693054199219,676.5597534179688,820.9436645507812
138,0.0,0.03350371867418289,0.1531190276145935,0.4402732849121094,2.5035970211029053,2.869692087173462,2.9674596786499023,3.3013720512390137,3.6533305644989014,4.771069049835205,5.854886054992676,7.523074626922607,8.01357364654541,9.404121398925781,12.472359657287598,13.25862979888916,17.609149932861328,19.9616641998291,21.691070556640625,23.236541748046875,29.291776657104492,35.556392669677734,59.498634338378906,77.44306182861328,121.85784149169922,184.24465942382812,254.53225708007812,379.2306823730469,452.32421875
139,0.0,0.05966698005795479,0.2825789153575897,0.8583859205245972,3.1143405437469482,3.7818684577941895,4.122119426727295,4.477341175079346,4.803106784820557,7.015312671661377,8.952396392822266,12.269493103027344,12.711119651794434,17.32402801513672,22.833786010742188,21.44939613342285,31.64134407043457,39.22511291503906,38.84916305541992,44.35429763793945,52.24977111816406,57.84402084350586,81.9384536743164,121.63388061523438,156.12535095214844,243.37066650390625,351.798583984375,534.928466796875,668.3407592773438
140,0.0,0.0527351014316082,0.2609386146068573,0.7054582238197327,2.9274322986602783,3.6643314361572266,4.171413898468018,4.193029403686523,4.699540138244629,6.93293571472168,8.49807071685791,11.645808219909668,12.538582801818848,14.696235656738281,18.601531982421875,19.02593421936035,31.046451568603516,35.1147346496582,33.96673583984375,39.00511932373047,52.00226593017578,55.162208557128906,90.94564819335938,122.40802001953125,168.21438598632812,250.86508178710938,335.61151123046875,574.7045288085938,641.2686767578125
141,0.0,0.03905049338936806,0.19160886108875275,0.542676568031311,2.715561628341675,3.167151689529419,3.514014720916748,3.655531406402588,4.316522121429443,5.804615497589111,6.8221564292907715,9.527384757995605,9.926823616027832,11.568949699401855,15.641779899597168,15.774168014526367,22.804399490356445,26.330739974975586,25.69327163696289,26.9462947845459,35.77478790283203,45.14951705932617,71.56429290771484,102.47638702392578,139.28543090820312,212.51954650878906,309.6080627441406,455.9803466796875,515.0235595703125
142,0.0,0.038524895906448364,0.18808896839618683,0.4995710551738739,2.693057060241699,2.9262213706970215,3.0738697052001953,3.3549532890319824,3.602646589279175,5.266494274139404,6.115074634552002,8.771245956420898,9.884379386901855,11.987922668457031,14.690455436706543,12.854823112487793,18.9361515045166,21.342836380004883,23.280492782592773,21.744443893432617,34.33104705810547,39.58871841430664,73.10867309570312,101.85098266601562,142.19503784179688,219.63551330566406,302.5962219238281,474.5577697753906,669.313720703125
143,0.0,0.058137185871601105,0.2944469153881073,0.7630155682563782,3.3407976627349854,3.9905033111572266,4.303112030029297,4.739329814910889,5.034242630004883,7.222618103027344,8.946810722351074,12.549749374389648,13.3932523727417,18.72704315185547,26.845277786254883,24.64754295349121,37.88811492919922,40.45233154296875,43.40753936767578,50.66284942626953,56.3163948059082,63.74996566772461,91.02106475830078,124.5825424194336,158.7210693359375,235.74710083007812,341.7733154296875,518.5259399414062,541.8450317382812
144,0.0,0.03566649183630943,0.17934519052505493,0.5200867056846619,2.544672966003418,3.053894281387329,3.0835518836975098,3.496175527572632,3.7814507484436035,5.303282260894775,6.079710483551025,8.562371253967285,8.336883544921875,11.374688148498535,14.597567558288574,13.376532554626465,21.554092407226562,22.576190948486328,23.106822967529297,26.778125762939453,34.44017028808594,40.77943801879883,64.04646301269531,94.43048858642578,133.54638671875,213.89112854003906,311.1597595214844,491.19024658203125,604.248046875
145,0.0,0.04559335485100746,0.21339735388755798,0.6136634349822998,3.0330777168273926,3.2333014011383057,3.5897746086120605,3.62333083152771,4.04839563369751,6.309993743896484,7.482330799102783,10.740107536315918,11.046076774597168,14.120335578918457,19.20125389099121,18.282909393310547,28.291942596435547,28.82809066772461,28.50815773010254,33.99290466308594,47.24619674682617,53.707298278808594,91.97290802001953,126.67733001708984,180.27000427246094,278.4979553222656,398.7470703125,560.9354248046875,806.8558959960938
146,0.0,0.04855477064847946,0.20638953149318695,0.5914356708526611,2.7813894748687744,3.360799789428711,3.5084640979766846,3.9372053146362305,4.213575839996338,6.017795085906982,7.086658477783203,10.19366455078125,10.919462203979492,13.222917556762695,16.85031509399414,16.13632583618164,25.332439422607422,29.449459075927734,28.651098251342773,33.666622161865234,49.711116790771484,50.42623519897461,93.1507568359375,123.37646484375,170.9420623779297,279.7417907714844,399.0677795410156,536.9649047851562,713.9208984375
147,0.0,0.057605624198913574,0.2782346308231354,0.7425635457038879,3.218064785003662,3.906127691268921,4.117393493652344,4.457945823669434,4.598817825317383,7.006028652191162,8.806140899658203,12.860355377197266,13.553583145141602,16.848785400390625,26.131040573120117,24.10898780822754,38.63414764404297,37.852237701416016,40.286094665527344,45.4688835144043,59.03098678588867,75.9591064453125,119.52408599853516,175.41445922851562,225.5132598876953,341.5504455566406,464.2142639160156,664.874755859375,1051.840576171875
148,0.0,0.052250299602746964,0.24786029756069183,0.6364719271659851,2.9322657585144043,3.2977447509765625,3.7604610919952393,4.138700485229492,4.4951701164245605,6.137106418609619,6.9055657386779785,10.391298294067383,11.269424438476562,13.08504581451416,18.439863204956055,17.71595001220703,29.194799423217773,29.560693740844727,32.21751022338867,36.54707336425781,45.166290283203125,54.37298583984375,79.71306610107422,121.94775390625,176.24757385253906,231.04373168945312,363.1502990722656,587.8950805664062,599.2944946289062
149,0.0,0.07556816190481186,0.36299648880958557,1.0675066709518433,3.431994676589966,4.154085159301758,4.584585189819336,4.9482421875,5.745831489562988,8.967430114746094,10.494953155517578,16.082181930541992,16.8294734954834,23.947145462036133,30.42562484741211,29.84064292907715,46.01397705078125,48.523338317871094,45.84527587890625,54.219017028808594,70.05857849121094,82.39009857177734,133.69015502929688,164.94790649414062,236.96408081054688,367.819580078125,454.5920715332031,709.5285034179688,763.991943359375
150,0.0,0.06242254003882408,0.31464529037475586,0.8947274088859558,3.3880372047424316,3.832134246826172,4.094228744506836,4.606332778930664,4.990642070770264,7.239509582519531,10.396075248718262,14.592973709106445,13.932225227355957,19.021848678588867,27.874691009521484,24.579374313354492,36.27690505981445,42.13166809082031,43.50467300415039,47.39287567138672,60.742591857910156,70.49483489990234,111.39583587646484,142.40399169921875,214.03634643554688,306.8967590332031,453.1114501953125,645.3881225585938,767.6268920898438
151,0.0,0.05670735612511635,0.28426170349121094,0.7847316861152649,3.033806800842285,3.730189561843872,4.068572521209717,4.258373260498047,4.5517120361328125,6.489427089691162,8.770648956298828,12.395039558410645,12.674663543701172,16.570968627929688,23.606966018676758,21.550649642944336,35.734535217285156,37.14872741699219,37.68687438964844,44.247310638427734,47.67680740356445,59.717098236083984,82.6668472290039,114.37606811523438,135.89990234375,204.1442108154297,296.82489013671875,470.83056640625,490.0849304199219
152,0.0,0.04861588776111603,0.2110091596841812,0.6424946188926697,2.7951912879943848,3.4545602798461914,3.702005624771118,3.7285070419311523,4.258293151855469,6.284571647644043,7.653313636779785,10.393202781677246,11.881532669067383,14.193883895874023,18.30790138244629,18.255962371826172,25.662649154663086,30.53449058532715,29.519569396972656,34.47529220581055,43.145198822021484,49.846126556396484,81.77330017089844,114.63324737548828,157.35304260253906,244.53807067871094,357.9222412109375,491.1867980957031,624.1472778320312
153,0.0,0.05489909648895264,0.24109295010566711,0.6744505763053894,2.901745319366455,3.473344564437866,3.522167205810547,4.1048383712768555,4.485414981842041,6.1252665519714355,7.559252738952637,11.596205711364746,12.074225425720215,15.388150215148926,19.634904861450195,18.28379249572754,27.319238662719727,32.43315505981445,33.8289794921875,37.820377349853516,48.83422088623047,52.81105041503906,78.99356079101562,113.53136444091797,152.57781982421875,235.16648864746094,344.2035217285156,536.4249877929688,695.16552734375
154,0.0,0.06317479908466339,0.2927244007587433,0.8180774450302124,3.1415672302246094,3.899167776107788,4.542672157287598,4.878299236297607,5.006097793579102,6.9818549156188965,9.407547950744629,13.089265823364258,13.319328308105469,18.132143020629883,21.036195755004883,21.75587272644043,32.83966827392578,35.39162063598633,39.155208587646484,44.086849212646484,49.31393814086914,56.32070541381836,81.60234832763672,114.26321411132812,153.07069396972656,238.08929443359375,357.3239440917969,522.291015625,565.8140258789062
155,0.0,0.0665491372346878,0.3128531575202942,0.8348185420036316,3.33078670501709,3.9299097061157227,4.35153341293335,4.3910675048828125,4.977200508117676,7.412328243255615,9.043713569641113,12.986719131469727,13.949017524719238,17.144962310791016,25.8377742767334,25.59947395324707,34.473995208740234,35.02816390991211,41.146095275878906,46.488121032714844,61.602813720703125,67.78764343261719,103.64096069335938,162.40907287597656,219.94439697265625,320.5389404296875,469.4008483886719,714.9697265625,869.2041015625
156,0.0,0.15426169335842133,0.7869133949279785,2.0918684005737305,5.7480010986328125,7.515578269958496,8.962573051452637,9.34777545928955,11.30828857421875,17.042699813842773,22.699716567993164,34.89643859863281,38.919883728027344,53.15958786010742,79.49452209472656,76.29390716552734,127.74443817138672,128.1058349609375,127.71788024902344,150.7650604248047,160.94419860839844,180.6567840576172,290.7946472167969,366.5893859863281,483.6187744140625,731.0350952148438,923.8116455078125,1372.67431640625,1258.5543212890625
157,0.0,0.04381677880883217,0.2217351794242859,0.5824447274208069,2.738720417022705,3.0726072788238525,3.3154308795928955,3.7004690170288086,4.014272689819336,5.501086235046387,6.979969024658203,9.493432998657227,10.04004955291748,13.122231483459473,16.007322311401367,15.252937316894531,23.0231990814209,28.04914665222168,27.715831756591797,29.279836654663086,38.391353607177734,45.2498779296875,64.7618179321289,98.28990936279297,147.17820739746094,223.8324737548828,323.397705078125,467.7063903808594,625.2517700195312
158,0.0,0.0894533172249794,0.5037121176719666,1.3235254287719727,4.112939357757568,5.208552837371826,5.862954616546631,6.447886943817139,7.137827396392822,11.258309364318848,15.323278427124023,22.35027503967285,22.531047821044922,30.272939682006836,40.40404510498047,36.78374481201172,58.88188171386719,65.93052673339844,66.22636413574219,72.45079803466797,92.11600494384766,109.83499145507812,168.2186279296875,190.509765625,275.08740234375,391.601318359375,575.043701171875,929.1695556640625,986.899169921875
159,0.0,0.0658203586935997,0.30420148372650146,0.8250364065170288,3.248248338699341,3.8409769535064697,4.403510570526123,4.633328437805176,4.955315589904785,7.121460437774658,9.22596549987793,13.519325256347656,13.673991203308105,17.44112205505371,25.171079635620117,24.546327590942383,35.160247802734375,36.89273452758789,38.262935638427734,45.22119140625,51.065032958984375,66.54390716552734,85.7552719116211,127.29393005371094,178.0175018310547,250.45919799804688,362.5629577636719,565.514892578125,699.419921875
160,0.0,0.054601192474365234,0.2823261320590973,0.7872574329376221,3.4009902477264404,3.7600579261779785,4.549753189086914,4.423557758331299,5.006139755249023,6.826132297515869,8.808958053588867,12.859406471252441,12.200901985168457,16.422481536865234,23.688915252685547,22.100324630737305,35.64342498779297,36.4140739440918,40.65318298339844,43.10881805419922,51.81230163574219,66.84732818603516,96.75340270996094,134.30873107910156,189.1782989501953,289.6277160644531,399.4271545410156,598.7445068359375,652.802734375
161,0.0,0.05275855213403702,0.27656203508377075,0.7128623127937317,2.990402936935425,3.5662577152252197,4.007823944091797,4.222249984741211,4.641017913818359,6.861072540283203,8.317140579223633,11.013339042663574,12.641371726989746,16.22528839111328,20.05691146850586,21.020431518554688,31.776185989379883,34.01750946044922,35.10247802734375,43.46915054321289,48.87393569946289,59.9405632019043,83.7243881225586,120.94657135009766,154.2881317138672,248.74147033691406,343.5600280761719,555.2542724609375,605.462158203125
162,0.0,0.08211840689182281,0.45611897110939026,1.1162948608398438,3.910233497619629,4.910327434539795,6.163303375244141,5.984506130218506,6.738643169403076,11.05771255493164,12.824344635009766,17.553985595703125,21.02252960205078,24.90249252319336,33.45933151245117,36.06318664550781,46.12173843383789,58.03386306762695,52.34042739868164,63.02183151245117,71.41354370117188,81.22554016113281,143.39450073242188,178.69993591308594,249.5009765625,384.0655212402344,582.3831176757812,884.0301513671875,953.7178344726562
163,0.0,0.0692099779844284,0.2976473867893219,0.8348170518875122,3.3695435523986816,3.9124226570129395,4.664213180541992,4.850440502166748,5.072434425354004,8.368327140808105,9.545467376708984,13.195025444030762,14.538654327392578,18.643173217773438,27.239383697509766,26.84407615661621,42.95757293701172,41.61429977416992,43.85292053222656,47.89619445800781,56.902320861816406,66.36436462402344,86.48674011230469,126.45474243164062,153.60861206054688,227.40574645996094,327.50634765625,536.1688842773438,553.6487426757812
164,0.0,0.06169835850596428,0.2829388678073883,0.8118336796760559,3.256114959716797,3.7670083045959473,4.57958984375,4.632113456726074,5.163227558135986,7.379415988922119,8.47314453125,13.378082275390625,13.210463523864746,18.80412483215332,27.2302188873291,26.102201461791992,41.698123931884766,42.6146354675293,44.80707931518555,47.360572814941406,57.73994827270508,65.58931732177734,90.70125579833984,113.27277374267578,151.04942321777344,246.99864196777344,336.5548400878906,559.235107421875,479.22821044921875
165,0.0,0.05161486938595772,0.23887935280799866,0.6857138872146606,2.8475747108459473,3.561312675476074,3.8031179904937744,3.9764397144317627,4.610174655914307,5.965379238128662,7.182840347290039,10.910379409790039,11.040207862854004,14.793253898620605,19.578840255737305,19.719852447509766,29.961061477661133,31.45154571533203,34.67518997192383,39.16576385498047,51.67011260986328,61.530784606933594,104.1940689086914,133.96766662597656,209.55792236328125,331.1570739746094,477.27532958984375,645.5021362304688,895.6882934570312
166,0.0,0.053143974393606186,0.2602199912071228,0.7296433448791504,3.1185030937194824,3.703880548477173,4.091757297515869,4.479760646820068,4.771987438201904,6.773656368255615,8.204989433288574,11.473428726196289,12.00520133972168,15.20616626739502,21.26515007019043,20.07455062866211,30.960535049438477,33.4899787902832,34.378665924072266,35.625267028808594,49.236026763916016,56.01632308959961,89.2193603515625,127.10413360595703,197.39161682128906,292.290283203125,392.08856201171875,624.7373046875,778.1984252929688
167,0.0,0.05817768722772598,0.29355061054229736,0.779801607131958,3.2037770748138428,3.981672763824463,4.491339206695557,4.405285835266113,5.127283573150635,7.280045032501221,8.88805866241455,12.605891227722168,13.541180610656738,16.29084587097168,23.705354690551758,24.50322151184082,37.60083770751953,38.299781799316406,39.39558029174805,47.368526458740234,63.676002502441406,70.37889862060547,124.05572509765625,172.66372680664062,243.75563049316406,386.132080078125,514.6739501953125,805.7161865234375,1038.5909423828125
168,0.0,0.054249558597803116,0.2700589597225189,0.7435638308525085,2.9112584590911865,3.6773858070373535,4.0845489501953125,4.229248523712158,4.447019100189209,6.496433734893799,7.790347576141357,11.319637298583984,12.110353469848633,14.961082458496094,19.930875778198242,22.06159019470215,31.0942325592041,33.82954406738281,33.51577377319336,39.033897399902344,45.23555374145508,52.89710998535156,91.77285766601562,116.10929107666016,160.98028564453125,234.60423278808594,350.678466796875,524.1104125976562,675.3073120117188
169,0.0,0.06241164728999138,0.3140625059604645,0.8696933388710022,3.3052194118499756,3.7955942153930664,4.433700084686279,4.3233842849731445,4.969060897827148,7.85164213180542,9.661229133605957,13.108373641967773,13.666422843933105,18.809505462646484,25.18417739868164,24.367107391357422,36.04952621459961,43.803245544433594,40.547359466552734,45.823028564453125,54.6673583984375,64.68675994873047,106.979736328125,147.51437377929688,197.7696533203125,315.3725280761719,441.24530029296875,656.8775634765625,785.083740234375
170,0.0,0.04485438019037247,0.22117988765239716,0.5267912745475769,2.8114984035491943,3.1283786296844482,3.316770315170288,3.765671730041504,4.0007643699646,5.738906383514404,6.780959129333496,9.513047218322754,8.782233238220215,12.279054641723633,15.67801284790039,16.51958656311035,26.33409881591797,27.757583618164062,29.476442337036133,33.549102783203125,41.595794677734375,48.906803131103516,75.4793930053711,111.242919921875,150.14013671875,223.05667114257812,328.5001525878906,496.0003356933594,666.1311645507812
171,0.0,0.06383920460939407,0.3224247097969055,0.93527752161026,3.397120952606201,4.191093921661377,4.418942451477051,5.143547534942627,5.2094407081604,8.215229034423828,10.110760688781738,15.416686058044434,17.281890869140625,19.09499740600586,26.582700729370117,25.93350601196289,38.79758071899414,44.70685577392578,46.31156539916992,48.88202667236328,66.42144012451172,73.9843978881836,113.73116302490234,157.9389190673828,240.60015869140625,337.5796203613281,520.3366088867188,710.2572631835938,862.6930541992188
172,0.0,0.04194919019937515,0.19981767237186432,0.4708542227745056,2.6275014877319336,3.1732399463653564,3.366818428039551,3.3823249340057373,3.75706148147583,5.161009788513184,6.618071556091309,9.431045532226562,9.481754302978516,13.091097831726074,15.142577171325684,14.977482795715332,23.673309326171875,25.699438095092773,26.469621658325195,26.99220085144043,35.44417190551758,44.621421813964844,62.912601470947266,87.63683319091797,129.43194580078125,192.6402587890625,278.206298828125,429.0352478027344,511.9124755859375
173,0.0,0.05742219090461731,0.28332141041755676,0.7388150691986084,3.3050856590270996,3.785945415496826,4.006776809692383,4.261073589324951,4.885684967041016,6.666352272033691,8.285242080688477,12.02608871459961,12.730353355407715,16.826684951782227,20.662235260009766,22.35491943359375,32.598934173583984,37.12704849243164,33.81031036376953,38.79650115966797,48.93672561645508,54.08827209472656,88.17337799072266,114.03298950195312,157.88694763183594,248.3298797607422,361.2251281738281,547.4344482421875,586.7106323242188
174,0.0,0.041515007615089417,0.187657430768013,0.5442507863044739,2.59554123878479,3.141207695007324,3.4843921661376953,3.760291576385498,3.9346845149993896,5.161355495452881,6.225003719329834,9.402270317077637,9.424304962158203,12.456256866455078,16.296871185302734,15.89037799835205,23.25115394592285,26.303306579589844,26.147886276245117,29.97437286376953,35.529258728027344,45.55135726928711,69.06912231445312,94.23699188232422,123.99504852294922,178.269287109375,238.30743408203125,429.69091796875,457.17333984375
175,0.0,0.05889640375971794,0.29528579115867615,0.8265984058380127,3.0758516788482666,3.875455856323242,4.0430450439453125,4.4036359786987305,4.736730575561523,7.38083553314209,8.618398666381836,13.043272018432617,13.846090316772461,16.727977752685547,22.568485260009766,19.492277145385742,31.26924705505371,36.40408706665039,34.003082275390625,36.2218017578125,55.26122283935547,61.504661560058594,104.73878479003906,142.29466247558594,221.84979248046875,342.7412109375,478.9747009277344,740.7811889648438,904.8013916015625
176,0.0,0.05526231601834297,0.26194390654563904,0.7552108764648438,3.0736136436462402,3.6025664806365967,4.052547454833984,4.283452987670898,4.610313892364502,6.643246173858643,8.179896354675293,11.658201217651367,12.058130264282227,14.788439750671387,21.401336669921875,20.80950927734375,31.325305938720703,32.68436050415039,31.307443618774414,35.48188400268555,43.388370513916016,52.793067932128906,77.85680389404297,105.0557861328125,155.3572540283203,245.6867218017578,315.7765197753906,518.5632934570312,615.2313842773438
177,0.0,0.055422112345695496,0.2698424756526947,0.7623790502548218,3.1757962703704834,3.6573004722595215,4.303459644317627,4.164581775665283,4.840997695922852,6.734951496124268,7.582298278808594,11.753783226013184,12.628639221191406,15.800803184509277,21.42171287536621,19.5969181060791,30.357786178588867,34.4091796875,34.832557678222656,42.526187896728516,49.252628326416016,57.47604751586914,88.59345245361328,114.4190444946289,151.49110412597656,240.7769775390625,359.88671875,548.1535034179688,602.6087036132812
178,0.0,0.05048280581831932,0.267849862575531,0.7390588521957397,3.207514762878418,3.6069538593292236,4.080015182495117,4.462898254394531,4.640030384063721,6.5654497146606445,8.610377311706543,11.395963668823242,12.268956184387207,15.594155311584473,20.688411712646484,19.00748062133789,28.27631187438965,31.669921875,29.97722053527832,36.82634735107422,44.12908935546875,57.22725296020508,82.29730224609375,125.43594360351562,166.67552185058594,253.5949249267578,393.522705078125,560.54833984375,699.386474609375
179,0.0,0.03905455768108368,0.1899602711200714,0.5379741191864014,2.549011707305908,3.223663806915283,3.4314427375793457,3.4397799968719482,4.045531749725342,5.3300299644470215,6.011578559875488,9.060507774353027,9.352314949035645,12.087387084960938,14.991936683654785,15.166333198547363,22.57588768005371,24.769515991210938,27.027267456054688,30.28335952758789,39.77131271362305,53.76279830932617,90.52311706542969,122.26143646240234,189.926513671875,273.69805908203125,402.9252014160156,566.2582397460938,776.5905151367188
180,0.0,0.04776017367839813,0.2247370481491089,0.6149457693099976,2.952209234237671,3.2828850746154785,3.804687023162842,3.955709457397461,4.364224433898926,5.532007217407227,7.958081245422363,10.307754516601562,10.296503067016602,13.116698265075684,17.810001373291016,16.62269401550293,26.1235408782959,27.444271087646484,28.392316818237305,29.751728057861328,42.644535064697266,50.47865295410156,83.77838134765625,120.21713256835938,152.2977294921875,236.8382568359375,381.6170654296875,527.77783203125,682.8540649414062
181,0.0,0.0771808996796608,0.38225048780441284,0.9905391335487366,3.6083028316497803,4.330602645874023,4.489983558654785,4.830556869506836,5.631547451019287,8.001726150512695,10.723654747009277,14.876679420471191,16.076261520385742,20.071805953979492,24.718013763427734,26.0584774017334,39.811222076416016,45.671119689941406,45.55876922607422,49.8597412109375,69.53931427001953,77.72238159179688,134.41543579101562,193.424072265625,245.52011108398438,351.40045166015625,554.0091552734375,925.0166625976562,1105.9781494140625
182,0.0,0.048916030675172806,0.22959013283252716,0.6588337421417236,3.0252225399017334,3.5788979530334473,3.7429630756378174,3.921757221221924,4.172271251678467,6.033215045928955,8.166099548339844,10.613299369812012,10.953271865844727,13.186905860900879,18.41216468811035,19.958118438720703,28.12840461730957,27.80887222290039,29.695241928100586,36.42546844482422,42.630393981933594,46.934391021728516,70.30582427978516,99.48184967041016,123.77444458007812,190.28651428222656,276.2215576171875,441.2620544433594,493.7911376953125
183,0.0,0.056105662137269974,0.2681587338447571,0.8054687976837158,3.0390751361846924,3.7550437450408936,4.237353801727295,4.590970993041992,4.780881881713867,6.8593831062316895,9.05146598815918,13.225979804992676,12.683311462402344,16.93512535095215,21.73404312133789,21.325450897216797,30.58816146850586,35.763179779052734,36.030941009521484,42.83872985839844,51.18979263305664,69.24983978271484,99.0987548828125,139.14659118652344,219.97938537597656,312.5777587890625,440.85491943359375,653.3551635742188,783.1884765625
184,0.0,0.05661775544285774,0.28184229135513306,0.7186604738235474,3.1290385723114014,3.601475477218628,4.13978910446167,4.5535359382629395,4.588172912597656,6.915407180786133,8.580057144165039,11.948653221130371,12.4721097946167,15.828329086303711,22.845121383666992,20.56357192993164,29.60558319091797,35.366477966308594,36.467262268066406,37.41264343261719,45.99109649658203,51.062889099121094,77.87399291992188,106.22970581054688,142.9470977783203,211.1666717529297,316.48187255859375,499.11077880859375,521.7632446289062
185,0.0,0.04551687836647034,0.21887077391147614,0.5564495921134949,2.901871681213379,3.4504404067993164,3.5563299655914307,3.968696117401123,4.288464069366455,5.876092910766602,7.551008224487305,10.503532409667969,11.1808443069458,13.177821159362793,16.337675094604492,16.947603225708008,25.436992645263672,27.676197052001953,28.518722534179688,30.004579544067383,43.550392150878906,53.700931549072266,94.4325180053711,136.07960510253906,185.29788208007812,289.7174377441406,416.92205810546875,573.7925415039062,844.4166870117188
186,0.0,0.07520809769630432,0.36425715684890747,1.0160179138183594,3.463787078857422,4.492797374725342,4.95150899887085,5.27103853225708,5.62218713760376,8.538287162780762,10.678579330444336,15.046457290649414,16.509082794189453,20.63963508605957,28.145599365234375,26.15007209777832,40.46236038208008,47.27882766723633,47.786502838134766,52.859519958496094,61.734046936035156,71.67951965332031,108.26958465576172,148.47572326660156,215.91082763671875,290.8922119140625,420.7021789550781,699.2659912109375,649.0274658203125
187,0.0,0.04572788253426552,0.21048596501350403,0.6598595380783081,2.829718589782715,3.407329797744751,3.7881951332092285,3.9264254570007324,4.1478400230407715,5.675769805908203,7.431989669799805,10.04963207244873,11.073770523071289,13.592612266540527,18.715843200683594,18.223724365234375,27.99271583557129,28.591472625732422,28.586122512817383,34.92816162109375,42.87593078613281,49.14018249511719,70.88002014160156,108.03260040283203,146.6763916015625,213.18661499023438,294.4564208984375,498.3283996582031,548.6499633789062
188,0.0,0.035029951483011246,0.17475011944770813,0.45182979106903076,2.503828287124634,2.8149254322052,3.0764591693878174,3.118941307067871,3.5127766132354736,5.181183338165283,6.365584373474121,9.124317169189453,8.955825805664062,11.294727325439453,13.131954193115234,13.209166526794434,18.57693862915039,21.476192474365234,22.89706039428711,24.683216094970703,32.90704345703125,38.11442184448242,60.60657501220703,83.75074005126953,121.28285217285156,202.55328369140625,288.7167663574219,381.1875,570.6691284179688
189,0.0,0.048049282282590866,0.24044036865234375,0.6760007739067078,2.7763898372650146,3.420363187789917,3.6144630908966064,3.851510524749756,4.147274971008301,5.972316741943359,7.3072004318237305,9.703031539916992,10.665694236755371,13.891286849975586,16.498123168945312,17.12755584716797,25.267751693725586,25.692419052124023,26.449682235717773,30.060733795166016,39.62454605102539,46.50265121459961,76.84685516357422,108.89625549316406,161.64279174804688,246.62649536132812,338.2192687988281,500.54119873046875,597.6686401367188
190,0.0,0.051306117326021194,0.25477704405784607,0.7466983795166016,3.0866622924804688,3.701887607574463,4.061957836151123,4.555195331573486,4.8615546226501465,6.728750705718994,8.659136772155762,12.459501266479492,13.367920875549316,16.385883331298828,21.972896575927734,21.668214797973633,33.94536590576172,32.76969528198242,35.49188995361328,42.96293258666992,53.32284927368164,62.62931442260742,98.37881469726562,135.24244689941406,195.48089599609375,273.7503356933594,441.91778564453125,703.8965454101562,787.5956420898438
191,0.0,0.04743872210383415,0.2226148247718811,0.5938943028450012,2.747147560119629,3.33075213432312,3.4070441722869873,3.696159601211548,4.0260796546936035,5.976086616516113,7.016622066497803,9.990020751953125,10.464958190917969,12.303365707397461,19.01529884338379,17.286527633666992,27.49846649169922,28.45577049255371,30.949983596801758,32.80389404296875,43.591064453125,50.05043411254883,77.37989807128906,115.49768829345703,151.9207000732422,227.6644744873047,329.54010009765625,527.4431762695312,603.898681640625
192,0.0,0.0354318842291832,0.18181760609149933,0.4956243634223938,2.5746421813964844,3.0644731521606445,2.9822208881378174,3.2547175884246826,3.5845935344696045,5.028474807739258,5.823960304260254,8.3876371383667,8.549121856689453,11.704712867736816,14.803509712219238,13.297051429748535,19.234825134277344,23.381410598754883,22.54178237915039,23.581716537475586,36.28781509399414,42.29901885986328,74.31299591064453,100.90289306640625,148.6163787841797,255.6422119140625,369.3545837402344,504.2962646484375,727.8023071289062
193,0.0,0.09556388109922409,0.4547524154186249,1.1986018419265747,3.9542832374572754,5.179676055908203,5.688003063201904,5.899527549743652,7.22234582901001,11.12131118774414,14.131975173950195,19.480674743652344,20.701032638549805,24.693815231323242,36.367244720458984,38.86640930175781,58.19894027709961,66.30148315429688,66.0054931640625,69.66545104980469,84.27729797363281,97.2741928100586,144.80409240722656,195.11196899414062,243.57806396484375,350.3497619628906,570.6141357421875,856.318115234375,816.1492919921875
194,0.0,0.04103339836001396,0.18536993861198425,0.5291416645050049,2.878229856491089,3.125805377960205,3.2156407833099365,3.510873317718506,3.896136522293091,5.304036617279053,6.590572357177734,9.499176025390625,9.75705337524414,13.485231399536133,15.775799751281738,16.618539810180664,25.490095138549805,24.41512680053711,24.487340927124023,28.744415283203125,37.604148864746094,40.44175338745117,64.94091033935547,87.10797119140625,129.91505432128906,168.7681121826172,233.8575439453125,382.65863037109375,438.28546142578125
195,0.0,0.05478175729513168,0.2631596326828003,0.7044020295143127,2.9742608070373535,3.694000482559204,3.9709372520446777,4.131259441375732,4.700209140777588,6.906179428100586,7.999615669250488,11.167150497436523,13.068867683410645,17.68798828125,22.427223205566406,22.766080856323242,35.59054183959961,38.37792205810547,36.671695709228516,41.74567794799805,56.67619705200195,59.7815055847168,103.21625518798828,143.91915893554688,192.80577087402344,293.17919921875,399.9298095703125,604.1787109375,736.6441040039062
196,0.0,0.05406596139073372,0.2573431134223938,0.682991623878479,2.8646485805511475,3.702634811401367,3.717940330505371,3.9889817237854004,4.49167013168335,6.614488124847412,8.199663162231445,11.85671329498291,12.099461555480957,15.22848129272461,20.94690704345703,20.842880249023438,32.72377395629883,35.608299255371094,35.4683723449707,39.75376510620117,46.64960861206055,54.583587646484375,72.75698852539062,103.26429748535156,154.43618774414062,213.67189025878906,321.2127685546875,515.9793090820312,508.239990234375
197,0.0,0.06605302542448044,0.321838915348053,0.8649471998214722,3.239861011505127,4.082479000091553,4.71198034286499,4.864696502685547,5.023471832275391,7.92728853225708,9.482633590698242,13.396807670593262,14.351975440979004,18.08662986755371,24.637420654296875,22.04298973083496,35.111236572265625,36.702110290527344,36.97332763671875,40.506805419921875,56.056854248046875,69.73110961914062,110.12371063232422,158.03176879882812,218.99400329589844,350.11846923828125,493.7445983886719,654.482421875,783.0458374023438
198,0.0,0.048341311514377594,0.21415109932422638,0.6028174161911011,2.8990352153778076,3.4233479499816895,3.831679105758667,4.0309553146362305,4.378727912902832,6.188017845153809,7.604345798492432,10.559301376342773,10.686346054077148,13.216473579406738,17.752086639404297,16.956642150878906,25.831279754638672,24.973894119262695,26.674270629882812,33.798152923583984,45.703521728515625,49.42665100097656,76.5682373046875,107.44405364990234,156.3387908935547,229.18045043945312,376.7131652832031,551.7997436523438,617.6771240234375
199,0.0,0.05120698735117912,0.24556773900985718,0.6658744215965271,3.022095203399658,3.433819532394409,3.460110902786255,3.967125177383423,4.220069885253906,6.0564284324646,7.987599849700928,10.3431978225708,11.534793853759766,13.778607368469238,20.684043884277344,18.93065071105957,28.2386417388916,30.2370662689209,30.047374725341797,37.245750427246094,48.94829177856445,57.02200698852539,87.74479675292969,135.85118103027344,193.86798095703125,284.8253173828125,400.82550048828125,605.232666015625,894.0615234375
200,0.0,0.04462217167019844,0.2065427005290985,0.5850383639335632,2.9065489768981934,3.2933120727539062,3.54254150390625,3.6648874282836914,4.322637557983398,5.560127258300781,6.935413360595703,9.299659729003906,9.881611824035645,12.052702903747559,16.483612060546875,15.978793144226074,22.837818145751953,24.501853942871094,25.2752628326416,29.144149780273438,41.43501663208008,45.587039947509766,77.7559585571289,108.4191665649414,156.19100952148438,237.14064025878906,360.7801513671875,531.196044921875,712.7084350585938
201,0.0,0.04634395241737366,0.2212689369916916,0.7252626419067383,2.9965925216674805,3.3927829265594482,3.8546085357666016,3.8917410373687744,4.323577404022217,6.067144870758057,7.788320541381836,10.386757850646973,11.166231155395508,13.386282920837402,18.662490844726562,18.550355911254883,27.64202117919922,31.85239028930664,33.6897087097168,36.111846923828125,48.73081588745117,57.11711120605469,96.61790466308594,133.5253143310547,210.69528198242188,339.5981140136719,438.2014465332031,679.3265380859375,853.2781372070312
202,0.0,0.06039579585194588,0.2964229881763458,0.8109049201011658,3.2027077674865723,3.813605546951294,4.049156665802002,4.475534439086914,4.822552680969238,6.951064109802246,9.325111389160156,13.84700870513916,12.611668586730957,17.944225311279297,23.327281951904297,21.907163619995117,34.494720458984375,36.880611419677734,40.88848114013672,39.143943786621094,53.47986602783203,65.2801742553711,103.12407684326172,155.31358337402344,204.78150939941406,326.3048400878906,458.127685546875,692.1117553710938,877.6236572265625
203,0.0,0.06576966494321823,0.3137822449207306,0.8186202645301819,3.208062171936035,3.952279567718506,4.447855472564697,4.39830207824707,5.033901214599609,6.968381881713867,9.208555221557617,12.401762008666992,11.848371505737305,16.90750503540039,23.88945770263672,24.65120506286621,34.37510681152344,41.344425201416016,43.66244125366211,46.4593391418457,56.00410461425781,62.74728775024414,98.70211029052734,135.52963256835938,192.20379638671875,290.3277587890625,425.2645568847656,640.1467895507812,752.3700561523438
204,0.0,0.07118486613035202,0.3360789120197296,0.8547301292419434,3.4072301387786865,4.227182865142822,4.610836982727051,4.989195346832275,5.451813697814941,7.851468563079834,9.96580696105957,15.482258796691895,16.42599868774414,18.51304054260254,25.141599655151367,25.336326599121094,38.36838912963867,35.928680419921875,39.35226821899414,45.7789192199707,60.699737548828125,65.33059692382812,95.500732421875,130.2373046875,167.91964721679688,243.72764587402344,347.2458190917969,589.8341674804688,570.8126220703125
205,0.0,0.04160402715206146,0.2245032787322998,0.5997556447982788,2.8548572063446045,3.321658134460449,3.5387213230133057,3.8895931243896484,4.309786796569824,5.46779203414917,7.2199506759643555,9.286821365356445,10.044570922851562,12.672999382019043,18.605140686035156,16.839488983154297,25.600723266601562,28.088336944580078,30.105056762695312,31.305200576782227,40.6158561706543,45.65304183959961,68.62544250488281,95.74995422363281,127.19270324707031,184.7899169921875,276.18963623046875,488.8309020996094,531.8206176757812
206,0.0,0.05433575436472893,0.26064494252204895,0.704255998134613,3.013521194458008,3.7302141189575195,4.160290241241455,4.413862705230713,4.664273738861084,6.3523077964782715,8.1080904006958,12.79295539855957,12.186671257019043,17.119384765625,21.1575870513916,22.3192138671875,31.674850463867188,34.18843078613281,35.03348159790039,41.673255920410156,53.20391845703125,68.41575622558594,99.42304229736328,159.74609375,202.2515106201172,273.5966491699219,378.29638671875,603.4645385742188,725.2291870117188
207,0.0,0.04154566302895546,0.19780589640140533,0.5390484929084778,2.702430248260498,3.1397652626037598,3.359917163848877,3.6192984580993652,3.954592227935791,5.561305046081543,6.885664463043213,9.187438011169434,9.588459014892578,12.005922317504883,15.391242027282715,15.121538162231445,23.830591201782227,24.4521427154541,25.787738800048828,29.0873966217041,36.49517822265625,41.84663391113281,67.34600067138672,106.15728759765625,140.2671661376953,201.56228637695312,308.16058349609375,459.3634033203125,610.1129150390625
208,0.0,0.060652464628219604,0.28293275833129883,0.7418291568756104,2.9167332649230957,3.867253541946411,4.130732536315918,4.471276760101318,4.609464168548584,7.147340297698975,8.466302871704102,11.825743675231934,11.841357231140137,15.236590385437012,22.095542907714844,20.914880752563477,31.811214447021484,34.214656829833984,35.26561737060547,38.44547653198242,50.40843200683594,56.22911834716797,94.37165069580078,135.00270080566406,191.09814453125,295.100830078125,381.4073181152344,528.5206909179688,717.4910888671875
209,0.0,0.04623406380414963,0.22065040469169617,0.5763695240020752,2.8530054092407227,3.3584961891174316,3.5557546615600586,3.8375418186187744,4.110538005828857,5.952659606933594,6.333820343017578,10.109847068786621,9.832419395446777,13.384917259216309,17.242767333984375,15.473928451538086,22.8737735748291,23.311927795410156,27.497392654418945,28.396085739135742,37.44602584838867,43.1179084777832,63.56285858154297,86.39421081542969,124.63308715820312,192.18199157714844,291.2428894042969,429.77655029296875,447.2190856933594
210,0.0,0.04916847497224808,0.24867427349090576,0.645466685295105,2.868863821029663,3.599679470062256,3.9903855323791504,3.9487297534942627,4.283485412597656,6.634829044342041,8.341395378112793,11.005486488342285,11.806973457336426,13.376102447509766,17.13933753967285,18.26361083984375,25.59711265563965,29.193607330322266,30.796123504638672,35.027496337890625,39.1846809387207,45.2894172668457,70.02721405029297,89.77991485595703,135.99879455566406,191.3464813232422,281.50830078125,468.33978271484375,538.3621215820312
211,0.0,0.06016264483332634,0.30601298809051514,0.8228889107704163,3.2115612030029297,4.07147216796875,4.150588035583496,4.487612247467041,4.987608909606934,7.523094177246094,9.929500579833984,14.21015739440918,13.549676895141602,18.668092727661133,23.974008560180664,21.926380157470703,34.77931213378906,37.259037017822266,37.61827087402344,36.538002014160156,45.785499572753906,56.0086784362793,84.43023681640625,119.45610046386719,165.3180694580078,268.9488525390625,356.1441955566406,568.6189575195312,715.304931640625
212,0.0,0.056677792221307755,0.27801260352134705,0.7467070817947388,3.001909017562866,3.9006235599517822,4.248533248901367,4.5194597244262695,4.934271335601807,6.414091110229492,8.456684112548828,12.162755012512207,12.43370532989502,17.88054847717285,23.482194900512695,23.198814392089844,33.33281707763672,35.62138366699219,34.56399917602539,41.6876106262207,50.035133361816406,60.367679595947266,86.0792465209961,118.0992431640625,166.52613830566406,269.8798828125,369.1440734863281,538.477783203125,657.478515625
213,0.0,0.04814387857913971,0.222746342420578,0.6050459146499634,2.8380143642425537,3.5108203887939453,3.7066495418548584,3.9003794193267822,4.133655548095703,5.5696282386779785,7.442918300628662,9.83936595916748,11.078707695007324,13.812495231628418,19.451915740966797,18.30461883544922,28.93728256225586,28.94365692138672,32.12184143066406,37.091102600097656,42.172080993652344,47.860076904296875,77.28546142578125,101.70075225830078,144.3573760986328,204.75904846191406,303.5428466796875,490.7649230957031,541.8446655273438
214,0.0,0.05604889243841171,0.28395605087280273,0.8333975076675415,2.948554277420044,3.846656322479248,4.058440685272217,4.448898792266846,4.778837203979492,7.124199390411377,8.831445693969727,11.9884672164917,11.9293794631958,17.481868743896484,23.11252784729004,24.798616409301758,35.97650909423828,38.37517547607422,40.64192581176758,45.37120819091797,56.62329864501953,60.528343200683594,83.32042694091797,123.84569549560547,154.5982208251953,210.68817138671875,319.8236389160156,534.6160278320312,524.4361572265625
215,0.0,0.05223342776298523,0.27820587158203125,0.7686589956283569,3.087817907333374,3.7733707427978516,3.7559168338775635,4.300806999206543,4.692502975463867,6.877244472503662,8.418242454528809,11.465847969055176,11.448626518249512,14.722631454467773,20.94554328918457,20.059459686279297,28.57771873474121,33.322288513183594,35.79472351074219,39.995140075683594,50.16405487060547,54.19268035888672,76.72929382324219,115.58889770507812,143.31097412109375,202.8074493408203,285.51800537109375,502.44610595703125,471.64215087890625
216,0.0,0.06518956273794174,0.3384593725204468,0.9251229763031006,3.3843586444854736,4.192256927490234,4.53446102142334,4.70682954788208,5.030703067779541,8.274755477905273,9.912261962890625,13.839116096496582,15.265942573547363,20.918275833129883,29.938247680664062,27.711755752563477,42.175533294677734,43.812530517578125,45.79292297363281,53.349056243896484,63.80680847167969,64.98574829101562,98.94609069824219,153.29750061035156,188.93951416015625,269.5612487792969,397.7718811035156,636.1279296875,634.1197509765625
217,0.0,0.060580842196941376,0.30169975757598877,0.7996079921722412,3.319744348526001,3.654853105545044,4.085494041442871,4.586099624633789,4.795497894287109,7.407607078552246,9.413131713867188,13.579983711242676,13.43408489227295,18.162813186645508,23.495447158813477,23.830629348754883,33.62364959716797,35.067806243896484,36.47573471069336,44.50970458984375,50.33046340942383,59.83734893798828,91.37150573730469,141.56210327148438,186.64309692382812,258.9028015136719,387.1206970214844,622.7630004882812,833.1846313476562
218,0.0,0.04542585089802742,0.1953955441713333,0.5048569440841675,2.546525478363037,3.1767663955688477,3.3559751510620117,3.4842019081115723,3.8120040893554688,5.654828071594238,6.728437900543213,9.395304679870605,10.083741188049316,12.632819175720215,15.844182014465332,16.13077163696289,24.29012107849121,29.033151626586914,30.24882698059082,31.667139053344727,43.149803161621094,56.07160568237305,98.26261901855469,136.1250762939453,180.7407684326172,292.2558898925781,428.43060302734375,588.776123046875,724.571533203125
219,0.0,0.05753612518310547,0.26641279458999634,0.7830280661582947,3.101094961166382,3.9357848167419434,3.9681570529937744,4.472238540649414,4.698176860809326,6.887251853942871,9.065317153930664,12.36097240447998,14.107378005981445,15.635802268981934,22.92227554321289,21.528688430786133,32.677764892578125,32.80808639526367,36.55205535888672,41.19541549682617,50.54456329345703,55.81520080566406,95.97122955322266,133.91900634765625,167.45559692382812,292.0955810546875,365.3132019042969,576.454345703125,665.89013671875
220,0.0,0.056045982986688614,0.2698834240436554,0.7866330742835999,3.0422983169555664,4.133184909820557,4.061725616455078,4.341813564300537,4.784195423126221,7.186535358428955,8.641060829162598,12.405455589294434,12.105059623718262,15.567745208740234,22.4580078125,20.382448196411133,33.06769943237305,35.67122268676758,37.94471740722656,42.643653869628906,53.28587341308594,63.68681335449219,95.97139739990234,149.40150451660156,197.12237548828125,311.15582275390625,407.97088623046875,650.224365234375,794.8392333984375
221,0.0,0.05537986382842064,0.25219234824180603,0.7508937120437622,3.0596470832824707,3.8431785106658936,4.039575099945068,4.196908950805664,4.730661392211914,6.434861183166504,7.853205680847168,12.224981307983398,11.46564769744873,14.958033561706543,19.575475692749023,21.364606857299805,29.154277801513672,32.721622467041016,34.575714111328125,38.439857482910156,48.29720687866211,58.97047805786133,88.68409729003906,134.48272705078125,177.946044921875,266.15380859375,411.61114501953125,642.752197265625,746.89501953125
222,0.0,0.05699799582362175,0.2655380368232727,0.818012535572052,3.248246669769287,3.997509241104126,4.113229751586914,4.3653178215026855,4.912458419799805,7.035834312438965,9.035558700561523,13.575445175170898,13.21992015838623,16.573537826538086,22.82805633544922,22.7906494140625,34.583133697509766,39.2742919921875,38.74191665649414,39.72871398925781,58.35893249511719,67.49823760986328,106.05213165283203,150.15625,211.45065307617188,344.2375793457031,514.8619995117188,729.4879150390625,952.9060668945312
223,0.0,0.06593368202447891,0.3407628834247589,0.9458630681037903,3.402097463607788,4.242010593414307,4.710940837860107,4.958645820617676,5.512444972991943,8.034914016723633,10.225052833557129,13.978744506835938,14.863324165344238,20.300073623657227,27.033042907714844,27.2692928314209,37.3134765625,42.50200653076172,45.37836837768555,48.19512176513672,61.3044319152832,67.69681549072266,99.57400512695312,127.27751159667969,175.48313903808594,286.025390625,391.62335205078125,672.0571899414062,630.886962890625
224,0.0,0.07043559104204178,0.3197726607322693,0.940409243106842,3.155696153640747,4.19841194152832,4.458408832550049,4.9521050453186035,5.3180766105651855,8.062296867370605,10.208352088928223,13.117443084716797,14.329615592956543,17.895458221435547,22.817150115966797,23.35134506225586,35.3534049987793,35.168731689453125,39.22315216064453,43.02476501464844,48.66957092285156,59.4974250793457,91.93035888671875,120.71697235107422,167.68675231933594,236.8994598388672,365.3303527832031,555.013427734375,580.1281127929688
225,0.0,0.046522896736860275,0.2171083390712738,0.6074462532997131,2.895190715789795,3.282949924468994,3.5745866298675537,4.062497138977051,4.50420618057251,5.991937637329102,7.4037251472473145,9.96144962310791,10.311060905456543,13.380799293518066,18.639108657836914,19.63638687133789,28.822145462036133,30.99178123474121,30.362579345703125,34.661964416503906,42.792362213134766,51.0663948059082,84.15782928466797,112.65713500976562,156.41403198242188,231.9148712158203,336.48687744140625,532.625,613.0575561523438
226,0.0,0.04782142862677574,0.25755178928375244,0.7205120921134949,3.0982799530029297,3.4678077697753906,3.7840142250061035,4.181321620941162,4.869490146636963,6.533828258514404,7.891190052032471,11.813030242919922,11.52800464630127,15.192974090576172,21.325544357299805,19.169675827026367,32.20523452758789,33.65648651123047,32.18627166748047,37.42648696899414,46.30245590209961,51.807682037353516,78.41180419921875,113.97150421142578,148.14076232910156,234.44467163085938,339.2405700683594,569.3287963867188,694.9857788085938
227,0.0,0.04312605410814285,0.21187515556812286,0.6016594767570496,2.6857731342315674,3.1503593921661377,3.3389992713928223,3.6840012073516846,3.9999823570251465,5.649363994598389,6.833820819854736,9.776111602783203,10.546231269836426,12.7665376663208,18.03476333618164,17.147218704223633,26.075271606445312,29.7060489654541,32.17736053466797,37.724456787109375,40.89849090576172,52.56926345825195,80.24199676513672,103.07855987548828,152.82582092285156,237.28829956054688,339.63201904296875,490.21240234375,642.149169921875
228,0.0,0.056232523173093796,0.26203200221061707,0.7182241678237915,3.149155378341675,3.8285107612609863,3.9276764392852783,4.1883544921875,4.825692176818848,6.706602573394775,8.793267250061035,11.658555030822754,11.591015815734863,15.213159561157227,19.764070510864258,21.331239700317383,31.14484405517578,36.34556579589844,33.16380310058594,35.94795227050781,47.43506622314453,59.73255157470703,92.17908477783203,115.49533081054688,155.4301300048828,259.5033264160156,363.9268798828125,583.5654296875,732.2183227539062
229,0.0,0.03140591084957123,0.16426600515842438,0.4119197726249695,2.4046568870544434,2.9047789573669434,2.965424060821533,3.364104747772217,3.5678517818450928,4.718554496765137,6.203497409820557,7.368579864501953,7.779236793518066,10.514396667480469,12.132128715515137,12.740263938903809,17.71868896484375,19.467708587646484,22.090152740478516,21.031394958496094,32.34564208984375,37.24949645996094,63.82051086425781,93.51919555664062,135.07521057128906,205.1634521484375,306.77545166015625,459.2750549316406,638.639404296875
230,0.0,0.053196366876363754,0.2448217272758484,0.7165650725364685,3.066880941390991,3.6187024116516113,3.901360034942627,4.155876159667969,4.404999256134033,6.288069725036621,7.939389705657959,11.648078918457031,11.635172843933105,15.009963989257812,19.42095184326172,18.703075408935547,28.047155380249023,28.294939041137695,32.415184020996094,35.766868591308594,46.29590606689453,61.91728973388672,101.1543960571289,140.62945556640625,211.55255126953125,321.6185302734375,438.2008972167969,632.949462890625,907.7177734375
231,0.0,0.05332478880882263,0.23545484244823456,0.7148911356925964,3.085482358932495,3.907313346862793,4.019525527954102,4.291645050048828,4.739851474761963,7.061099529266357,7.899363040924072,12.182955741882324,12.133451461791992,15.036059379577637,20.266633987426758,21.79181480407715,33.535953521728516,31.588367462158203,33.35572814941406,36.558135986328125,47.542720794677734,55.63032913208008,95.50403594970703,130.69651794433594,165.7749786376953,247.65155029296875,370.42083740234375,520.2027587890625,606.8425903320312
232,0.0,0.04935647174715996,0.2593221664428711,0.7363079786300659,2.8432047367095947,3.6887712478637695,4.03598165512085,4.166801929473877,4.520376205444336,6.1631269454956055,8.10766887664795,12.050617218017578,11.721453666687012,15.160711288452148,19.777841567993164,20.616355895996094,28.506017684936523,30.475675582885742,33.045509338378906,34.603919982910156,46.18757247924805,60.467987060546875,95.51443481445312,144.14828491210938,220.21542358398438,309.0472106933594,483.35565185546875,586.4911499023438,880.9298706054688
233,0.0,0.05757256597280502,0.2913174629211426,0.8639310002326965,3.124656915664673,3.8986330032348633,4.2939605712890625,4.482384204864502,5.112005710601807,7.3785247802734375,9.315043449401855,12.730428695678711,14.525973320007324,17.3607120513916,23.57896614074707,22.459766387939453,33.23230743408203,40.81764221191406,37.620845794677734,44.57271194458008,52.87351989746094,66.25503540039062,110.4117202758789,136.969970703125,205.94699096679688,312.8156433105469,435.81219482421875,642.993408203125,834.8043823242188
234,0.0,0.0508839376270771,0.24887500703334808,0.6577369570732117,2.757307767868042,3.473348379135132,3.8730549812316895,3.921746253967285,4.697556018829346,6.257082462310791,7.346918106079102,10.785322189331055,10.971226692199707,13.88405990600586,18.934566497802734,19.063692092895508,29.167247772216797,32.63310623168945,31.12738800048828,36.6660041809082,51.03330993652344,64.6818618774414,99.84725952148438,145.3212890625,201.4930419921875,307.0023193359375,427.042236328125,640.1054077148438,814.8590087890625
235,0.0,0.034099556505680084,0.15989023447036743,0.47764214873313904,2.4882030487060547,2.7667269706726074,2.8543243408203125,3.1967825889587402,3.490138053894043,4.436343193054199,5.601515769958496,7.809671878814697,8.469537734985352,10.286669731140137,13.978872299194336,12.888699531555176,18.914520263671875,20.509708404541016,22.95730972290039,23.451580047607422,34.34810256958008,42.54127883911133,68.96636962890625,97.82257080078125,145.56134033203125,220.7408447265625,318.4773254394531,426.091552734375,679.23095703125
