,layer_1,layer_2,layer_3,layer_4,layer_5,layer_6,layer_7,layer_8,layer_9,layer_10,layer_11,layer_12,layer_13,layer_14,layer_15,layer_16,layer_17,layer_18,layer_19,layer_20,layer_21,layer_22,layer_23,layer_24,layer_25,layer_26,layer_27,layer_28,layer_29
0,0.0,0.07361467182636261,0.20576971769332886,0.3594033420085907,0.685926079750061,1.0660898685455322,1.9282920360565186,3.1123874187469482,5.461392879486084,11.512398719787598,12.751822471618652,15.613961219787598,20.280141830444336,27.279294967651367,46.63730239868164,64.63713073730469,97.44712829589844,110.5768814086914,126.30162811279297,140.20094299316406,204.7456817626953,276.825439453125,433.4373474121094,619.4417724609375,954.2838134765625,1224.3509521484375,1723.7239990234375,2851.665283203125,1955.06982421875
1,0.0,0.07628241181373596,0.15778544545173645,0.2989659309387207,0.6110243201255798,0.9054181575775146,1.5670230388641357,2.484902858734131,4.6344170570373535,8.746383666992188,10.880277633666992,13.835358619689941,18.552629470825195,22.970645904541016,43.74254608154297,65.00958251953125,87.17850494384766,99.77681732177734,104.86428833007812,119.27462768554688,168.76222229003906,236.98773193359375,366.6277160644531,540.8506469726562,837.7381591796875,1094.4508056640625,1342.6402587890625,2332.6220703125,1524.0848388671875
2,0.0,0.09023680537939072,0.20920543372631073,0.4231462776660919,0.8307875394821167,1.1638323068618774,2.1846227645874023,3.4152424335479736,5.432646751403809,10.796810150146484,12.910951614379883,17.73175621032715,22.668292999267578,30.053653717041016,47.7267951965332,70.848876953125,98.44751739501953,109.30928039550781,116.90418243408203,128.0518798828125,193.0113525390625,226.57583618164062,412.6957702636719,598.3023071289062,934.6104736328125,1119.736572265625,1645.20703125,2689.877197265625,1584.85302734375
3,0.0,0.08305514603853226,0.22476354241371155,0.4516558051109314,0.8143287897109985,1.1722954511642456,2.2683794498443604,3.421624183654785,5.875164031982422,11.475860595703125,13.197320938110352,17.193445205688477,22.948841094970703,31.556697845458984,54.70467758178711,72.97796630859375,102.1431655883789,122.06009674072266,117.20014190673828,139.80462646484375,195.91578674316406,269.5108947753906,361.93560791015625,574.0029296875,823.1026000976562,1089.469482421875,1475.9951171875,2568.02587890625,1577.7957763671875
4,0.0,0.10049152374267578,0.2661150097846985,0.5034046769142151,0.9397276043891907,1.3798466920852661,2.7309484481811523,4.233872413635254,6.916696548461914,15.243863105773926,17.703449249267578,21.475385665893555,28.880905151367188,36.382080078125,64.71110534667969,86.7771224975586,131.1231689453125,152.00515747070312,156.11862182617188,181.12820434570312,256.0273742675781,334.47308349609375,525.837158203125,747.8142700195312,1164.3238525390625,1368.4390869140625,2145.08349609375,3462.486572265625,2048.2685546875
5,0.0,0.06832381337881088,0.15233267843723297,0.2610303461551666,0.5698255896568298,0.8266124725341797,1.3678169250488281,2.186293125152588,3.535811424255371,7.547092914581299,9.168972969055176,12.02141284942627,15.386320114135742,20.502422332763672,34.788753509521484,50.09162139892578,77.61387634277344,84.96098327636719,86.58722686767578,103.1198501586914,147.02137756347656,212.69863891601562,293.81658935546875,480.0450134277344,798.9070434570312,999.5528564453125,1334.830078125,2189.395263671875,1300.4254150390625
6,0.0,0.06671525537967682,0.1732531189918518,0.3240911662578583,0.6319537162780762,0.911354660987854,1.7257251739501953,2.737495183944702,4.500500202178955,9.048627853393555,11.276983261108398,14.78609561920166,17.862953186035156,24.416826248168945,40.8948860168457,59.09076690673828,90.18681335449219,93.01210021972656,100.24552917480469,113.86624145507812,172.78160095214844,225.9547576904297,363.8781433105469,592.5408935546875,984.9627075195312,1144.85205078125,1535.277099609375,2612.317626953125,1699.154052734375
7,0.0,0.1045990064740181,0.2662777304649353,0.531239926815033,0.9327700734138489,1.5784704685211182,2.7732160091400146,4.367367744445801,7.153287410736084,15.64621353149414,15.882352828979492,23.356164932250977,25.898229598999023,40.9821891784668,68.3696517944336,81.19149780273438,119.11840057373047,134.05096435546875,167.6156463623047,177.3666229248047,257.3317565917969,349.7066345214844,520.978515625,746.3488159179688,1045.6456298828125,1535.800537109375,2055.1650390625,3433.402587890625,2193.408447265625
8,0.0,0.10971379280090332,0.27023884654045105,0.5087754726409912,0.999046266078949,1.4713467359542847,2.9070558547973633,4.412168025970459,7.074270725250244,14.741578102111816,17.3470516204834,23.700075149536133,28.343029022216797,42.39765167236328,68.93777465820312,89.4046630859375,135.9593505859375,140.39305114746094,154.8485107421875,186.59910583496094,269.02349853515625,343.3546447753906,514.5169677734375,752.515380859375,1122.2618408203125,1522.9788818359375,2117.015869140625,3592.9111328125,1885.1375732421875
9,0.0,0.08500876277685165,0.22068895399570465,0.4217599034309387,0.8458725810050964,1.228177547454834,2.28676700592041,3.4718880653381348,5.347617149353027,12.246350288391113,13.790875434875488,17.540876388549805,21.52383804321289,28.44698715209961,50.74501037597656,62.653892517089844,104.26084899902344,106.66062927246094,115.74180603027344,134.94091796875,201.30628967285156,264.47381591796875,407.2724609375,700.34716796875,923.6956176757812,1179.9822998046875,1612.6048583984375,2556.70361328125,1860.6458740234375
10,0.0,0.08708678185939789,0.23208124935626984,0.42964568734169006,0.8283441066741943,1.304253101348877,2.03116512298584,3.3063883781433105,5.324219226837158,11.4030179977417,12.005622863769531,17.401941299438477,20.771997451782227,30.802400588989258,47.34954833984375,70.7515640258789,103.96428680419922,112.31490325927734,110.33486938476562,141.07400512695312,219.58346557617188,270.0321960449219,394.7369079589844,646.0592651367188,979.7850341796875,1251.7259521484375,1691.391357421875,2802.896240234375,1736.1273193359375
11,0.0,0.10177993029356003,0.2399580031633377,0.44973915815353394,0.8860317468643188,1.333139181137085,2.424668788909912,3.6670384407043457,5.874233722686768,12.838647842407227,14.344491004943848,20.23570442199707,24.364946365356445,34.53541564941406,65.75172424316406,79.52903747558594,125.54925537109375,136.7957305908203,154.75416564941406,195.12901306152344,280.5660705566406,316.78887939453125,567.6658935546875,787.8657836914062,1251.8458251953125,1614.184326171875,2264.224853515625,3877.546142578125,2263.4453125
12,0.0,0.09361498802900314,0.24529695510864258,0.4443134367465973,0.876353919506073,1.1464447975158691,2.2856504917144775,3.302858591079712,5.534039497375488,12.141880989074707,13.801953315734863,20.71708106994629,23.450485229492188,35.727691650390625,55.50589370727539,81.25694274902344,116.57738494873047,140.0244598388672,142.4821319580078,159.6507568359375,236.93551635742188,335.4084167480469,517.7974853515625,868.7088012695312,1212.8084716796875,1506.2421875,2175.876953125,3643.225830078125,2287.260498046875
13,0.0,0.10192164033651352,0.23460932075977325,0.4590250551700592,0.8824291229248047,1.2562533617019653,2.439718008041382,3.67482590675354,6.0370635986328125,12.608686447143555,15.676133155822754,18.627504348754883,24.32013511657715,34.319007873535156,62.82799530029297,87.12950134277344,142.54454040527344,146.78466796875,153.9593505859375,182.30816650390625,265.9798278808594,366.7164611816406,563.311767578125,839.0692749023438,1171.84716796875,1544.7742919921875,2175.906005859375,3644.76123046875,2269.0908203125
14,0.0,0.11785057932138443,0.297685444355011,0.537994921207428,1.0662447214126587,1.5000206232070923,2.840230703353882,4.81776762008667,6.710850715637207,14.208614349365234,17.10433006286621,22.780254364013672,27.635581970214844,38.8045539855957,66.52201843261719,97.6231689453125,138.40487670898438,151.36888122558594,167.76979064941406,191.9149169921875,300.3284912109375,351.1896667480469,546.4238891601562,920.2455444335938,1343.9215087890625,1644.153564453125,2384.888916015625,4172.39208984375,2514.231689453125
15,0.0,0.1286289542913437,0.28712373971939087,0.5295946002006531,1.055770993232727,1.4634629487991333,2.6484005451202393,4.291779041290283,6.98768949508667,15.834811210632324,17.59921646118164,24.222915649414062,29.111513137817383,42.22768020629883,70.71031951904297,100.28518676757812,146.6690216064453,159.45648193359375,180.27149963378906,201.81417846679688,301.8893127441406,383.8033447265625,641.9310913085938,969.7556762695312,1485.6219482421875,1876.1907958984375,2473.174072265625,4086.186767578125,2750.7412109375
16,0.0,0.08511944860219955,0.22993780672550201,0.45425355434417725,0.8864254355430603,1.3610124588012695,2.0983564853668213,3.623138427734375,5.92548942565918,12.11962890625,13.911782264709473,21.056386947631836,25.91440773010254,33.54944610595703,60.56319046020508,81.255615234375,122.09577178955078,136.84359741210938,136.8728790283203,154.74600219726562,234.04635620117188,326.78558349609375,473.71746826171875,764.846435546875,1126.818359375,1516.28369140625,2098.967041015625,3373.06396484375,2028.2672119140625
17,0.0,0.06770871579647064,0.16664251685142517,0.3126453459262848,0.58780837059021,0.9497544169425964,1.5588536262512207,2.8369698524475098,4.30360746383667,9.306012153625488,10.120214462280273,13.273451805114746,16.714853286743164,25.661043167114258,42.60802459716797,59.50300979614258,92.98478698730469,97.9611587524414,109.10816192626953,116.7116470336914,185.69873046875,256.9514465332031,375.9175109863281,626.1116333007812,908.0325927734375,1193.4178466796875,1654.1014404296875,2583.773193359375,1632.86474609375
18,0.0,0.09350660443305969,0.23575180768966675,0.4586925804615021,0.8129235506057739,1.289163589477539,2.0559704303741455,3.332272529602051,5.785219192504883,11.105205535888672,13.113788604736328,17.191728591918945,21.302419662475586,30.679325103759766,51.36149597167969,70.62278747558594,98.65483093261719,117.07608795166016,121.49636840820312,141.86134338378906,191.267578125,245.61074829101562,392.13836669921875,543.0721435546875,814.5817260742188,1055.0728759765625,1473.1910400390625,2402.841552734375,1512.93701171875
19,0.0,0.08773315697908401,0.23381341993808746,0.40195363759994507,0.7980787754058838,1.1717448234558105,2.308730125427246,3.1886870861053467,5.109574794769287,12.018509864807129,12.257692337036133,16.903776168823242,23.729156494140625,32.787689208984375,52.69108963012695,74.22909545898438,121.88314056396484,120.95675659179688,129.41790771484375,146.26022338867188,207.53692626953125,280.6858215332031,418.68487548828125,680.749267578125,993.5084838867188,1184.444091796875,1711.03271484375,2776.074951171875,1950.06689453125
20,0.0,0.0930761843919754,0.24020090699195862,0.4477422833442688,0.9123787879943848,1.3512320518493652,2.266751527786255,3.4969019889831543,6.183728218078613,12.417593955993652,14.374309539794922,19.721149444580078,24.40683364868164,35.385868072509766,58.20710754394531,85.25630187988281,122.17203521728516,128.75514221191406,147.44186401367188,157.37132263183594,246.17135620117188,343.9922180175781,504.4689636230469,860.6621704101562,1285.4810791015625,1472.966796875,2049.51171875,3398.75927734375,2235.248291015625
21,0.0,0.10970122367143631,0.3170124590396881,0.6140454411506653,1.030667781829834,1.4901690483093262,3.1558148860931396,4.517598628997803,7.46803092956543,16.639156341552734,19.15326499938965,25.015413284301758,29.335094451904297,44.00838088989258,67.43978881835938,95.06954193115234,146.80804443359375,165.53866577148438,176.3138885498047,216.3662872314453,301.298828125,389.6167907714844,656.7945556640625,1000.0068969726562,1518.6036376953125,1997.1024169921875,2950.97314453125,4385.55322265625,2966.0400390625
22,0.0,0.0855279415845871,0.2341012954711914,0.4028193950653076,0.824170708656311,1.1866775751113892,2.133436679840088,3.2991433143615723,5.242185592651367,11.979166984558105,13.669233322143555,17.055328369140625,20.830629348754883,30.980239868164062,47.11607360839844,69.40568542480469,94.67973327636719,101.61502075195312,113.38172149658203,125.77311706542969,177.36337280273438,231.84359741210938,375.3857727050781,510.223388671875,803.2701416015625,1047.2972412109375,1315.341796875,2526.8251953125,1441.9173583984375
23,0.0,0.11331570893526077,0.26918622851371765,0.514381468296051,1.0068989992141724,1.4898074865341187,2.5517008304595947,4.539931774139404,7.15228271484375,14.334211349487305,15.583846092224121,22.608531951904297,27.613283157348633,36.899757385253906,67.4888687133789,96.61504364013672,132.79537963867188,151.2194366455078,166.309814453125,183.8394775390625,278.1962890625,352.5452575683594,489.9424743652344,785.9730834960938,1149.3212890625,1573.38232421875,2011.2884521484375,3417.758056640625,2055.568603515625
24,0.0,0.061537403613328934,0.1570768654346466,0.3235928416252136,0.5910974144935608,0.883556067943573,1.6003013849258423,2.3426671028137207,3.904852867126465,8.940591812133789,9.803064346313477,13.121521949768066,16.485267639160156,23.404354095458984,39.06407165527344,52.177425384521484,76.18096160888672,86.60057067871094,100.12023162841797,114.10175323486328,163.38949584960938,226.3542022705078,327.68145751953125,542.92529296875,810.4923095703125,1116.443359375,1412.3162841796875,2338.945556640625,1584.16064453125
25,0.0,0.05942259356379509,0.14348281919956207,0.2691464126110077,0.5648913979530334,0.7961047291755676,1.3611595630645752,2.0808794498443604,3.586583137512207,7.61504602432251,9.014082908630371,11.88399887084961,15.657106399536133,20.838293075561523,35.67088317871094,48.299766540527344,74.92867279052734,78.65930938720703,86.1308822631836,105.39418029785156,143.40390014648438,207.28103637695312,336.88507080078125,530.5501708984375,802.1668090820312,1035.6146240234375,1337.440185546875,2216.593505859375,1519.94140625
26,0.0,0.12370099872350693,0.34730085730552673,0.6432827711105347,1.1606671810150146,1.7834738492965698,2.9961960315704346,4.544930934906006,7.488658428192139,16.89466094970703,17.520599365234375,23.977291107177734,28.262039184570312,41.390140533447266,71.06253051757812,103.32209777832031,147.8933868408203,148.21038818359375,153.50460815429688,206.78138732910156,310.64544677734375,394.3919982910156,570.7437133789062,957.1709594726562,1340.1156005859375,1831.3944091796875,2650.78955078125,4259.5908203125,2764.03466796875
27,0.0,0.10924962908029556,0.24473899602890015,0.5027496218681335,0.9281098246574402,1.4052584171295166,2.4028947353363037,4.079941272735596,6.105845928192139,14.378060340881348,16.458934783935547,22.94094467163086,24.48270034790039,36.513309478759766,64.51113891601562,88.34940338134766,148.53488159179688,161.50453186035156,165.35765075683594,178.38015747070312,273.8574523925781,407.2475891113281,596.9133911132812,921.1047973632812,1317.34423828125,1793.4183349609375,2310.690673828125,3829.52978515625,2455.748046875
28,0.0,0.12389154732227325,0.2899741232395172,0.6018034219741821,1.0118541717529297,1.5736370086669922,2.73781681060791,4.392082691192627,7.094889163970947,14.670476913452148,16.204877853393555,23.6382999420166,30.81372833251953,43.25210189819336,78.2792739868164,100.28280639648438,157.69000244140625,158.61578369140625,173.07276916503906,193.61976623535156,282.1593322753906,374.4947814941406,597.6544189453125,903.8513793945312,1315.163818359375,1501.161865234375,2243.518310546875,3923.819091796875,1929.443359375
29,0.0,0.08373349905014038,0.21794290840625763,0.39237338304519653,0.8019030094146729,1.2463760375976562,2.122429609298706,3.521214008331299,5.439487457275391,10.65895938873291,12.961246490478516,18.834075927734375,22.626068115234375,33.72544860839844,52.54125213623047,74.52938842773438,110.79827880859375,120.2853775024414,128.22955322265625,143.12936401367188,205.56260681152344,289.8553771972656,420.6616516113281,642.3478393554688,853.1788940429688,1218.391357421875,1684.9478759765625,2578.01904296875,1712.80029296875
30,0.0,0.11521945893764496,0.29033002257347107,0.5738095045089722,0.9489884376525879,1.3401497602462769,2.695894479751587,4.29736328125,6.789366722106934,14.81611442565918,18.147855758666992,23.69887924194336,28.81243896484375,37.634620666503906,68.8394546508789,89.60552215576172,146.83306884765625,161.26260375976562,186.7368927001953,199.43055725097656,292.99468994140625,398.1824035644531,578.8549194335938,886.9560546875,1356.4290771484375,1801.6278076171875,2576.620361328125,4271.42333984375,2272.546875
31,0.0,0.07817750424146652,0.18709152936935425,0.3530832529067993,0.6922613978385925,1.0109949111938477,1.8488913774490356,2.9033145904541016,4.401304721832275,9.594758033752441,11.39980411529541,15.830702781677246,19.254383087158203,25.439481735229492,46.58207321166992,56.73775863647461,91.50247192382812,102.695068359375,113.93043518066406,125.35540008544922,184.31704711914062,267.5454406738281,365.38690185546875,558.1984252929688,804.1380615234375,1112.508056640625,1446.3485107421875,2495.616455078125,1492.4842529296875
32,0.0,0.10942056030035019,0.2926257252693176,0.5035592317581177,0.957446277141571,1.3965693712234497,2.7865548133850098,4.317265033721924,7.023222923278809,13.971521377563477,17.016624450683594,24.12283706665039,29.336872100830078,43.369544982910156,61.17960739135742,96.53236389160156,139.8249969482422,159.08872985839844,155.3826446533203,181.92066955566406,283.76220703125,356.19000244140625,492.2185974121094,869.3997192382812,1134.978515625,1539.8572998046875,2165.3857421875,3376.69091796875,2277.2216796875
33,0.0,0.1274869292974472,0.3137320280075073,0.5517921447753906,1.0305273532867432,1.5574654340744019,2.768096923828125,4.501073360443115,7.178778648376465,16.015838623046875,18.456661224365234,24.296974182128906,32.57593536376953,43.421573638916016,64.24433898925781,102.5701904296875,162.83013916015625,163.9076690673828,185.02151489257812,223.65663146972656,333.7894592285156,425.40380859375,643.0835571289062,1091.0740966796875,1522.7650146484375,2057.903564453125,2812.566650390625,4603.14404296875,2941.564208984375
34,0.0,0.12641143798828125,0.31463298201560974,0.5915984511375427,1.1625745296478271,1.6868479251861572,2.829134464263916,4.535840034484863,6.806477069854736,16.171144485473633,18.853443145751953,24.764345169067383,30.11753273010254,44.76700210571289,75.1169662475586,95.03247833251953,147.71206665039062,177.41685485839844,178.46224975585938,214.6592254638672,307.23992919921875,413.1546936035156,571.1044311523438,987.509033203125,1482.5150146484375,1827.0625,2749.4365234375,4223.947265625,2753.0302734375
35,0.0,0.12166989594697952,0.31824105978012085,0.5888212323188782,1.2153867483139038,1.6151716709136963,3.158761978149414,4.62181282043457,7.399566650390625,15.506141662597656,19.650699615478516,24.453516006469727,30.174467086791992,43.77369689941406,81.43324279785156,112.8011703491211,152.3489990234375,177.87350463867188,185.7415313720703,225.8627471923828,285.775146484375,401.9735412597656,635.1638793945312,976.9689331054688,1298.6748046875,1773.284912109375,2279.994140625,4078.43310546875,2419.012451171875
36,0.0,0.13595911860466003,0.3281245231628418,0.6176613569259644,1.162534475326538,1.6648756265640259,2.844757080078125,4.668857574462891,7.588995456695557,17.175870895385742,17.80491065979004,24.01034164428711,29.343969345092773,50.39030838012695,69.93682861328125,100.96601867675781,149.6501922607422,188.2356414794922,178.56448364257812,213.2046356201172,291.416259765625,354.67608642578125,538.7827758789062,845.160888671875,1274.2291259765625,1584.1031494140625,2097.28173828125,3987.324462890625,2117.919677734375
37,0.0,0.10310353338718414,0.2469484657049179,0.43988677859306335,0.9463143944740295,1.2971892356872559,2.372920513153076,3.7001442909240723,5.9614973068237305,12.147324562072754,14.948344230651855,20.08204460144043,23.81393814086914,36.28385925292969,61.24088668823242,82.70045471191406,134.51116943359375,127.90400695800781,154.73208618164062,175.53591918945312,249.73448181152344,343.7049560546875,505.1451110839844,883.8233032226562,1330.7379150390625,1756.956298828125,2428.138916015625,3441.07763671875,2119.226806640625
38,0.0,0.0743221864104271,0.18149198591709137,0.3860456347465515,0.7058640718460083,1.0220246315002441,1.7057780027389526,2.783052444458008,4.540133953094482,8.936893463134766,10.456209182739258,15.091224670410156,18.476675033569336,25.608129501342773,40.94550323486328,56.5143928527832,84.9627914428711,88.87064361572266,97.24124145507812,110.78544616699219,168.36122131347656,199.2632598876953,297.5547790527344,461.90106201171875,688.7321166992188,862.039306640625,1180.0537109375,2038.0001220703125,1243.226806640625
39,0.0,0.07458268105983734,0.1912740021944046,0.3660017251968384,0.713696300983429,1.074187994003296,1.8030154705047607,2.83703875541687,4.474782466888428,8.754950523376465,10.35786247253418,14.83165168762207,17.6715145111084,25.451740264892578,43.248783111572266,62.46992492675781,95.98676300048828,96.65481567382812,108.90292358398438,121.26240539550781,178.33432006835938,224.06884765625,354.0567626953125,496.1600036621094,756.0742797851562,890.3712158203125,1195.963134765625,2473.6611328125,1435.1385498046875
40,0.0,0.1130618155002594,0.30230385065078735,0.5190716981887817,0.904695987701416,1.4829623699188232,2.782085418701172,4.261695384979248,7.071353912353516,14.066141128540039,17.837305068969727,21.972837448120117,27.41536521911621,38.0759391784668,67.25847625732422,100.72549438476562,142.75633239746094,140.8021697998047,165.2843475341797,193.52401733398438,248.23106384277344,376.7053527832031,503.4319763183594,847.9373168945312,1231.32861328125,1643.4560546875,2223.049072265625,3591.127685546875,2412.43408203125
41,0.0,0.09026320278644562,0.2124270796775818,0.4192870259284973,0.7088569402694702,1.0548498630523682,2.1173622608184814,3.2957117557525635,5.122243404388428,10.582914352416992,13.041646957397461,17.301345825195312,22.50031852722168,31.940845489501953,54.62684631347656,71.37902069091797,109.5603256225586,117.22634887695312,118.10814666748047,140.83583068847656,248.63909912109375,331.6023864746094,477.127685546875,772.662353515625,1217.97900390625,1487.7728271484375,2253.799560546875,3458.23095703125,1996.8646240234375
42,0.0,0.10968555510044098,0.2559415102005005,0.5050492286682129,0.9381763339042664,1.5707942247390747,2.939967632293701,4.264134883880615,6.520010948181152,14.758548736572266,16.084157943725586,21.133708953857422,27.00250816345215,40.24763870239258,63.57841873168945,89.3999252319336,136.97900390625,156.11441040039062,150.70692443847656,198.10903930664062,270.0529479980469,359.1844787597656,543.9168090820312,891.4866943359375,1316.5362548828125,1776.0828857421875,2184.91259765625,3821.729248046875,2578.230712890625
43,0.0,0.11675097048282623,0.28476953506469727,0.577366828918457,1.0811667442321777,1.584299921989441,2.684624433517456,4.552570819854736,6.885590076446533,15.166035652160645,17.875919342041016,24.71978187561035,29.564037322998047,40.873878479003906,67.7334976196289,97.39984893798828,144.98248291015625,161.64437866210938,175.127685546875,184.1842498779297,302.1679992675781,405.5863952636719,631.6060791015625,998.678466796875,1450.6485595703125,1951.5440673828125,2929.978759765625,4377.00341796875,2806.697021484375
44,0.0,0.10186122357845306,0.23572500050067902,0.48463937640190125,0.9174915552139282,1.3046616315841675,2.0965981483459473,3.6364641189575195,5.782294273376465,12.311188697814941,14.811321258544922,20.23472023010254,24.08246612548828,34.523536682128906,60.20161056518555,79.23941040039062,125.43959045410156,126.17485046386719,136.23497009277344,163.53976440429688,252.26304626464844,313.1091613769531,475.6880187988281,715.629150390625,1031.4324951171875,1337.4644775390625,1704.384521484375,3000.892578125,1813.863525390625
45,0.0,0.09496503323316574,0.26032641530036926,0.49617597460746765,0.927375316619873,1.4050850868225098,2.4357879161834717,3.5889203548431396,5.787349700927734,14.288589477539062,14.94903564453125,19.271791458129883,26.063955307006836,37.331634521484375,55.58010482788086,80.20392608642578,119.83848571777344,129.8083038330078,134.32994079589844,158.09375,217.72914123535156,309.93011474609375,447.7502746582031,655.8239135742188,1003.8441772460938,1288.8380126953125,1750.309814453125,3054.377685546875,2158.49560546875
46,0.0,0.09842819720506668,0.2530350089073181,0.4556099772453308,0.9654449820518494,1.3993490934371948,2.4040236473083496,3.810603141784668,5.690410137176514,12.921749114990234,15.446547508239746,21.04879379272461,26.718008041381836,40.08599853515625,59.66366195678711,84.62394714355469,131.31434631347656,152.35292053222656,154.08372497558594,174.14292907714844,248.6592559814453,333.15576171875,480.0373229980469,810.7752075195312,1101.4588623046875,1552.8856201171875,2043.893798828125,3458.846923828125,2135.8974609375
47,0.0,0.0841035470366478,0.2174271047115326,0.3880803883075714,0.7345834374427795,1.1586495637893677,1.997169017791748,2.966867446899414,4.95168399810791,10.581936836242676,12.794508934020996,17.868453979492188,22.715595245361328,29.959259033203125,47.03192901611328,74.4564437866211,104.92547607421875,123.44241333007812,122.09675598144531,141.9667205810547,225.96629333496094,307.9547119140625,476.61114501953125,806.0411987304688,1095.5543212890625,1552.947265625,2039.4073486328125,3290.733154296875,2331.393310546875
48,0.0,0.09432652592658997,0.21550266444683075,0.39764535427093506,0.788750410079956,1.1977254152297974,2.1569302082061768,3.1633708477020264,5.595039367675781,11.713231086730957,13.70874309539795,19.218402862548828,21.619117736816406,30.588289260864258,55.64588928222656,75.3447036743164,116.2516860961914,124.42195892333984,123.87336730957031,163.4775390625,235.1472930908203,336.5532531738281,522.2593383789062,725.8301391601562,1191.25537109375,1605.3623046875,2165.872802734375,3558.31494140625,2224.138427734375
49,0.0,0.11252009868621826,0.28969788551330566,0.5386369824409485,1.068322777748108,1.4806604385375977,2.865009069442749,4.138835906982422,7.331157684326172,15.424188613891602,16.73598861694336,24.85227394104004,26.13294792175293,42.33120346069336,73.30252075195312,99.3541259765625,150.95074462890625,156.5999755859375,166.4471893310547,210.8724365234375,315.2581481933594,426.45367431640625,647.4254150390625,1040.1500244140625,1600.8253173828125,2025.9132080078125,2652.647216796875,4531.65625,2899.068115234375
50,0.0,0.05820704624056816,0.13856562972068787,0.27233049273490906,0.5398769974708557,0.793353796005249,1.3210523128509521,2.136387825012207,3.4096086025238037,6.883378028869629,7.905377388000488,11.676654815673828,14.321901321411133,19.151161193847656,28.68349266052246,40.7836799621582,69.59548950195312,68.5580062866211,79.63170623779297,83.55722045898438,125.73530578613281,163.54049682617188,261.247314453125,409.5766906738281,632.1306762695312,710.2440185546875,1025.5267333984375,1738.7933349609375,1003.45166015625
51,0.0,0.11170054972171783,0.2605056166648865,0.5308470129966736,0.9882348775863647,1.4920328855514526,2.7057416439056396,4.115458011627197,6.650174617767334,14.786057472229004,15.881546974182129,20.81800651550293,29.72565460205078,39.948604583740234,71.34614562988281,90.14009857177734,135.39453125,138.18092346191406,160.61302185058594,186.73007202148438,268.6932067871094,351.0399475097656,499.9571533203125,844.5948486328125,1280.2955322265625,1587.4500732421875,2328.398193359375,3804.249755859375,2286.49267578125
52,0.0,0.09927961975336075,0.2360842525959015,0.4639028310775757,0.9159553647041321,1.3410536050796509,2.3713014125823975,3.657482624053955,6.4119038581848145,12.376033782958984,16.44941520690918,20.63173484802246,22.88327980041504,34.85472869873047,62.55029296875,80.18250274658203,128.01597595214844,139.7267303466797,148.94265747070312,177.1282196044922,254.96148681640625,347.8011474609375,537.3356323242188,928.4658203125,1225.747802734375,1621.51953125,2165.454833984375,3416.49462890625,2404.221923828125
53,0.0,0.06844710558652878,0.16388922929763794,0.2989252209663391,0.638306200504303,0.9447477459907532,1.6223348379135132,2.545307159423828,4.57095193862915,9.336623191833496,9.762676239013672,13.157282829284668,16.62737274169922,24.484956741333008,43.27150344848633,57.520721435546875,91.7324447631836,87.2493667602539,102.27123260498047,108.71971130371094,173.1124725341797,250.71327209472656,396.7098388671875,604.3746948242188,875.1556396484375,1149.1712646484375,1545.889892578125,2539.2392578125,1705.8018798828125
54,0.0,0.1536799818277359,0.37478652596473694,0.701784074306488,1.4139553308486938,2.1241724491119385,3.707949161529541,5.593535423278809,8.753334045410156,20.07009506225586,24.109474182128906,31.851099014282227,42.21919631958008,54.802711486816406,94.77122497558594,137.5885772705078,213.6306610107422,219.8639373779297,232.67266845703125,288.7867736816406,378.49884033203125,465.42816162109375,792.0221557617188,1117.111083984375,1616.457275390625,1967.197021484375,2757.50439453125,4864.88037109375,2700.522705078125
55,0.0,0.12350383400917053,0.29343700408935547,0.5678529143333435,1.027438759803772,1.643338680267334,2.8134636878967285,4.267699241638184,7.429910659790039,15.194653511047363,17.776662826538086,25.664493560791016,32.50387954711914,45.830604553222656,70.30609893798828,94.19100189208984,153.98040771484375,171.80453491210938,172.30746459960938,208.2772674560547,285.2300109863281,425.02960205078125,593.9410400390625,942.630126953125,1407.451416015625,1809.348876953125,2566.78564453125,3785.105224609375,2786.3564453125
56,0.0,0.11063536256551743,0.28668636083602905,0.535032331943512,0.9178474545478821,1.3642938137054443,2.7408928871154785,4.283066749572754,6.288672924041748,14.260601997375488,17.63258934020996,23.449182510375977,27.713176727294922,37.689369201660156,70.33206939697266,96.57711029052734,130.39381408691406,147.1368865966797,167.75050354003906,192.58053588867188,285.941162109375,387.0827331542969,570.447265625,907.9456176757812,1376.409423828125,1628.290771484375,2418.938720703125,4031.5107421875,2563.051513671875
57,0.0,0.08612402528524399,0.22728800773620605,0.40149712562561035,0.7331854701042175,1.0499590635299683,2.026965856552124,3.3829305171966553,5.286109447479248,10.84071159362793,12.494757652282715,16.961206436157227,20.448762893676758,30.36925506591797,47.43810272216797,66.45984649658203,114.2249755859375,115.73221588134766,126.77338409423828,153.88134765625,197.4004669189453,295.3532409667969,450.07586669921875,713.9317016601562,975.190185546875,1224.6644287109375,1799.7520751953125,2839.13916015625,1598.51904296875
58,0.0,0.08670768141746521,0.21851453185081482,0.401047021150589,0.7791450619697571,1.262681007385254,2.3512768745422363,3.638227701187134,5.612607002258301,11.815699577331543,13.8878173828125,18.623985290527344,23.6785831451416,31.24408531188965,49.91965103149414,70.10297393798828,108.53199005126953,121.80074310302734,126.09152221679688,154.86709594726562,218.51100158691406,311.4042663574219,445.6570739746094,724.5479125976562,1023.75537109375,1354.2657470703125,1990.2574462890625,3033.106201171875,1875.403076171875
59,0.0,0.11764372140169144,0.2979751229286194,0.5781463980674744,1.1848589181900024,1.6272984743118286,3.025385618209839,4.496056079864502,7.408156394958496,16.116853713989258,19.00510597229004,25.233434677124023,30.819353103637695,41.9021110534668,76.74264526367188,100.23372650146484,151.45913696289062,160.65684509277344,168.51329040527344,195.77456665039062,305.0595703125,388.4978942871094,574.333251953125,948.7283935546875,1263.9345703125,1534.50244140625,2248.537109375,3886.250244140625,2658.912353515625
60,0.0,0.07541745156049728,0.19488658010959625,0.3715664744377136,0.7914500832557678,1.1606664657592773,2.0560245513916016,2.986177921295166,5.073144912719727,10.814870834350586,12.616473197937012,14.568694114685059,20.026233673095703,29.141529083251953,48.72721481323242,63.88984680175781,96.67058563232422,107.11150360107422,104.9472427368164,117.16548156738281,183.75030517578125,226.6034393310547,346.6030578613281,514.59521484375,805.0260009765625,1001.8887939453125,1229.571533203125,2360.99365234375,1275.5523681640625
61,0.0,0.13009168207645416,0.3310317099094391,0.6341662406921387,1.1342475414276123,1.8040580749511719,3.1103415489196777,4.7788567543029785,8.936039924621582,17.621089935302734,20.086524963378906,26.1762752532959,30.502193450927734,46.08777618408203,75.67005157470703,105.54039764404297,154.6668243408203,167.33331298828125,174.89962768554688,196.6856231689453,313.21533203125,386.7978210449219,626.415771484375,989.176513671875,1459.6571044921875,1649.2230224609375,2483.837646484375,4151.85546875,2568.872314453125
62,0.0,0.09058845788240433,0.2427448183298111,0.4309895932674408,0.8572210073471069,1.246403694152832,2.2033722400665283,3.691121816635132,6.08072566986084,12.572600364685059,14.878085136413574,19.76913833618164,25.419767379760742,33.764949798583984,53.887203216552734,70.80575561523438,120.9028549194336,131.52700805664062,142.06918334960938,158.8790740966797,231.69972229003906,298.29052734375,464.82843017578125,735.8062744140625,1005.9756469726562,1374.9647216796875,1896.87890625,3529.26416015625,2061.974365234375
63,0.0,0.16856074333190918,0.4197271466255188,0.6869254112243652,1.3427517414093018,2.012697458267212,3.761965274810791,6.196420192718506,8.8603515625,19.41628646850586,22.29606056213379,28.986051559448242,34.123573303222656,46.850589752197266,86.41759490966797,117.9619369506836,183.55470275878906,181.6358642578125,212.9302978515625,215.43055725097656,334.995361328125,438.8055114746094,669.6072998046875,1044.7386474609375,1503.831298828125,1972.8460693359375,2776.95556640625,4591.3876953125,2650.159912109375
64,0.0,0.12375523149967194,0.32256588339805603,0.5869381427764893,0.9807823300361633,1.6705071926116943,2.760554790496826,4.523882865905762,7.699832439422607,16.16798973083496,17.676252365112305,25.503353118896484,29.61360740661621,42.91426467895508,71.6349105834961,97.78739166259766,140.511474609375,165.2123260498047,164.2438201904297,193.1702117919922,286.6996154785156,381.2391357421875,585.2166137695312,982.5671997070312,1278.2357177734375,1735.355712890625,2360.853515625,3815.6533203125,2369.6787109375
65,0.0,0.07827627658843994,0.19681663811206818,0.3614940345287323,0.7248060703277588,1.0814554691314697,1.9004093408584595,2.9085023403167725,4.756372928619385,10.061871528625488,11.374229431152344,15.380979537963867,20.217222213745117,29.89840316772461,48.061058044433594,68.96339416503906,100.58875274658203,104.61127471923828,121.6416015625,141.15476989746094,198.59811401367188,265.84033203125,418.8965148925781,639.7355346679688,960.3593139648438,1226.1304931640625,1884.583740234375,2619.652099609375,1703.3028564453125
66,0.0,0.10318878293037415,0.25061625242233276,0.4671620726585388,0.9144231677055359,1.4144115447998047,2.4301817417144775,3.814645290374756,5.77794075012207,12.477027893066406,15.038318634033203,20.216350555419922,26.705781936645508,32.31166076660156,61.6201057434082,88.27214050292969,134.51046752929688,137.02439880371094,142.5747833251953,159.84872436523438,244.80946350097656,309.267333984375,526.920166015625,835.96826171875,1240.3182373046875,1535.0390625,2256.048828125,3693.938720703125,2271.078369140625
67,0.0,0.06497371196746826,0.16090556979179382,0.32365262508392334,0.591748058795929,0.9022940993309021,1.4315706491470337,2.2823991775512695,3.9314398765563965,8.149971961975098,9.916455268859863,13.232494354248047,15.106247901916504,22.168550491333008,37.65726089477539,50.03443145751953,75.93421173095703,89.11933135986328,96.44115447998047,103.91764831542969,161.62039184570312,217.47019958496094,288.37432861328125,533.2350463867188,822.1488647460938,1007.927978515625,1351.249267578125,1999.5689697265625,1277.5123291015625
68,0.0,0.11522603034973145,0.3011321723461151,0.5462213158607483,0.974328875541687,1.5757734775543213,3.0022153854370117,4.714249610900879,7.12214994430542,14.878827095031738,18.196500778198242,23.388004302978516,28.73126220703125,40.24141311645508,70.70674133300781,100.21883392333984,143.49766540527344,160.99029541015625,169.13328552246094,196.57235717773438,312.57763671875,396.08648681640625,599.0064086914062,1043.7740478515625,1330.4581298828125,1775.284423828125,2461.643310546875,4440.248046875,3043.94873046875
69,0.0,0.1183321624994278,0.3037676513195038,0.5949048399925232,1.1130762100219727,1.560685634613037,2.813117742538452,4.386963844299316,7.569440841674805,15.603315353393555,18.691844940185547,22.84214210510254,28.73142433166504,40.812618255615234,70.4940185546875,96.17179870605469,139.823974609375,164.03285217285156,167.60568237304688,201.55813598632812,296.7637023925781,393.94677734375,590.9662475585938,928.9937744140625,1376.5081787109375,1682.1357421875,2304.274169921875,3644.781982421875,2473.508056640625
70,0.0,0.09541597217321396,0.2534087896347046,0.5168482065200806,0.8637072443962097,1.366990327835083,2.421621322631836,3.739861011505127,6.574636936187744,12.854976654052734,14.970202445983887,19.29702377319336,25.850200653076172,36.26698684692383,57.90365982055664,80.7372817993164,127.67259979248047,131.89315795898438,148.68988037109375,167.43179321289062,282.1722106933594,381.28338623046875,593.6502075195312,942.8247680664062,1359.311767578125,1576.3687744140625,2458.011474609375,4146.19091796875,2252.033447265625
71,0.0,0.11227546632289886,0.2667459547519684,0.5382685661315918,0.8805146217346191,1.4783765077590942,2.6281261444091797,4.13243293762207,7.114735126495361,15.075081825256348,16.469371795654297,24.170852661132812,27.505321502685547,37.9168815612793,60.2801399230957,84.21145629882812,137.14181518554688,148.348388671875,172.95913696289062,188.7770538330078,283.7973937988281,390.7424621582031,556.928955078125,1003.4259033203125,1339.7166748046875,1769.9918212890625,2378.128173828125,3786.41259765625,2222.184326171875
72,0.0,0.06600150465965271,0.1736883670091629,0.3292194604873657,0.5952155590057373,0.8527988791465759,1.5439589023590088,2.4525303840637207,4.310545444488525,8.107900619506836,9.77881145477295,12.524758338928223,16.69045066833496,22.37818717956543,36.8329963684082,47.003597259521484,69.86978912353516,82.62167358398438,85.72527313232422,91.88330078125,144.8831329345703,173.4261932373047,290.37396240234375,436.86602783203125,651.7464599609375,801.820068359375,1110.1497802734375,2038.9130859375,1260.7645263671875
73,0.0,0.07103234529495239,0.1882028877735138,0.30841493606567383,0.6797525882720947,0.9687617421150208,1.7569690942764282,2.694356679916382,4.713514804840088,9.548999786376953,10.742025375366211,14.871615409851074,17.787914276123047,25.8764591217041,42.03847122192383,57.60866165161133,95.61909484863281,111.97425079345703,112.61929321289062,124.75677490234375,187.14724731445312,257.8554382324219,388.9654846191406,702.1052856445312,960.5336303710938,1261.184814453125,1812.46728515625,2725.4580078125,1873.651123046875
74,0.0,0.10189813375473022,0.24495984613895416,0.4943886995315552,0.8824160695075989,1.3406798839569092,2.2288355827331543,3.8056018352508545,6.198744297027588,12.43234634399414,13.682928085327148,20.395902633666992,23.7369384765625,35.691341400146484,59.7334098815918,87.75859069824219,133.28700256347656,142.27012634277344,158.02719116210938,177.2136993408203,293.00531005859375,383.18255615234375,609.6536865234375,905.2196655273438,1416.13330078125,1714.1790771484375,2403.45654296875,3779.980712890625,2448.783447265625
75,0.0,0.10066602379083633,0.2576662302017212,0.5048894882202148,0.9701483845710754,1.4729210138320923,2.396883010864258,4.1364426612854,6.767276287078857,14.38740062713623,16.3126220703125,22.154090881347656,27.0365047454834,39.22016143798828,74.27710723876953,89.695068359375,133.86207580566406,141.61459350585938,147.99574279785156,180.8960723876953,267.8377380371094,345.9578552246094,564.209228515625,869.9345092773438,1241.8341064453125,1586.7435302734375,2393.08056640625,3931.632568359375,2407.174560546875
76,0.0,0.10311359912157059,0.253878116607666,0.4890787601470947,0.9485917687416077,1.4501516819000244,2.560825824737549,3.8435325622558594,5.62205696105957,12.300691604614258,14.333067893981934,18.78120231628418,25.26180648803711,37.10824966430664,68.39940643310547,85.12728881835938,120.39313507080078,128.3799591064453,136.16038513183594,167.70541381835938,226.44085693359375,255.07272338867188,419.47021484375,636.5518188476562,827.8935546875,1121.24365234375,1502.048828125,2462.981201171875,1375.647216796875
77,0.0,0.1183752790093422,0.3203248381614685,0.5707497596740723,1.0779781341552734,1.503067970275879,2.809799909591675,4.378915786743164,7.052261829376221,15.525506019592285,17.534608840942383,23.434099197387695,31.21918296813965,43.24947738647461,66.61717987060547,105.36650848388672,155.12034606933594,180.73924255371094,185.1492919921875,204.7397003173828,319.6701965332031,440.7892761230469,623.66845703125,1031.6846923828125,1581.3846435546875,1901.7584228515625,2820.681396484375,3764.283447265625,2943.74072265625
78,0.0,0.1336561143398285,0.35587629675865173,0.752223551273346,1.2757614850997925,1.954056739807129,3.5060973167419434,5.459996223449707,8.178094863891602,19.35800552368164,24.56407356262207,29.139524459838867,37.897491455078125,54.82862091064453,88.14288330078125,123.01441955566406,180.39401245117188,199.42819213867188,212.11428833007812,236.2135467529297,340.3514709472656,470.5115966796875,720.43701171875,1120.607666015625,1539.5225830078125,2149.028564453125,2720.78955078125,4553.60498046875,2488.337158203125
79,0.0,0.0971233993768692,0.244953453540802,0.4483785331249237,0.9005014896392822,1.3406405448913574,2.4254186153411865,3.6936426162719727,6.315548896789551,12.43188190460205,14.049162864685059,20.683204650878906,24.024158477783203,32.377227783203125,56.16522216796875,76.83477020263672,115.00923919677734,120.86947631835938,138.6950225830078,161.03094482421875,223.4900665283203,325.2122802734375,543.3930053710938,816.42333984375,1155.7005615234375,1485.4227294921875,2184.5400390625,3341.136474609375,2188.260498046875
80,0.0,0.15690094232559204,0.4356687664985657,0.7710370421409607,1.419321894645691,2.1813526153564453,3.8018524646759033,5.442906856536865,9.02604866027832,19.45308494567871,21.85365104675293,28.216299057006836,35.43698501586914,47.537147521972656,82.71269989013672,122.52757263183594,164.91241455078125,196.9181365966797,191.2826385498047,208.58944702148438,363.15057373046875,459.4341735839844,729.889892578125,1043.883056640625,1559.02734375,2090.104248046875,2862.879150390625,4881.12646484375,2961.644775390625
81,0.0,0.08883927017450333,0.20644211769104004,0.3911892771720886,0.7521408796310425,1.1350666284561157,2.0701026916503906,3.2215871810913086,5.218172073364258,10.905744552612305,14.761943817138672,17.477706909179688,23.470552444458008,31.812564849853516,52.419307708740234,71.64801025390625,113.3719482421875,123.84794616699219,128.69801330566406,141.0253143310547,220.4053192138672,289.5611572265625,432.3529052734375,745.1408081054688,1088.2413330078125,1373.47705078125,1821.7611083984375,2970.008544921875,2095.536865234375
82,0.0,0.07254079729318619,0.1759917438030243,0.33089834451675415,0.6430311799049377,0.9753972291946411,1.580369472503662,2.7854952812194824,4.640252113342285,10.301970481872559,10.36386775970459,15.407734870910645,19.444814682006836,25.086349487304688,44.1363525390625,66.51995849609375,94.24091339111328,96.51670837402344,98.32963562011719,123.92035675048828,163.42568969726562,258.1601257324219,376.869140625,583.8285522460938,859.6978149414062,1059.6455078125,1586.6507568359375,2560.710693359375,1500.6805419921875
83,0.0,0.09182851016521454,0.23079323768615723,0.38832148909568787,0.8050758838653564,1.2086645364761353,1.9580692052841187,3.194986343383789,5.301179885864258,9.933808326721191,12.233671188354492,18.080610275268555,20.512876510620117,31.410783767700195,51.567543029785156,69.07791137695312,102.36019134521484,119.2741470336914,127.75737762451172,150.6569366455078,212.32904052734375,289.5049743652344,471.0524597167969,712.0828247070312,1082.581787109375,1377.09228515625,1917.8408203125,3175.01904296875,2170.22705078125
84,0.0,0.09648579359054565,0.25191730260849,0.4614177346229553,0.8371943235397339,1.322794795036316,2.318966865539551,3.9383580684661865,6.646860122680664,12.997953414916992,14.427811622619629,19.738887786865234,23.598613739013672,33.55903625488281,56.673831939697266,72.5783462524414,116.38185119628906,128.0403594970703,135.33724975585938,154.80288696289062,254.99310302734375,308.7661437988281,524.6338500976562,787.0660400390625,1049.15283203125,1418.9373779296875,2156.739990234375,3706.628173828125,2343.650634765625
85,0.0,0.11036480218172073,0.2820347547531128,0.5103257894515991,0.956987738609314,1.5269562005996704,2.9409244060516357,4.322771072387695,7.419416427612305,14.146173477172852,15.575362205505371,22.054460525512695,28.03866958618164,35.615386962890625,64.17337799072266,87.49213409423828,132.39376831054688,146.80320739746094,151.6881561279297,205.28302001953125,268.67529296875,330.904052734375,553.8040161132812,860.4112548828125,1290.7008056640625,1643.50732421875,2349.810791015625,3778.8544921875,2528.043212890625
86,0.0,0.07140824943780899,0.1923086941242218,0.364740788936615,0.720744788646698,1.0334863662719727,1.8839876651763916,2.787440061569214,4.4819416999816895,10.126694679260254,11.934553146362305,16.664653778076172,20.878847122192383,26.861129760742188,50.01557922363281,57.48023986816406,99.21170806884766,100.97724151611328,103.94563293457031,122.8718032836914,184.68936157226562,252.75880432128906,383.3711853027344,610.3764038085938,899.8197631835938,1207.41552734375,1612.103515625,2566.9501953125,1566.984375
87,0.0,0.13034074008464813,0.3645769953727722,0.6297229528427124,1.2577531337738037,1.9488404989242554,3.277665853500366,5.066402912139893,7.897980690002441,16.85628890991211,22.58535385131836,28.754924774169922,33.36659240722656,55.97005081176758,77.67571258544922,112.06639099121094,176.82554626464844,188.53475952148438,205.28306579589844,230.3406982421875,344.30078125,463.7740783691406,698.2302856445312,968.03955078125,1487.8515625,1802.05908203125,2626.86376953125,4242.08935546875,2789.990234375
88,0.0,0.10311035811901093,0.2751321494579315,0.513534426689148,0.9631439447402954,1.544646978378296,2.5979795455932617,4.029893398284912,6.763442039489746,13.780362129211426,16.295352935791016,19.814027786254883,26.902414321899414,38.60428237915039,62.609535217285156,90.77813720703125,127.89856719970703,141.33143615722656,145.68824768066406,160.1849365234375,267.6306457519531,348.2920227050781,571.0537719726562,929.1144409179688,1306.6505126953125,1624.8026123046875,2377.709228515625,3970.900146484375,2729.891845703125
89,0.0,0.05337977781891823,0.1239740177989006,0.237986221909523,0.4907253682613373,0.7043343782424927,1.1709778308868408,1.8920300006866455,3.0826988220214844,6.4479660987854,7.928333759307861,10.808433532714844,12.620305061340332,18.044797897338867,29.38187599182129,43.434539794921875,62.64323425292969,66.87828063964844,77.26223754882812,80.05713653564453,119.81571197509766,166.7095947265625,250.6451416015625,403.9452209472656,607.8565063476562,742.787109375,987.1539306640625,1623.7322998046875,1013.5615844726562
90,0.0,0.11285658925771713,0.2643432915210724,0.5220397114753723,0.9849371910095215,1.4671909809112549,2.662442684173584,4.244609355926514,6.779002666473389,14.722482681274414,16.414527893066406,22.520570755004883,27.338537216186523,40.37791442871094,66.9791030883789,90.93370819091797,147.967041015625,161.4730682373047,175.8010711669922,184.95947265625,287.960693359375,376.8067626953125,582.3901977539062,933.9751586914062,1381.4117431640625,1768.6768798828125,2618.802490234375,4270.52978515625,2467.479736328125
91,0.0,0.09626565873622894,0.25947216153144836,0.45414504408836365,0.8960491418838501,1.3867871761322021,2.476389169692993,3.8371548652648926,6.3113555908203125,13.333739280700684,14.306221008300781,20.28394317626953,24.054147720336914,34.31325149536133,61.69977951049805,79.58309936523438,118.75483703613281,140.98947143554688,151.74819946289062,192.5458526611328,262.2298889160156,356.7393798828125,554.1241455078125,957.033935546875,1211.7705078125,1645.9053955078125,2310.65478515625,3567.34375,2493.76318359375
92,0.0,0.09516417235136032,0.21743489801883698,0.4284880459308624,0.8195579051971436,1.2411246299743652,2.2297258377075195,3.7137138843536377,5.59205436706543,11.49510383605957,14.57286548614502,19.695114135742188,24.003868103027344,33.942012786865234,57.46371841430664,84.09828186035156,126.72235107421875,133.6797637939453,129.07589721679688,162.5713348388672,234.1821746826172,308.1757507324219,471.20721435546875,738.3055419921875,1121.3468017578125,1399.642333984375,2005.44580078125,3343.06494140625,2000.0264892578125
93,0.0,0.107427217066288,0.2758709192276001,0.47541865706443787,0.9733308553695679,1.4407879114151,2.583737373352051,3.9092698097229004,6.303102970123291,15.782195091247559,16.366395950317383,24.31149673461914,28.070270538330078,37.949851989746094,72.58138275146484,97.21089935302734,148.42015075683594,158.81735229492188,167.38209533691406,205.451904296875,288.0535583496094,356.7553405761719,576.488525390625,1030.17578125,1355.4532470703125,1849.57177734375,2485.97509765625,3950.4775390625,2570.577392578125
94,0.0,0.07499498128890991,0.18965914845466614,0.35267308354377747,0.6842349171638489,1.0813795328140259,1.7705540657043457,2.938586711883545,4.430929660797119,10.390409469604492,11.047791481018066,17.509477615356445,21.417739868164062,29.31818199157715,49.8749885559082,69.1102294921875,94.90811157226562,108.0782241821289,111.86005401611328,110.93692016601562,186.3520965576172,232.42828369140625,400.1968688964844,562.3699340820312,839.6190185546875,1026.0040283203125,1465.1683349609375,2521.5576171875,1564.309814453125
95,0.0,0.07278886437416077,0.1835792362689972,0.35451826453208923,0.6920307874679565,1.0418176651000977,1.834052324295044,2.826622724533081,4.39138650894165,9.92146110534668,11.076652526855469,15.06092643737793,17.90125846862793,27.220685958862305,46.67743682861328,63.2296142578125,91.32035064697266,107.43087768554688,106.70722198486328,126.62863159179688,186.85401916503906,265.77935791015625,407.7405700683594,661.558837890625,879.227783203125,1248.1744384765625,1698.7630615234375,2714.81298828125,1738.701416015625
96,0.0,0.1207498237490654,0.33625948429107666,0.6219295263290405,1.1695799827575684,1.7424126863479614,3.157891273498535,5.059943675994873,8.06096363067627,17.505306243896484,19.60173225402832,26.9536190032959,31.40284538269043,47.95819091796875,74.42971801757812,114.71859741210938,162.14263916015625,184.89688110351562,192.9209747314453,235.15603637695312,327.77215576171875,460.4114685058594,684.97314453125,1052.9188232421875,1569.23779296875,2175.714111328125,2832.6796875,4558.5439453125,2832.15283203125
97,0.0,0.08713747560977936,0.23766642808914185,0.4032437801361084,0.8476211428642273,1.2613704204559326,2.2051846981048584,3.499962091445923,5.784207344055176,11.523824691772461,14.94246768951416,20.478506088256836,25.38382911682129,35.17874526977539,58.20576095581055,85.79881286621094,125.39175415039062,128.82061767578125,148.11029052734375,159.8780975341797,243.99716186523438,322.42559814453125,523.8985595703125,819.013427734375,1248.2818603515625,1580.918701171875,2169.964111328125,3624.395751953125,2208.739990234375
98,0.0,0.0743224173784256,0.17805048823356628,0.35693445801734924,0.6375201940536499,0.9593571424484253,1.693131923675537,2.75311541557312,4.536190986633301,10.530938148498535,11.230114936828613,14.42567253112793,19.591453552246094,23.48329734802246,40.86440658569336,61.39462661743164,87.39910888671875,101.49702453613281,107.25700378417969,126.6360855102539,202.88328552246094,258.6118469238281,432.8055725097656,628.461669921875,1025.29833984375,1230.2318115234375,1773.4893798828125,2680.556396484375,1779.2578125
99,0.0,0.08538051694631577,0.21098589897155762,0.42024391889572144,0.7860152125358582,1.0953229665756226,2.0192670822143555,3.1494462490081787,4.98101282119751,11.679661750793457,13.67949104309082,18.367324829101562,20.334672927856445,29.541351318359375,52.738834381103516,68.76311492919922,110.92173767089844,121.06844329833984,125.15458679199219,146.39788818359375,219.351318359375,280.6982727050781,457.3533935546875,726.8401489257812,1060.2508544921875,1348.4481201171875,1668.9544677734375,3140.7138671875,1836.9620361328125
100,0.0,0.08185870945453644,0.22314707934856415,0.3892171084880829,0.7550056576728821,1.1585725545883179,2.1090431213378906,3.3590593338012695,5.38970422744751,11.819342613220215,13.64142894744873,18.305910110473633,22.41891860961914,30.31214141845703,48.426368713378906,70.54338073730469,114.53079986572266,127.88213348388672,133.26565551757812,159.4822998046875,218.98719787597656,290.9744873046875,441.1666564941406,675.8500366210938,955.9324340820312,1333.7110595703125,1690.4609375,2815.00341796875,1930.9146728515625
101,0.0,0.07621348649263382,0.17491114139556885,0.3420068025588989,0.6788824796676636,1.0269343852996826,1.7103657722473145,2.6447224617004395,4.4087090492248535,9.26499080657959,10.066170692443848,14.390182495117188,18.51802635192871,23.12112045288086,40.486995697021484,55.801090240478516,88.31576538085938,94.33821868896484,95.66581726074219,116.01278686523438,187.03675842285156,236.9769744873047,392.345947265625,609.198974609375,845.0587768554688,1081.1993408203125,1507.404296875,2592.439208984375,1533.758056640625
102,0.0,0.0818987637758255,0.1844116747379303,0.42225930094718933,0.7488085031509399,1.1130235195159912,2.092634916305542,3.1709766387939453,4.517540454864502,10.587270736694336,12.420148849487305,16.89542007446289,20.459787368774414,29.048982620239258,49.34798049926758,62.336151123046875,104.64739227294922,111.16917419433594,118.12728881835938,132.98670959472656,187.6931915283203,249.03749084472656,423.0633239746094,640.0639038085938,838.8948974609375,1161.7740478515625,1642.9627685546875,2679.046142578125,1707.600830078125
103,0.0,0.07641718536615372,0.1923733353614807,0.3831835985183716,0.7095592617988586,1.0783404111862183,1.8233485221862793,2.828742265701294,4.553783893585205,10.459750175476074,11.790312767028809,16.493167877197266,19.188547134399414,29.113317489624023,44.61101150512695,63.191078186035156,100.41122436523438,111.39070892333984,106.82786560058594,138.27029418945312,186.30885314941406,244.08763122558594,375.4959411621094,576.8567504882812,851.0875244140625,1068.965576171875,1419.5460205078125,2492.716552734375,1582.0577392578125
104,0.0,0.11303293704986572,0.32091811299324036,0.5711334347724915,1.0820213556289673,1.6601155996322632,3.0885279178619385,5.024576187133789,7.476168155670166,16.275447845458984,20.547456741333008,27.850194931030273,32.73115539550781,44.86391830444336,78.09861755371094,100.4935531616211,158.95816040039062,175.2422637939453,183.75128173828125,210.9187469482422,337.41851806640625,459.7819519042969,684.5763549804688,1101.404541015625,1633.8583984375,2012.050048828125,2923.466552734375,4420.24609375,3390.25
105,0.0,0.08765306323766708,0.22908826172351837,0.40959641337394714,0.7556506991386414,1.128502607345581,1.9528013467788696,3.2376527786254883,5.293337345123291,11.463001251220703,12.053407669067383,18.06151580810547,20.94998550415039,28.1741886138916,55.133846282958984,77.0255355834961,114.28961181640625,127.57012176513672,133.85093688964844,145.63685607910156,237.18588256835938,291.03814697265625,527.0435180664062,888.2610473632812,1197.6790771484375,1522.6036376953125,2137.929931640625,3603.912109375,2396.293701171875
106,0.0,0.10903570801019669,0.282799631357193,0.5590994358062744,0.9857085347175598,1.4696602821350098,2.694610118865967,3.840111017227173,7.385138034820557,13.109819412231445,17.205198287963867,22.206544876098633,28.42307472229004,37.76542282104492,66.12641143798828,88.4931640625,141.34825134277344,144.79843139648438,158.93341064453125,177.6898193359375,265.7513427734375,383.22357177734375,560.7509155273438,913.455810546875,1327.674072265625,1766.5316162109375,2498.547119140625,4316.65234375,2489.3974609375
107,0.0,0.12396065145730972,0.30259689688682556,0.5924736857414246,1.1617026329040527,1.552808165550232,3.073601245880127,4.684506893157959,7.452299118041992,15.946722984313965,19.367958068847656,25.638286590576172,33.61721420288086,44.63130569458008,75.51985931396484,102.97012329101562,149.08535766601562,173.76681518554688,187.05035400390625,210.10806274414062,302.8084716796875,453.5762939453125,699.3407592773438,1047.553955078125,1536.0736083984375,2228.0908203125,2889.871337890625,4808.087890625,3005.153076171875
108,0.0,0.10165580362081528,0.24880225956439972,0.4827973246574402,0.9168499112129211,1.2936065196990967,2.3629908561706543,3.6831839084625244,6.2508392333984375,12.211077690124512,14.714573860168457,21.98464012145996,26.971261978149414,33.13511276245117,62.38658142089844,83.37664794921875,123.81293487548828,137.087158203125,146.94691467285156,165.6302947998047,262.1725158691406,369.7730712890625,570.78076171875,934.5794067382812,1322.9385986328125,1790.69775390625,2431.343017578125,3722.47021484375,2563.39453125
109,0.0,0.09839125722646713,0.2589126229286194,0.500480592250824,0.8977685570716858,1.3245768547058105,2.4826815128326416,3.8858063220977783,6.290876388549805,12.32861042022705,14.336520195007324,22.817672729492188,23.93914222717285,34.78876876831055,64.04725646972656,78.22366333007812,124.66970825195312,137.45257568359375,148.8663787841797,149.75778198242188,246.35214233398438,282.95513916015625,444.2212219238281,716.3513793945312,1012.7266235351562,1354.05126953125,2002.89208984375,3404.13232421875,1955.944091796875
110,0.0,0.0646253451704979,0.16654932498931885,0.2957315146923065,0.6231561899185181,0.9202486872673035,1.4619407653808594,2.3353965282440186,3.8577725887298584,8.655781745910645,10.195210456848145,13.122836112976074,15.933643341064453,21.26366424560547,38.09035873413086,49.50127410888672,73.2510986328125,84.39603424072266,88.83642578125,87.75102233886719,143.99081420898438,177.4624481201172,286.7013854980469,443.428955078125,617.6784057617188,761.53662109375,1202.9189453125,1940.9385986328125,1128.552001953125
111,0.0,0.1036912128329277,0.2755226194858551,0.4607168436050415,0.9011663198471069,1.2903025150299072,2.5991363525390625,3.8226494789123535,6.800227165222168,13.42479133605957,15.38792610168457,21.124984741210938,27.20329475402832,33.700523376464844,66.2409896850586,85.81974029541016,138.03018188476562,144.49203491210938,160.78440856933594,182.76995849609375,274.9188232421875,377.9393005371094,586.3429565429688,1001.8052978515625,1354.2132568359375,1822.4605712890625,2516.776611328125,3977.697265625,2693.87255859375
112,0.0,0.07348140329122543,0.18197031319141388,0.3135538399219513,0.6933454871177673,0.9586290717124939,1.7461903095245361,2.5443904399871826,4.102550029754639,9.082347869873047,10.766769409179688,14.716775894165039,17.393789291381836,22.89476203918457,40.6940803527832,60.38649368286133,92.60025787353516,100.71937561035156,110.56173706054688,117.97663879394531,164.73683166503906,208.46864318847656,340.4109802246094,535.3602905273438,786.2250366210938,959.3637084960938,1344.68701171875,2283.65869140625,1297.602294921875
113,0.0,0.08367510139942169,0.21217845380306244,0.4257429540157318,0.8173550367355347,1.1484211683273315,2.061272621154785,3.1867196559906006,5.510391712188721,11.983262062072754,13.533842086791992,18.662290573120117,21.88079833984375,33.57313919067383,58.448081970214844,72.1122817993164,114.6768798828125,120.87995910644531,137.31158447265625,147.90914916992188,204.01007080078125,268.93878173828125,424.53857421875,685.6486206054688,963.3917846679688,1273.6300048828125,1510.0838623046875,2705.7578125,1840.4976806640625
114,0.0,0.07716452330350876,0.18528160452842712,0.34763824939727783,0.6511641144752502,1.0218030214309692,1.7128700017929077,2.7811872959136963,4.62237548828125,10.33064079284668,11.715569496154785,16.520675659179688,19.701885223388672,27.072431564331055,49.33629608154297,62.08305740356445,95.56729888916016,99.79507446289062,106.1910629272461,121.59921264648438,186.7994842529297,264.5314636230469,448.9366149902344,662.873779296875,1025.216064453125,1247.6798095703125,1696.550048828125,2747.51220703125,1747.213134765625
115,0.0,0.07791871577501297,0.19095216691493988,0.35283711552619934,0.7166426181793213,1.0845810174942017,2.0338032245635986,2.8679513931274414,4.671137809753418,10.481047630310059,12.729936599731445,17.81802749633789,20.039966583251953,29.638845443725586,47.200870513916016,66.5477523803711,98.33090209960938,110.87755584716797,116.80726623535156,127.7884292602539,210.47145080566406,300.04986572265625,491.4721374511719,767.94189453125,1129.5863037109375,1342.7845458984375,2035.0718994140625,3045.676513671875,1981.566650390625
116,0.0,0.06416914612054825,0.1776518076658249,0.32402244210243225,0.6207491755485535,0.9293193817138672,1.6081523895263672,2.6891703605651855,4.341794967651367,9.231437683105469,10.09212589263916,14.142901420593262,16.636512756347656,24.417688369750977,38.163448333740234,56.44858169555664,94.3016586303711,93.17325592041016,107.26500701904297,122.82316589355469,174.40292358398438,232.86170959472656,362.4118957519531,597.9290771484375,865.641845703125,1139.8699951171875,1595.9285888671875,2315.10302734375,1554.7821044921875
117,0.0,0.09466272592544556,0.22876282036304474,0.4269043803215027,0.8897587656974792,1.2882535457611084,2.198343276977539,3.585946559906006,5.752532482147217,12.614415168762207,13.511432647705078,18.520816802978516,24.381772994995117,33.855140686035156,58.833526611328125,84.6766128540039,125.81626892089844,130.68321228027344,145.6246337890625,174.605224609375,258.8128356933594,353.02069091796875,605.2659301757812,895.7298583984375,1303.2752685546875,1736.2493896484375,2488.71923828125,3813.51220703125,2397.564697265625
118,0.0,0.09755655378103256,0.22377143800258636,0.4395604729652405,0.7676070928573608,1.1957241296768188,2.0433549880981445,3.348878860473633,5.7359724044799805,11.400069236755371,14.484813690185547,17.683835983276367,23.624622344970703,30.066856384277344,53.07954788208008,74.88072204589844,117.13819122314453,128.5644073486328,143.71372985839844,159.70022583007812,253.4192352294922,339.2747802734375,539.6121215820312,774.3439331054688,1291.781982421875,1650.578125,2336.231201171875,3737.96826171875,2917.952392578125
119,0.0,0.08830301463603973,0.2119467556476593,0.40572842955589294,0.8167205452919006,1.2663967609405518,2.0470938682556152,3.209174871444702,5.6194539070129395,12.702188491821289,13.637826919555664,17.797086715698242,22.366273880004883,29.106443405151367,52.53201675415039,71.41030883789062,111.36847686767578,123.78780364990234,128.94430541992188,146.86410522460938,217.2370147705078,284.2520751953125,424.14935302734375,641.75830078125,918.9778442382812,1265.374267578125,1721.390380859375,2969.024658203125,1785.308837890625
120,0.0,0.09975454956293106,0.24210865795612335,0.47891995310783386,0.9093112945556641,1.3994871377944946,2.3555991649627686,3.6043508052825928,6.093116283416748,12.915301322937012,16.43973159790039,21.133182525634766,25.046613693237305,34.768741607666016,62.82307434082031,87.36123657226562,122.8704605102539,137.05274963378906,160.98696899414062,164.41885375976562,266.2659606933594,350.3073425292969,520.32861328125,826.0061645507812,1194.40380859375,1519.5318603515625,2173.878662109375,3629.937744140625,2444.2900390625
121,0.0,0.09057282656431198,0.23845604062080383,0.40247249603271484,0.8477129340171814,1.1994092464447021,2.1876120567321777,3.3407986164093018,5.863272666931152,12.467072486877441,14.018668174743652,19.76525115966797,21.712528228759766,31.202930450439453,51.371055603027344,74.39717864990234,121.5251693725586,111.87976837158203,127.7132797241211,134.33566284179688,225.4549102783203,272.280517578125,485.5653381347656,752.4511108398438,1098.3797607421875,1468.8746337890625,2000.47412109375,3159.898681640625,1913.9720458984375
122,0.0,0.10387261211872101,0.24455158412456512,0.46832209825515747,0.9269494414329529,1.2882871627807617,2.5931899547576904,3.9725024700164795,6.446161270141602,14.588549613952637,17.38036346435547,22.7246150970459,29.94239616394043,38.223690032958984,64.12284088134766,84.85067749023438,131.26368713378906,160.0514678955078,148.01779174804688,176.56614685058594,275.3391418457031,349.5720520019531,542.8517456054688,955.6558227539062,1313.1824951171875,1644.7850341796875,2347.674072265625,3950.047119140625,2393.47216796875
123,0.0,0.1091621145606041,0.2682957947254181,0.5314270257949829,0.9465943574905396,1.4695298671722412,2.5968658924102783,4.346898078918457,6.0077033042907715,13.902543067932129,15.87106704711914,22.3497314453125,24.988685607910156,36.533145904541016,60.300621032714844,87.38916015625,131.32638549804688,149.9394073486328,157.68878173828125,170.9283905029297,257.09185791015625,340.42034912109375,485.3545227050781,816.3665161132812,1152.1953125,1417.1353759765625,2014.3577880859375,3494.505615234375,2164.3291015625
124,0.0,0.10901736468076706,0.2518683075904846,0.49553894996643066,0.9427459239959717,1.5229227542877197,2.528981924057007,3.8688182830810547,6.684818267822266,13.754643440246582,16.05280113220215,22.94913101196289,27.065181732177734,36.8284797668457,67.89948272705078,89.49527740478516,137.28472900390625,145.58969116210938,151.64878845214844,186.77557373046875,288.6068115234375,381.47161865234375,535.6210327148438,823.1556396484375,1182.702392578125,1466.801025390625,2229.17529296875,3784.739990234375,2033.17431640625
125,0.0,0.13872213661670685,0.35824188590049744,0.6914950609207153,1.1755813360214233,1.9534378051757812,3.446043014526367,5.107674598693848,7.954257488250732,16.763967514038086,21.227039337158203,29.21195411682129,34.75966262817383,51.75816345214844,90.82353210449219,114.33361053466797,180.93460083007812,191.51792907714844,203.5216064453125,246.40438842773438,358.2049255371094,416.3878173828125,676.305419921875,1007.526611328125,1433.606201171875,1839.652587890625,2519.382080078125,4424.04931640625,2852.1259765625
126,0.0,0.06502649933099747,0.1542120724916458,0.309045672416687,0.5658543705940247,0.8038095831871033,1.472949743270874,2.268165349960327,4.017223358154297,8.989081382751465,9.186002731323242,12.777899742126465,16.400611877441406,22.136051177978516,35.123687744140625,51.32229995727539,77.864013671875,88.78230285644531,88.51554870605469,111.06100463867188,168.548828125,223.76951599121094,337.34417724609375,564.8030395507812,951.0004272460938,1171.0513916015625,1625.0343017578125,2275.355224609375,1669.695068359375
127,0.0,0.1544688642024994,0.41562530398368835,0.8240627646446228,1.380745530128479,1.9275747537612915,3.3219239711761475,5.603296279907227,8.42969036102295,18.995004653930664,23.169057846069336,30.730669021606445,42.4448127746582,52.76805114746094,102.92719268798828,129.6661834716797,188.6417236328125,220.74354553222656,226.84107971191406,253.21493530273438,370.86419677734375,466.0509948730469,721.6494750976562,1205.486083984375,1553.4200439453125,1882.4447021484375,2724.88671875,4440.95703125,2489.22998046875
128,0.0,0.14439164102077484,0.38662561774253845,0.7420690059661865,1.2113420963287354,1.8947564363479614,3.4445297718048096,5.26251220703125,8.62904167175293,18.02946662902832,20.975200653076172,25.494121551513672,34.311641693115234,49.502540588378906,85.43595123291016,117.97071075439453,174.90138244628906,183.23707580566406,191.9599151611328,211.24827575683594,323.6729431152344,386.4878234863281,589.6729736328125,911.747802734375,1289.08251953125,1719.288330078125,2268.224853515625,4082.27099609375,2257.0322265625
129,0.0,0.09115252643823624,0.23596495389938354,0.44560542702674866,0.7698687314987183,1.2344471216201782,2.2298521995544434,3.5274386405944824,5.8675408363342285,12.427704811096191,13.642953872680664,19.16111183166504,23.56720733642578,33.620975494384766,56.99732208251953,83.42088317871094,115.96359252929688,129.17611694335938,130.09600830078125,161.47947692871094,236.73934936523438,329.98126220703125,473.9494934082031,807.3846435546875,1160.5015869140625,1531.1773681640625,2039.921875,3256.863037109375,2070.406494140625
130,0.0,0.09470215439796448,0.25705841183662415,0.42940381169319153,0.89529949426651,1.2755364179611206,2.357520580291748,3.562619924545288,5.304011821746826,12.146637916564941,15.206852912902832,19.367919921875,24.421133041381836,33.128868103027344,61.34569549560547,76.25090789794922,118.66175079345703,121.12691497802734,136.80381774902344,143.73976135253906,220.59970092773438,283.92962646484375,475.3157653808594,751.8757934570312,1031.59033203125,1261.427978515625,1949.447998046875,3149.005615234375,1845.6060791015625
131,0.0,0.10524675250053406,0.28527069091796875,0.4960322678089142,0.8747100830078125,1.3838096857070923,2.5541749000549316,3.9051594734191895,6.319732666015625,14.119861602783203,15.32280445098877,22.34098243713379,26.15266990661621,37.94504165649414,65.22843170166016,87.80393981933594,123.29785919189453,146.125,152.9418182373047,174.8429412841797,239.7349090576172,349.994140625,519.4182739257812,806.7951049804688,1289.0133056640625,1448.8060302734375,1956.64111328125,3197.88818359375,1861.8575439453125
132,0.0,0.0865803137421608,0.22203317284584045,0.4468863308429718,0.819449245929718,1.1820743083953857,2.013624906539917,3.251890182495117,5.029170989990234,12.347187995910645,13.240987777709961,17.781068801879883,22.819536209106445,32.34737014770508,52.168251037597656,73.54379272460938,112.64456176757812,135.09707641601562,145.71852111816406,176.19705200195312,228.9927978515625,296.8958740234375,520.2864990234375,728.2921752929688,1189.6448974609375,1320.8521728515625,1998.4854736328125,3617.843994140625,2101.759033203125
133,0.0,0.15177731215953827,0.41210541129112244,0.827174961566925,1.4926400184631348,2.0599863529205322,3.8162832260131836,5.488725185394287,9.756166458129883,21.898996353149414,24.178050994873047,32.09514236450195,39.422115325927734,60.249229431152344,94.43907165527344,135.5626220703125,216.10377502441406,213.9366455078125,240.72702026367188,259.9286193847656,401.13934326171875,518.5040283203125,824.4967041015625,1262.28759765625,2008.017578125,2299.367431640625,3274.45556640625,5267.17724609375,3206.920654296875
134,0.0,0.09941370785236359,0.25943082571029663,0.4682314395904541,0.9067765474319458,1.4303587675094604,2.484060287475586,4.224440097808838,6.303613662719727,12.918482780456543,15.945782661437988,19.967586517333984,24.788471221923828,32.0003662109375,58.902427673339844,81.01653289794922,113.64939880371094,126.77503967285156,123.5656967163086,150.1117706298828,206.70396423339844,267.8369445800781,429.50152587890625,637.200439453125,940.798095703125,1082.768798828125,1470.91162109375,2615.276123046875,1544.4932861328125
135,0.0,0.11146748811006546,0.28439509868621826,0.5370115041732788,1.0313498973846436,1.5208184719085693,2.7312960624694824,4.0315046310424805,6.656871795654297,14.658852577209473,17.40138816833496,24.573354721069336,27.685583114624023,42.43583679199219,67.73251342773438,100.96145629882812,145.96678161621094,158.65118408203125,166.0863494873047,182.2110595703125,286.04412841796875,339.8006286621094,575.294677734375,832.8583984375,1292.3072509765625,1702.3968505859375,2348.7119140625,4049.07421875,2339.290283203125
136,0.0,0.1082783192396164,0.24832551181316376,0.4754571318626404,0.8880516886711121,1.3700158596038818,2.683764934539795,3.7517292499542236,7.167672634124756,14.185281753540039,14.857704162597656,21.85576629638672,26.990110397338867,35.68623733520508,60.983970642089844,87.99994659423828,128.78831481933594,139.90638732910156,157.3561248779297,186.04544067382812,270.2252502441406,334.3899230957031,598.9517822265625,971.7272338867188,1295.2537841796875,1632.6998291015625,2327.033935546875,4054.488037109375,2484.922119140625
137,0.0,0.10813794285058975,0.2724212110042572,0.539993405342102,0.9973201155662537,1.4062552452087402,2.832378387451172,4.2636237144470215,6.9134931564331055,14.236907005310059,17.68870735168457,23.436246871948242,30.76627540588379,37.075077056884766,68.9866714477539,92.65277099609375,141.3084716796875,147.65460205078125,151.28573608398438,171.38369750976562,275.3641357421875,372.6833190917969,506.6153869628906,853.5884399414062,1176.7252197265625,1665.211669921875,2200.2060546875,3721.797607421875,2354.603515625
138,0.0,0.05479069799184799,0.14347223937511444,0.2472132444381714,0.49701598286628723,0.7090882658958435,1.1380079984664917,1.977060317993164,3.0774919986724854,6.866567611694336,8.302544593811035,10.84528923034668,13.504805564880371,20.06329345703125,33.31550216674805,50.72184371948242,75.7104263305664,75.05581665039062,85.06082916259766,94.74993896484375,135.7124481201172,183.14739990234375,298.9080505371094,476.21014404296875,725.52978515625,863.5966796875,1176.831787109375,2004.7008056640625,1284.2666015625
139,0.0,0.11284276098012924,0.2789871394634247,0.559719443321228,1.001789927482605,1.4706106185913086,2.9155983924865723,4.425365924835205,6.7723870277404785,15.713851928710938,17.53006362915039,22.918909072875977,26.468364715576172,41.598941802978516,71.77316284179688,93.81607818603516,158.82611083984375,142.72088623046875,167.48854064941406,192.21795654296875,287.4737548828125,329.36138916015625,580.48779296875,931.5836791992188,1318.2037353515625,1747.2567138671875,2504.85205078125,4033.023193359375,2395.632568359375
140,0.0,0.10826180130243301,0.257261723279953,0.44634947180747986,0.952240526676178,1.2800865173339844,2.423240900039673,3.9111931324005127,5.9141340255737305,12.749153137207031,14.174668312072754,20.799911499023438,26.452930450439453,33.46163558959961,59.5347900390625,89.1417007446289,126.37764739990234,145.2213134765625,152.64898681640625,159.01072692871094,278.8439636230469,367.75177001953125,569.138671875,909.853515625,1351.050048828125,1733.5263671875,2392.565673828125,3957.882568359375,2639.68017578125
141,0.0,0.07209192961454391,0.17301246523857117,0.34112802147865295,0.670734167098999,1.0508538484573364,1.8629285097122192,3.014774799346924,4.349391937255859,10.385082244873047,12.325075149536133,15.738563537597656,18.791587829589844,26.415550231933594,42.60190963745117,60.369171142578125,100.88631439208984,105.7286605834961,107.90682983398438,126.65962219238281,183.79678344726562,257.8441467285156,345.3828430175781,568.6526489257812,851.5117797851562,1140.4998779296875,1556.75537109375,2388.58056640625,1412.5416259765625
142,0.0,0.06990794837474823,0.15282931923866272,0.3098981976509094,0.6233530640602112,0.8436200618743896,1.4623404741287231,2.3721866607666016,3.572566509246826,7.525802135467529,9.96989631652832,13.03054428100586,15.428354263305664,20.83226203918457,37.145713806152344,57.25635528564453,83.80540466308594,84.69911193847656,88.95257568359375,100.980224609375,154.18544006347656,210.51812744140625,314.75408935546875,521.843994140625,709.9395141601562,954.7692260742188,1313.653564453125,2254.861572265625,1328.37353515625
143,0.0,0.10524661839008331,0.27079644799232483,0.5924531817436218,1.009882926940918,1.4776601791381836,2.8460869789123535,4.417143821716309,7.117420196533203,15.558579444885254,16.724536895751953,23.396133422851562,28.335031509399414,38.567047119140625,72.60285949707031,96.38402557373047,152.22238159179688,156.52566528320312,161.61721801757812,193.7975616455078,312.1641540527344,412.08038330078125,623.0706787109375,1042.4324951171875,1424.2109375,2074.896728515625,2481.226806640625,4447.5712890625,2730.23876953125
144,0.0,0.061545711010694504,0.1624707728624344,0.2793487012386322,0.5894802808761597,0.9030249714851379,1.4655877351760864,2.13287615776062,3.593362808227539,7.597321033477783,8.799603462219238,12.183902740478516,14.02614974975586,19.903152465820312,33.352909088134766,45.802574157714844,76.36058807373047,76.98482513427734,87.92472076416016,91.1460189819336,133.25491333007812,163.67840576171875,250.12998962402344,401.8406982421875,628.4478149414062,788.6718139648438,1035.042724609375,1906.818115234375,1034.4775390625
145,0.0,0.0804019644856453,0.19685320556163788,0.33727404475212097,0.7024626135826111,1.0025025606155396,1.8733336925506592,2.801572322845459,4.676676273345947,10.530043601989746,11.730120658874512,17.006065368652344,20.452035903930664,27.440950393676758,46.68793487548828,62.86979675292969,102.38776397705078,106.21131896972656,107.46148681640625,117.86676788330078,187.89927673339844,239.5974884033203,367.6593322753906,551.6165161132812,761.155517578125,1056.8377685546875,1422.7452392578125,2421.640869140625,1406.6441650390625
146,0.0,0.07916780561208725,0.18884027004241943,0.38588929176330566,0.7270350456237793,1.169959306716919,1.9267041683197021,3.0082409381866455,4.945472717285156,11.298945426940918,12.488207817077637,17.56468391418457,22.05522346496582,29.839126586914062,48.59354019165039,70.64901733398438,111.31258392333984,112.1240234375,127.32295989990234,128.0063018798828,199.98269653320312,298.52178955078125,423.44073486328125,631.435791015625,936.3117065429688,1325.1878662109375,1612.71923828125,2718.462158203125,1752.33740234375
147,0.0,0.09653141349554062,0.25348398089408875,0.4592142403125763,0.8978903889656067,1.3860502243041992,2.37713885307312,3.8864407539367676,6.246292591094971,13.489356994628906,14.885099411010742,20.025588989257812,23.883516311645508,36.91154861450195,57.93651580810547,80.47720336914062,115.19194030761719,118.51371002197266,133.9393768310547,135.5264892578125,207.37355041503906,263.7032775878906,419.660400390625,570.5818481445312,783.7918090820312,1120.8341064453125,1475.3653564453125,2817.59375,1462.53564453125
148,0.0,0.09274571388959885,0.26961806416511536,0.41918420791625977,0.8251043558120728,1.242972731590271,2.1739368438720703,3.3990299701690674,5.803862571716309,12.094294548034668,13.855531692504883,18.646833419799805,23.359590530395508,32.430049896240234,57.15180587768555,81.01994323730469,120.86422729492188,134.5439453125,149.12887573242188,168.88230895996094,243.6542205810547,332.8627624511719,504.56646728515625,834.6517944335938,1191.490234375,1540.597900390625,2181.4443359375,3489.36962890625,2293.2236328125
149,0.0,0.11723140627145767,0.3120153546333313,0.5701274871826172,1.0849230289459229,1.6006627082824707,2.9140965938568115,4.532358646392822,7.172786235809326,15.401715278625488,17.349027633666992,24.215194702148438,30.136110305786133,38.426300048828125,71.96955108642578,97.21324157714844,149.96029663085938,157.65248107910156,153.55844116210938,179.81272888183594,250.88519287109375,334.1553649902344,481.7031555175781,682.4547119140625,1040.9844970703125,1327.213623046875,1800.0491943359375,3134.6572265625,1631.7437744140625
150,0.0,0.10350720584392548,0.2291090190410614,0.5596334338188171,1.0078434944152832,1.395316243171692,2.3165462017059326,3.767207145690918,6.115147590637207,13.305425643920898,16.52836799621582,21.00371742248535,22.420942306518555,35.92738342285156,55.61375427246094,82.03038787841797,116.16687774658203,129.4418487548828,123.22865295410156,142.4925994873047,216.05801391601562,280.3271789550781,391.86016845703125,625.251220703125,951.04443359375,1104.516357421875,1501.1361083984375,2773.072021484375,1483.5814208984375
151,0.0,0.10992199927568436,0.2630208432674408,0.4879137873649597,0.9795464277267456,1.469354271888733,2.4756791591644287,3.84330153465271,6.45534610748291,14.97972297668457,16.45864486694336,22.380355834960938,29.46829605102539,37.58739471435547,67.77613067626953,94.75653839111328,133.3977813720703,137.76519775390625,145.8469696044922,193.49903869628906,261.4152526855469,368.54925537109375,559.9180297851562,925.6679077148438,1260.6160888671875,1678.3111572265625,2171.66064453125,3798.033203125,2354.654296875
152,0.0,0.07877781242132187,0.19906653463840485,0.3242621123790741,0.6652986407279968,1.118382215499878,1.882973074913025,2.939467430114746,4.792205333709717,10.971155166625977,12.783963203430176,17.257488250732422,19.963571548461914,27.0570011138916,43.03966522216797,63.47399139404297,96.88951873779297,108.66650390625,105.56522369384766,117.46550750732422,174.54432678222656,232.18760681152344,390.5670166015625,621.9810180664062,772.051025390625,1018.8523559570312,1474.4361572265625,2602.939453125,1639.2613525390625
153,0.0,0.09451175481081009,0.23533344268798828,0.41741883754730225,0.838918149471283,1.170331358909607,2.1496286392211914,3.557215929031372,5.649041175842285,12.40927505493164,13.174993515014648,18.1668758392334,24.534887313842773,32.373573303222656,53.70246124267578,78.63540649414062,118.99626922607422,124.54949188232422,133.91064453125,147.43142700195312,242.35983276367188,290.75946044921875,482.77264404296875,745.7460327148438,1098.038818359375,1425.009033203125,2131.150634765625,3184.152099609375,1946.7049560546875
154,0.0,0.12460057437419891,0.30626919865608215,0.5877503156661987,0.9902695417404175,1.4323413372039795,2.8392131328582764,4.540771007537842,6.933825492858887,15.303162574768066,16.572895050048828,23.102880477905273,30.06331443786621,42.83251953125,66.69181823730469,101.64315032958984,156.96556091308594,174.28053283691406,164.46592712402344,211.28578186035156,290.372314453125,401.171142578125,590.5635375976562,958.2371215820312,1388.7177734375,1637.4930419921875,2446.4375,4291.7021484375,2551.227783203125
155,0.0,0.13267694413661957,0.2806195914745331,0.5099719166755676,0.9776128530502319,1.5647859573364258,2.6426591873168945,4.0458664894104,6.596899509429932,14.233475685119629,15.969871520996094,21.691789627075195,27.279277801513672,40.93642807006836,69.81397247314453,101.81636047363281,135.42047119140625,152.7731170654297,165.92608642578125,191.06524658203125,303.26324462890625,351.7455139160156,595.1229858398438,968.5440673828125,1344.2532958984375,1649.3770751953125,2482.612548828125,4060.05126953125,2447.3671875
156,0.0,0.2599742114543915,0.6530444622039795,1.2669768333435059,2.2596664428710938,3.605215549468994,6.614081382751465,9.884021759033203,13.213059425354004,32.437801361083984,39.00745391845703,51.2490234375,63.65046691894531,89.49458312988281,164.96119689941406,196.23739624023438,308.1290588378906,323.93389892578125,339.0262756347656,397.81085205078125,555.858642578125,670.2195434570312,994.1155395507812,1543.091552734375,2055.8505859375,2617.66162109375,3721.317626953125,5962.93017578125,3378.28466796875
157,0.0,0.06949324905872345,0.17389151453971863,0.3254801034927368,0.6885565519332886,0.982891321182251,1.579947829246521,2.465435266494751,4.364726543426514,9.35208511352539,11.338685989379883,13.347750663757324,18.71084213256836,22.507476806640625,36.96702575683594,55.832618713378906,75.23908996582031,95.4194107055664,97.05146026611328,101.62539672851562,156.2919921875,201.9885711669922,327.8575134277344,509.4449768066406,775.75537109375,977.716552734375,1307.5093994140625,2277.74755859375,1514.8837890625
158,0.0,0.16290396451950073,0.452699214220047,0.9021586775779724,1.5406016111373901,2.3254587650299072,4.127371311187744,6.627846717834473,11.38941478729248,22.50788688659668,26.350341796875,32.88531494140625,41.3123664855957,63.47690200805664,99.32704162597656,126.92921447753906,198.3159942626953,225.15036010742188,230.62615966796875,255.88453674316406,386.0038757324219,493.4823303222656,678.3729248046875,1018.4683837890625,1439.4285888671875,1866.5111083984375,2664.93505859375,4888.92236328125,2434.218505859375
159,0.0,0.10707982629537582,0.2738424837589264,0.5045046806335449,0.9993724822998047,1.5687294006347656,2.7603909969329834,4.170744895935059,6.709063529968262,14.97985553741455,17.864591598510742,21.927326202392578,29.13097381591797,37.022220611572266,63.16816329956055,91.0216293334961,131.939208984375,137.13787841796875,156.3640899658203,189.540283203125,255.5687255859375,339.84307861328125,480.03564453125,897.9848022460938,1284.16162109375,1669.4801025390625,2360.631591796875,3782.265625,2296.396728515625
160,0.0,0.11659377813339233,0.274833619594574,0.5509378910064697,1.0546737909317017,1.4432882070541382,2.8442301750183105,4.2172722816467285,7.20505952835083,15.645759582519531,16.89641571044922,22.182924270629883,25.287891387939453,39.70273208618164,64.39627075195312,93.16502380371094,129.6829071044922,142.78244018554688,176.9369659423828,193.0933837890625,285.6418762207031,361.3686218261719,573.9588623046875,919.5699462890625,1297.7755126953125,1717.8641357421875,2393.462646484375,4204.60986328125,2590.1806640625
161,0.0,0.09497667104005814,0.2526034712791443,0.4454880654811859,0.8611276149749756,1.2893799543380737,2.3271923065185547,3.3821213245391846,5.587586402893066,12.012717247009277,14.234941482543945,18.809072494506836,25.752748489379883,34.7462043762207,56.42161178588867,78.58982849121094,121.49830627441406,138.98782348632812,146.3881378173828,158.14279174804688,222.5748291015625,329.61749267578125,482.2939453125,734.0231323242188,1132.1661376953125,1444.638671875,2145.086181640625,3304.752197265625,2260.203125
162,0.0,0.1630370020866394,0.4296454191207886,0.8458371162414551,1.3978114128112793,2.334056854248047,4.259374141693115,5.912839889526367,8.936768531799316,19.492799758911133,23.835052490234375,30.894872665405273,37.61488723754883,55.24875259399414,101.3363037109375,121.67631530761719,202.27188110351562,231.88832092285156,229.173583984375,247.44041442871094,389.8945007324219,500.45880126953125,731.5506591796875,1174.3670654296875,1455.839111328125,1884.4622802734375,2818.302490234375,4235.73388671875,2287.470458984375
163,0.0,0.12015166133642197,0.2696167230606079,0.5418047308921814,1.049277663230896,1.5201505422592163,2.4938669204711914,4.343969821929932,6.918685436248779,13.883147239685059,16.96459197998047,23.912242889404297,29.655569076538086,41.496665954589844,71.9574203491211,95.57123565673828,140.3780059814453,166.13247680664062,171.92803955078125,189.82835388183594,298.27801513671875,406.954833984375,592.5368041992188,938.3854370117188,1410.2061767578125,1805.97705078125,2565.654052734375,4015.7412109375,2633.055908203125
164,0.0,0.11081253737211227,0.27052047848701477,0.5416292548179626,1.0323576927185059,1.460658311843872,2.7248895168304443,4.49897575378418,7.06795597076416,15.114090919494629,17.321941375732422,25.26974105834961,27.259620666503906,43.50363540649414,73.92434692382812,101.36813354492188,144.16835021972656,149.89187622070312,173.4463348388672,174.41050720214844,293.7813415527344,384.8662109375,633.1458129882812,1058.112060546875,1498.2611083984375,1643.7220458984375,2758.31103515625,4437.62109375,2463.689697265625
165,0.0,0.10064325481653214,0.24950756132602692,0.44272294640541077,0.8777326345443726,1.3391413688659668,2.425475597381592,3.589916229248047,5.25832986831665,12.568305015563965,15.389711380004883,19.516569137573242,23.895252227783203,32.96442794799805,56.483699798583984,81.83380889892578,123.9092025756836,131.60922241210938,140.23362731933594,152.19839477539062,257.5281677246094,338.96234130859375,511.34051513671875,897.4086303710938,1237.7259521484375,1508.2537841796875,2239.03271484375,3691.385498046875,2436.072998046875
166,0.0,0.094060517847538,0.225132018327713,0.4669089615345001,0.8292148113250732,1.3165256977081299,2.317643165588379,3.565040111541748,5.641096115112305,13.015868186950684,15.735361099243164,18.766357421875,24.692216873168945,31.37858009338379,56.54737091064453,77.38456726074219,120.49606323242188,129.72650146484375,147.00958251953125,164.2687225341797,269.17608642578125,313.5420837402344,529.4390258789062,826.38330078125,1151.64111328125,1621.7713623046875,2166.79345703125,3620.9248046875,2323.529541015625
167,0.0,0.10862842202186584,0.2832513749599457,0.5116170048713684,0.9450228810310364,1.536258578300476,2.951465129852295,4.105051517486572,6.9923224449157715,13.908843994140625,16.91233253479004,22.07964324951172,23.719797134399414,36.19426727294922,63.094383239746094,92.61392974853516,132.47378540039062,145.64598083496094,160.9768524169922,183.81185913085938,263.0181884765625,341.56719970703125,499.9223327636719,783.4737548828125,1146.86767578125,1524.5618896484375,2088.185302734375,3404.85009765625,1961.62060546875
168,0.0,0.0981825441122055,0.23385679721832275,0.4603950083255768,0.8791523575782776,1.2347396612167358,2.318781614303589,3.7812788486480713,5.995916366577148,13.378929138183594,15.004876136779785,18.87173080444336,25.214597702026367,33.64620590209961,57.0396728515625,79.77500915527344,125.81891632080078,136.1221466064453,156.54994201660156,161.03121948242188,269.52862548828125,340.8908386230469,589.1136474609375,881.4144897460938,1251.090576171875,1775.379150390625,2291.674072265625,3834.885498046875,2509.98095703125
169,0.0,0.11285892128944397,0.2910813093185425,0.5199100375175476,0.9904607534408569,1.4629817008972168,2.8095450401306152,3.8758058547973633,6.298910140991211,13.982237815856934,16.104150772094727,21.491111755371094,25.74125099182129,39.10214614868164,68.27693939208984,90.82261657714844,141.4756317138672,148.24472045898438,160.1563262939453,164.81422424316406,252.79489135742188,320.3257751464844,498.7429504394531,762.253173828125,1194.3131103515625,1453.3267822265625,1945.5098876953125,3303.756103515625,2023.41552734375
170,0.0,0.08333578705787659,0.20238639414310455,0.3932337760925293,0.7586073279380798,0.9978275895118713,1.8021348714828491,3.0274946689605713,4.996506690979004,9.777891159057617,11.892815589904785,16.555532455444336,21.818809509277344,29.98630142211914,52.45505905151367,70.0714111328125,111.0050277709961,130.87437438964844,127.87608337402344,149.9077911376953,226.659912109375,304.75164794921875,450.2709655761719,784.3964233398438,1074.7991943359375,1300.642578125,2009.935791015625,3295.337158203125,2028.380126953125
171,0.0,0.12034586071968079,0.283182829618454,0.5456364750862122,1.029260516166687,1.6355079412460327,2.9366071224212646,4.437305927276611,6.551897048950195,15.7462739944458,18.505096435546875,22.93825912475586,27.63770866394043,43.544044494628906,64.83389282226562,84.97317504882812,139.00782775878906,148.89056396484375,155.00564575195312,162.35934448242188,257.56927490234375,327.3796691894531,489.7503356933594,707.713134765625,1118.1680908203125,1469.6373291015625,1915.90478515625,3557.337158203125,2180.758544921875
172,0.0,0.06771422177553177,0.18418706953525543,0.3270729184150696,0.6662244200706482,0.8558237552642822,1.6676961183547974,2.647477388381958,4.197207927703857,9.425851821899414,10.805856704711914,15.550860404968262,19.178953170776367,26.39430046081543,47.63862228393555,62.625816345214844,90.22991180419922,106.61389923095703,99.6277847290039,123.13201141357422,196.6715545654297,251.80422973632812,389.8550109863281,623.186767578125,904.1829223632812,1232.5159912109375,1684.860107421875,2764.563232421875,1772.650634765625
173,0.0,0.10585161298513412,0.256306529045105,0.4770229756832123,0.9049895405769348,1.421399712562561,2.5445942878723145,4.00301456451416,6.428897857666016,14.097105979919434,16.39932632446289,21.607282638549805,27.906415939331055,35.0408821105957,61.201473236083984,89.97042846679688,133.3279571533203,154.7296600341797,151.59278869628906,185.02354431152344,296.1824645996094,377.0079345703125,553.7962036132812,969.3865356445312,1393.745361328125,1921.4893798828125,2430.2197265625,4231.5654296875,2453.38623046875
174,0.0,0.08021232485771179,0.19289684295654297,0.34695789217948914,0.6668276786804199,1.0366934537887573,1.9344117641448975,2.814440965652466,4.398925304412842,9.187430381774902,10.455489158630371,15.384127616882324,18.833284378051758,27.279943466186523,47.03788757324219,65.99463653564453,101.9305419921875,113.36144256591797,118.808349609375,138.77149963378906,201.81495666503906,275.787109375,449.0094299316406,695.22900390625,1011.1361694335938,1408.4517822265625,1861.5623779296875,2746.757080078125,2057.638916015625
175,0.0,0.0957237258553505,0.2558482587337494,0.531154453754425,1.0075098276138306,1.364170789718628,2.6459758281707764,4.111516952514648,6.2248711585998535,14.216959953308105,15.959348678588867,23.190311431884766,26.186891555786133,38.93844985961914,61.57402801513672,90.50326538085938,130.49440002441406,144.98715209960938,153.0303497314453,180.04257202148438,265.2665710449219,310.8419189453125,513.6442260742188,741.0283203125,1024.5931396484375,1406.6171875,2064.509521484375,3525.47119140625,2048.6533203125
176,0.0,0.10224597901105881,0.2574748396873474,0.4722730219364166,0.8273760080337524,1.3777461051940918,2.4284517765045166,3.9447579383850098,6.218628406524658,11.641597747802734,14.839178085327148,19.720571517944336,23.22113037109375,37.665775299072266,63.50768280029297,88.5243911743164,125.0905990600586,138.32191467285156,140.7945098876953,170.8446044921875,251.87075805664062,344.6129150390625,569.0671997070312,918.0599365234375,1332.5670166015625,1631.120849609375,2340.773681640625,3736.021484375,2605.20263671875
177,0.0,0.10960075259208679,0.2717929184436798,0.5268629193305969,0.9696983098983765,1.4814881086349487,2.6182403564453125,4.038980007171631,6.357850551605225,13.410833358764648,17.360729217529297,21.93674659729004,27.642532348632812,37.071685791015625,62.78683853149414,95.42650604248047,135.24790954589844,156.97007751464844,168.9486541748047,186.859619140625,283.71246337890625,392.0505676269531,649.0285034179688,990.6143188476562,1407.0299072265625,2083.550048828125,2560.623046875,4314.39892578125,3012.53857421875
178,0.0,0.09234503656625748,0.2481006383895874,0.45921725034713745,0.9447576403617859,1.3428653478622437,2.598994016647339,4.030196189880371,6.721728324890137,13.309586524963379,16.10631561279297,20.108184814453125,23.6990909576416,38.99264907836914,58.70408248901367,86.77324676513672,128.0069580078125,140.4119110107422,145.53709411621094,173.68331909179688,277.739013671875,333.5555419921875,550.9738159179688,862.2821655273438,1231.7900390625,1524.074462890625,2406.083984375,3565.340087890625,2518.342041015625
179,0.0,0.0729764774441719,0.1788034737110138,0.3308621346950531,0.6331785321235657,0.999534010887146,1.7365086078643799,2.828075647354126,4.296462059020996,10.459076881408691,11.381230354309082,15.28822135925293,18.661109924316406,26.083696365356445,44.3409538269043,60.50166702270508,92.84249114990234,112.42391204833984,114.43279266357422,135.6933135986328,190.6650848388672,240.56729125976562,340.7844543457031,617.4630126953125,840.046875,1132.4102783203125,1619.9093017578125,2681.34716796875,1809.091064453125
180,0.0,0.08142191171646118,0.20798227190971375,0.3725420832633972,0.7329660058021545,1.0345573425292969,1.804783582687378,3.1731090545654297,5.068268299102783,10.036619186401367,12.778740882873535,16.35942268371582,21.290355682373047,29.89925193786621,51.7877082824707,71.35082244873047,106.33566284179688,119.35014343261719,125.52587890625,140.1331329345703,228.9051055908203,288.48919677734375,487.49652099609375,725.5972900390625,1212.447509765625,1427.0504150390625,1908.181640625,2885.0546875,2117.914794921875
181,0.0,0.14192824065685272,0.3347289264202118,0.5736250877380371,1.2318021059036255,1.671452522277832,3.1895463466644287,4.51090669631958,7.535268306732178,15.491772651672363,19.70903205871582,27.13489532470703,33.25679016113281,44.292755126953125,75.67350769042969,103.49971008300781,146.4091339111328,169.56329345703125,175.3397216796875,216.23069763183594,309.9431457519531,360.3368225097656,581.383056640625,941.7924194335938,1201.3974609375,1685.515869140625,2345.459228515625,3880.3125,2444.487060546875
182,0.0,0.0810275450348854,0.21319325268268585,0.37654122710227966,0.7823699116706848,1.0928747653961182,2.0356929302215576,3.0669801235198975,5.106956481933594,9.98039722442627,12.748664855957031,16.575401306152344,22.461463928222656,28.24439239501953,50.625953674316406,68.94911193847656,107.21321105957031,127.80939483642578,132.68006896972656,129.7066650390625,217.9658660888672,283.9247131347656,440.3918762207031,726.926025390625,1028.1697998046875,1444.0084228515625,1927.9063720703125,2845.9716796875,1844.2208251953125
183,0.0,0.10195817798376083,0.25454816222190857,0.4554319679737091,0.8789625763893127,1.4049948453903198,2.3978116512298584,3.897765636444092,6.215071201324463,13.281004905700684,15.19749641418457,22.390560150146484,26.601165771484375,35.33189392089844,60.99140167236328,81.60671997070312,123.56167602539062,140.83511352539062,137.8370819091797,170.33599853515625,241.09036254882812,320.29913330078125,490.9229431152344,746.2081909179688,1176.2998046875,1555.407470703125,2173.5087890625,3514.9736328125,2184.760986328125
184,0.0,0.09564588218927383,0.24567466974258423,0.4531078040599823,0.8535950779914856,1.2862087488174438,2.4893903732299805,3.656329393386841,5.836885929107666,11.651156425476074,14.629297256469727,21.123294830322266,24.564769744873047,34.3539924621582,59.262786865234375,86.51410675048828,136.8642578125,139.9605255126953,134.26026916503906,163.9020538330078,262.3028869628906,343.2792663574219,495.4201965332031,861.343017578125,1159.528076171875,1543.7188720703125,2156.48681640625,3580.755615234375,2132.28369140625
185,0.0,0.08060574531555176,0.18912142515182495,0.36380085349082947,0.7219082117080688,1.102201223373413,2.0391626358032227,2.9401350021362305,5.092817783355713,10.5341796875,13.024782180786133,16.084903717041016,20.358882904052734,28.026477813720703,51.75575256347656,62.45516586303711,101.98839569091797,126.48658752441406,116.65754699707031,130.22865295410156,176.33163452148438,235.62557983398438,378.3768310546875,601.695556640625,841.7759399414062,1101.0333251953125,1425.6995849609375,2520.768310546875,1573.6409912109375
186,0.0,0.13399997353553772,0.356821745634079,0.650989830493927,1.2245482206344604,1.9376713037490845,3.017073392868042,4.814503192901611,8.502211570739746,17.485532760620117,20.891372680664062,27.394283294677734,33.21834945678711,50.59220504760742,84.45693969726562,111.98674774169922,198.55772399902344,185.55230712890625,197.14764404296875,234.79244995117188,349.40252685546875,418.1111145019531,656.8070068359375,1052.8553466796875,1467.2294921875,1910.390625,2669.794677734375,4588.21435546875,2658.10302734375
187,0.0,0.07987909018993378,0.184762105345726,0.3421437442302704,0.7064008116722107,1.0938777923583984,1.8711323738098145,3.009326219558716,4.880485534667969,10.623418807983398,12.797295570373535,16.476856231689453,20.71961784362793,29.154085159301758,47.423072814941406,68.53079223632812,99.99666595458984,107.72356414794922,96.88531494140625,130.5373077392578,196.87887573242188,245.932861328125,364.2711181640625,597.99755859375,837.0341796875,1217.95751953125,1535.6510009765625,2535.963134765625,1641.8555908203125
188,0.0,0.057486649602651596,0.14103595912456512,0.24756164848804474,0.537018358707428,0.7344760894775391,1.2233589887619019,2.0491180419921875,2.9406843185424805,6.817133903503418,7.981504917144775,11.450723648071289,13.098600387573242,18.004730224609375,29.62090492248535,43.32395553588867,73.77980041503906,74.71184539794922,69.26162719726562,86.27383422851562,117.58775329589844,170.80029296875,236.78126525878906,392.96099853515625,532.1427612304688,666.1055297851562,998.9766845703125,1598.3685302734375,952.0614013671875
189,0.0,0.08459809422492981,0.19441792368888855,0.37094777822494507,0.7312238216400146,1.1675225496292114,1.996179223060608,2.895364999771118,4.526645183563232,10.896206855773926,11.7981595993042,15.914615631103516,19.394290924072266,27.912580490112305,49.01744842529297,67.62598419189453,97.16695404052734,104.33772277832031,119.1662826538086,130.83810424804688,199.9232635498047,242.14414978027344,401.4617614746094,590.4607543945312,843.8436279296875,1182.7803955078125,1600.321044921875,2628.12060546875,1750.748779296875
190,0.0,0.10692044347524643,0.24847222864627838,0.44454216957092285,0.9510381817817688,1.402936577796936,2.379014730453491,3.7270452976226807,6.801988124847412,13.917998313903809,14.909856796264648,20.35382843017578,26.486534118652344,34.05318069458008,60.487571716308594,86.48814392089844,122.14241027832031,135.7259063720703,135.97117614746094,164.01084899902344,231.09075927734375,305.0184326171875,468.5158386230469,763.42041015625,1088.650146484375,1376.142822265625,1960.8294677734375,3310.26025390625,2087.28125
191,0.0,0.08843521773815155,0.2397797405719757,0.39469265937805176,0.7509850263595581,1.1492481231689453,2.1416232585906982,3.469803810119629,5.332995414733887,11.424150466918945,12.864075660705566,17.403926849365234,21.255571365356445,29.607622146606445,50.65925216674805,73.54573822021484,113.66706085205078,120.5318832397461,125.60418701171875,130.439697265625,210.23876953125,288.0086975097656,429.1542663574219,737.743408203125,998.6298217773438,1308.5732421875,1779.462158203125,3030.60791015625,1850.3897705078125
192,0.0,0.05731413885951042,0.15332895517349243,0.2920593023300171,0.5908695459365845,0.8374779224395752,1.4633101224899292,2.2389535903930664,3.6548776626586914,8.088035583496094,8.87297534942627,11.978015899658203,14.363000869750977,19.40592384338379,32.72498321533203,44.869815826416016,72.764404296875,72.45279693603516,78.08052062988281,86.38565063476562,140.3547821044922,167.59046936035156,248.9729766845703,393.4327087402344,616.9664916992188,709.9395141601562,1007.3767700195312,1618.87158203125,1007.2833251953125
193,0.0,0.1427958458662033,0.3547959625720978,0.74651038646698,1.3415288925170898,2.135911703109741,3.5290846824645996,5.7312774658203125,9.155450820922852,20.277734756469727,22.848983764648438,31.892860412597656,35.85160446166992,49.583595275878906,84.00965881347656,108.635986328125,185.4932861328125,182.309326171875,186.9266815185547,241.31153869628906,336.692626953125,471.7580261230469,698.1602783203125,1009.408447265625,1490.692626953125,1813.6983642578125,2404.146484375,4444.2490234375,2560.333251953125
194,0.0,0.06444191187620163,0.15350450575351715,0.28982508182525635,0.6027364730834961,0.9196113348007202,1.4321597814559937,2.2537755966186523,4.3450608253479,9.104146003723145,10.56473445892334,14.56427001953125,17.00050926208496,25.415462493896484,41.121307373046875,52.125511169433594,90.00650787353516,99.35249328613281,92.50619506835938,113.82032012939453,209.60137939453125,239.17103576660156,406.6543273925781,672.9927978515625,947.5205078125,1239.674072265625,1768.759033203125,2610.606201171875,1771.6451416015625
195,0.0,0.10193642973899841,0.25838521122932434,0.48128950595855713,0.8988006114959717,1.3141728639602661,2.482245683670044,3.75419545173645,6.243593215942383,13.142061233520508,15.297555923461914,20.826255798339844,25.786094665527344,36.892391204833984,60.04674530029297,89.87031555175781,132.64651489257812,148.0682830810547,143.03878784179688,163.2822723388672,250.4652557373047,350.7901611328125,520.0404663085938,820.276123046875,1235.1387939453125,1635.1187744140625,2135.2294921875,3635.274169921875,2338.796630859375
196,0.0,0.08742352575063705,0.21846839785575867,0.4161314368247986,0.7805408835411072,1.2528467178344727,2.1790482997894287,3.3277716636657715,5.195277214050293,10.539128303527832,12.751260757446289,18.566560745239258,20.97049331665039,31.115154266357422,48.95137023925781,70.38297271728516,109.53118896484375,118.57489776611328,124.03860473632812,154.5300750732422,228.33753967285156,318.9297790527344,514.7451782226562,676.488037109375,1178.1318359375,1538.774169921875,2059.95068359375,3243.782470703125,2094.94921875
197,0.0,0.11203940212726593,0.30069366097450256,0.5390253067016602,1.0145446062088013,1.6059571504592896,2.630742311477661,4.558658599853516,7.155202388763428,15.796283721923828,16.87288475036621,24.023696899414062,28.128053665161133,43.07584762573242,72.34426879882812,97.22771453857422,154.79904174804688,163.17787170410156,175.62734985351562,187.17466735839844,282.684326171875,371.0287170410156,561.0795288085938,902.5504150390625,1357.26025390625,1662.460205078125,2381.77978515625,3708.6005859375,2361.9140625
198,0.0,0.09859882295131683,0.22842463850975037,0.4307217597961426,0.7711671590805054,1.2683717012405396,2.1710188388824463,3.346165418624878,5.402591705322266,11.141388893127441,13.70248031616211,17.928333282470703,22.260591506958008,31.3644962310791,57.17293930053711,77.39987182617188,116.27790832519531,131.86119079589844,133.19813537597656,157.6652374267578,249.2744903564453,306.79302978515625,489.01171875,833.707275390625,1227.80908203125,1450.6387939453125,2203.027587890625,3515.6142578125,2262.78369140625
199,0.0,0.0933082178235054,0.22728753089904785,0.42352724075317383,0.8199290037155151,1.2376563549041748,2.023714542388916,3.4172582626342773,5.430476188659668,11.830924987792969,13.596685409545898,19.68552017211914,23.065519332885742,30.541296005249023,51.01316833496094,71.63640594482422,112.70572662353516,117.65851593017578,122.43190002441406,139.5236053466797,208.48960876464844,279.9150695800781,432.7665710449219,679.3611450195312,955.32666015625,1329.787841796875,1917.8515625,3266.05859375,1801.3887939453125
200,0.0,0.07785841077566147,0.1854267418384552,0.38396450877189636,0.7469033598899841,1.1602845191955566,2.050703763961792,3.143813133239746,5.006402492523193,10.372217178344727,10.911117553710938,15.904922485351562,20.005739212036133,29.865171432495117,49.52177429199219,64.1395492553711,101.41056823730469,117.35114288330078,124.25444030761719,129.8798828125,212.71331787109375,249.84201049804688,428.36737060546875,621.7483520507812,932.484619140625,1224.8204345703125,1668.4708251953125,3035.75390625,1816.6802978515625
201,0.0,0.08401869237422943,0.20903149247169495,0.41264253854751587,0.7847232818603516,1.0393551588058472,2.012112617492676,3.2590959072113037,5.215076923370361,11.829506874084473,12.81035327911377,16.72739601135254,20.707637786865234,29.38463592529297,45.02445983886719,64.82869720458984,103.80502319335938,115.48233795166016,113.63756561279297,124.47672271728516,193.19638061523438,247.31732177734375,397.82501220703125,572.8919067382812,825.4927978515625,1048.02783203125,1405.7373046875,2596.795654296875,1477.5653076171875
202,0.0,0.10084083676338196,0.27153027057647705,0.5078675150871277,0.937977135181427,1.4016590118408203,2.5876643657684326,3.947511672973633,6.266785621643066,12.46725082397461,16.289358139038086,22.836742401123047,24.68242835998535,38.807613372802734,59.54111862182617,91.40380096435547,134.52899169921875,137.560302734375,151.70150756835938,171.6498260498047,274.7347717285156,332.82806396484375,553.1812744140625,868.9097900390625,1212.2060546875,1729.8685302734375,2254.685546875,3874.02685546875,2180.220703125
203,0.0,0.11672156304121017,0.2948892116546631,0.5228611826896667,1.0008586645126343,1.4564456939697266,2.573586940765381,4.1134467124938965,6.721878528594971,14.245237350463867,15.818188667297363,21.269315719604492,26.711307525634766,38.466915130615234,66.98145294189453,98.50820922851562,142.8125762939453,151.57244873046875,160.7423553466797,192.14044189453125,253.94403076171875,365.00390625,553.4157104492188,861.5585327148438,1296.4306640625,1701.4033203125,2322.526123046875,4066.978759765625,2331.430908203125
204,0.0,0.11455029994249344,0.3129824995994568,0.6091822385787964,1.109794020652771,1.5425671339035034,3.1322052478790283,4.541574954986572,7.718364715576172,16.108753204345703,18.868614196777344,24.105100631713867,29.228403091430664,44.04872131347656,75.14409637451172,102.22075653076172,160.69309997558594,175.97166442871094,172.2111053466797,220.64585876464844,292.2008361816406,414.2665100097656,649.4362182617188,1078.7620849609375,1549.0540771484375,1892.34228515625,2716.99658203125,4367.86328125,2832.72412109375
205,0.0,0.0925685465335846,0.21940751373767853,0.414663702249527,0.7719665765762329,1.1477464437484741,1.9494718313217163,3.2574338912963867,5.098877429962158,10.985174179077148,12.660198211669922,16.25654411315918,20.578807830810547,26.666040420532227,51.612361907958984,67.21456909179688,122.06405639648438,113.19741821289062,135.51138305664062,148.678955078125,216.69155883789062,313.93121337890625,450.4163818359375,772.3073120117188,1014.2371215820312,1463.212158203125,2156.243408203125,3278.209716796875,1946.8341064453125
206,0.0,0.09962863475084305,0.25014784932136536,0.4435780942440033,0.8827904462814331,1.3274750709533691,2.381009340286255,3.8894522190093994,5.89087438583374,13.175427436828613,15.189866065979004,20.95753288269043,24.991069793701172,33.21497344970703,57.5147705078125,78.15721893310547,120.00296020507812,141.04110717773438,133.0209503173828,159.54043579101562,253.40689086914062,288.676513671875,455.75946044921875,759.1932983398438,1153.9615478515625,1464.13671875,1974.322265625,3222.748046875,1961.111083984375
207,0.0,0.07507333159446716,0.19227179884910583,0.3524392247200012,0.6950847506523132,1.0495802164077759,1.8151016235351562,2.990663528442383,4.952412128448486,11.122600555419922,12.45306396484375,17.581981658935547,19.376270294189453,26.712047576904297,42.89522171020508,60.55214309692383,95.84562683105469,103.9621810913086,106.78118133544922,121.02642059326172,194.92013549804688,250.13011169433594,393.1000061035156,633.3792114257812,930.3773193359375,1262.48486328125,1761.949951171875,2634.351806640625,1841.78759765625
208,0.0,0.11256183683872223,0.26141345500946045,0.5065074563026428,0.9204443693161011,1.3864468336105347,2.5707526206970215,3.8562018871307373,6.581509113311768,14.135553359985352,15.468335151672363,20.853025436401367,26.038549423217773,38.48768615722656,67.69275665283203,86.12982177734375,138.06735229492188,147.52516174316406,168.7827606201172,182.08523559570312,278.14056396484375,338.29522705078125,593.7430419921875,919.22021484375,1260.2440185546875,1644.02978515625,2384.919677734375,3825.230712890625,2573.067138671875
209,0.0,0.08514071255922318,0.21346299350261688,0.3835603892803192,0.7518681287765503,1.0925711393356323,1.894618034362793,2.868283987045288,4.598294734954834,10.48924446105957,11.633584976196289,16.81682777404785,21.801435470581055,28.65734100341797,52.16130828857422,66.36707305908203,108.12733459472656,108.63313293457031,132.0123748779297,149.2162628173828,210.7277374267578,310.8907165527344,451.094970703125,723.2444458007812,1126.142578125,1397.5294189453125,2051.4599609375,3152.39404296875,2065.29736328125
210,0.0,0.08822375535964966,0.2185315042734146,0.42909345030784607,0.7531676292419434,1.231358289718628,2.2213547229766846,3.367220401763916,5.896216869354248,11.70908260345459,13.435759544372559,18.70985221862793,22.935832977294922,29.529850006103516,56.429378509521484,69.13579559326172,108.71487426757812,125.77845001220703,144.9589080810547,171.78073120117188,261.9019470214844,335.40838623046875,542.0903930664062,885.712890625,1411.0927734375,1750.1947021484375,2604.764892578125,3945.964111328125,2438.551513671875
211,0.0,0.10217436403036118,0.28755074739456177,0.5283827185630798,0.9655603766441345,1.4798860549926758,2.9358317852020264,4.134641647338867,6.40986967086792,15.56566047668457,17.526187896728516,21.62364959716797,25.52094268798828,35.77146911621094,61.87712478637695,81.93560028076172,133.99282836914062,144.8170623779297,144.57867431640625,159.07484436035156,262.0606994628906,358.70721435546875,517.2630615234375,894.8123168945312,1124.4842529296875,1460.6737060546875,2122.363525390625,3621.980224609375,2129.9345703125
212,0.0,0.09939351677894592,0.251429945230484,0.4970782697200775,0.8989676833152771,1.3116340637207031,2.455808639526367,3.879664182662964,6.022353172302246,14.13746166229248,15.242308616638184,21.644634246826172,25.98735809326172,35.07836151123047,61.330509185791016,87.78876495361328,139.87188720703125,131.76498413085938,142.52557373046875,177.52203369140625,249.6774139404297,345.5442810058594,517.4655151367188,834.1629028320312,1079.275634765625,1536.3770751953125,2092.841552734375,3271.792236328125,2138.064697265625
213,0.0,0.0895342007279396,0.2266676425933838,0.3874236047267914,0.7120252251625061,1.2041560411453247,2.1742818355560303,3.6968882083892822,5.106894016265869,11.123586654663086,13.998579025268555,19.044036865234375,23.408761978149414,32.75984573364258,55.836822509765625,75.63240814208984,129.35877990722656,127.12742614746094,133.90582275390625,162.23294067382812,250.43614196777344,339.4845275878906,526.3077392578125,843.8496704101562,1252.629638671875,1670.987548828125,2144.489013671875,3468.485595703125,2481.8515625
214,0.0,0.10316482931375504,0.26873132586479187,0.4859435558319092,0.918241024017334,1.455346703529358,2.472317934036255,3.987621307373047,6.286671161651611,13.509688377380371,16.446828842163086,20.03964614868164,24.186386108398438,34.81692123413086,60.496971130371094,86.45722961425781,118.54991912841797,144.23635864257812,135.71400451660156,158.698974609375,230.3809051513672,325.74945068359375,497.5597229003906,757.1148681640625,1011.9293212890625,1375.350341796875,1746.717041015625,3415.227783203125,1767.087890625
215,0.0,0.09673071652650833,0.2537743151187897,0.5163343548774719,0.9328814148902893,1.3516695499420166,2.38301682472229,4.027385234832764,5.995943546295166,12.040818214416504,14.939409255981445,19.33009910583496,25.730318069458008,36.52308654785156,65.97763061523438,80.81709289550781,133.5105743408203,148.5607452392578,164.38282775878906,187.8584747314453,273.14471435546875,395.5702819824219,554.7012329101562,993.0050659179688,1381.1885986328125,1913.5546875,2646.207275390625,4190.06640625,2624.218017578125
216,0.0,0.11607744544744492,0.3216079771518707,0.5487806797027588,1.0823233127593994,1.5606313943862915,2.777534008026123,4.582457542419434,7.123315334320068,16.12154769897461,18.832611083984375,24.76311492919922,33.71997833251953,39.892860412597656,75.3207015991211,98.67455291748047,155.15631103515625,164.75247192382812,171.1126708984375,187.8805389404297,288.07159423828125,369.7711486816406,560.1303100585938,841.6249389648438,1209.4617919921875,1581.75537109375,2283.155029296875,3730.988525390625,2178.1904296875
217,0.0,0.10660605132579803,0.2617192566394806,0.5136180520057678,0.9080941677093506,1.3319463729858398,2.3170006275177,3.841981887817383,6.469029903411865,12.631429672241211,16.30634117126465,21.98937225341797,27.347412109375,36.34942626953125,63.579254150390625,77.83084106445312,127.8897705078125,142.6739501953125,143.57701110839844,175.62586975097656,247.17103576660156,331.4898376464844,480.4815673828125,737.6532592773438,1081.1614990234375,1369.548828125,1887.8662109375,3178.709228515625,1744.9915771484375
218,0.0,0.07024654000997543,0.18054547905921936,0.34339967370033264,0.6841071844100952,1.0071403980255127,1.6181265115737915,2.7757928371429443,4.656771183013916,10.19843578338623,10.666173934936523,13.890488624572754,19.353370666503906,26.661375045776367,39.24639129638672,57.284423828125,97.00052642822266,106.11454010009766,105.40253448486328,123.38575744628906,173.38938903808594,205.0042724609375,341.9193420410156,496.611572265625,736.0901489257812,1005.5485229492188,1379.12353515625,2428.29638671875,1480.5926513671875
219,0.0,0.10034876316785812,0.24732711911201477,0.4755532145500183,0.937732458114624,1.389716386795044,2.4744484424591064,3.8384785652160645,6.287654399871826,13.87218952178955,15.717473030090332,22.418502807617188,29.660625457763672,35.259979248046875,60.56442642211914,85.11396026611328,124.90042877197266,129.82965087890625,151.8673553466797,170.16903686523438,260.6052551269531,331.44244384765625,554.5171508789062,828.9110717773438,1309.2003173828125,1606.644287109375,2145.935546875,3815.248779296875,2195.20751953125
220,0.0,0.11524570733308792,0.27877846360206604,0.5082840919494629,1.0349558591842651,1.4013934135437012,2.5852291584014893,3.9469470977783203,6.487869739532471,13.873044967651367,15.323436737060547,21.82671546936035,28.30480194091797,38.5810661315918,61.83468246459961,93.74364471435547,136.50631713867188,153.27951049804688,162.63546752929688,169.37493896484375,285.26336669921875,375.6676025390625,574.4529418945312,925.783935546875,1281.733642578125,1778.2921142578125,2472.301025390625,4055.359619140625,2613.084228515625
221,0.0,0.10749638825654984,0.27993258833885193,0.49905529618263245,0.9158027768135071,1.3905400037765503,2.486147880554199,4.10280179977417,6.199855804443359,14.545074462890625,16.28843879699707,19.851177215576172,24.396198272705078,35.678253173828125,60.88641357421875,82.40032958984375,132.33006286621094,134.47972106933594,142.67410278320312,173.44366455078125,250.47862243652344,329.76202392578125,540.071533203125,787.977783203125,1188.41162109375,1653.17578125,2283.947509765625,3588.895263671875,2460.694091796875
222,0.0,0.1033649817109108,0.2620514929294586,0.515932023525238,0.9402740597724915,1.4217978715896606,2.372074604034424,3.7650513648986816,6.68826961517334,13.691451072692871,15.525533676147461,21.435379028320312,24.488540649414062,35.441062927246094,56.93931579589844,84.70669555664062,126.560791015625,132.4052276611328,137.8514404296875,155.3253173828125,235.27659606933594,308.9830017089844,435.6147766113281,682.2794189453125,1002.1090698242188,1361.36083984375,1709.11669921875,3255.4052734375,1807.739013671875
223,0.0,0.12717264890670776,0.3075106143951416,0.5553604960441589,1.1033740043640137,1.6306402683258057,3.089465856552124,4.70741605758667,7.248852729797363,16.505252838134766,18.182344436645508,23.677438735961914,33.1885871887207,45.812469482421875,72.74440002441406,106.88737487792969,142.01895141601562,167.9832305908203,181.926513671875,198.38758850097656,300.34716796875,397.2625427246094,601.7171630859375,964.56103515625,1342.8402099609375,1819.4478759765625,2373.692626953125,4247.40087890625,2750.1796875
224,0.0,0.13882911205291748,0.3100747764110565,0.5606906414031982,1.0658084154129028,1.687110424041748,3.002342700958252,4.415886402130127,7.58372163772583,16.509187698364258,20.472763061523438,27.189455032348633,31.51456069946289,43.02686309814453,80.93983459472656,99.30094146728516,156.5717315673828,182.52381896972656,192.74110412597656,229.47605895996094,320.1720886230469,440.8644714355469,719.7090454101562,1147.8404541015625,1571.87646484375,2030.5032958984375,2795.61474609375,4860.68017578125,3175.3662109375
225,0.0,0.09117911010980606,0.22170904278755188,0.4105345606803894,0.8264453411102295,1.3078970909118652,2.103793144226074,3.1835079193115234,5.665185928344727,12.230131149291992,12.661972045898438,17.659677505493164,21.366968154907227,32.586669921875,53.36269760131836,79.25609588623047,121.73123168945312,131.56651306152344,139.68185424804688,152.05545043945312,234.36199951171875,312.0325622558594,452.7314758300781,725.7058715820312,1171.7833251953125,1400.6160888671875,2059.30810546875,3157.74560546875,2296.22509765625
226,0.0,0.09645494818687439,0.23929759860038757,0.5193776488304138,0.8634253740310669,1.3078328371047974,2.6615772247314453,3.5175812244415283,5.835424900054932,12.579254150390625,14.782188415527344,18.03289222717285,24.644187927246094,32.72799301147461,53.97687911987305,78.47648620605469,119.79551696777344,125.76085662841797,137.68716430664062,162.47378540039062,233.8441925048828,316.178466796875,557.8668212890625,739.4800415039062,1088.205322265625,1470.748046875,2061.752685546875,3474.15771484375,2206.91357421875
227,0.0,0.08017253130674362,0.19800826907157898,0.37284108996391296,0.7247122526168823,1.1143535375595093,1.7478400468826294,2.8825459480285645,4.865971088409424,10.522987365722656,10.983257293701172,15.165075302124023,18.819942474365234,27.771398544311523,46.57729721069336,59.08460998535156,99.75357055664062,120.37612915039062,131.11471557617188,125.75015258789062,210.6490478515625,283.2245178222656,409.1952209472656,684.967529296875,1001.921142578125,1302.024169921875,1798.96435546875,2822.48779296875,1749.6788330078125
228,0.0,0.10758814215660095,0.2585616111755371,0.48465511202812195,0.9483055472373962,1.426538348197937,2.5306508541107178,3.545515775680542,6.2231621742248535,13.319735527038574,15.570404052734375,20.011655807495117,24.06430435180664,36.13934326171875,63.18683624267578,87.23638153076172,129.82835388183594,141.89785766601562,141.90379333496094,161.93577575683594,258.98858642578125,328.47369384765625,483.0547180175781,841.2491455078125,1167.778076171875,1703.296630859375,2314.22216796875,3701.656494140625,2360.692138671875
229,0.0,0.059549085795879364,0.1427406370639801,0.2747494578361511,0.5406809449195862,0.8272921442985535,1.4081192016601562,2.17364764213562,3.6756463050842285,7.290988445281982,7.952089786529541,12.507603645324707,14.853006362915039,21.440937042236328,33.24680709838867,47.97026443481445,77.90923309326172,79.96053314208984,90.8117446899414,103.6574478149414,148.17044067382812,183.29783630371094,304.8417663574219,497.8579406738281,693.7598876953125,966.044677734375,1210.5968017578125,2073.71630859375,1243.421630859375
230,0.0,0.09826014935970306,0.25207921862602234,0.43560701608657837,0.920110285282135,1.2675210237503052,2.400239944458008,3.701998710632324,6.0416059494018555,13.478824615478516,15.669669151306152,19.54937171936035,25.79941749572754,34.73115921020508,62.107330322265625,86.68314361572266,128.3587646484375,137.6951904296875,148.9989776611328,174.91322326660156,250.8061065673828,325.12481689453125,507.8034973144531,793.3282470703125,1136.5045166015625,1455.780029296875,2213.002197265625,3586.248779296875,2020.369873046875
231,0.0,0.08870264887809753,0.21529942750930786,0.3778916895389557,0.7756272554397583,1.2041398286819458,2.1745336055755615,3.67600154876709,5.619744300842285,12.300357818603516,13.673739433288574,20.57289695739746,21.896570205688477,34.67649459838867,57.50947952270508,74.28326416015625,108.02375793457031,121.00300598144531,125.46598052978516,133.41049194335938,193.8684844970703,313.1922912597656,461.1339111328125,718.3779296875,1025.1981201171875,1326.068359375,1789.87158203125,2956.373046875,2016.117431640625
232,0.0,0.08305523544549942,0.21311737596988678,0.40447279810905457,0.7304112911224365,1.1417224407196045,2.042346715927124,3.2249059677124023,5.48554801940918,10.75670337677002,13.08403205871582,18.43653106689453,21.91762351989746,31.96807098388672,43.97208786010742,70.72940826416016,98.68939208984375,114.09864807128906,114.24644470214844,133.0168914794922,206.80029296875,236.6198272705078,411.9117736816406,650.4778442382812,923.057861328125,1193.63623046875,1787.9326171875,2583.82958984375,1632.8021240234375
233,0.0,0.10502129048109055,0.26609712839126587,0.5120057463645935,0.9745957851409912,1.4090328216552734,2.5632379055023193,4.042097568511963,6.858498573303223,13.742650032043457,15.235817909240723,19.865697860717773,25.59016990661621,35.240745544433594,67.06661224365234,82.15325164794922,124.58464050292969,141.91787719726562,145.39698791503906,162.84642028808594,249.46543884277344,313.4396667480469,478.7016296386719,792.0291137695312,1078.9512939453125,1371.3450927734375,1896.7733154296875,3017.566162109375,1725.5068359375
234,0.0,0.08687638491392136,0.25619199872016907,0.418131560087204,0.886091947555542,1.2210615873336792,2.129349946975708,3.5908052921295166,5.517997741699219,11.724207878112793,14.762612342834473,17.26563262939453,21.736833572387695,31.632625579833984,58.646785736083984,73.16620635986328,113.87488555908203,118.50336456298828,130.5485076904297,145.66763305664062,223.7866973876953,276.68878173828125,475.11859130859375,707.36328125,1005.6541748046875,1252.2403564453125,1851.8912353515625,2943.99267578125,1739.5325927734375
235,0.0,0.053223125636577606,0.13608616590499878,0.27432703971862793,0.5189695358276367,0.7080604434013367,1.2932261228561401,2.003261089324951,3.130884885787964,6.9980082511901855,7.9465556144714355,10.984466552734375,13.722916603088379,19.16377067565918,30.585603713989258,46.67631530761719,75.43177032470703,74.92916107177734,79.72329711914062,99.01826477050781,139.33453369140625,168.18753051757812,290.0530700683594,426.640380859375,638.04052734375,813.0128173828125,1093.2818603515625,1825.70458984375,1011.435302734375
