,layer_1,layer_2,layer_3,layer_4,layer_5,layer_6,layer_7,layer_8,layer_9,layer_10,layer_11,layer_12,layer_13,layer_14,layer_15,layer_16,layer_17,layer_18,layer_19,layer_20,layer_21,layer_22,layer_23,layer_24,layer_25,layer_26,layer_27,layer_28,layer_29
0,0.0,0.000792217964772135,0.0015583663480356336,0.002527788979932666,8.47033977508545,9.22921085357666,9.087703704833984,9.439017295837402,9.39404296875,9.560924530029297,8.939377784729004,9.204633712768555,9.481501579284668,10.436139106750488,9.531230926513672,9.997446060180664,10.022991180419922,10.836298942565918,9.817676544189453,10.876717567443848,9.871678352355957,10.865440368652344,10.439326286315918,10.706361770629883,11.03324031829834,12.310211181640625,11.373490333557129,5.339195728302002,3.4454891681671143
1,0.0,0.0007337733986787498,0.0014856563648208976,0.002363549778237939,8.806783676147461,9.76777172088623,8.938899040222168,8.561168670654297,8.649425506591797,9.221221923828125,10.34436321258545,9.22562313079834,9.909489631652832,9.730313301086426,9.559250831604004,9.867412567138672,10.569059371948242,9.701157569885254,10.09626293182373,10.8079195022583,10.423296928405762,10.478475570678711,11.158573150634766,10.302362442016602,10.953500747680664,12.383872985839844,11.390859603881836,5.720912933349609,4.064119338989258
2,0.0,0.0008296590531244874,0.0016610886668786407,0.002819793066009879,8.251837730407715,9.544468879699707,8.72160816192627,8.570897102355957,8.80517292022705,9.864933967590332,8.218892097473145,9.160200119018555,10.096759796142578,10.852188110351562,10.906062126159668,9.685050964355469,9.924047470092773,10.744868278503418,10.901599884033203,10.969517707824707,10.238170623779297,10.833944320678711,10.476964950561523,11.362637519836426,11.293532371520996,10.89277172088623,11.301334381103516,5.673600196838379,3.337080240249634
3,0.0,0.0008818067726679146,0.0018013822846114635,0.0028973515145480633,8.046064376831055,8.703783988952637,8.704922676086426,8.793150901794434,8.492133140563965,8.566878318786621,8.979791641235352,9.3054780960083,9.445928573608398,10.28033447265625,9.77810001373291,9.402280807495117,10.401387214660645,10.372342109680176,10.468026161193848,10.399557113647461,9.928387641906738,10.461777687072754,10.78093433380127,11.251993179321289,11.660469055175781,11.597393035888672,10.942412376403809,5.423511981964111,3.535911798477173
4,0.0,0.0009517225553281605,0.0018603693461045623,0.0030750243458896875,8.72887134552002,8.994332313537598,9.335502624511719,9.37613296508789,8.647347450256348,8.870126724243164,8.426545143127441,9.808442115783691,10.409393310546875,9.685442924499512,10.479227066040039,9.93729019165039,9.489863395690918,10.395097732543945,10.437996864318848,10.402918815612793,10.196023941040039,10.44161319732666,10.014229774475098,11.110827445983887,11.618569374084473,12.825267791748047,12.083047866821289,6.297232627868652,4.1967620849609375
5,0.0,0.0007801324245519936,0.0014635504921898246,0.0023185487370938063,7.925691604614258,8.680706977844238,8.6858491897583,9.290715217590332,8.905797004699707,8.682723045349121,9.122698783874512,9.244425773620605,10.343914985656738,9.60814094543457,9.849102020263672,10.321268081665039,10.227389335632324,10.735579490661621,10.319501876831055,10.664811134338379,9.708160400390625,10.241910934448242,10.929262161254883,10.756250381469727,11.385887145996094,11.84315299987793,11.146141052246094,5.291699409484863,3.485947370529175
6,0.0,0.0007490421994589269,0.0014481173129752278,0.0023448162246495485,8.154424667358398,9.183308601379395,9.245346069335938,8.399455070495605,8.721064567565918,8.35303020477295,9.29079818725586,8.995061874389648,9.345234870910645,10.278658866882324,10.570934295654297,10.591055870056152,9.894707679748535,9.398725509643555,10.549467086791992,10.559184074401855,10.95797061920166,10.287681579589844,10.177391052246094,10.216938018798828,11.315397262573242,11.910127639770508,10.93460750579834,5.614579200744629,3.7086284160614014
7,0.0,0.0009508433868177235,0.001913933316245675,0.003080517053604126,8.467364311218262,8.8124361038208,9.006485939025879,9.427008628845215,8.788978576660156,9.534749984741211,8.91418170928955,9.424458503723145,10.248191833496094,10.278526306152344,9.748322486877441,9.661149024963379,10.698637008666992,10.3449125289917,9.572919845581055,9.38940715789795,10.572250366210938,10.316730499267578,10.346334457397461,10.574675559997559,10.859478950500488,11.681979179382324,11.13772964477539,6.079278945922852,3.868776559829712
8,0.0,0.0009692249586805701,0.0019565026741474867,0.003271607682108879,8.262271881103516,8.97496509552002,8.936443328857422,8.564806938171387,8.673731803894043,8.710569381713867,9.198354721069336,9.135369300842285,10.1735200881958,9.794954299926758,10.081531524658203,9.402705192565918,11.17870807647705,11.040005683898926,10.841646194458008,9.99268627166748,10.481599807739258,10.19880485534668,10.358282089233398,10.65146541595459,11.362582206726074,12.28518009185791,11.927266120910645,5.597334861755371,3.4750845432281494
9,0.0,0.0008506439044140279,0.0017213292885571718,0.0029132976196706295,8.118064880371094,8.955713272094727,9.051861763000488,9.478754043579102,8.60551929473877,9.356000900268555,9.171293258666992,8.718852043151855,10.366996765136719,9.243021965026855,9.680269241333008,9.40965461730957,10.511094093322754,10.33132266998291,10.406182289123535,10.088072776794434,10.70362377166748,10.476472854614258,10.53844928741455,10.454145431518555,11.01495361328125,12.372037887573242,11.089885711669922,5.456033229827881,3.114744186401367
10,0.0,0.000850191165227443,0.0016665201401337981,0.002822596114128828,7.843100070953369,9.013251304626465,8.515469551086426,8.61996841430664,9.171534538269043,8.723429679870605,9.322274208068848,8.826184272766113,9.358242988586426,10.414373397827148,10.775213241577148,10.525385856628418,10.385133743286133,10.483677864074707,10.186223030090332,10.482715606689453,10.527079582214355,10.500349998474121,10.487665176391602,11.164361953735352,11.25562572479248,11.927217483520508,11.203666687011719,5.114274978637695,3.3257033824920654
11,0.0,0.0008236649446189404,0.0016533731250092387,0.0027681600768119097,8.05853271484375,8.80317211151123,9.30675220489502,9.160894393920898,9.068610191345215,9.079058647155762,9.908269882202148,10.199678421020508,9.522932052612305,9.422867774963379,9.453944206237793,9.892797470092773,10.407160758972168,10.138968467712402,10.14394760131836,10.683359146118164,10.023442268371582,10.191828727722168,10.324382781982422,11.182842254638672,11.678913116455078,12.013256072998047,11.580414772033691,5.71045446395874,3.579291582107544
12,0.0,0.0008302231435663998,0.0017335248412564397,0.0028222575783729553,8.316545486450195,8.998052597045898,9.672418594360352,8.588664054870605,8.478787422180176,8.981250762939453,8.869231224060059,10.047410011291504,10.049640655517578,9.42306137084961,9.606903076171875,10.257694244384766,10.419916152954102,10.463658332824707,10.961119651794434,10.079566955566406,10.588887214660645,10.562420845031738,10.363714218139648,11.085195541381836,11.533209800720215,12.422606468200684,11.515125274658203,5.446328163146973,3.570741891860962
13,0.0,0.0008504872093908489,0.0017235560808330774,0.0028418605215847492,8.677526473999023,9.091771125793457,8.796895027160645,8.557572364807129,8.563761711120605,8.903597831726074,8.967131614685059,8.389673233032227,9.559845924377441,10.409324645996094,10.204510688781738,10.334455490112305,10.422965049743652,10.053057670593262,10.483898162841797,10.784625053405762,10.179890632629395,11.063921928405762,10.891291618347168,10.980951309204102,11.023990631103516,11.844185829162598,11.301313400268555,5.858666896820068,3.6782639026641846
14,0.0,0.0008718831813894212,0.001800987171009183,0.0028973128646612167,7.779403209686279,8.607553482055664,8.214774131774902,8.773238182067871,8.508549690246582,8.795242309570312,8.79736328125,8.831933975219727,9.20219898223877,9.851317405700684,9.962519645690918,9.635967254638672,10.035001754760742,9.907153129577637,10.420001029968262,9.857865333557129,10.368985176086426,9.67321491241455,10.244723320007324,11.056783676147461,10.750283241271973,12.187867164611816,11.673233985900879,5.867494106292725,3.494783878326416
15,0.0,0.0009027362102642655,0.0019020391628146172,0.003041384741663933,8.479837417602539,8.201652526855469,8.968561172485352,9.408289909362793,8.201889038085938,9.256399154663086,9.247208595275879,8.613636016845703,9.889979362487793,9.854989051818848,10.466409683227539,10.29758071899414,10.108429908752441,10.832514762878418,11.00500202178955,10.393149375915527,10.5805025100708,10.314221382141113,11.119218826293945,10.710803031921387,11.554241180419922,11.392450332641602,11.579401969909668,4.886358737945557,2.9012277126312256
16,0.0,0.0009179786429740489,0.001837538555264473,0.0029602032154798508,8.397425651550293,9.190787315368652,9.944866180419922,8.444451332092285,8.651369094848633,8.956965446472168,9.131893157958984,9.457797050476074,9.343733787536621,10.287795066833496,9.75057315826416,10.569141387939453,9.636783599853516,11.027894973754883,9.8699312210083,11.230951309204102,10.282097816467285,10.9039306640625,11.338227272033691,11.305948257446289,11.957447052001953,12.51778793334961,11.31550121307373,5.486495494842529,3.662228584289551
17,0.0,0.0007865235675126314,0.0015889722853899002,0.0025142421945929527,7.861958980560303,8.948121070861816,8.300016403198242,8.882213592529297,8.940479278564453,8.407546997070312,9.149051666259766,9.67043685913086,9.200783729553223,9.112602233886719,9.813422203063965,10.322664260864258,11.461918830871582,9.928255081176758,10.053561210632324,10.126320838928223,10.818734169006348,11.076043128967285,10.008886337280273,11.248866081237793,11.444443702697754,11.77914047241211,11.132338523864746,5.373945713043213,3.7028448581695557
18,0.0,0.0008923231507651508,0.001847460400313139,0.0030024696607142687,8.412738800048828,9.234597206115723,8.762974739074707,9.085357666015625,9.199067115783691,8.973808288574219,8.979641914367676,8.8773832321167,9.500123023986816,10.514859199523926,10.3241548538208,9.427521705627441,11.034211158752441,10.791736602783203,9.359119415283203,10.661723136901855,9.868803024291992,10.645838737487793,11.198455810546875,10.176941871643066,10.901412963867188,12.873479843139648,11.5514497756958,5.705078601837158,3.708418130874634
19,0.0,0.0008250814862549305,0.0016286367317661643,0.002657489385455847,8.535719871520996,8.886800765991211,8.683196067810059,9.04288101196289,8.431422233581543,9.047797203063965,8.846955299377441,8.512285232543945,9.193231582641602,10.175180435180664,9.502220153808594,10.249974250793457,11.05377197265625,10.590672492980957,10.615569114685059,10.515304565429688,10.509361267089844,10.272543907165527,9.870935440063477,10.896207809448242,10.89630126953125,11.690834999084473,11.210627555847168,5.775000095367432,3.514871835708618
20,0.0,0.0009102025651372969,0.0018135637510567904,0.002969166496768594,8.472341537475586,9.333588600158691,9.053044319152832,8.719430923461914,9.662701606750488,8.696488380432129,8.688797950744629,9.113003730773926,9.95484733581543,9.799041748046875,8.940511703491211,9.519264221191406,11.013348579406738,10.317364692687988,10.319803237915039,10.641007423400879,10.408062934875488,10.888712882995605,10.354945182800293,10.952573776245117,11.451542854309082,12.205029487609863,10.909388542175293,5.091556549072266,3.027289628982544
21,0.0,0.0009665859397500753,0.0019647334702312946,0.0031594180036336184,8.755071640014648,8.418916702270508,8.916236877441406,8.825791358947754,9.288351058959961,8.641971588134766,8.549567222595215,9.469141006469727,10.258084297180176,10.252680778503418,10.083856582641602,9.773118019104004,9.899385452270508,9.870938301086426,10.870426177978516,10.195576667785645,10.105896949768066,11.163154602050781,10.12848949432373,10.311540603637695,11.119170188903809,11.74284839630127,11.253766059875488,5.032027721405029,2.8352365493774414
22,0.0,0.0008502729469910264,0.0017452331958338618,0.003048367565497756,8.097508430480957,9.272957801818848,9.18511962890625,9.106500625610352,9.681218147277832,9.319182395935059,9.568865776062012,8.917886734008789,9.008064270019531,9.819591522216797,9.282136917114258,9.662912368774414,11.048219680786133,10.157142639160156,10.536198616027832,10.003637313842773,10.595969200134277,10.445597648620605,11.556522369384766,10.299089431762695,11.115550994873047,12.516212463378906,11.518338203430176,5.669814586639404,3.7435665130615234
23,0.0,0.0009139725589193404,0.00180970155633986,0.0029789013788104057,8.050877571105957,9.023964881896973,8.56336498260498,8.445819854736328,8.80981159210205,8.66871166229248,9.083637237548828,9.424346923828125,9.906312942504883,9.721406936645508,10.47748851776123,10.624839782714844,9.464761734008789,10.908641815185547,10.071357727050781,10.199706077575684,10.822531700134277,10.814467430114746,10.665457725524902,10.720588684082031,11.496747970581055,11.326862335205078,11.563410758972168,6.967574596405029,4.2994303703308105
24,0.0,0.0006938742590136826,0.0013754633255302906,0.002294356469064951,7.956667423248291,8.037765502929688,8.434432029724121,8.968832969665527,9.071115493774414,8.965801239013672,8.824491500854492,8.530705451965332,9.609795570373535,10.332366943359375,9.142160415649414,10.141676902770996,9.33686351776123,10.190430641174316,9.650983810424805,10.320073127746582,10.485600471496582,10.334207534790039,10.380498886108398,10.22537899017334,10.18265438079834,12.631647109985352,11.610434532165527,5.281742095947266,3.5031325817108154
25,0.0,0.0007194575155153871,0.0013120309449732304,0.0021394502837210894,8.440397262573242,9.157830238342285,8.8944730758667,9.49085521697998,9.526937484741211,9.077439308166504,9.16137981414795,8.727824211120605,9.470898628234863,9.729700088500977,9.861862182617188,10.76598072052002,10.54186725616455,9.830109596252441,10.505166053771973,10.138763427734375,10.79450798034668,10.858122825622559,10.836699485778809,11.07498550415039,11.241107940673828,11.644612312316895,11.410321235656738,5.989797115325928,3.8540573120117188
26,0.0,0.001027123536914587,0.0021212573628872633,0.0033140608575195074,8.77846908569336,9.380104064941406,8.695755004882812,8.772826194763184,9.352922439575195,9.77173137664795,9.706923484802246,8.985000610351562,9.509310722351074,9.829719543457031,10.167057037353516,10.480682373046875,10.26039981842041,10.73348617553711,10.700608253479004,10.51328182220459,10.689860343933105,10.27798080444336,10.570075035095215,10.398265838623047,11.33095932006836,12.106359481811523,11.46828842163086,6.744754314422607,3.644470453262329
27,0.0,0.0008286266238428652,0.0016627946170046926,0.0027491659857332706,7.678178787231445,8.94019603729248,8.714852333068848,8.479846000671387,9.637314796447754,8.961174964904785,8.568586349487305,8.822050094604492,9.259549140930176,10.068520545959473,9.662433624267578,9.926315307617188,10.275136947631836,11.084802627563477,10.232270240783691,10.280726432800293,10.964836120605469,10.873550415039062,11.594037055969238,10.380321502685547,11.107305526733398,11.91113567352295,11.666845321655273,6.086799144744873,3.873011589050293
28,0.0,0.0010068999836221337,0.002180252457037568,0.003504534950479865,8.342066764831543,9.260976791381836,9.134098052978516,8.795788764953613,8.512450218200684,8.998896598815918,8.43571662902832,8.735384941101074,9.822948455810547,9.639239311218262,9.544013977050781,9.904963493347168,10.243459701538086,9.811588287353516,10.151336669921875,10.324389457702637,10.844688415527344,10.55916690826416,10.812424659729004,11.368297576904297,11.44858169555664,10.791718482971191,11.025275230407715,5.475066184997559,3.2508864402770996
29,0.0,0.0008303525974042714,0.0017019023653119802,0.0028454686980694532,8.934239387512207,8.994138717651367,8.762215614318848,9.034399032592773,8.571808815002441,8.382670402526855,9.86087703704834,9.193275451660156,10.096850395202637,9.585780143737793,9.924688339233398,10.017074584960938,10.413829803466797,10.70750617980957,10.283918380737305,9.779764175415039,9.944658279418945,10.272529602050781,10.52376937866211,11.197546005249023,11.372712135314941,11.490618705749512,10.896854400634766,5.757350921630859,3.5354185104370117
30,0.0,0.0009347436716780066,0.0018314552726224065,0.002966703148558736,7.820302963256836,9.214680671691895,8.599933624267578,8.799750328063965,8.534242630004883,8.608428955078125,8.798707008361816,8.97412109375,9.612451553344727,10.39870548248291,9.237549781799316,10.314393997192383,10.845209121704102,11.32899284362793,10.489371299743652,10.245895385742188,9.805398941040039,10.683595657348633,11.287264823913574,11.029597282409668,10.722846031188965,11.500676155090332,11.540010452270508,5.184523582458496,3.0149424076080322
31,0.0,0.0007759136497043073,0.00149514467921108,0.0024949642829596996,8.547680854797363,8.691219329833984,8.40066146850586,8.589703559875488,8.08123779296875,10.073328971862793,9.026131629943848,8.502504348754883,10.085297584533691,9.733139038085938,9.904244422912598,9.64455509185791,10.53571891784668,10.89880084991455,11.150093078613281,10.068029403686523,10.87032699584961,10.6277494430542,10.657217979431152,10.992151260375977,11.192447662353516,11.622201919555664,10.810676574707031,4.648209095001221,2.9875125885009766
32,0.0,0.0009238185593858361,0.0018923290772363544,0.003135101869702339,7.768640041351318,8.791369438171387,9.099059104919434,8.936484336853027,9.499300956726074,8.962749481201172,9.80990982055664,8.560625076293945,9.72786808013916,9.82774829864502,10.023402214050293,10.406715393066406,10.743465423583984,10.07552433013916,9.294791221618652,10.105305671691895,10.783170700073242,9.479974746704102,10.744363784790039,10.996136665344238,11.356701850891113,11.435004234313965,11.526944160461426,6.138926982879639,3.5931622982025146
33,0.0,0.0009362447890453041,0.001928669516928494,0.0030788364820182323,8.07177734375,8.720420837402344,8.873078346252441,9.12401008605957,9.190918922424316,9.476627349853516,9.365828514099121,8.881611824035645,9.468496322631836,9.942715644836426,10.499215126037598,10.196846008300781,9.653229713439941,10.317130088806152,10.471410751342773,10.75930118560791,10.211125373840332,10.275248527526855,10.80302619934082,11.37378215789795,11.784067153930664,11.598180770874023,10.823437690734863,4.9015631675720215,2.8622164726257324
34,0.0,0.0009695105254650116,0.001951485057361424,0.0032070984598249197,7.996524810791016,9.71486759185791,8.811626434326172,9.05527400970459,9.16169548034668,9.474810600280762,8.140363693237305,8.48865032196045,9.503483772277832,9.219442367553711,11.099560737609863,10.8017578125,10.016785621643066,11.157281875610352,10.187007904052734,10.19433879852295,10.995891571044922,9.987533569335938,10.185694694519043,11.591382026672363,10.304072380065918,11.645502090454102,11.957201957702637,6.304388999938965,3.6739044189453125
35,0.0,0.0009839640697464347,0.0020109727047383785,0.0032339980825781822,8.519624710083008,8.476500511169434,8.84161376953125,9.043683052062988,8.932740211486816,8.972932815551758,9.788385391235352,9.476285934448242,9.929301261901855,9.375663757324219,9.954246520996094,10.267895698547363,10.284391403198242,9.996992111206055,10.050519943237305,9.781107902526855,10.131056785583496,10.92370319366455,10.168060302734375,10.96458625793457,11.385510444641113,12.15266227722168,11.865930557250977,5.710761070251465,3.4804229736328125
36,0.0,0.001076921820640564,0.002171530155465007,0.0035019367933273315,8.446792602539062,8.987969398498535,9.494940757751465,8.54193115234375,10.196556091308594,8.915830612182617,9.272496223449707,8.344861030578613,9.399605751037598,9.728416442871094,10.455852508544922,10.80750846862793,10.006826400756836,10.06524658203125,9.581744194030762,10.305861473083496,10.661365509033203,10.941872596740723,10.597383499145508,11.247262001037598,11.335107803344727,12.119860649108887,11.504770278930664,5.749444961547852,3.3746378421783447
37,0.0,0.000898385071195662,0.0017482780385762453,0.0029569589532911777,8.309834480285645,9.71589183807373,9.029787063598633,8.470678329467773,8.669672012329102,8.757262229919434,9.06385612487793,9.499396324157715,9.7918701171875,10.116744995117188,10.487852096557617,9.525649070739746,10.463042259216309,10.386038780212402,9.618353843688965,9.796338081359863,10.42740249633789,9.701367378234863,10.235092163085938,10.300864219665527,12.075068473815918,10.990789413452148,10.938156127929688,5.1125898361206055,2.9500577449798584
38,0.0,0.0007984503754414618,0.001564960228279233,0.0027553951367735863,8.67197036743164,9.344635009765625,9.141886711120605,8.585790634155273,9.004952430725098,9.762127876281738,8.707627296447754,8.200248718261719,9.308375358581543,10.630864143371582,9.78752613067627,10.275870323181152,9.359971046447754,10.59225845336914,10.285465240478516,10.432849884033203,10.288939476013184,9.75757884979248,10.494874954223633,11.53264331817627,11.33403205871582,12.001641273498535,12.031471252441406,5.557173728942871,3.6235225200653076
39,0.0,0.0008035024511627853,0.0015245316317304969,0.002509354380890727,8.900959014892578,9.609414100646973,9.571563720703125,8.363842964172363,9.519055366516113,9.206768035888672,8.873523712158203,9.082111358642578,9.975591659545898,10.095647811889648,9.517231941223145,9.757240295410156,10.207497596740723,10.723990440368652,10.798056602478027,10.362564086914062,10.705389976501465,11.205296516418457,11.54671573638916,10.548758506774902,12.087604522705078,11.950106620788574,11.872770309448242,6.104997634887695,4.067873477935791
40,0.0,0.0008855296764522791,0.0018005786696448922,0.003035485977306962,8.157072067260742,9.459857940673828,9.345067024230957,8.982414245605469,8.91344165802002,9.56408405303955,9.817841529846191,9.135248184204102,9.795577049255371,9.73154354095459,9.525052070617676,10.201404571533203,10.38624095916748,10.69027042388916,10.284361839294434,10.16561222076416,10.990240097045898,10.038260459899902,10.87836742401123,11.955364227294922,11.145464897155762,12.75781536102295,11.569580078125,7.128464221954346,4.532708168029785
41,0.0,0.0008302705828100443,0.0016097344923764467,0.0025517905596643686,8.44166374206543,9.761503219604492,9.199488639831543,9.501799583435059,9.46785831451416,8.49022102355957,8.862088203430176,8.892511367797852,11.289639472961426,10.339365005493164,9.860170364379883,9.492949485778809,10.95644760131836,10.34355640411377,11.199857711791992,9.51852798461914,9.655089378356934,11.053603172302246,10.139843940734863,10.620816230773926,10.934845924377441,12.275919914245605,11.417990684509277,5.212815761566162,3.697671890258789
42,0.0,0.0009452747763134539,0.0017771986313164234,0.002921017352491617,8.962217330932617,9.113304138183594,8.728338241577148,8.611513137817383,9.657296180725098,8.767000198364258,8.835539817810059,8.3988037109375,10.020081520080566,10.279419898986816,9.707286834716797,9.198081016540527,9.723340034484863,10.211380958557129,11.304701805114746,10.57788372039795,10.409588813781738,10.271993637084961,10.279437065124512,10.695396423339844,12.013198852539062,12.070408821105957,11.971624374389648,6.435413360595703,4.333484172821045
43,0.0,0.0009803352877497673,0.002049455652013421,0.0033263955265283585,8.152872085571289,8.404086112976074,9.144238471984863,9.060258865356445,9.598840713500977,8.792277336120605,9.002564430236816,9.458564758300781,9.793060302734375,9.924072265625,9.016606330871582,10.122452735900879,9.561820983886719,10.02665901184082,10.604458808898926,10.225863456726074,10.077250480651855,10.153119087219238,9.870207786560059,11.568873405456543,11.540966987609863,11.60365104675293,11.488927841186523,5.220952033996582,3.059907913208008
44,0.0,0.0008635504636913538,0.0017284105997532606,0.0029475747141987085,8.3020601272583,8.58444595336914,9.190934181213379,8.758866310119629,9.003141403198242,8.988983154296875,9.037769317626953,9.540051460266113,9.900388717651367,10.026265144348145,10.5160493850708,10.214363098144531,10.384256362915039,9.688016891479492,11.02621841430664,10.685921669006348,10.200006484985352,10.542996406555176,10.743819236755371,10.919081687927246,11.92473316192627,12.344215393066406,11.810357093811035,5.86126708984375,3.8637301921844482
45,0.0,0.000936169526539743,0.0018270356813445687,0.002961262594908476,8.627449989318848,8.779850006103516,8.999013900756836,9.245148658752441,9.596582412719727,8.768404960632324,8.569539070129395,9.534390449523926,9.953048706054688,10.38959789276123,9.775035858154297,10.595564842224121,10.214539527893066,10.541407585144043,10.166051864624023,10.969773292541504,10.766178131103516,10.508517265319824,10.533557891845703,11.989551544189453,11.43729305267334,11.652677536010742,11.708391189575195,6.667972564697266,4.147684574127197
46,0.0,0.0009448127821087837,0.001936014974489808,0.0031179378274828196,8.435781478881836,8.55880355834961,8.91135311126709,7.979702472686768,9.182324409484863,8.913613319396973,8.812789916992188,8.807509422302246,10.073945045471191,9.813568115234375,9.939123153686523,10.142094612121582,9.491868019104004,9.930184364318848,10.258922576904297,10.318037986755371,10.31761360168457,9.712383270263672,9.949291229248047,10.69692611694336,11.621484756469727,12.024519920349121,11.385087966918945,5.683629512786865,4.0051984786987305
47,0.0,0.0007766324561089277,0.0015538048464804888,0.002444721758365631,8.333324432373047,8.90216064453125,9.177616119384766,9.235734939575195,10.091553688049316,9.412274360656738,8.487748146057129,8.822259902954102,10.230500221252441,10.313735008239746,9.443655967712402,10.11901569366455,9.962865829467773,10.628762245178223,10.393543243408203,9.815265655517578,10.641690254211426,11.229711532592773,10.781312942504883,10.881631851196289,11.366374015808105,12.044798851013184,11.007478713989258,5.962381839752197,3.647921562194824
48,0.0,0.0007975028129294515,0.0015639816410839558,0.002538475673645735,7.980158805847168,8.596882820129395,9.447209358215332,9.11161994934082,8.74831485748291,9.503801345825195,8.549270629882812,8.82083511352539,9.841464042663574,10.043892860412598,9.973089218139648,10.65320873260498,10.053058624267578,10.851828575134277,10.490579605102539,10.31316089630127,9.979347229003906,10.627361297607422,10.640096664428711,10.391879081726074,12.051471710205078,12.044709205627441,11.686738967895508,5.7299699783325195,3.3392269611358643
49,0.0,0.000985060934908688,0.0019525354728102684,0.0032252823002636433,7.868490695953369,8.877960205078125,8.770824432373047,9.156208992004395,8.439844131469727,9.014299392700195,9.005334854125977,9.157428741455078,9.696195602416992,10.288172721862793,10.92899227142334,9.512471199035645,11.230207443237305,10.378525733947754,10.850531578063965,10.134116172790527,10.118041038513184,10.528940200805664,10.600127220153809,11.053658485412598,11.691141128540039,11.213726043701172,11.180424690246582,6.036178112030029,3.29939603805542
50,0.0,0.0006944577908143401,0.001332421088591218,0.0021559854503721,8.53884506225586,8.999852180480957,8.910961151123047,8.57965087890625,8.942822456359863,8.201637268066406,9.077383041381836,9.193937301635742,9.837955474853516,10.676010131835938,9.975967407226562,10.551231384277344,10.317246437072754,9.982672691345215,10.764012336730957,10.296021461486816,10.421794891357422,10.886861801147461,10.49027156829834,10.847657203674316,11.193187713623047,11.700451850891113,10.913921356201172,4.995030879974365,3.4273483753204346
51,0.0,0.0009275484480895102,0.0019143788376823068,0.003225751454010606,8.050782203674316,9.192951202392578,9.157487869262695,8.860995292663574,8.322248458862305,8.971139907836914,8.643593788146973,9.044615745544434,9.462642669677734,9.872668266296387,9.973418235778809,10.339539527893066,10.90269947052002,10.387384414672852,10.923844337463379,9.61351203918457,10.46526050567627,10.653231620788574,10.773378372192383,11.19390869140625,12.094827651977539,12.0563383102417,11.992199897766113,5.614428997039795,3.2086572647094727
52,0.0,0.0008556447573937476,0.0016211130423471332,0.002754861256107688,8.35425853729248,9.08615493774414,9.609935760498047,9.130316734313965,8.310393333435059,8.920333862304688,9.483235359191895,9.2731294631958,9.68977165222168,10.24732494354248,9.909582138061523,11.005803108215332,9.486852645874023,10.740832328796387,10.053207397460938,9.679740905761719,11.041295051574707,10.787877082824707,10.114904403686523,10.721729278564453,12.093647003173828,11.370790481567383,10.972604751586914,5.454765796661377,3.3374216556549072
53,0.0,0.0007456099847331643,0.0014113581273704767,0.0022670303005725145,8.028645515441895,8.571939468383789,8.976840019226074,8.612093925476074,9.066543579101562,9.923590660095215,9.324111938476562,8.750089645385742,9.434335708618164,9.360854148864746,9.098125457763672,10.061789512634277,9.91672134399414,10.21701431274414,9.86803913116455,10.926567077636719,10.255661964416504,10.630217552185059,10.856846809387207,11.847529411315918,11.709733009338379,11.723259925842285,11.051041603088379,4.983885765075684,3.3749125003814697
54,0.0,0.0010842657648026943,0.0023414420429617167,0.003782583400607109,8.883563995361328,8.89504337310791,8.964395523071289,8.923398971557617,9.505374908447266,9.510760307312012,9.659469604492188,9.468192100524902,9.538439750671387,10.613996505737305,9.570396423339844,9.90674877166748,10.967560768127441,11.275107383728027,10.16843032836914,9.870308876037598,10.766934394836426,9.941486358642578,11.285727500915527,10.279683113098145,12.613391876220703,12.442031860351562,11.268754959106445,7.4584221839904785,4.346417427062988
55,0.0,0.000984641839750111,0.0019924077205359936,0.0033658090978860855,8.824119567871094,8.749984741210938,8.947267532348633,9.027695655822754,9.163803100585938,9.053627014160156,8.829317092895508,8.436814308166504,10.365525245666504,9.674165725708008,10.125443458557129,9.738802909851074,10.286642074584961,10.202082633972168,9.98493480682373,10.601008415222168,10.497148513793945,10.680662155151367,11.461578369140625,11.774104118347168,11.550996780395508,11.407363891601562,11.579898834228516,5.408941268920898,3.28440260887146
56,0.0,0.0009026574552990496,0.0017745386576279998,0.0029616132378578186,8.66417407989502,9.485386848449707,9.070074081420898,8.878002166748047,9.590963363647461,8.83033561706543,8.4672269821167,9.323646545410156,9.430514335632324,9.764387130737305,10.520895004272461,9.650567054748535,10.210005760192871,10.031197547912598,11.179669380187988,10.71489429473877,9.980907440185547,11.236263275146484,10.357231140136719,10.268820762634277,10.961809158325195,11.71333122253418,11.559453964233398,5.79218053817749,3.509671926498413
57,0.0,0.0008013974875211716,0.00161259644664824,0.002684105886146426,8.49270248413086,8.851372718811035,8.622574806213379,8.470390319824219,8.90113353729248,8.946121215820312,9.041316986083984,9.353062629699707,9.695114135742188,10.09286117553711,9.831652641296387,9.532557487487793,10.397090911865234,10.336882591247559,10.874557495117188,9.989293098449707,10.143061637878418,11.069799423217773,10.884326934814453,10.560544967651367,11.535469055175781,11.397736549377441,11.202692031860352,5.5338287353515625,3.553651809692383
58,0.0,0.0007983191753737628,0.0015918660210445523,0.002492537721991539,8.17412281036377,9.7322998046875,8.272067070007324,9.016918182373047,8.418619155883789,8.924140930175781,8.99747085571289,8.547673225402832,10.37356185913086,10.080610275268555,9.947830200195312,10.151540756225586,10.321013450622559,10.258901596069336,10.336836814880371,10.778064727783203,11.138907432556152,9.993168830871582,10.190279960632324,10.9679536819458,11.28134536743164,11.697033882141113,10.855428695678711,5.489750385284424,3.4922025203704834
59,0.0,0.0009075601119548082,0.0017951203044503927,0.003044973826035857,9.138072967529297,9.628158569335938,8.648207664489746,9.063034057617188,9.272319793701172,9.016119956970215,9.334769248962402,8.9846773147583,9.96435546875,9.64591121673584,10.44704532623291,9.632326126098633,10.381146430969238,10.074654579162598,10.903244972229004,11.151046752929688,10.200606346130371,10.003758430480957,11.148469924926758,10.395286560058594,11.004349708557129,12.171443939208984,10.986106872558594,5.730642795562744,3.446892261505127
60,0.0,0.0009360305266454816,0.0018895119428634644,0.00310198194347322,8.576176643371582,9.167512893676758,9.443657875061035,8.703853607177734,9.203088760375977,9.143959045410156,9.674802780151367,9.234908103942871,9.982834815979004,9.882840156555176,10.227567672729492,9.813876152038574,10.821547508239746,9.99714183807373,10.938143730163574,10.481707572937012,9.929036140441895,10.206043243408203,10.472601890563965,10.4205904006958,11.383261680603027,11.00208854675293,11.096174240112305,5.394804000854492,3.435960054397583
61,0.0,0.000999080715700984,0.0020816726610064507,0.003285326762124896,8.170839309692383,9.005898475646973,8.80685043334961,9.203113555908203,8.680588722229004,9.183175086975098,8.818487167358398,9.35785961151123,10.054508209228516,10.0991849899292,10.333592414855957,9.991329193115234,9.266347885131836,10.112639427185059,10.95370101928711,10.917088508605957,10.620697021484375,10.665407180786133,10.203174591064453,11.28560733795166,11.665870666503906,12.944540023803711,11.18507194519043,5.8587260246276855,3.5047595500946045
62,0.0,0.0008203553152270615,0.0015779404202476144,0.002596163423731923,8.645264625549316,9.045892715454102,8.595123291015625,8.612024307250977,9.29922103881836,8.322463035583496,8.273115158081055,8.47285270690918,9.202245712280273,9.746678352355957,10.144061088562012,10.138215065002441,10.537508964538574,10.760080337524414,10.02530288696289,10.31911563873291,10.506577491760254,10.341520309448242,11.121394157409668,11.364145278930664,11.862178802490234,13.172881126403809,11.867302894592285,6.717864036560059,4.284249782562256
63,0.0,0.0010392444673925638,0.00217485916800797,0.003659730078652501,8.099529266357422,8.035473823547363,9.642624855041504,9.549540519714355,9.069934844970703,9.487808227539062,8.78675651550293,8.649741172790527,9.503738403320312,9.587225914001465,9.81932544708252,9.574514389038086,10.69455337524414,10.281830787658691,10.23054313659668,10.21582317352295,11.449912071228027,10.486456871032715,10.964021682739258,11.272500991821289,10.648456573486328,13.258549690246582,12.288851737976074,7.47273063659668,5.202229022979736
64,0.0,0.0009033753885887563,0.0018983305199071765,0.0030779382213950157,8.561357498168945,8.40420150756836,9.01523494720459,8.938488960266113,9.278340339660645,9.275927543640137,8.924951553344727,8.787880897521973,10.102920532226562,9.855478286743164,10.293320655822754,10.339056968688965,10.249532699584961,10.345354080200195,10.449736595153809,10.213943481445312,10.493571281433105,10.14233684539795,10.852928161621094,11.091751098632812,10.959476470947266,11.510961532592773,11.155448913574219,5.6113762855529785,3.097290515899658
65,0.0,0.0008156061521731317,0.0016122448723763227,0.0026651546359062195,8.165806770324707,8.99158763885498,9.320162773132324,8.298726081848145,8.423230171203613,8.549870491027832,8.83117389678955,8.323375701904297,9.755241394042969,10.439665794372559,10.896556854248047,10.64747428894043,10.140945434570312,9.600804328918457,10.347344398498535,10.051348686218262,10.526580810546875,11.350980758666992,10.493250846862793,10.844826698303223,11.299077033996582,13.374855995178223,11.15429973602295,5.451672077178955,3.514380931854248
66,0.0,0.0008886435534805059,0.0017373324371874332,0.0028729650657624006,8.417608261108398,8.390538215637207,8.165626525878906,8.86987018585205,8.803492546081543,8.589815139770508,9.115598678588867,9.398301124572754,9.899072647094727,10.377562522888184,11.203583717346191,8.957555770874023,10.3078031539917,10.413603782653809,10.152376174926758,10.882715225219727,10.576254844665527,10.916391372680664,10.364889144897461,10.795873641967773,11.786700248718262,11.86793041229248,10.986539840698242,5.727142810821533,3.6346423625946045
67,0.0,0.0007435149163939059,0.001502051716670394,0.0023214903194457293,8.068510055541992,9.330130577087402,8.75794792175293,9.50675106048584,8.709723472595215,9.062209129333496,8.6150484085083,9.074763298034668,9.74555492401123,9.9020414352417,9.631272315979004,9.188228607177734,10.570748329162598,10.09699535369873,10.862174987792969,10.434186935424805,10.316428184509277,10.429503440856934,10.618143081665039,10.953877449035645,11.221877098083496,11.753190040588379,10.951704978942871,5.098230838775635,3.2301313877105713
68,0.0,0.0009749714517965913,0.001928360783495009,0.003090271959081292,8.530601501464844,8.838274002075195,7.992232322692871,9.1537504196167,8.352827072143555,8.972607612609863,9.221975326538086,9.629830360412598,10.066666603088379,9.614972114562988,9.502785682678223,10.020642280578613,10.876416206359863,10.427107810974121,10.626227378845215,10.58061695098877,9.362177848815918,10.379623413085938,10.613856315612793,11.194082260131836,11.502287864685059,11.896047592163086,11.592320442199707,6.907354831695557,3.6905157566070557
69,0.0,0.0009846548782661557,0.0019462443888187408,0.0031651360914111137,8.28341293334961,9.079712867736816,9.339349746704102,9.180252075195312,8.582892417907715,9.408949851989746,8.80063533782959,8.306761741638184,10.222620010375977,10.34093189239502,10.198760986328125,9.685226440429688,10.228682518005371,10.283886909484863,10.83871078491211,10.030025482177734,9.893115997314453,9.979467391967773,11.206053733825684,10.416393280029297,10.92999267578125,11.381675720214844,10.720879554748535,5.256803035736084,3.2084410190582275
70,0.0,0.0009325698483735323,0.001848992658779025,0.0029049322474747896,8.3231782913208,8.683527946472168,9.275014877319336,9.330252647399902,9.801641464233398,8.739678382873535,8.923705101013184,8.691070556640625,10.2186861038208,9.707716941833496,9.80076789855957,10.662787437438965,11.189640045166016,9.667285919189453,10.442928314208984,10.292000770568848,10.046764373779297,10.770393371582031,10.422869682312012,11.310821533203125,10.13774299621582,11.723799705505371,11.364537239074707,5.612767696380615,3.3059635162353516
71,0.0,0.0008364459499716759,0.0016225386643782258,0.002720204647630453,8.275885581970215,9.457234382629395,8.801728248596191,9.111639022827148,8.980215072631836,9.051501274108887,8.94950008392334,8.75086784362793,9.620192527770996,9.499863624572754,9.914517402648926,9.522168159484863,9.785768508911133,11.319499015808105,10.072393417358398,11.297340393066406,10.165185928344727,10.591363906860352,10.659223556518555,10.896918296813965,10.866602897644043,11.815088272094727,11.212862014770508,5.8718342781066895,3.8401129245758057
72,0.0,0.0007942845113575459,0.00162685161922127,0.0024458318948745728,8.627293586730957,7.9428277015686035,9.169946670532227,9.64409065246582,9.146818161010742,8.928707122802734,8.487739562988281,9.157461166381836,9.298687934875488,10.485321044921875,9.83202075958252,9.917089462280273,10.087554931640625,10.387700080871582,10.46126937866211,10.532883644104004,10.591980934143066,10.593070030212402,10.482004165649414,10.124390602111816,11.367589950561523,12.232529640197754,11.137225151062012,5.247428894042969,3.3113045692443848
73,0.0,0.0007397859590128064,0.0014386323746293783,0.0023383351508527994,8.409045219421387,8.830903053283691,8.925117492675781,9.824665069580078,9.079546928405762,8.3093900680542,9.056133270263672,8.460195541381836,9.797266006469727,9.250200271606445,10.141921997070312,10.072761535644531,10.631768226623535,10.657602310180664,10.646273612976074,10.274332046508789,10.07253646850586,10.432286262512207,10.727075576782227,11.473114013671875,11.034749031066895,11.452302932739258,10.700055122375488,5.013662815093994,3.1379294395446777
74,0.0,0.0009512793621979654,0.001868269289843738,0.00304381619207561,8.685770988464355,9.571229934692383,8.566974639892578,9.729962348937988,8.447561264038086,8.662219047546387,9.168526649475098,8.968772888183594,9.943394660949707,10.304519653320312,9.675518035888672,10.416248321533203,10.618083000183105,9.960625648498535,10.624953269958496,10.29705810546875,10.73536205291748,10.633164405822754,10.758601188659668,10.414145469665527,10.60551643371582,11.714070320129395,11.243094444274902,5.122602939605713,3.2212142944335938
75,0.0,0.0008417991921305656,0.0017109442269429564,0.00284727499820292,8.185568809509277,8.68891716003418,8.884795188903809,8.221820831298828,7.934935092926025,9.152234077453613,9.60563850402832,8.730459213256836,10.09768295288086,9.695300102233887,10.6541166305542,10.110965728759766,9.574785232543945,9.877115249633789,10.26369571685791,10.263197898864746,10.809961318969727,10.436076164245605,10.712240219116211,10.492751121520996,10.450504302978516,11.658005714416504,10.955307006835938,5.395742416381836,3.6182150840759277
76,0.0,0.0011760551715269685,0.0023499198723584414,0.004259476903825998,7.950179576873779,9.50003433227539,9.19891357421875,8.805041313171387,8.509461402893066,10.045193672180176,8.463569641113281,8.527589797973633,9.465644836425781,9.909319877624512,9.992761611938477,10.109537124633789,10.429462432861328,10.842206001281738,10.116241455078125,9.656423568725586,9.943269729614258,10.268803596496582,10.675762176513672,11.016666412353516,11.9791898727417,12.011938095092773,11.324780464172363,6.563449859619141,4.5301127433776855
77,0.0,0.0009718424407765269,0.0019882970955222845,0.0032332101836800575,8.344011306762695,8.763776779174805,8.632923126220703,9.097993850708008,8.589286804199219,8.736083984375,8.872371673583984,8.101999282836914,10.32706069946289,9.743668556213379,10.041275978088379,9.436860084533691,10.262306213378906,10.090738296508789,10.904457092285156,10.281477928161621,10.128873825073242,10.934042930603027,10.89762020111084,10.22375774383545,10.99832534790039,12.03486156463623,10.963558197021484,4.962217330932617,2.965973377227783
78,0.0,0.0012488916981965303,0.0024034602101892233,0.003906178753823042,8.706138610839844,8.723156929016113,9.630400657653809,9.710875511169434,9.158661842346191,8.909992218017578,9.034826278686523,9.09742546081543,10.323466300964355,9.29195785522461,10.167449951171875,10.155593872070312,9.972457885742188,9.940871238708496,10.447166442871094,10.971424102783203,10.13067626953125,10.081299781799316,10.703847885131836,10.610285758972168,10.8981351852417,11.458221435546875,11.1007080078125,5.272024154663086,2.9365451335906982
79,0.0,0.00085260666674003,0.0017383090453222394,0.002803710987791419,8.12886905670166,8.544638633728027,9.326461791992188,8.074027061462402,8.744111061096191,9.190205574035645,8.956013679504395,8.97282886505127,9.681506156921387,9.4618501663208,11.137619018554688,10.36776065826416,10.237836837768555,10.434690475463867,10.80801773071289,10.130988121032715,9.43494701385498,9.87629508972168,9.767168045043945,10.413944244384766,11.19176959991455,11.369194030761719,11.198594093322754,5.073800086975098,3.1936774253845215
80,0.0,0.0011982336873188615,0.0023623935412615538,0.0041081844829022884,7.910496234893799,9.151816368103027,8.607824325561523,8.20152473449707,9.192649841308594,8.214569091796875,8.762873649597168,7.992933750152588,9.325998306274414,10.334444999694824,9.582743644714355,9.857844352722168,10.816385269165039,10.614941596984863,9.766535758972168,10.659894943237305,11.096395492553711,10.037799835205078,10.944924354553223,10.300683975219727,11.728556632995605,11.819953918457031,11.298498153686523,7.100679397583008,3.8911948204040527
81,0.0,0.0009141252376139164,0.001800889614969492,0.0030114110559225082,8.79405689239502,8.525392532348633,8.199213981628418,9.303790092468262,9.17754077911377,9.364473342895508,8.712809562683105,8.655925750732422,9.665230751037598,9.852822303771973,10.492449760437012,11.006914138793945,9.560920715332031,9.66218376159668,9.888076782226562,9.621209144592285,9.926009178161621,10.421035766601562,9.86687183380127,11.251463890075684,11.098979949951172,12.473584175109863,11.138001441955566,5.40103006362915,3.405564069747925
82,0.0,0.0007646855665370822,0.0014801562065258622,0.0024740437511354685,8.172110557556152,9.43200969696045,8.826445579528809,9.12836742401123,8.862939834594727,8.996728897094727,9.334449768066406,9.147363662719727,9.837703704833984,10.822075843811035,10.039616584777832,10.325809478759766,10.538228988647461,10.935259819030762,10.462481498718262,10.498551368713379,10.561417579650879,11.58342170715332,11.462264060974121,11.137110710144043,10.070403099060059,11.88425064086914,11.120392799377441,5.30458927154541,3.6144115924835205
83,0.0,0.000820714863948524,0.0016066685784608126,0.002638902748003602,8.282791137695312,9.050567626953125,8.717531204223633,9.892197608947754,8.682000160217285,9.020763397216797,9.152931213378906,9.145376205444336,10.364272117614746,9.594992637634277,10.398904800415039,9.824082374572754,10.278545379638672,11.381814956665039,9.71881103515625,10.74616813659668,10.440376281738281,10.667537689208984,10.872745513916016,11.270246505737305,11.398571014404297,12.538254737854004,11.641257286071777,5.483584403991699,3.414837598800659
84,0.0,0.0008399765938520432,0.0017054775962606072,0.0027602724730968475,8.448613166809082,9.451238632202148,8.759899139404297,9.410566329956055,8.884244918823242,9.149941444396973,9.308677673339844,8.771724700927734,9.927844047546387,9.825407981872559,10.129668235778809,10.273263931274414,10.75767993927002,10.397054672241211,9.798186302185059,10.46327018737793,10.403651237487793,9.966755867004395,10.419991493225098,11.466629028320312,10.948811531066895,11.933794975280762,11.62460994720459,5.572927951812744,3.4673819541931152
85,0.0,0.0008993122028186917,0.001868806779384613,0.003015307243913412,8.219221115112305,9.118632316589355,9.029236793518066,9.933528900146484,9.7384614944458,9.454339981079102,8.670737266540527,8.62363338470459,10.06404972076416,10.555965423583984,9.029664039611816,10.584789276123047,10.798971176147461,9.943461418151855,10.174224853515625,10.23837661743164,10.392609596252441,10.424172401428223,10.31158447265625,10.863929748535156,11.30864143371582,11.754764556884766,11.119006156921387,5.890188694000244,3.651569128036499
86,0.0,0.0008883675909601152,0.001804493716917932,0.002786802826449275,8.250801086425781,9.373369216918945,9.784440040588379,8.940542221069336,9.209153175354004,8.39981460571289,9.274809837341309,8.910847663879395,9.956496238708496,9.872089385986328,10.92790699005127,10.198040962219238,9.960090637207031,10.02381706237793,10.824349403381348,9.887436866760254,11.682476997375488,10.881526947021484,10.518074035644531,10.767864227294922,11.405957221984863,12.140872955322266,11.787177085876465,6.543374538421631,4.392007827758789
87,0.0,0.0012022354640066624,0.0023951493203639984,0.00391804426908493,7.816633701324463,8.991652488708496,9.093881607055664,7.8502326011657715,9.368457794189453,8.366470336914062,9.202967643737793,8.907078742980957,10.214754104614258,10.48278522491455,9.475838661193848,10.535369873046875,10.116049766540527,10.67473316192627,10.966588020324707,10.37281322479248,10.166662216186523,10.29817008972168,10.263321876525879,11.68712043762207,11.214082717895508,10.62074089050293,11.491143226623535,5.303293704986572,3.1314876079559326
88,0.0,0.0009575827862136066,0.0018810995388776064,0.003060517366975546,8.61113452911377,8.276296615600586,8.390693664550781,8.091893196105957,8.731244087219238,9.006174087524414,8.807422637939453,8.77291488647461,9.708800315856934,10.192167282104492,10.600528717041016,10.091949462890625,9.914188385009766,10.303028106689453,10.452930450439453,9.873148918151855,10.679167747497559,10.77729606628418,11.65367603302002,10.766761779785156,11.01474380493164,12.16158390045166,11.35120677947998,5.230179309844971,3.2222096920013428
89,0.0,0.0007149523007683456,0.0014078877866268158,0.0022925897501409054,8.928595542907715,8.940112113952637,8.729844093322754,9.286261558532715,9.668830871582031,9.114171981811523,9.833611488342285,9.053868293762207,9.941461563110352,10.59426212310791,10.288701057434082,10.552729606628418,11.218306541442871,11.20718765258789,10.394156455993652,10.921008110046387,10.959946632385254,10.190857887268066,10.432892799377441,10.665305137634277,11.794600486755371,11.815138816833496,10.89915657043457,5.042201519012451,3.494213581085205
90,0.0,0.0008885182323865592,0.0017617607954889536,0.0029824739322066307,8.688434600830078,8.993618965148926,9.438241958618164,8.261655807495117,8.948885917663574,8.886385917663574,8.786441802978516,8.722969055175781,10.828279495239258,10.332629203796387,9.894353866577148,10.695168495178223,10.838293075561523,10.42579174041748,10.18895149230957,10.333375930786133,10.001212120056152,11.72730541229248,10.55776596069336,10.970967292785645,11.884014129638672,12.175562858581543,10.87414264678955,5.949789524078369,3.8183810710906982
91,0.0,0.0008598729618825018,0.0017201305599883199,0.0027247448451817036,8.301713943481445,9.334220886230469,9.527647018432617,9.500516891479492,8.653331756591797,8.885795593261719,9.326676368713379,8.517497062683105,10.535533905029297,9.886815071105957,9.278942108154297,10.743255615234375,10.600811004638672,10.663857460021973,10.58920955657959,10.046015739440918,10.70662784576416,9.598199844360352,11.377969741821289,11.79089641571045,10.74710750579834,12.306982040405273,10.484037399291992,5.325919151306152,3.2546334266662598
92,0.0,0.0008605921757407486,0.0016658323584124446,0.002605373039841652,8.867815971374512,8.524123191833496,9.616416931152344,8.361780166625977,8.952049255371094,8.447368621826172,9.032829284667969,7.835437297821045,9.524810791015625,9.576526641845703,10.70699691772461,9.65931510925293,9.946305274963379,9.735359191894531,11.262901306152344,10.06017780303955,10.258451461791992,10.840106010437012,10.261401176452637,10.81915283203125,11.323066711425781,12.809383392333984,11.065818786621094,5.65960168838501,3.6415276527404785
93,0.0,0.0008947573369368911,0.0017895421478897333,0.002980974270030856,8.678918838500977,8.981352806091309,9.522157669067383,8.434191703796387,8.771743774414062,9.10400676727295,9.201330184936523,9.49639892578125,9.408849716186523,10.344690322875977,9.578263282775879,10.102823257446289,11.540282249450684,10.370911598205566,10.183079719543457,11.035735130310059,10.90281867980957,9.429251670837402,10.705842018127441,11.172767639160156,11.494770050048828,11.6998929977417,11.611784934997559,5.468331336975098,3.4644715785980225
94,0.0,0.0008732159622013569,0.0017235210398212075,0.0029194604139775038,8.008586883544922,8.432153701782227,9.539170265197754,9.396064758300781,8.895391464233398,9.129636764526367,9.001300811767578,8.758902549743652,9.62971019744873,10.514517784118652,8.846478462219238,10.079227447509766,10.065881729125977,9.795793533325195,10.780632019042969,10.177684783935547,10.020525932312012,10.608625411987305,11.339574813842773,10.844347953796387,11.042577743530273,12.271578788757324,11.45555305480957,5.703807830810547,3.9101269245147705
95,0.0,0.0007640527910552919,0.0014879466034471989,0.002399140503257513,8.204699516296387,8.79258918762207,9.091898918151855,8.812180519104004,8.886412620544434,9.203360557556152,8.560543060302734,8.840900421142578,9.595697402954102,9.928169250488281,10.04677677154541,9.813360214233398,10.176379203796387,10.71554183959961,10.548088073730469,10.67158031463623,10.07575798034668,10.830938339233398,10.695075035095215,10.829225540161133,10.82563591003418,12.24972152709961,11.460689544677734,5.239598751068115,3.5725584030151367
96,0.0,0.0009652198059484363,0.001986996503546834,0.0032247507479041815,8.573454856872559,7.990546703338623,8.958419799804688,8.694756507873535,8.821402549743652,8.32058048248291,8.310632705688477,9.535012245178223,9.75437068939209,9.470807075500488,10.00244426727295,9.096800804138184,10.280506134033203,9.982463836669922,10.516120910644531,10.3573579788208,10.36112117767334,10.752701759338379,11.186945915222168,11.068310737609863,11.073901176452637,12.648971557617188,11.592920303344727,5.9648823738098145,3.5078184604644775
97,0.0,0.0008452725596725941,0.0017503203125670552,0.0028256489895284176,8.414023399353027,8.89128589630127,8.699600219726562,9.621583938598633,10.025247573852539,9.150588989257812,9.01363754272461,9.306000709533691,9.363521575927734,10.374076843261719,10.34597396850586,10.521269798278809,10.262545585632324,11.185890197753906,9.908478736877441,10.474258422851562,11.103821754455566,11.012080192565918,11.640141487121582,10.983186721801758,11.716066360473633,11.645377159118652,11.8561372756958,6.130980968475342,4.279214859008789
98,0.0,0.0007727909251116216,0.001560973934829235,0.0025169565342366695,8.401598930358887,9.501052856445312,8.528031349182129,8.66655158996582,9.548224449157715,9.407044410705566,8.834893226623535,9.241835594177246,9.395779609680176,10.247259140014648,10.099658012390137,10.140186309814453,10.385875701904297,10.676114082336426,11.464531898498535,10.120415687561035,10.32394027709961,10.121289253234863,10.730380058288574,10.913677215576172,10.617377281188965,12.297795295715332,11.451371192932129,5.865102767944336,3.5290889739990234
99,0.0,0.0009055276168510318,0.0017637142445892096,0.0028717732056975365,7.8114914894104,9.021571159362793,9.21369743347168,9.373705863952637,8.277680397033691,8.76134204864502,9.461629867553711,9.408523559570312,10.609025001525879,9.969897270202637,9.963957786560059,10.0912446975708,9.842944145202637,10.326801300048828,10.876562118530273,10.342080116271973,10.967445373535156,9.852852821350098,11.046309471130371,9.925137519836426,10.58568000793457,11.44382095336914,10.66575813293457,5.1034111976623535,3.315242052078247
100,0.0,0.0008317841566167772,0.0016418496379628778,0.0026559464167803526,8.37124252319336,8.926994323730469,9.011321067810059,9.2239990234375,8.992713928222656,9.071240425109863,9.157750129699707,8.657520294189453,10.2616548538208,10.231077194213867,10.21667766571045,9.246623992919922,10.557134628295898,10.043978691101074,10.03162956237793,10.436380386352539,10.280606269836426,10.646742820739746,11.833100318908691,11.149042129516602,11.039423942565918,12.130332946777344,11.42845344543457,6.2007670402526855,4.101261138916016
101,0.0,0.0007780385203659534,0.0015568971866741776,0.0024828719906508923,8.321371078491211,8.416139602661133,8.87896728515625,8.8469820022583,9.244604110717773,8.032663345336914,9.711996078491211,9.5850248336792,9.245046615600586,9.56815242767334,9.666400909423828,9.528738975524902,10.428640365600586,10.366534233093262,10.972095489501953,9.694130897521973,9.910062789916992,10.695721626281738,11.024944305419922,10.56160831451416,11.596087455749512,12.204660415649414,11.414133071899414,5.910074710845947,3.935230016708374
102,0.0,0.0008546790340915322,0.0016659663524478674,0.0027187552768737078,8.42908000946045,9.109889030456543,9.13101577758789,9.591010093688965,8.11536979675293,9.465330123901367,9.302953720092773,8.899346351623535,10.550580978393555,11.050074577331543,10.709600448608398,10.226983070373535,10.67462158203125,10.178738594055176,10.781903266906738,10.733834266662598,10.036476135253906,10.493805885314941,10.134346008300781,10.93736743927002,11.508523941040039,12.587944984436035,11.196002960205078,5.2422027587890625,3.3190300464630127
103,0.0,0.0008548098267056048,0.001645115320570767,0.002736234338954091,8.623603820800781,9.288615226745605,9.059858322143555,9.144418716430664,9.783834457397461,8.000313758850098,8.132530212402344,8.91795539855957,9.663091659545898,9.838213920593262,9.542496681213379,10.023435592651367,10.638699531555176,9.990199089050293,10.305156707763672,10.568374633789062,11.228289604187012,10.552350044250488,10.968918800354004,10.864542961120605,11.704510688781738,12.317781448364258,11.624350547790527,5.54387092590332,3.7463202476501465
104,0.0,0.0009981278562918305,0.002127458341419697,0.0033325026743113995,8.118907928466797,9.161011695861816,8.676520347595215,9.30935001373291,8.784026145935059,9.48292350769043,9.225975036621094,9.141615867614746,9.485313415527344,10.552131652832031,10.393026351928711,9.347604751586914,9.819108963012695,10.07766056060791,10.501180648803711,10.662653923034668,10.195459365844727,10.630603790283203,11.004390716552734,10.889222145080566,11.589738845825195,11.324885368347168,10.991109848022461,5.215415000915527,3.008610486984253
105,0.0,0.0007928172126412392,0.001540515455417335,0.002419599099084735,8.676761627197266,8.511094093322754,8.91792106628418,8.68995189666748,9.215958595275879,8.874483108520508,9.08940601348877,9.685084342956543,9.847375869750977,10.289399147033691,10.339197158813477,9.889640808105469,10.384225845336914,10.003022193908691,10.632720947265625,10.126873016357422,10.048564910888672,10.247716903686523,10.554574966430664,11.042263984680176,10.874762535095215,12.446020126342773,10.952569961547852,5.482824325561523,3.7735538482666016
106,0.0,0.000930444395635277,0.0018177598249167204,0.0029180690180510283,8.971029281616211,8.994524955749512,8.875324249267578,9.428668022155762,9.383371353149414,8.603806495666504,8.94943904876709,9.11861801147461,9.98453140258789,9.530082702636719,10.048344612121582,10.03018569946289,10.670207977294922,10.306625366210938,10.546416282653809,10.597739219665527,10.709604263305664,10.43932056427002,10.65549087524414,10.436291694641113,12.092521667480469,11.746548652648926,10.396587371826172,5.367367744445801,3.165134906768799
107,0.0,0.0009771290933713317,0.0019984631799161434,0.0033212166745215654,8.860852241516113,8.016813278198242,9.244283676147461,9.010443687438965,8.78673267364502,9.211064338684082,8.813596725463867,9.669583320617676,10.12215518951416,9.70091438293457,10.310654640197754,10.637703895568848,10.510177612304688,9.495142936706543,10.348762512207031,10.243880271911621,10.227532386779785,10.404967308044434,10.837784767150879,10.950607299804688,11.773160934448242,11.47806167602539,10.95943546295166,5.122021675109863,3.0041866302490234
108,0.0,0.0008209767984226346,0.0016306384932249784,0.002767599653452635,8.44593620300293,9.352229118347168,9.626028060913086,9.123393058776855,8.306679725646973,8.520404815673828,9.149321556091309,9.150740623474121,9.34274673461914,9.691144943237305,10.646215438842773,10.689738273620605,10.260774612426758,9.802982330322266,11.187697410583496,10.887535095214844,9.483316421508789,9.803902626037598,10.81003189086914,11.405256271362305,11.769815444946289,11.647381782531738,10.967109680175781,5.394064426422119,3.1769378185272217
109,0.0,0.0009358588722534478,0.0019344027386978269,0.0031413526739925146,8.543427467346191,8.636178016662598,9.369719505310059,9.41897964477539,9.564492225646973,9.208939552307129,8.8540678024292,8.935906410217285,9.70315170288086,10.526350021362305,9.983953475952148,10.121563911437988,10.82127571105957,9.947427749633789,9.838995933532715,9.950752258300781,10.629267692565918,10.137330055236816,10.845080375671387,11.456527709960938,11.506776809692383,12.279899597167969,11.07010269165039,6.918198585510254,4.7164530754089355
110,0.0,0.0008272805716842413,0.0015891575021669269,0.0025774803943932056,8.220501899719238,8.179254531860352,9.206636428833008,9.335268020629883,8.198896408081055,8.885091781616211,8.706974029541016,9.07161808013916,9.17058277130127,10.631878852844238,9.487723350524902,9.986703872680664,10.010866165161133,10.698081016540527,10.209636688232422,9.824995994567871,9.902533531188965,10.559666633605957,9.886242866516113,11.541873931884766,11.584814071655273,11.677408218383789,11.852992057800293,5.364649772644043,3.477820873260498
111,0.0,0.0008289564284496009,0.0016890402184799314,0.002795430365949869,8.881180763244629,8.732942581176758,8.705513954162598,9.160055160522461,9.081101417541504,8.430924415588379,9.130696296691895,9.442578315734863,9.991491317749023,9.541910171508789,10.160496711730957,11.06452751159668,10.085413932800293,11.09041976928711,9.87283992767334,9.735810279846191,9.943666458129883,10.38389778137207,11.047043800354004,10.579283714294434,10.120363235473633,12.438190460205078,11.845586776733398,5.124700546264648,3.1607155799865723
112,0.0,0.0007304744212888181,0.0014969472540542483,0.00245455838739872,7.953798294067383,9.633393287658691,8.194952964782715,9.038948059082031,9.490400314331055,8.700103759765625,8.617677688598633,9.236165046691895,9.541669845581055,10.523482322692871,9.494136810302734,10.302643775939941,9.91567611694336,10.731476783752441,10.021599769592285,10.451349258422852,10.90357494354248,10.316492080688477,11.128779411315918,11.339228630065918,11.762012481689453,11.455163955688477,11.066031455993652,5.079679012298584,3.3354761600494385
113,0.0,0.0008759321644902229,0.001861142460256815,0.002911071991547942,8.03078842163086,8.737523078918457,9.375091552734375,8.857705116271973,9.636215209960938,8.501117706298828,8.22917652130127,8.711941719055176,9.8573637008667,10.32013988494873,10.267557144165039,9.9120512008667,10.333486557006836,10.39140510559082,10.627998352050781,10.791084289550781,10.385086059570312,10.919367790222168,10.752355575561523,11.015615463256836,10.875349998474121,12.825420379638672,11.6176176071167,5.8539299964904785,3.6620612144470215
114,0.0,0.0008567042532376945,0.0017238558502867818,0.002730413107201457,8.533349990844727,8.742774963378906,9.040494918823242,9.728554725646973,9.518183708190918,9.149369239807129,9.318395614624023,8.364274024963379,10.009364128112793,8.8744535446167,10.94983196258545,10.223782539367676,9.92476749420166,10.428744316101074,10.128761291503906,10.344326972961426,11.44150161743164,10.113677024841309,11.138410568237305,10.52298355102539,12.07796573638916,11.724237442016602,10.282073974609375,5.28444242477417,3.265927314758301
115,0.0,0.0008463707636110485,0.001632394385524094,0.002585200360044837,8.54179573059082,8.87631893157959,9.163887023925781,9.193660736083984,9.643953323364258,8.800527572631836,8.646489143371582,8.966263771057129,9.75920581817627,10.479207992553711,10.32105541229248,9.899539947509766,10.028952598571777,10.648604393005371,10.164464950561523,10.313248634338379,10.849126815795898,11.586187362670898,10.708639144897461,10.60067081451416,11.487054824829102,12.127320289611816,11.129752159118652,5.258251190185547,3.092014789581299
116,0.0,0.0007787290960550308,0.0014763523358851671,0.0023247182834893465,8.551764488220215,9.445576667785645,8.947246551513672,10.031242370605469,10.436395645141602,9.173896789550781,9.628143310546875,9.547722816467285,9.542778015136719,10.097216606140137,10.404783248901367,10.533160209655762,10.129547119140625,11.423248291015625,9.586935043334961,10.285133361816406,10.592012405395508,10.776189804077148,10.636394500732422,10.562800407409668,11.220512390136719,11.68806266784668,12.661296844482422,5.912892818450928,4.021668434143066
117,0.0,0.0008285399526357651,0.00160211359616369,0.0026101176626980305,8.633040428161621,9.625024795532227,9.077502250671387,9.425076484680176,9.623186111450195,9.10728931427002,8.45048713684082,8.983936309814453,10.226746559143066,10.31571102142334,9.825494766235352,10.49012565612793,10.920821189880371,9.917647361755371,10.165226936340332,10.295974731445312,9.879945755004883,10.375533103942871,11.023176193237305,10.446967124938965,10.813897132873535,12.417649269104004,11.086443901062012,5.441425323486328,3.4705400466918945
118,0.0,0.0008240668103098869,0.0015918711433187127,0.0025354905519634485,8.639439582824707,8.655399322509766,8.644784927368164,8.58100414276123,8.986865043640137,8.898904800415039,8.303053855895996,8.536510467529297,9.344226837158203,9.973237037658691,9.8345308303833,10.067219734191895,10.995070457458496,9.989605903625488,11.006072998046875,10.81928539276123,11.456191062927246,10.029912948608398,10.858304023742676,10.540606498718262,10.300609588623047,11.457239151000977,10.620231628417969,5.315918922424316,3.2731845378875732
119,0.0,0.0008802917436696589,0.0016967313131317496,0.0027903085574507713,8.7628812789917,8.362789154052734,9.288745880126953,8.54575252532959,9.063933372497559,8.60883617401123,9.049238204956055,8.618240356445312,9.012804985046387,9.695975303649902,9.724726676940918,9.294902801513672,10.515843391418457,10.583346366882324,10.113906860351562,11.345975875854492,10.688248634338379,10.77328109741211,10.126018524169922,10.383214950561523,11.843332290649414,12.09854507446289,10.929763793945312,5.4295783042907715,3.2895684242248535
120,0.0,0.0008570938371121883,0.0017569900956004858,0.0028205050621181726,8.193288803100586,8.68826675415039,9.057707786560059,8.911484718322754,9.161197662353516,9.392141342163086,9.147253036499023,8.92510986328125,9.79343032836914,10.419021606445312,9.747411727905273,9.445815086364746,9.726300239562988,10.071992874145508,9.97262954711914,10.428535461425781,10.766196250915527,11.251949310302734,10.574272155761719,10.086410522460938,10.92385196685791,12.72248649597168,12.44879150390625,6.018787384033203,3.7838053703308105
121,0.0,0.0008407807908952236,0.00167602498549968,0.002705117454752326,8.002129554748535,9.045954704284668,9.271551132202148,9.037092208862305,9.316802978515625,8.781990051269531,8.859480857849121,9.723301887512207,9.751382827758789,9.410118103027344,10.478999137878418,9.738624572753906,10.008805274963379,10.622055053710938,10.004793167114258,10.230432510375977,10.47752571105957,9.64635181427002,10.420367240905762,11.8075590133667,11.070326805114746,11.933832168579102,10.756563186645508,5.015618801116943,3.0438156127929688
122,0.0,0.0008865456911735237,0.001770201837643981,0.002908157417550683,9.362277030944824,8.466217041015625,8.605000495910645,8.715639114379883,9.137092590332031,9.05448055267334,9.19807243347168,9.319803237915039,9.700321197509766,9.73995304107666,10.078592300415039,9.809897422790527,10.123510360717773,10.264037132263184,9.84483814239502,10.236152648925781,10.474855422973633,11.344754219055176,11.175396919250488,11.267255783081055,11.357827186584473,11.737190246582031,10.97871208190918,5.66966438293457,3.4357855319976807
123,0.0,0.0008701811311766505,0.0016425317153334618,0.0027840568218380213,7.990025997161865,8.871844291687012,8.80648422241211,9.066336631774902,9.018131256103516,8.858271598815918,8.57989501953125,8.27485179901123,9.344157218933105,10.328133583068848,10.565314292907715,9.554166793823242,9.9467134475708,10.535880088806152,10.45801067352295,10.018342018127441,10.584291458129883,10.204380989074707,10.822186470031738,10.765719413757324,11.960890769958496,12.927026748657227,11.832261085510254,6.994513034820557,4.452488422393799
124,0.0,0.0009125674259848893,0.001813678303733468,0.0029294725973159075,8.374516487121582,8.242465019226074,8.324239730834961,8.970747947692871,8.831033706665039,8.862123489379883,8.53384017944336,9.09693717956543,9.364564895629883,10.236008644104004,10.628683090209961,10.901922225952148,10.309592247009277,10.154996871948242,10.053628921508789,10.530587196350098,9.85944938659668,11.028828620910645,11.087088584899902,10.60939884185791,11.645024299621582,12.152901649475098,11.829442977905273,6.188326835632324,3.988743782043457
125,0.0,0.0010505100945010781,0.002117232419550419,0.0035499269142746925,8.331307411193848,8.89595890045166,9.16991901397705,8.777705192565918,8.529829978942871,8.601929664611816,9.29196548461914,8.793211936950684,9.463891983032227,9.286887168884277,9.990592002868652,9.952381134033203,10.448701858520508,9.588852882385254,10.155162811279297,10.65137767791748,10.747014045715332,10.332258224487305,10.64371109008789,10.566916465759277,10.986297607421875,11.551228523254395,12.426615715026855,6.372750282287598,3.8425862789154053
126,0.0,0.0007436175947077572,0.001477101119235158,0.002376360120251775,8.737177848815918,8.917631149291992,8.515953063964844,9.242396354675293,8.426620483398438,9.445219039916992,8.698160171508789,8.75633430480957,9.786969184875488,9.657469749450684,9.400151252746582,10.117352485656738,10.096304893493652,10.452502250671387,10.380653381347656,10.086737632751465,10.430846214294434,10.690861701965332,10.560393333435059,11.665583610534668,11.269108772277832,12.534067153930664,11.242788314819336,5.178428649902344,3.3416104316711426
127,0.0,0.001139654079452157,0.002561993896961212,0.0040776911191642284,8.507326126098633,9.35869026184082,9.114151000976562,8.269195556640625,9.309651374816895,8.942740440368652,8.771795272827148,8.84455680847168,9.467562675476074,9.90855598449707,10.64385986328125,9.92396354675293,9.692330360412598,10.279504776000977,10.048717498779297,10.222558975219727,10.055049896240234,10.356607437133789,10.336002349853516,11.435874938964844,11.297613143920898,11.978479385375977,10.955379486083984,6.497071743011475,3.809340715408325
128,0.0,0.001094140694476664,0.0022554274182766676,0.003563821315765381,8.623309135437012,8.77402114868164,8.609384536743164,9.76363754272461,9.280075073242188,9.403032302856445,9.451115608215332,9.706982612609863,9.118188858032227,9.750579833984375,10.131943702697754,9.70527458190918,10.224432945251465,10.774577140808105,10.095560073852539,11.246295928955078,10.299720764160156,10.011466979980469,10.271559715270996,11.317924499511719,11.461565017700195,11.273571014404297,11.431221961975098,6.305460453033447,4.008448600769043
129,0.0,0.0008833687752485275,0.001736524747684598,0.0028276697266846895,8.704517364501953,8.44985580444336,8.997354507446289,9.005640983581543,9.379066467285156,9.081719398498535,8.647272109985352,8.637225151062012,10.218664169311523,10.330737113952637,9.534248352050781,11.41685962677002,10.328495025634766,10.67801570892334,10.411874771118164,10.416923522949219,11.104750633239746,10.533493041992188,10.635560035705566,11.265820503234863,10.688097953796387,12.516664505004883,11.286279678344727,5.266420364379883,3.2011911869049072
130,0.0,0.0009030883084051311,0.0017825323157012463,0.002886411501094699,8.369050979614258,9.624990463256836,9.18723201751709,9.043527603149414,8.564154624938965,9.742996215820312,9.257043838500977,8.471654891967773,9.39289665222168,10.118132591247559,10.653914451599121,9.482779502868652,10.736940383911133,10.233981132507324,9.839427947998047,10.252290725708008,10.601860046386719,9.919282913208008,10.605162620544434,11.358039855957031,11.546133995056152,11.627968788146973,12.122340202331543,6.467080593109131,4.379138946533203
131,0.0,0.0009545022621750832,0.0018673709128051996,0.0030255457386374474,8.289787292480469,8.775768280029297,8.425613403320312,9.255908966064453,8.646705627441406,8.517660140991211,8.609273910522461,9.485965728759766,9.917675971984863,9.957942008972168,9.407301902770996,9.132519721984863,10.802703857421875,10.127326965332031,10.168152809143066,10.606141090393066,10.347572326660156,10.296996116638184,10.383627891540527,10.523795127868652,11.114265441894531,11.686881065368652,11.15461540222168,5.915627956390381,3.5276408195495605
132,0.0,0.0008026158902794123,0.001541117555461824,0.0024993144907057285,8.371339797973633,8.863523483276367,9.77151870727539,8.98786735534668,9.106496810913086,8.858232498168945,9.608236312866211,8.88341236114502,9.805512428283691,10.20088005065918,10.47907829284668,9.927305221557617,10.44416618347168,10.306418418884277,10.981949806213379,10.284823417663574,10.544334411621094,10.418303489685059,10.15997314453125,10.504051208496094,10.162361145019531,11.430245399475098,11.046436309814453,5.291647911071777,3.3499670028686523
133,0.0,0.0012067817151546478,0.002450461033731699,0.003916498739272356,8.487238883972168,8.512659072875977,9.175592422485352,8.929569244384766,8.755582809448242,9.230018615722656,8.66940689086914,9.114095687866211,9.923506736755371,9.241053581237793,10.709073066711426,10.25800609588623,11.105204582214355,10.266554832458496,10.362166404724121,11.052321434020996,10.917677879333496,10.588335990905762,11.199244499206543,11.112658500671387,11.938356399536133,11.51936149597168,11.61734390258789,5.229498386383057,3.1950933933258057
134,0.0,0.0010190618922933936,0.002077281940728426,0.0033067152835428715,8.38106918334961,8.965208053588867,8.618403434753418,8.906793594360352,8.2426118850708,8.835990905761719,9.088883399963379,9.637758255004883,10.062946319580078,10.274367332458496,10.667338371276855,10.278884887695312,10.50266170501709,9.775053977966309,9.644853591918945,11.884809494018555,11.141838073730469,11.626506805419922,10.862945556640625,9.872232437133789,11.841265678405762,11.971323013305664,11.362524032592773,6.5070481300354,4.271457195281982
135,0.0,0.0009428179473616183,0.0018750685267150402,0.003002087352797389,8.448751449584961,8.973017692565918,8.791681289672852,9.475889205932617,8.516556739807129,9.631436347961426,9.018808364868164,8.894536972045898,9.995569229125977,9.615227699279785,9.353377342224121,9.624481201171875,10.701498031616211,10.148508071899414,10.094351768493652,10.730121612548828,10.134135246276855,11.197982788085938,10.583609580993652,11.555461883544922,11.657322883605957,12.395550727844238,11.919816017150879,5.930499076843262,3.8532087802886963
136,0.0,0.0008490998880006373,0.001692984951660037,0.002769238082692027,8.480652809143066,8.69431209564209,9.187739372253418,9.06710433959961,9.5576171875,9.08975887298584,8.804670333862305,8.271871566772461,10.094850540161133,9.94095516204834,9.844610214233398,9.381889343261719,10.087717056274414,9.874763488769531,11.215920448303223,10.184415817260742,10.112144470214844,10.023260116577148,10.63615608215332,11.229645729064941,11.303339958190918,11.497215270996094,11.04358196258545,5.9680495262146,3.565453290939331
137,0.0,0.0009294303017668426,0.0019785568583756685,0.0032025256659835577,8.645350456237793,8.714695930480957,9.153658866882324,8.633390426635742,8.251249313354492,9.043272018432617,9.509621620178223,9.012761116027832,10.078228950500488,9.178820610046387,10.27531623840332,10.457390785217285,10.433595657348633,10.370028495788574,10.373068809509277,9.032691955566406,10.265875816345215,10.871971130371094,10.635650634765625,10.675914764404297,11.718024253845215,11.901979446411133,11.633877754211426,6.091434478759766,4.03495979309082
138,0.0,0.0007095480686984956,0.0013563970569521189,0.0021609978284686804,8.170504570007324,9.055119514465332,8.973859786987305,9.034330368041992,8.694355010986328,8.581134796142578,8.89100456237793,8.877523422241211,9.817161560058594,9.875004768371582,10.066146850585938,10.538105964660645,10.468647003173828,10.324982643127441,10.459367752075195,9.846753120422363,11.188414573669434,10.682951927185059,11.116706848144531,11.132011413574219,11.043843269348145,12.722092628479004,11.1688871383667,5.2351555824279785,3.5563249588012695
139,0.0,0.0008761354838497937,0.0017537554958835244,0.0029625564347952604,8.102693557739258,9.432799339294434,9.535191535949707,8.924019813537598,8.936474800109863,9.179607391357422,8.664924621582031,9.539725303649902,9.678434371948242,10.151694297790527,9.083951950073242,11.04903793334961,10.589567184448242,10.013395309448242,10.460411071777344,10.142282485961914,9.976832389831543,10.8851900100708,10.011006355285645,11.230314254760742,11.883594512939453,11.860066413879395,11.019742965698242,6.202054977416992,3.769728183746338
140,0.0,0.0009112436091527343,0.0017788709374144673,0.00284464075230062,8.645421981811523,9.314289093017578,9.362548828125,8.484450340270996,9.284067153930664,8.97970962524414,8.226493835449219,8.560718536376953,10.438271522521973,9.703460693359375,9.261796951293945,10.026808738708496,9.634930610656738,11.820943832397461,10.112287521362305,10.352486610412598,10.952725410461426,9.791937828063965,10.783909797668457,11.053866386413574,10.864209175109863,12.386101722717285,10.717174530029297,5.226417541503906,3.048633098602295
141,0.0,0.0007465037633664906,0.0014883707044646144,0.0024242643266916275,8.08242416381836,8.712398529052734,8.7196683883667,8.196508407592773,8.336613655090332,8.896560668945312,8.481093406677246,9.050084114074707,9.98678207397461,9.91843318939209,10.24528694152832,10.422332763671875,11.120609283447266,9.59963607788086,10.714654922485352,10.147652626037598,10.416930198669434,10.57777214050293,10.875177383422852,10.286752700805664,12.321897506713867,12.38465404510498,11.061593055725098,5.340127944946289,3.324307441711426
142,0.0,0.000796585634816438,0.0015293450560420752,0.0023902179673314095,8.223097801208496,8.921149253845215,8.509973526000977,8.726470947265625,9.218672752380371,9.739686965942383,9.638222694396973,9.468254089355469,10.114792823791504,9.54438591003418,10.2290620803833,10.279178619384766,9.360291481018066,10.054308891296387,9.344902992248535,10.718498229980469,9.892022132873535,10.459748268127441,10.381185531616211,10.57663345336914,10.824668884277344,12.146369934082031,11.292485237121582,5.753803730010986,3.6642565727233887
143,0.0,0.000948017870541662,0.001828183070756495,0.003013265784829855,7.923084735870361,8.7872314453125,8.723002433776855,9.128392219543457,8.778684616088867,8.846864700317383,8.526464462280273,8.853126525878906,9.495063781738281,9.83820915222168,10.282865524291992,10.412237167358398,10.544158935546875,11.044779777526855,9.849211692810059,9.814238548278809,9.650163650512695,10.47951889038086,10.471006393432617,11.143315315246582,11.167265892028809,11.913300514221191,10.153959274291992,5.165682792663574,3.1881558895111084
144,0.0,0.000776373315602541,0.0015173646388575435,0.0024810766335576773,8.93647575378418,9.300237655639648,8.852668762207031,9.405998229980469,8.894674301147461,8.89754581451416,8.877606391906738,8.70241641998291,10.127429962158203,10.349308967590332,10.256336212158203,9.434679985046387,10.383747100830078,10.343123435974121,10.59893798828125,9.588521003723145,10.05749225616455,10.745489120483398,10.825285911560059,10.08254623413086,10.875476837158203,11.792211532592773,11.393587112426758,6.088775157928467,4.020143032073975
145,0.0,0.0008031073957681656,0.0015962172765284777,0.002596733160316944,8.885979652404785,10.119926452636719,9.308276176452637,9.30459976196289,8.980894088745117,8.839715003967285,9.500452041625977,8.139699935913086,9.30156135559082,10.013222694396973,10.07194709777832,10.202010154724121,9.767800331115723,10.524994850158691,10.67452621459961,10.643506050109863,10.456575393676758,10.005927085876465,10.69260025024414,11.130046844482422,11.405678749084473,11.665346145629883,11.821807861328125,5.504445552825928,3.634913444519043
146,0.0,0.000803073460701853,0.001533138332888484,0.0024353431072086096,8.103622436523438,9.29492473602295,9.090463638305664,8.77370834350586,8.912371635437012,9.097723007202148,8.984402656555176,9.687925338745117,9.397822380065918,10.8052339553833,9.915460586547852,9.964237213134766,10.010933876037598,9.922205924987793,10.315922737121582,9.992531776428223,10.590340614318848,9.409022331237793,10.897629737854004,11.072678565979004,10.613314628601074,12.331853866577148,11.214946746826172,5.347103595733643,3.444143772125244
147,0.0,0.0008788024424575269,0.0018820205004885793,0.0030125214252620935,7.561913967132568,8.88687515258789,8.772868156433105,9.584166526794434,8.73054027557373,8.729506492614746,8.538331985473633,9.479591369628906,10.315656661987305,9.932083129882812,9.886591911315918,10.134735107421875,10.161539077758789,10.124185562133789,10.458524703979492,11.097204208374023,10.724756240844727,10.538201332092285,10.76035213470459,11.512345314025879,11.557068824768066,12.074310302734375,11.981735229492188,6.11357307434082,3.7111620903015137
148,0.0,0.0007843574858270586,0.0015121281612664461,0.0024970094673335552,8.368061065673828,8.300135612487793,9.00908088684082,9.204517364501953,8.5614595413208,9.048166275024414,8.616767883300781,8.568826675415039,10.1885404586792,10.049690246582031,9.572821617126465,9.456475257873535,9.838729858398438,10.50446605682373,10.017230033874512,10.496832847595215,10.408207893371582,10.466447830200195,11.01837158203125,11.23411750793457,11.516701698303223,12.231403350830078,11.527175903320312,5.397423267364502,3.451923370361328
149,0.0,0.0011382338125258684,0.002286656526848674,0.0039643794298172,8.964045524597168,9.414934158325195,9.115084648132324,8.68134880065918,9.681638717651367,9.12734317779541,8.452751159667969,9.133727073669434,9.800140380859375,10.818307876586914,10.225419044494629,9.638321876525879,9.85280704498291,10.516029357910156,10.859170913696289,10.829977035522461,10.833379745483398,10.626832962036133,10.82354736328125,11.631818771362305,11.64521312713623,13.081974983215332,11.23379135131836,6.035738468170166,4.415605068206787
150,0.0,0.0010305896867066622,0.00210739579051733,0.003454765537753701,7.6834564208984375,8.502767562866211,9.147933959960938,8.178462028503418,9.445235252380371,9.194886207580566,9.14601993560791,9.064264297485352,9.590167999267578,9.657856941223145,10.30880355834961,10.66201114654541,9.999582290649414,9.947147369384766,11.1231050491333,11.01909065246582,11.268657684326172,10.406475067138672,10.403517723083496,10.32878589630127,11.133011817932129,12.418521881103516,11.723551750183105,5.6018195152282715,3.416332483291626
151,0.0,0.0008580684079788625,0.001775397453457117,0.0029187588952481747,8.765408515930176,8.767210960388184,9.105244636535645,9.033463478088379,8.7738037109375,9.544964790344238,7.63222599029541,9.10828685760498,9.631959915161133,9.84759521484375,9.835797309875488,10.716115951538086,9.533014297485352,10.00733470916748,10.430773735046387,10.698027610778809,10.764766693115234,10.367308616638184,10.240729331970215,10.179394721984863,10.356588363647461,12.088494300842285,11.00973892211914,5.027464866638184,2.9998693466186523
152,0.0,0.0008553412626497447,0.001698508858680725,0.0027444367296993732,8.480363845825195,9.428324699401855,8.813705444335938,8.201068878173828,8.822555541992188,9.100004196166992,8.609804153442383,8.831291198730469,9.518730163574219,10.21502685546875,9.859416007995605,10.105685234069824,10.108731269836426,9.424705505371094,10.299564361572266,9.861078262329102,11.009769439697266,9.486137390136719,10.604783058166504,10.489969253540039,11.808250427246094,12.794424057006836,11.522932052612305,6.529706954956055,4.0984930992126465
153,0.0,0.0008750350680202246,0.0016840703319758177,0.002739999210461974,7.755963325500488,9.341222763061523,9.518481254577637,9.450860023498535,9.112217903137207,9.793692588806152,9.157652854919434,9.13996696472168,10.041855812072754,9.66324520111084,10.062846183776855,9.837143898010254,10.332869529724121,10.595943450927734,10.063736915588379,9.745868682861328,10.924148559570312,10.120104789733887,11.456323623657227,10.712510108947754,11.415651321411133,12.301375389099121,12.228403091430664,5.926977634429932,4.058779239654541
154,0.0,0.0008990784408524632,0.0018132844706997275,0.0030414348002523184,8.775548934936523,8.992717742919922,9.226066589355469,8.514400482177734,9.21983814239502,9.3214693069458,8.758678436279297,8.787444114685059,9.564345359802246,10.151823997497559,9.854351997375488,10.729804992675781,9.920125007629395,10.858959197998047,10.237464904785156,10.580430030822754,10.29904842376709,10.59679126739502,10.990570068359375,11.33381462097168,11.59200668334961,12.253545761108398,11.349098205566406,4.967135906219482,2.9958784580230713
155,0.0,0.0009395590168423951,0.0018578225281089544,0.0029464345425367355,8.684102058410645,8.694063186645508,8.503491401672363,9.520354270935059,8.339583396911621,9.010221481323242,8.785094261169434,9.414098739624023,10.254161834716797,9.863515853881836,9.449302673339844,10.73248291015625,10.831791877746582,9.528640747070312,10.543704986572266,11.188286781311035,10.828100204467773,11.022299766540527,10.580618858337402,11.60439682006836,11.979836463928223,12.917976379394531,11.099867820739746,6.043830394744873,3.627884864807129
156,0.0,0.0016477478202432394,0.0036805598065257072,0.006078371312469244,8.56205940246582,9.270689010620117,9.160930633544922,9.19870376586914,8.973559379577637,8.874650001525879,8.819656372070312,9.176843643188477,9.715293884277344,9.831002235412598,9.269786834716797,9.902339935302734,10.2533597946167,10.044291496276855,10.995621681213379,10.813518524169922,10.880953788757324,10.498958587646484,11.197725296020508,11.224066734313965,11.746633529663086,12.111443519592285,11.690220832824707,6.6570658683776855,3.47947096824646
157,0.0,0.0008319469052366912,0.0015992186963558197,0.0026619029231369495,8.00399112701416,8.377124786376953,8.023637771606445,9.210283279418945,8.791766166687012,9.101679801940918,8.796558380126953,8.234004974365234,9.095043182373047,9.946403503417969,10.693075180053711,10.103547096252441,10.733744621276855,10.457254409790039,9.585411071777344,10.56467056274414,10.30972957611084,10.521480560302734,11.739846229553223,11.022965431213379,11.05587100982666,11.227544784545898,11.077333450317383,5.397824287414551,3.6069400310516357
158,0.0,0.0012954799458384514,0.002701651770621538,0.004440119490027428,8.819719314575195,9.11712646484375,8.320440292358398,9.36709976196289,9.459671974182129,8.453935623168945,8.767061233520508,8.827086448669434,10.347309112548828,10.63589096069336,9.6533203125,10.189355850219727,10.425798416137695,10.759334564208984,10.14455509185791,10.06174373626709,10.868352890014648,10.192168235778809,10.030586242675781,11.441773414611816,11.681951522827148,11.822051048278809,12.177879333496094,7.181038856506348,3.9857277870178223
159,0.0,0.0009566140943206847,0.0018730182200670242,0.0031426497735083103,8.550862312316895,8.528196334838867,8.8951997756958,8.976105690002441,9.074963569641113,9.172018051147461,8.941903114318848,8.765573501586914,10.040373802185059,10.700748443603516,9.742462158203125,9.750044822692871,10.723418235778809,10.235013961791992,10.586668014526367,10.206488609313965,10.960222244262695,9.504595756530762,10.70504379272461,10.655670166015625,11.722723007202148,12.226859092712402,12.22256088256836,6.623437881469727,3.9667882919311523
160,0.0,0.0009025049512274563,0.001805887441150844,0.002949662273749709,8.40998649597168,8.957554817199707,8.139253616333008,9.39008617401123,8.419093132019043,9.067526817321777,8.656508445739746,9.573960304260254,10.387133598327637,10.107892990112305,10.125835418701172,10.947388648986816,10.173514366149902,10.252705574035645,10.591404914855957,10.826441764831543,10.32459831237793,10.919342041015625,10.958592414855957,10.615560531616211,12.440442085266113,12.654740333557129,11.38814926147461,5.534822463989258,3.5258047580718994
161,0.0,0.0008449082961305976,0.0017132883658632636,0.0027629495598375797,8.819753646850586,8.461216926574707,8.92701244354248,9.072154998779297,8.782980918884277,8.975499153137207,9.308685302734375,8.74816608428955,9.884344100952148,10.489103317260742,10.397077560424805,10.46442699432373,10.729887008666992,10.35257625579834,10.61086368560791,10.338296890258789,10.748366355895996,9.96939468383789,11.346060752868652,10.113195419311523,11.223458290100098,11.390877723693848,11.232125282287598,6.093789577484131,3.4744772911071777
162,0.0,0.0011138916015625,0.002348247217014432,0.0037745521403849125,8.16231918334961,9.39500904083252,8.077558517456055,8.893070220947266,9.612004280090332,8.58702278137207,9.216289520263672,8.918018341064453,10.214323043823242,9.753487586975098,9.489850044250488,9.913993835449219,10.959582328796387,9.479551315307617,10.381682395935059,11.10444450378418,11.060885429382324,11.619088172912598,10.25815486907959,11.170616149902344,11.619704246520996,12.986587524414062,12.999751091003418,7.8705315589904785,4.815243721008301
163,0.0,0.0009770708857104182,0.0020209604408591986,0.003249503206461668,8.077675819396973,9.528276443481445,8.302221298217773,8.579609870910645,8.901283264160156,9.394219398498535,8.899516105651855,9.449028015136719,10.613255500793457,9.4486665725708,10.012947082519531,9.116893768310547,10.137433052062988,10.867703437805176,10.139654159545898,10.024316787719727,10.050918579101562,10.511043548583984,9.86174488067627,10.549461364746094,10.627113342285156,12.162626266479492,11.430158615112305,5.381953716278076,3.0508358478546143
164,0.0,0.0009829711634665728,0.0019159707007929683,0.0031309747137129307,8.19179916381836,8.919418334960938,8.524951934814453,8.661662101745605,8.880213737487793,9.278875350952148,8.262716293334961,9.069066047668457,9.781381607055664,9.757527351379395,10.16966438293457,9.701056480407715,9.456235885620117,10.659156799316406,9.651985168457031,10.440080642700195,10.102109909057617,10.836854934692383,9.726426124572754,11.581306457519531,10.77048397064209,11.391077995300293,11.351542472839355,5.185338497161865,2.9005186557769775
165,0.0,0.0008550451602786779,0.0016831825487315655,0.00262724282220006,8.183087348937988,8.673666954040527,8.14413833618164,9.331932067871094,9.442791938781738,9.678252220153809,8.429139137268066,8.879983901977539,9.313222885131836,9.405327796936035,9.868741035461426,9.789928436279297,9.460722923278809,10.043262481689453,9.85619831085205,10.807350158691406,11.188081741333008,10.984601974487305,9.766938209533691,9.924128532409668,11.056160926818848,12.340404510498047,10.50448989868164,5.528857707977295,3.6636085510253906
166,0.0,0.0008677470614202321,0.0017617173725739121,0.002884477376937866,7.838139533996582,8.676828384399414,9.476802825927734,8.402801513671875,9.07032299041748,8.656044960021973,8.853317260742188,9.024283409118652,9.984065055847168,10.429177284240723,10.962592124938965,9.85183334350586,10.540607452392578,9.501039505004883,10.385673522949219,10.25094985961914,10.950428009033203,10.59292221069336,11.131440162658691,10.625577926635742,11.348665237426758,11.556405067443848,11.736861228942871,5.866893768310547,3.7546865940093994
167,0.0,0.0008963218424469233,0.0017706480575725436,0.003004034049808979,8.673959732055664,8.514838218688965,8.934289932250977,9.553287506103516,8.564558982849121,8.4229097366333,8.901511192321777,9.033181190490723,9.756574630737305,9.868215560913086,10.342972755432129,9.706114768981934,10.77756404876709,10.113019943237305,10.294349670410156,9.981245040893555,10.708749771118164,10.081947326660156,11.049001693725586,11.476162910461426,11.211559295654297,12.512139320373535,11.683079719543457,6.367053031921387,4.102522850036621
168,0.0,0.000858510669786483,0.001757439342327416,0.0027730402071028948,8.51097297668457,8.633755683898926,8.539568901062012,8.869035720825195,8.862075805664062,9.013298034667969,9.403838157653809,9.503161430358887,10.208897590637207,10.090730667114258,9.601972579956055,10.356447219848633,9.654092788696289,10.044392585754395,10.302641868591309,10.134160995483398,10.312305450439453,10.522162437438965,10.4740571975708,10.638535499572754,10.762367248535156,12.541017532348633,11.136232376098633,5.6355881690979,3.45649790763855
169,0.0,0.0009588733082637191,0.0018875362584367394,0.003034783061593771,7.871891975402832,8.517617225646973,8.898015975952148,9.353303909301758,8.697369575500488,8.979598045349121,8.940930366516113,9.105912208557129,10.357978820800781,9.658141136169434,10.098736763000488,9.514226913452148,9.717676162719727,10.677143096923828,10.045689582824707,10.914712905883789,10.860221862792969,10.762166023254395,10.973581314086914,10.441643714904785,11.333090782165527,11.317779541015625,11.335943222045898,6.135950088500977,3.658895254135132
170,0.0,0.000822518253698945,0.001593535067513585,0.0024531979579478502,8.32139778137207,8.756386756896973,9.44773006439209,9.008865356445312,8.671646118164062,9.304960250854492,8.251388549804688,8.674297332763672,9.406682014465332,9.868408203125,9.988442420959473,9.44186782836914,10.586507797241211,10.633721351623535,10.46218490600586,10.814008712768555,10.677962303161621,10.861004829406738,11.776533126831055,10.526288986206055,11.344376564025879,12.006648063659668,11.519561767578125,6.519432067871094,4.399377346038818
171,0.0,0.0010037180036306381,0.0020666634663939476,0.0034596258774399757,8.084990501403809,8.873613357543945,9.518204689025879,9.117010116577148,8.914061546325684,9.082375526428223,8.988332748413086,9.33714771270752,9.997359275817871,10.12791633605957,10.415470123291016,10.25291919708252,10.27276611328125,10.57087230682373,11.449308395385742,9.81785774230957,11.565356254577637,10.61867618560791,10.47074031829834,11.371713638305664,11.143074989318848,12.617889404296875,12.193253517150879,6.709801197052002,4.288936614990234
172,0.0,0.0007734803948551416,0.0015065718907862902,0.002438443247228861,8.287994384765625,8.939834594726562,9.019079208374023,9.639445304870605,9.184611320495605,9.21013355255127,9.506890296936035,8.475204467773438,9.670408248901367,9.678976058959961,9.852242469787598,10.598288536071777,10.042935371398926,10.25285816192627,10.054052352905273,9.806967735290527,11.175938606262207,10.467035293579102,11.460722923278809,10.612217903137207,10.887383460998535,11.883169174194336,10.869820594787598,5.00832986831665,3.090183734893799
173,0.0,0.0008507152087986469,0.0017394821625202894,0.0028486899100244045,8.405655860900879,9.002822875976562,8.867238998413086,9.85209846496582,9.059810638427734,8.377861022949219,9.198626518249512,9.254785537719727,9.613187789916992,9.899685859680176,10.103902816772461,11.00543212890625,10.755431175231934,10.503649711608887,10.582141876220703,11.2523832321167,10.477590560913086,9.879725456237793,10.230391502380371,11.525592803955078,11.16001033782959,11.616555213928223,10.761598587036133,5.110968589782715,3.2404234409332275
174,0.0,0.0007688270416110754,0.0014800663338974118,0.0023662373423576355,8.917357444763184,8.720709800720215,9.202553749084473,10.300400733947754,8.926867485046387,8.357150077819824,8.110130310058594,8.710785865783691,11.008657455444336,9.403544425964355,10.265684127807617,10.005857467651367,9.558338165283203,10.756783485412598,10.237781524658203,10.820767402648926,11.160449981689453,10.366534233093262,9.874814987182617,11.426056861877441,11.183659553527832,11.863014221191406,10.614575386047363,5.054789066314697,3.326777458190918
175,0.0,0.0009360674303025007,0.001886852434836328,0.0029056076891720295,8.929471969604492,8.476930618286133,8.595967292785645,8.849333763122559,9.560102462768555,9.517447471618652,9.200410842895508,8.847846984863281,8.77409553527832,10.110395431518555,10.612958908081055,9.755199432373047,10.714865684509277,10.093092918395996,10.042062759399414,10.22399616241455,10.225838661193848,10.371354103088379,10.86070442199707,10.754707336425781,10.90334415435791,13.279959678649902,11.870382308959961,7.3826751708984375,5.1523895263671875
176,0.0,0.0008280300535261631,0.0017869251314550638,0.002883725566789508,8.414634704589844,8.207947731018066,8.946295738220215,8.355842590332031,8.25477123260498,9.270563125610352,8.860176086425781,8.303750991821289,9.716105461120605,10.170392036437988,9.79311466217041,9.745786666870117,10.486111640930176,10.047385215759277,10.11412525177002,10.339836120605469,9.872520446777344,10.636876106262207,10.426445007324219,10.723666191101074,11.086033821105957,12.11424446105957,10.879278182983398,5.496578216552734,3.361154079437256
177,0.0,0.0008913505589589477,0.001732283504679799,0.0028560489881783724,8.630128860473633,9.077488899230957,9.320839881896973,8.977592468261719,8.816888809204102,8.913752555847168,9.068721771240234,8.329955101013184,9.388382911682129,9.863394737243652,9.688461303710938,9.729264259338379,10.231021881103516,9.544955253601074,10.31562328338623,10.084053039550781,10.337472915649414,9.936027526855469,11.231515884399414,11.154909133911133,11.5343017578125,11.360651016235352,11.507036209106445,5.647185325622559,3.5795094966888428
178,0.0,0.0008106766035780311,0.0016561518423259258,0.002746458165347576,8.227621078491211,8.583078384399414,8.206047058105469,8.525242805480957,8.440217971801758,8.755979537963867,8.557699203491211,9.051124572753906,9.660563468933105,10.05957317352295,10.487289428710938,9.783884048461914,10.115751266479492,10.654699325561523,9.952442169189453,9.920836448669434,11.716111183166504,9.9125337600708,11.18907642364502,11.403467178344727,10.416661262512207,11.443323135375977,11.939687728881836,5.972527027130127,3.4683408737182617
179,0.0,0.0007350862142629921,0.001432229531928897,0.002368938410654664,8.245049476623535,10.155670166015625,8.773168563842773,8.744193077087402,9.238465309143066,9.582194328308105,8.68565845489502,9.085968971252441,9.942669868469238,10.802242279052734,10.38793659210205,10.291172981262207,9.579275131225586,10.172959327697754,10.37679386138916,10.424054145812988,10.834033012390137,10.960980415344238,11.167287826538086,10.914926528930664,12.062561988830566,12.309953689575195,11.543191909790039,5.55938720703125,3.386997699737549
180,0.0,0.000886493013240397,0.0017689034575596452,0.0028053794521838427,8.751555442810059,9.120336532592773,8.608566284179688,9.543533325195312,8.99538516998291,8.798404693603516,9.246658325195312,9.169339179992676,9.249296188354492,10.589055061340332,10.4421968460083,10.416158676147461,10.127917289733887,10.566329002380371,10.459632873535156,9.454427719116211,10.432971000671387,10.901877403259277,10.673881530761719,11.191332817077637,11.317402839660645,12.191788673400879,11.818387031555176,6.482524871826172,4.166692733764648
181,0.0,0.0010217493399977684,0.0020164165180176497,0.003224942134693265,8.359678268432617,8.401966094970703,8.054133415222168,8.992472648620605,8.83377456665039,8.78650951385498,9.029533386230469,8.469121932983398,9.492537498474121,9.472320556640625,10.356045722961426,10.052170753479004,10.924688339233398,11.28286361694336,11.302068710327148,10.947991371154785,10.01820182800293,9.966519355773926,10.86302661895752,10.552742004394531,11.366416931152344,12.559404373168945,11.958240509033203,7.3927226066589355,4.374088764190674
182,0.0,0.0008652065298520029,0.0017219403525814414,0.002689942019060254,8.261734962463379,8.69052505493164,9.38890266418457,9.255288124084473,8.926815032958984,8.998672485351562,9.435295104980469,8.538166046142578,9.918760299682617,10.135656356811523,10.049586296081543,9.547541618347168,10.842676162719727,10.60547161102295,10.897180557250977,10.389029502868652,10.339146614074707,10.5481538772583,9.974921226501465,10.551859855651855,11.203596115112305,11.586151123046875,10.655183792114258,5.109975337982178,3.0961549282073975
183,0.0,0.0009128959500230849,0.0017957211239263415,0.0028999701607972383,8.683998107910156,9.480268478393555,8.026694297790527,9.525190353393555,8.755046844482422,9.233711242675781,9.504828453063965,9.414934158325195,10.875808715820312,9.583057403564453,10.508878707885742,9.879846572875977,9.826866149902344,10.440857887268066,10.692750930786133,10.559161186218262,10.806962966918945,10.41230297088623,11.26579475402832,10.988353729248047,11.29278564453125,11.62724494934082,11.0362548828125,5.528779029846191,3.572519540786743
184,0.0,0.0009582839556969702,0.0018569473177194595,0.003024742705747485,8.825667381286621,8.813084602355957,9.070852279663086,9.262907028198242,8.824692726135254,8.802653312683105,9.380986213684082,8.895281791687012,8.753094673156738,9.75920581817627,10.881194114685059,10.738946914672852,10.368474006652832,10.141221046447754,10.092497825622559,10.273805618286133,10.854133605957031,9.99242115020752,11.047658920288086,10.618027687072754,11.133865356445312,11.462239265441895,11.317529678344727,5.14549446105957,3.1216557025909424
185,0.0,0.0007987054414115846,0.0015679607167840004,0.002547290874645114,8.200531959533691,9.088886260986328,9.147367477416992,9.142049789428711,9.080221176147461,8.64436149597168,9.05929183959961,8.993565559387207,10.23328685760498,8.575994491577148,9.612642288208008,9.9483060836792,10.591464042663574,10.20849323272705,10.126652717590332,10.068705558776855,10.885553359985352,11.013639450073242,10.648768424987793,10.837916374206543,11.053049087524414,12.241219520568848,11.305195808410645,5.71032190322876,3.629929780960083
186,0.0,0.0010112838353961706,0.002003616187721491,0.0035316594876348972,8.142696380615234,8.895183563232422,9.152652740478516,8.800918579101562,8.821061134338379,9.013264656066895,9.092119216918945,9.671125411987305,9.983139991760254,10.15720272064209,10.111186981201172,10.445283889770508,10.012365341186523,10.83529281616211,10.73962116241455,9.638620376586914,10.92298412322998,10.326653480529785,9.686724662780762,10.573443412780762,11.266204833984375,12.083476066589355,11.533955574035645,5.6231465339660645,3.3114380836486816
187,0.0,0.0008464647107757628,0.0016814692644402385,0.0027040441054850817,8.622879028320312,8.307748794555664,8.988576889038086,8.449915885925293,8.865981101989746,9.05213451385498,9.139504432678223,9.142773628234863,9.551154136657715,9.999778747558594,9.936956405639648,9.817164421081543,10.450862884521484,10.668657302856445,9.90888500213623,9.618955612182617,10.893362045288086,9.605062484741211,10.064340591430664,10.457162857055664,10.580493927001953,12.740547180175781,10.524262428283691,5.383916854858398,3.6630449295043945
188,0.0,0.0007726183393970132,0.0014675953425467014,0.0024974308907985687,8.690086364746094,9.036563873291016,9.20858097076416,9.442031860351562,7.7527241706848145,8.929370880126953,8.994680404663086,9.536304473876953,10.119355201721191,9.639039993286133,9.53065299987793,9.743560791015625,10.624926567077637,11.196754455566406,10.615096092224121,10.263387680053711,10.86528205871582,10.150796890258789,10.300850868225098,10.405413627624512,11.405269622802734,11.907464027404785,12.036833763122559,6.703344345092773,4.689435958862305
189,0.0,0.0008419232908636332,0.0016580906230956316,0.0026853689923882484,8.368911743164062,9.42443561553955,9.24085807800293,9.36510944366455,9.31099796295166,8.589385986328125,8.9813871383667,8.641966819763184,10.073310852050781,10.484016418457031,9.298627853393555,9.571927070617676,10.700740814208984,10.320545196533203,10.436596870422363,10.325295448303223,10.69715690612793,11.070138931274414,10.851903915405273,11.120970726013184,11.38677978515625,11.604018211364746,10.976353645324707,5.389578342437744,3.3950767517089844
190,0.0,0.0008806965197436512,0.0018097766442224383,0.002714787609875202,8.080692291259766,9.053714752197266,9.142814636230469,8.630680084228516,8.023080825805664,8.24151611328125,8.94798469543457,8.539584159851074,9.643662452697754,10.568657875061035,10.682143211364746,9.236334800720215,10.94273853302002,9.745946884155273,11.634521484375,10.899314880371094,10.110955238342285,10.338497161865234,10.615272521972656,10.252593994140625,11.385549545288086,11.93966293334961,11.45683479309082,5.917043209075928,3.6615357398986816
191,0.0,0.0008215919369831681,0.0015317447250708938,0.0025683180429041386,8.43776798248291,8.255609512329102,8.351414680480957,9.070648193359375,8.79672908782959,8.978073120117188,9.212325096130371,9.103157043457031,9.554228782653809,9.699414253234863,10.369556427001953,10.194705963134766,10.97270393371582,10.101595878601074,10.984237670898438,10.87142276763916,10.613775253295898,10.74437141418457,10.764893531799316,10.909684181213379,11.678348541259766,11.556570053100586,10.62779712677002,5.378302097320557,3.33573579788208
192,0.0,0.0007318367133848369,0.0014482516562566161,0.0023740397300571203,8.462532043457031,8.609933853149414,8.831378936767578,8.972664833068848,9.055718421936035,8.611403465270996,8.965065956115723,9.222396850585938,9.522124290466309,9.949695587158203,10.065879821777344,9.491857528686523,10.925065040588379,9.4840726852417,10.72092056274414,10.828322410583496,11.122654914855957,10.87366008758545,10.673908233642578,11.569336891174316,10.822428703308105,11.959762573242188,10.874176979064941,5.388442516326904,3.6580703258514404
193,0.0,0.0012448454508557916,0.002732751192525029,0.0042202468030154705,8.417545318603516,8.54720687866211,8.968082427978516,8.819756507873535,8.809484481811523,9.667485237121582,8.898541450500488,8.250920295715332,10.17816162109375,9.534520149230957,10.197463989257812,11.213578224182129,9.546542167663574,10.246402740478516,10.250044822692871,10.522123336791992,11.177796363830566,9.813987731933594,10.684428215026855,11.037196159362793,11.164689064025879,12.466922760009766,11.07324504852295,5.5782599449157715,2.9900920391082764
194,0.0,0.0008254167623817921,0.0016029165126383305,0.0024438390973955393,8.378515243530273,8.7321195602417,9.065951347351074,9.92652416229248,9.711719512939453,9.194846153259277,9.253289222717285,8.663769721984863,10.214932441711426,9.838095664978027,9.730502128601074,9.69731330871582,10.285834312438965,10.454541206359863,10.845504760742188,10.397555351257324,9.713951110839844,10.281156539916992,10.221667289733887,10.753302574157715,11.059432029724121,12.552078247070312,10.974881172180176,5.201023578643799,3.381272077560425
195,0.0,0.0008543949224986136,0.0016404612688347697,0.0027749142609536648,9.274348258972168,8.561857223510742,8.828317642211914,8.265168190002441,8.574775695800781,9.31856632232666,8.725363731384277,8.800812721252441,9.07265853881836,11.058830261230469,9.772722244262695,10.555325508117676,9.74244499206543,10.761056900024414,10.681114196777344,9.944534301757812,9.984233856201172,9.920513153076172,11.067227363586426,11.117181777954102,11.344820976257324,11.928876876831055,11.57085132598877,5.462769985198975,3.3593082427978516
196,0.0,0.0008577383123338223,0.0017819992499426007,0.0027613129932433367,7.964700698852539,8.830310821533203,9.454218864440918,8.722285270690918,9.604053497314453,8.616433143615723,8.934818267822266,9.413398742675781,9.554405212402344,9.664466857910156,10.200282096862793,9.987285614013672,11.036726951599121,10.50969409942627,10.142951965332031,11.121846199035645,10.349908828735352,10.4215669631958,10.661332130432129,11.102117538452148,11.249944686889648,10.997528076171875,11.564812660217285,5.485165119171143,3.288374662399292
197,0.0,0.0009426428587175906,0.0019142242381349206,0.0031530901324003935,8.507421493530273,8.56663990020752,8.659172058105469,9.208250045776367,9.527515411376953,9.418272972106934,8.520529747009277,8.405487060546875,9.983624458312988,10.397322654724121,9.683775901794434,9.877964973449707,10.142339706420898,10.126015663146973,9.470316886901855,9.796430587768555,10.760350227355957,11.467177391052246,10.36656665802002,10.233109474182129,11.444252967834473,11.929606437683105,11.536295890808105,5.989682674407959,3.538902997970581
198,0.0,0.0008158834534697235,0.0015434656525030732,0.002508631907403469,8.07800006866455,9.440975189208984,8.621676445007324,8.849726676940918,8.727407455444336,9.232611656188965,9.114686965942383,9.349379539489746,8.933362007141113,10.3149995803833,10.790830612182617,9.034046173095703,9.887951850891113,10.23928165435791,10.324366569519043,10.873482704162598,9.908758163452148,10.471487045288086,11.879190444946289,10.366666793823242,10.732853889465332,11.3510160446167,10.753275871276855,5.303661346435547,3.43324875831604
199,0.0,0.0008137264521792531,0.0015966835198923945,0.0026112725026905537,7.956029891967773,9.127068519592285,9.16797161102295,8.480451583862305,8.547140121459961,9.307138442993164,9.126875877380371,8.985889434814453,9.803311347961426,10.046374320983887,10.029627799987793,10.160340309143066,10.058367729187012,10.744118690490723,10.042694091796875,10.242499351501465,10.56500244140625,11.046867370605469,10.09968376159668,9.936712265014648,11.133041381835938,12.87044620513916,11.5887451171875,5.824592113494873,3.7488746643066406
200,0.0,0.0007957738707773387,0.0015382204437628388,0.002470687497407198,8.449331283569336,9.068079948425293,8.010993003845215,9.91079330444336,9.130949974060059,8.357402801513672,8.777459144592285,9.621521949768066,9.60777759552002,10.657195091247559,9.494170188903809,11.168810844421387,10.35381031036377,10.593090057373047,10.472092628479004,10.564840316772461,9.687475204467773,10.731842041015625,10.45962905883789,11.239614486694336,11.286449432373047,11.784708976745605,10.860397338867188,5.570733070373535,3.7813169956207275
201,0.0,0.0008366609690710902,0.0016428467351943254,0.0027523257303982973,8.0005464553833,9.273709297180176,8.763723373413086,8.932087898254395,9.437674522399902,8.532404899597168,8.471714973449707,9.236647605895996,9.382735252380371,10.070990562438965,9.651008605957031,9.31380558013916,9.32674503326416,11.549098014831543,10.645594596862793,10.491605758666992,9.702552795410156,10.411699295043945,10.572036743164062,10.774859428405762,10.706988334655762,11.887771606445312,11.477808952331543,5.336470603942871,3.4698326587677
202,0.0,0.0009134315769188106,0.0018805128056555986,0.003056030720472336,8.747278213500977,9.377577781677246,8.781970977783203,8.731913566589355,8.985345840454102,8.934597969055176,9.029221534729004,8.877021789550781,8.94961929321289,9.825547218322754,9.68010425567627,10.636966705322266,10.06190299987793,10.292237281799316,10.423656463623047,10.01677417755127,10.175925254821777,10.81545639038086,10.638166427612305,10.848932266235352,11.176387786865234,11.863129615783691,11.164464950561523,5.6054205894470215,3.500450611114502
203,0.0,0.000964550010394305,0.0019452411215752363,0.003119823057204485,8.755680084228516,8.824572563171387,8.596578598022461,9.103379249572754,8.540030479431152,9.062514305114746,9.407308578491211,9.278203964233398,9.43178939819336,10.041409492492676,10.150490760803223,9.904455184936523,10.554884910583496,10.579537391662598,9.991355895996094,10.949383735656738,10.106776237487793,10.973401069641113,11.34972095489502,11.15236759185791,10.91209888458252,13.1422700881958,11.711424827575684,6.703318119049072,4.409317493438721
204,0.0,0.0009653299348428845,0.002038708422333002,0.003252884140238166,8.075987815856934,8.626106262207031,8.967236518859863,9.038951873779297,9.14707088470459,9.14577579498291,7.833171367645264,8.854933738708496,9.924126625061035,9.846345901489258,9.362013816833496,10.625093460083008,10.260644912719727,9.79481315612793,10.131061553955078,10.153590202331543,9.87574291229248,10.059048652648926,10.771936416625977,10.94257640838623,11.74207878112793,11.61162281036377,11.086287498474121,4.791722297668457,2.8937158584594727
205,0.0,0.0007822713232599199,0.0015859431587159634,0.0025004183407872915,8.10252857208252,8.701189041137695,9.449816703796387,8.60346508026123,8.653847694396973,8.72040843963623,9.245532989501953,8.649658203125,10.157000541687012,10.72153377532959,10.196167945861816,10.123969078063965,9.246672630310059,10.155338287353516,10.083907127380371,10.433812141418457,10.387229919433594,10.001049041748047,10.791739463806152,10.381376266479492,11.193070411682129,11.789859771728516,11.703929901123047,5.516564846038818,3.51082706451416
206,0.0,0.0008758199983276427,0.0016412443947046995,0.0027080297004431486,8.375521659851074,9.002572059631348,8.757418632507324,8.743326187133789,8.156083106994629,9.488476753234863,8.996756553649902,8.567499160766602,9.713678359985352,9.603565216064453,9.266763687133789,10.221574783325195,9.426048278808594,10.918985366821289,10.311241149902344,9.424360275268555,9.939159393310547,11.203094482421875,10.886292457580566,10.433451652526855,11.087791442871094,12.40114688873291,11.639090538024902,5.64675235748291,3.3714869022369385
207,0.0,0.0007480583735741675,0.0014208826469257474,0.00242540892213583,8.009309768676758,9.040314674377441,9.183716773986816,9.057544708251953,9.621926307678223,9.279572486877441,8.806264877319336,8.870917320251465,10.540168762207031,9.728666305541992,11.394906997680664,9.856142044067383,10.075611114501953,10.207908630371094,9.169256210327148,10.581686973571777,11.42155933380127,10.408906936645508,10.435566902160645,11.425799369812012,10.260361671447754,11.774726867675781,11.456342697143555,5.524827480316162,3.5845954418182373
208,0.0,0.0008272694540210068,0.0017108805477619171,0.0027094942051917315,8.559028625488281,9.109986305236816,9.324943542480469,9.150915145874023,8.881813049316406,9.401714324951172,9.270106315612793,9.034565925598145,9.782951354980469,10.265508651733398,9.371822357177734,10.064840316772461,10.033856391906738,10.301079750061035,10.04015064239502,10.629426956176758,10.072896957397461,11.193645477294922,10.964938163757324,10.600211143493652,11.387972831726074,12.541019439697266,11.958784103393555,5.476405620574951,3.428865909576416
209,0.0,0.0007948914426378906,0.001514023868367076,0.0023861038498580456,8.537691116333008,9.010095596313477,9.246692657470703,9.170955657958984,8.820265769958496,9.206942558288574,9.153515815734863,8.824289321899414,9.5231294631958,10.237762451171875,9.999378204345703,10.186485290527344,10.044225692749023,10.898526191711426,10.442920684814453,10.039321899414062,10.95817756652832,9.970311164855957,10.37905502319336,10.234024047851562,11.45210075378418,10.726705551147461,11.566509246826172,5.372965335845947,3.400134801864624
210,0.0,0.0008717172895558178,0.0017354933079332113,0.0027527238707989454,8.911191940307617,9.254755020141602,8.827500343322754,9.041330337524414,8.581367492675781,8.441812515258789,9.378715515136719,8.317004203796387,9.863865852355957,10.166228294372559,9.903647422790527,10.318818092346191,10.449295043945312,9.889871597290039,10.568483352661133,10.326691627502441,10.790422439575195,10.553653717041016,10.41171646118164,10.593024253845215,10.514901161193848,11.845524787902832,11.711236000061035,6.079156398773193,3.9287803173065186
211,0.0,0.00094172841636464,0.001921482034958899,0.003099839435890317,7.801616668701172,9.040335655212402,9.171257972717285,9.303977012634277,9.086559295654297,9.310785293579102,9.028216361999512,8.637970924377441,9.458534240722656,10.655684471130371,9.988778114318848,9.861897468566895,9.483694076538086,9.912647247314453,10.157885551452637,10.374476432800293,10.074073791503906,10.660346984863281,9.819287300109863,10.492115020751953,10.278319358825684,11.476973533630371,11.371806144714355,5.918705463409424,3.682722806930542
212,0.0,0.0008701462065801024,0.0017645515035837889,0.002868880517780781,8.21750259399414,8.375262260437012,8.870243072509766,8.813645362854004,9.001693725585938,8.851975440979004,9.109203338623047,8.122159004211426,9.823883056640625,10.55219554901123,9.937873840332031,9.443111419677734,10.304741859436035,11.025176048278809,10.070539474487305,10.362748146057129,10.8997220993042,10.505746841430664,10.788675308227539,11.147398948669434,11.712273597717285,11.979620933532715,11.163228034973145,5.636399745941162,3.6277079582214355
213,0.0,0.0007959226495586336,0.001598197384737432,0.0024963729083538055,8.274477005004883,9.352540016174316,9.326515197753906,9.234868049621582,8.682846069335938,9.290223121643066,8.849629402160645,8.803976058959961,10.51257038116455,9.697199821472168,10.477834701538086,10.039134979248047,10.085498809814453,10.362361907958984,10.161453247070312,10.736308097839355,10.05327033996582,10.74715518951416,10.69951057434082,11.46225643157959,11.71387004852295,11.854605674743652,10.909198760986328,5.151137351989746,3.493605613708496
214,0.0,0.0009449240169487894,0.0018444207962602377,0.0030216355808079243,8.167851448059082,9.306500434875488,8.8974609375,8.594849586486816,9.67564582824707,9.749306678771973,9.356502532958984,8.971994400024414,9.738856315612793,10.476093292236328,9.291303634643555,10.362162590026855,10.214173316955566,10.467644691467285,9.863706588745117,10.18584156036377,11.08516788482666,9.874955177307129,11.616999626159668,11.034590721130371,11.707056045532227,12.24102783203125,11.633502960205078,5.4775285720825195,3.3767917156219482
215,0.0,0.0008948565809987485,0.0018448136979714036,0.0028893223498016596,8.287846565246582,9.550731658935547,9.137306213378906,8.299683570861816,9.258308410644531,9.182906150817871,8.7947998046875,8.999871253967285,9.948352813720703,10.70853328704834,10.164224624633789,9.26974105834961,10.426087379455566,10.77761173248291,9.995463371276855,10.617606163024902,10.997199058532715,10.190373420715332,10.296367645263672,11.260682106018066,11.029436111450195,12.5701904296875,11.490645408630371,5.062902450561523,2.9513721466064453
216,0.0,0.0010007629171013832,0.0020480495877563953,0.0033653529826551676,8.17540168762207,8.386701583862305,8.778569221496582,9.57634449005127,9.836845397949219,9.097850799560547,9.42182445526123,8.655482292175293,9.725525856018066,9.69875431060791,10.615598678588867,9.960707664489746,9.899141311645508,11.009852409362793,10.364988327026367,9.831035614013672,10.815545082092285,10.996682167053223,10.849625587463379,10.39699649810791,11.577627182006836,11.787776947021484,10.864062309265137,5.580301761627197,3.246218204498291
217,0.0,0.0009416365646757185,0.0019006050424650311,0.003033568151295185,8.531722068786621,8.91373062133789,8.84666633605957,8.993792533874512,8.551316261291504,8.366568565368652,9.210369110107422,9.465619087219238,10.063522338867188,10.1993989944458,10.49929141998291,10.178803443908691,10.345242500305176,9.173300743103027,10.498316764831543,10.158567428588867,10.66273021697998,11.053254127502441,10.288980484008789,11.090788841247559,11.051108360290527,11.56768798828125,11.22169017791748,5.68068265914917,4.00731086730957
218,0.0,0.0007908305269666016,0.0014770209090784192,0.0024844291619956493,8.87509822845459,8.543477058410645,8.656445503234863,9.3461275100708,8.942407608032227,8.979646682739258,9.341525077819824,9.0803804397583,9.420430183410645,10.03650188446045,10.145773887634277,9.617897987365723,9.866043090820312,9.948578834533691,10.103169441223145,9.800432205200195,10.840651512145996,10.292970657348633,10.420940399169922,11.103058815002441,11.250043869018555,12.089568138122559,11.636241912841797,5.6949591636657715,3.5472636222839355
219,0.0,0.0009075964917428792,0.0017888671718537807,0.0028397480491548777,8.545129776000977,8.875176429748535,8.230862617492676,8.402207374572754,8.229328155517578,8.904449462890625,8.41993236541748,9.34998607635498,9.417363166809082,10.5802001953125,10.197515487670898,10.00841236114502,10.487078666687012,9.92451000213623,10.433663368225098,10.714031219482422,11.15163516998291,10.35574722290039,11.22459602355957,11.13952350616455,11.146706581115723,10.744579315185547,10.87985610961914,5.091797351837158,3.0946075916290283
220,0.0,0.0009056568960659206,0.0018147656228393316,0.0030510027427226305,8.53373908996582,9.238965034484863,8.356863021850586,8.439372062683105,8.978513717651367,8.875459671020508,9.494112014770508,8.928654670715332,9.325350761413574,10.031706809997559,10.19845962524414,10.001431465148926,10.095443725585938,10.806465148925781,10.773222923278809,10.158952713012695,10.67849063873291,10.320405006408691,10.647953987121582,10.925384521484375,11.899090766906738,11.339324951171875,11.626059532165527,6.399203300476074,3.986685276031494
221,0.0,0.0008690676186233759,0.0017374915769323707,0.0028887854423373938,8.327269554138184,8.965402603149414,9.77898120880127,9.318000793457031,8.633352279663086,8.855688095092773,8.221625328063965,8.931166648864746,9.479862213134766,10.299068450927734,10.501846313476562,10.216753959655762,10.59229564666748,10.330405235290527,11.147719383239746,10.759371757507324,10.796005249023438,9.670234680175781,10.787580490112305,10.662252426147461,11.965218544006348,12.108633041381836,11.144200325012207,5.968608856201172,3.7482006549835205
222,0.0,0.0008749191183596849,0.0017770229605957866,0.003007018007338047,8.527240753173828,8.495010375976562,8.690577507019043,9.483936309814453,9.149148941040039,8.610705375671387,8.848160743713379,9.100953102111816,10.221424102783203,9.578741073608398,10.526700973510742,10.142367362976074,10.349218368530273,10.96267032623291,10.339815139770508,10.449430465698242,10.286109924316406,10.873357772827148,10.889437675476074,10.974642753601074,11.373174667358398,12.37568187713623,11.535565376281738,6.269178867340088,3.9833202362060547
223,0.0,0.0009416344691999257,0.0018835635855793953,0.0029974801000207663,8.382699966430664,8.832342147827148,8.957240104675293,9.226068496704102,9.329509735107422,8.54367446899414,8.53903579711914,8.937605857849121,9.483612060546875,10.553627014160156,9.39128303527832,10.820757865905762,10.56723690032959,10.587011337280273,10.192411422729492,9.876104354858398,10.690695762634277,9.931488990783691,10.388557434082031,10.438228607177734,11.387146949768066,12.697336196899414,11.551738739013672,6.300923824310303,3.7355802059173584
224,0.0,0.0009236923651769757,0.0017786157550290227,0.0030574114061892033,8.118776321411133,9.635489463806152,9.362693786621094,8.449227333068848,8.877364158630371,8.219785690307617,9.01988697052002,9.1400785446167,9.607344627380371,9.894913673400879,10.243277549743652,10.280597686767578,10.661860466003418,10.220559120178223,10.877850532531738,10.667851448059082,10.43278980255127,10.444802284240723,10.509969711303711,11.461119651794434,11.282634735107422,12.295647621154785,11.434526443481445,5.342062950134277,3.3318543434143066
225,0.0,0.0007783388718962669,0.0015355480136349797,0.0024638730101287365,8.647139549255371,8.417917251586914,9.441527366638184,8.686469078063965,8.520111083984375,8.307005882263184,8.766548156738281,9.856488227844238,8.465521812438965,9.896817207336426,10.214715003967285,9.348908424377441,10.326446533203125,10.128908157348633,10.227463722229004,10.410124778747559,10.34204387664795,9.593866348266602,11.12663745880127,9.628209114074707,10.481979370117188,12.158987998962402,11.32789134979248,5.410645008087158,3.570368766784668
226,0.0,0.0008421905222348869,0.0017192579107359052,0.002733272733166814,8.908960342407227,8.970584869384766,8.819369316101074,8.255064964294434,8.601567268371582,8.55070972442627,9.541929244995117,9.171977043151855,9.680606842041016,9.3009614944458,10.240422248840332,10.510605812072754,9.773590087890625,10.286402702331543,10.282676696777344,10.297231674194336,10.173369407653809,10.146873474121094,11.019598007202148,11.639063835144043,11.48535442352295,11.165504455566406,11.140750885009766,5.842700481414795,3.641045093536377
227,0.0,0.000798989029135555,0.001630557468160987,0.0026120091788470745,8.380270004272461,9.1650390625,8.836244583129883,8.915719032287598,9.583993911743164,9.150089263916016,9.184473991394043,8.939380645751953,10.269865989685059,10.231477737426758,10.654341697692871,9.79609489440918,10.45784854888916,10.407718658447266,10.29135799407959,11.122477531433105,10.256367683410645,10.83000659942627,10.49205493927002,10.487797737121582,11.241623878479004,12.988043785095215,11.214865684509277,5.92580509185791,3.9591822624206543
228,0.0,0.0008910493925213814,0.0017215021653100848,0.002908701542764902,8.42170524597168,9.581546783447266,8.634904861450195,8.764328956604004,9.165026664733887,9.43600082397461,10.1851224899292,8.496082305908203,9.830316543579102,10.572843551635742,10.940783500671387,9.208337783813477,10.839914321899414,9.554437637329102,10.431921005249023,10.459837913513184,9.761372566223145,9.821722984313965,10.325974464416504,11.245903015136719,11.206267356872559,12.757987022399902,11.77861499786377,6.2153825759887695,3.8874573707580566
229,0.0,0.0006779005634598434,0.0013278191909193993,0.0021253491286188364,8.459527969360352,8.284021377563477,8.168661117553711,8.491303443908691,8.359105110168457,9.060873031616211,8.683444023132324,8.902318000793457,9.518511772155762,10.165396690368652,10.120841979980469,9.299574851989746,10.364009857177734,10.127143859863281,10.490139961242676,10.824843406677246,10.234041213989258,10.486371994018555,10.14572525024414,10.160097122192383,11.768533706665039,12.49583625793457,11.220531463623047,5.124192237854004,3.3833670616149902
230,0.0,0.0008409146103076637,0.0017476638313382864,0.00286053866147995,7.94880485534668,9.093114852905273,9.350956916809082,8.211020469665527,8.2186861038208,8.854010581970215,8.689367294311523,9.603249549865723,9.342437744140625,9.589975357055664,8.90120792388916,9.99322509765625,10.859521865844727,10.377836227416992,9.928976058959961,10.941424369812012,10.303264617919922,10.700736999511719,10.800480842590332,11.01472282409668,11.752388954162598,11.874598503112793,10.790727615356445,5.881011009216309,3.6464083194732666
231,0.0,0.0009214175515808165,0.0018138156738132238,0.0029051618184894323,8.338957786560059,10.173832893371582,8.532795906066895,8.531190872192383,8.366813659667969,8.76040267944336,9.168596267700195,9.360519409179688,9.078484535217285,9.859969139099121,9.325239181518555,10.534168243408203,10.577183723449707,10.525562286376953,11.285280227661133,10.761409759521484,10.184008598327637,10.230409622192383,10.546563148498535,10.462652206420898,11.480043411254883,12.241837501525879,11.533072471618652,5.273176670074463,3.3494551181793213
232,0.0,0.0008882267866283655,0.0018253569724038243,0.002978913951665163,8.61113166809082,9.392277717590332,8.203803062438965,9.06373119354248,9.475469589233398,8.987035751342773,9.430567741394043,8.768975257873535,10.006564140319824,10.667343139648438,9.614065170288086,9.846723556518555,9.857939720153809,10.372004508972168,9.950286865234375,10.456961631774902,10.07876205444336,10.921873092651367,10.778385162353516,10.90145492553711,11.246679306030273,11.969243049621582,10.826367378234863,5.767390727996826,3.893280029296875
233,0.0,0.0009443956660106778,0.0017995680682361126,0.002988956170156598,8.225080490112305,8.320454597473145,8.340494155883789,8.380473136901855,8.961865425109863,8.538078308105469,8.937752723693848,8.622424125671387,9.987916946411133,9.541502952575684,10.040937423706055,9.9408597946167,10.616260528564453,10.299118995666504,9.734224319458008,10.235783576965332,10.451245307922363,9.731959342956543,10.478199005126953,9.978412628173828,11.400226593017578,11.582868576049805,11.378067016601562,5.8896989822387695,3.591637134552002
234,0.0,0.0008779270574450493,0.0016997414641082287,0.002867921954020858,8.463491439819336,9.077250480651855,9.26208209991455,9.021903038024902,9.007634162902832,8.759883880615234,8.543801307678223,9.851912498474121,9.07185173034668,9.262837409973145,9.560530662536621,10.942880630493164,9.462997436523438,10.59728717803955,9.780420303344727,10.636846542358398,10.283230781555176,10.081591606140137,11.116475105285645,10.878439903259277,11.228032112121582,12.249531745910645,11.210505485534668,5.607255935668945,3.6998512744903564
235,0.0,0.0007241337443701923,0.0013796092243865132,0.002253636484965682,8.600285530090332,8.987931251525879,9.239842414855957,9.49238109588623,8.906033515930176,9.105024337768555,9.413619995117188,9.326996803283691,10.449481010437012,10.689675331115723,10.71109390258789,9.849696159362793,10.515615463256836,10.903250694274902,10.375073432922363,10.23682689666748,10.47071647644043,10.491174697875977,10.405155181884766,11.611370086669922,11.498896598815918,11.96044921875,11.173943519592285,5.445416450500488,3.7645905017852783
