,layer_1,layer_2,layer_3,layer_4,layer_5,layer_6,layer_7,layer_8,layer_9,layer_10,layer_11,layer_12,layer_13,layer_14,layer_15,layer_16,layer_17,layer_18,layer_19,layer_20,layer_21,layer_22,layer_23,layer_24,layer_25,layer_26,layer_27,layer_28,layer_29
0,0.0,132.57769775390625,95.71312713623047,67.17778778076172,42.11983871459961,22.750154495239258,13.411240577697754,11.433775901794434,8.793059349060059,8.249563217163086,8.302823066711426,8.032794952392578,7.865224361419678,9.83333683013916,10.257038116455078,10.453817367553711,10.247854232788086,10.37706184387207,11.815078735351562,12.956711769104004,13.974907875061035,18.488374710083008,24.32807731628418,32.606204986572266,39.57304000854492,51.64753341674805,117.24568939208984,283.60028076171875,37759.37109375
1,0.0,120.20405578613281,90.47798919677734,61.17864227294922,36.79367446899414,18.090112686157227,11.436511039733887,10.35688591003418,8.56246566772461,7.504703521728516,6.741084575653076,7.19644021987915,6.753654479980469,8.276985168457031,8.982248306274414,8.987958908081055,9.04951000213623,9.026601791381836,10.15685749053955,11.368471145629883,12.82223892211914,15.697588920593262,21.50784683227539,26.736129760742188,35.99579620361328,48.338863372802734,96.93592834472656,225.0287322998047,31510.27734375
2,0.0,126.73194122314453,106.05681610107422,71.69194030761719,44.17715072631836,22.660160064697266,13.065129280090332,12.228790283203125,9.985640525817871,9.54383373260498,9.039261817932129,9.137375831604004,8.017647743225098,10.511126518249512,10.692574501037598,11.153162002563477,11.121758460998535,11.091092109680176,13.12829303741455,12.585159301757812,14.984797477722168,18.809524536132812,25.37274742126465,30.81676483154297,43.13712692260742,57.240989685058594,124.10910034179688,269.5760498046875,43334.36328125
3,0.0,124.87672424316406,101.44207000732422,63.25925064086914,44.74435043334961,20.901084899902344,12.335562705993652,12.080551147460938,10.239335060119629,9.338394165039062,8.712239265441895,9.462897300720215,8.584450721740723,10.029658317565918,10.803902626037598,11.325034141540527,11.817957878112793,11.553580284118652,12.936038970947266,14.081910133361816,14.345223426818848,17.813434600830078,25.1873722076416,32.21101379394531,41.88451385498047,55.92935562133789,123.51219940185547,287.099853515625,47191.96875
4,0.0,153.144287109375,123.24063873291016,77.09861755371094,52.94163513183594,23.885156631469727,14.758759498596191,13.867094039916992,11.212772369384766,10.477631568908691,10.013697624206543,10.540180206298828,9.85986328125,11.444168090820312,12.505730628967285,13.019523620605469,13.241189956665039,13.241454124450684,13.865757942199707,15.727217674255371,17.73175048828125,22.55852508544922,30.409006118774414,39.348854064941406,52.341651916503906,65.31304931640625,138.9875030517578,305.775146484375,50677.45703125
5,0.0,91.44071960449219,70.3494873046875,47.028564453125,31.553537368774414,14.635705947875977,9.710785865783691,8.812859535217285,6.783854961395264,6.8903489112854,6.496517658233643,6.770119667053223,6.004795551300049,7.079566955566406,8.069045066833496,7.99824333190918,8.776049613952637,8.49535083770752,9.459339141845703,9.827657699584961,11.048856735229492,14.515848159790039,19.802457809448242,23.347091674804688,32.367401123046875,44.534305572509766,87.27729797363281,190.29263305664062,32457.708984375
6,0.0,120.01663208007812,90.60808563232422,65.67877197265625,39.098304748535156,20.270343780517578,11.634651184082031,10.330120086669922,7.695370674133301,7.915764331817627,7.340570449829102,7.461256504058838,6.767010688781738,8.625439643859863,8.837113380432129,9.314312934875488,9.504779815673828,9.5560941696167,10.676949501037598,10.928863525390625,12.363875389099121,16.81903839111328,23.16890525817871,28.02703094482422,37.0502815246582,51.979801177978516,101.51990509033203,212.99168395996094,33834.2265625
7,0.0,178.1604461669922,129.76278686523438,87.6650161743164,60.38265609741211,28.527673721313477,17.692899703979492,15.324300765991211,12.074748992919922,12.031296730041504,10.80339527130127,11.154970169067383,10.502314567565918,11.967161178588867,13.455059051513672,14.691873550415039,13.344338417053223,13.630062103271484,15.245882034301758,15.916072845458984,17.520727157592773,23.26898193359375,30.02597427368164,38.28854751586914,47.976619720458984,76.96128845214844,154.95071411132812,347.8781433105469,59329.66796875
8,0.0,161.87954711914062,132.57618713378906,93.18553161621094,56.70002746582031,28.899505615234375,18.087778091430664,15.994667053222656,12.517934799194336,11.247743606567383,10.613242149353027,11.132218360900879,10.824336051940918,12.306488990783691,13.305482864379883,13.391775131225586,15.006221771240234,13.497457504272461,15.646780014038086,16.296676635742188,18.591339111328125,22.451873779296875,31.268404006958008,37.982666015625,53.36924362182617,69.98590087890625,156.97215270996094,372.2124328613281,66492.71875
9,0.0,128.65574645996094,101.88947296142578,69.00898742675781,44.91717529296875,22.62371063232422,14.456743240356445,11.659623146057129,9.317959785461426,9.122627258300781,8.498822212219238,8.706162452697754,8.45262622833252,9.65956974029541,10.17487621307373,11.275084495544434,11.33619213104248,10.470383644104004,11.574504852294922,12.799623489379883,14.485992431640625,18.016220092773438,24.6307315826416,30.089080810546875,40.48640823364258,56.1259651184082,116.558349609375,263.9503479003906,42082.2265625
10,0.0,145.6303253173828,116.15233612060547,81.88665771484375,56.41526794433594,24.7181453704834,15.230100631713867,13.197022438049316,10.17860221862793,9.53143310546875,9.121357917785645,9.862686157226562,9.268113136291504,10.172000885009766,11.546418190002441,11.16822338104248,11.805932998657227,11.789134979248047,13.035094261169434,14.570760726928711,14.967690467834473,18.95343017578125,25.49146270751953,33.59455490112305,44.84723663330078,57.99387741088867,123.95520782470703,290.0135498046875,44067.41015625
11,0.0,165.51336669921875,132.76231384277344,93.17671966552734,51.003841400146484,28.866939544677734,17.015016555786133,14.9533052444458,10.472742080688477,10.31302547454834,10.270334243774414,9.90987777709961,9.53414535522461,11.140456199645996,12.335606575012207,12.439738273620605,14.019478797912598,12.676017761230469,14.445623397827148,15.15727710723877,18.529600143432617,22.849578857421875,29.83436393737793,38.02438735961914,51.81542205810547,72.89234161376953,151.74444580078125,311.4861755371094,50522.2109375
12,0.0,158.49566650390625,131.0917205810547,82.42294311523438,48.4505729675293,26.86990737915039,16.46563148498535,13.351584434509277,10.925124168395996,10.285889625549316,9.728602409362793,9.860550880432129,9.15021800994873,10.869032859802246,11.94504451751709,11.554264068603516,11.94215202331543,12.569247245788574,14.115274429321289,14.981776237487793,16.42729377746582,21.195911407470703,28.251380920410156,36.641258239746094,46.47042465209961,64.74398040771484,133.89529418945312,294.4866027832031,48144.27734375
13,0.0,172.55807495117188,128.19802856445312,87.18885040283203,57.87858200073242,28.339324951171875,16.867359161376953,14.7018461227417,11.805694580078125,10.753191947937012,9.483410835266113,10.791158676147461,9.470969200134277,10.77064037322998,11.975924491882324,12.334863662719727,13.55497932434082,12.138276100158691,14.886558532714844,15.574629783630371,17.79747772216797,20.92087173461914,30.321935653686523,40.02853775024414,53.17616271972656,71.48397064208984,155.3914794921875,316.7766418457031,47351.62109375
14,0.0,210.76588439941406,142.391845703125,97.2048568725586,62.78526306152344,36.00648498535156,19.607643127441406,17.00688934326172,14.26010799407959,11.655970573425293,11.351061820983887,12.01636028289795,10.52511978149414,12.160977363586426,12.839112281799316,14.174736976623535,14.554944038391113,14.759170532226562,16.189716339111328,16.69829750061035,19.333480834960938,25.634809494018555,34.696563720703125,42.18330001831055,56.98353576660156,80.44080352783203,181.0522003173828,353.6502685546875,55309.859375
15,0.0,196.06405639648438,152.8246307373047,97.97460174560547,61.96759796142578,32.56119918823242,20.073646545410156,16.43302345275879,13.618634223937988,12.858846664428711,11.898131370544434,12.102516174316406,11.661131858825684,13.158919334411621,13.367400169372559,15.589893341064453,15.950385093688965,14.756723403930664,17.10064125061035,18.37180519104004,20.912437438964844,26.986867904663086,36.80629348754883,45.04448699951172,64.1144027709961,84.00802612304688,175.11135864257812,381.62054443359375,59084.69921875
16,0.0,137.51856994628906,110.73238372802734,76.0680160522461,51.701026916503906,24.199676513671875,14.022232055664062,12.860211372375488,11.017129898071289,10.269320487976074,9.303040504455566,9.84067440032959,9.420401573181152,10.823448181152344,11.503417015075684,11.502551078796387,13.174118041992188,11.37857723236084,13.550363540649414,14.447254180908203,15.908895492553711,21.012704849243164,28.326086044311523,37.62924575805664,51.116851806640625,69.98909759521484,144.27684020996094,305.6973571777344,48043.9296875
17,0.0,105.24676513671875,74.90129852294922,57.23739242553711,34.67637252807617,17.52092170715332,11.123769760131836,9.39613151550293,7.674929141998291,7.177615642547607,6.811359882354736,7.203238010406494,6.839212894439697,7.679869651794434,9.091304779052734,9.177495956420898,9.856840133666992,9.513904571533203,10.488109588623047,11.539397239685059,12.204132080078125,15.674439430236816,22.17572784423828,28.30270004272461,34.99266052246094,48.00352478027344,99.24862670898438,216.12754821777344,35803.18359375
18,0.0,146.19650268554688,115.44358825683594,71.92925262451172,47.534698486328125,23.856708526611328,14.844441413879395,13.2096529006958,10.84170913696289,9.204373359680176,9.25738525390625,8.991803169250488,9.415746688842773,10.072466850280762,11.063482284545898,11.460713386535645,12.25387191772461,10.948099136352539,12.860494613647461,13.284443855285645,15.57027816772461,19.128019332885742,25.91033363342285,31.493518829345703,40.884830474853516,59.04999923706055,116.9759750366211,309.6250915527344,46038.9453125
19,0.0,141.5369415283203,115.42781829833984,84.57577514648438,49.6485710144043,23.527130126953125,15.76516056060791,12.651254653930664,9.723420143127441,9.27649211883545,9.756172180175781,9.585172653198242,9.103184700012207,10.092906951904297,10.6371488571167,11.399959564208984,11.626900672912598,10.605086326599121,12.902409553527832,13.739014625549316,15.172834396362305,18.817869186401367,24.8475341796875,31.678646087646484,42.468875885009766,58.53187942504883,135.66893005371094,282.3243408203125,46705.1328125
20,0.0,152.75709533691406,116.30088806152344,78.99308776855469,50.571678161621094,25.64743423461914,14.379729270935059,12.97573471069336,10.713672637939453,10.185656547546387,9.840350151062012,10.001975059509277,9.801025390625,11.29542064666748,12.361631393432617,12.214099884033203,13.642329216003418,12.516963958740234,14.52696704864502,14.99290657043457,17.281402587890625,22.5388126373291,27.952064514160156,36.3216667175293,50.03311538696289,68.47723388671875,149.34120178222656,296.0167541503906,52294.62109375
21,0.0,204.22994995117188,174.1386260986328,106.8867416381836,67.84627532958984,34.228633880615234,21.454204559326172,19.015457153320312,14.146644592285156,13.350242614746094,12.526135444641113,12.484556198120117,11.236035346984863,14.007545471191406,14.7111177444458,15.5841703414917,15.989529609680176,14.42627239227295,17.39324378967285,18.810211181640625,21.912153244018555,27.363224029541016,38.19572067260742,47.2691764831543,63.64378356933594,87.92829132080078,192.0234832763672,432.04302978515625,63337.33984375
22,0.0,120.03943634033203,94.40714263916016,62.58372116088867,43.383541107177734,23.86614990234375,12.913389205932617,12.540312767028809,9.735258102416992,8.737639427185059,8.475666046142578,8.73605728149414,8.112043380737305,9.69105052947998,10.281556129455566,11.417314529418945,10.845011711120605,11.126482009887695,12.572609901428223,12.44809627532959,13.750308990478516,16.7705078125,23.367963790893555,29.73012351989746,39.15038299560547,52.73972702026367,113.28447723388672,259.9038391113281,44182.1171875
23,0.0,177.05844116210938,135.59591674804688,93.26107788085938,62.78360366821289,29.64017677307129,18.117156982421875,16.86189842224121,12.313920974731445,11.820383071899414,11.244730949401855,11.117405891418457,10.316840171813965,12.429156303405762,13.005199432373047,13.475852012634277,14.210693359375,13.253868103027344,15.554974555969238,15.917494773864746,17.349634170532227,22.059587478637695,32.14337921142578,41.28070831298828,55.776885986328125,77.78533172607422,162.39727783203125,362.73114013671875,58376.890625
24,0.0,103.18795776367188,76.55348205566406,53.78226852416992,34.355995178222656,17.586711883544922,10.369696617126465,8.769220352172852,7.500644207000732,7.015556812286377,6.739185333251953,6.642181396484375,6.749288558959961,8.094877243041992,8.502452850341797,8.686308860778809,8.658371925354004,8.235032081604004,10.054238319396973,9.865213394165039,11.598504066467285,13.98770523071289,19.052560806274414,25.300119400024414,33.48252487182617,44.69484329223633,91.19172668457031,183.51583862304688,32043.78515625
25,0.0,91.37383270263672,68.521484375,51.010467529296875,30.500051498413086,15.706108093261719,9.285295486450195,7.6142964363098145,6.539129734039307,6.112828254699707,5.731313705444336,6.228020191192627,6.182870388031006,7.07357931137085,7.590663433074951,7.990527629852295,8.403501510620117,7.730504989624023,9.600753784179688,9.801928520202637,11.230644226074219,14.300251007080078,19.71546173095703,24.404796600341797,33.13520050048828,44.7913818359375,88.7964859008789,160.98800659179688,27102.93359375
26,0.0,238.10223388671875,167.37991333007812,115.4115219116211,77.26405334472656,35.3990478515625,21.71620750427246,18.83030891418457,14.587321281433105,13.716643333435059,12.84250259399414,12.51311206817627,12.319141387939453,13.80688190460205,15.055030822753906,15.754297256469727,15.552610397338867,15.42895793914795,17.723278045654297,18.4036922454834,20.484336853027344,25.829444885253906,34.772159576416016,45.205013275146484,59.55536651611328,82.95716857910156,193.06796264648438,446.53564453125,70432.7421875
27,0.0,199.4654083251953,155.85977172851562,100.02833557128906,61.18431091308594,31.39580535888672,17.198314666748047,16.19074058532715,11.913166999816895,11.546382904052734,10.81318187713623,10.551523208618164,9.931422233581543,12.291486740112305,12.468184471130371,12.908366203308105,13.964142799377441,13.921133041381836,15.457322120666504,15.642914772033691,19.017934799194336,23.65288734436035,31.51783561706543,41.82415008544922,53.82378005981445,69.79015350341797,156.53013610839844,342.6512756347656,51007.8515625
28,0.0,191.4537353515625,150.24337768554688,106.27960968017578,66.79390716552734,33.40060043334961,19.36811637878418,16.936275482177734,13.455183982849121,12.109567642211914,12.007441520690918,12.078143119812012,11.50987720489502,14.499150276184082,14.152268409729004,15.490826606750488,14.912826538085938,15.457732200622559,16.15979766845703,18.97433853149414,20.177276611328125,26.611173629760742,34.97178268432617,44.43204116821289,57.93817138671875,72.48747253417969,145.7799072265625,397.441650390625,60516.71875
29,0.0,136.8075714111328,100.31694030761719,71.69313049316406,42.397396087646484,22.792064666748047,13.316461563110352,12.45843505859375,9.803808212280273,9.223555564880371,8.951885223388672,9.234807968139648,8.878403663635254,10.045245170593262,10.847871780395508,11.935654640197754,12.041178703308105,11.948681831359863,12.897514343261719,14.235036849975586,15.361127853393555,18.741161346435547,26.424856185913086,32.613250732421875,42.44816589355469,60.96106719970703,130.31663513183594,300.17620849609375,44329.21484375
30,0.0,189.33982849121094,144.74224853515625,92.21051788330078,63.039432525634766,32.265743255615234,19.34317970275879,16.832881927490234,13.223506927490234,12.310379028320312,11.917237281799316,11.521025657653809,10.585099220275879,12.883671760559082,14.023317337036133,14.848492622375488,14.475870132446289,14.109012603759766,16.64366340637207,17.59161376953125,19.558685302734375,26.1358642578125,33.42306900024414,45.094261169433594,60.55841827392578,82.4126205444336,167.53919982910156,330.1313781738281,57684.35546875
31,0.0,108.26821899414062,92.5160903930664,64.28601837158203,40.754547119140625,18.536102294921875,11.936385154724121,10.196418762207031,8.43807601928711,7.444504261016846,6.834419250488281,7.5724005699157715,7.195440769195557,8.294024467468262,8.783272743225098,9.42181396484375,10.069559097290039,9.999693870544434,10.513416290283203,11.150901794433594,13.107016563415527,16.050251007080078,22.339967727661133,27.673032760620117,35.93025207519531,52.1478271484375,107.14452362060547,224.94862365722656,34658.48828125
32,0.0,168.81089782714844,128.46144104003906,87.76287078857422,54.9151496887207,28.987401962280273,15.291074752807617,14.958841323852539,12.376818656921387,11.434924125671387,10.825480461120605,11.408249855041504,9.87780475616455,12.455010414123535,13.412887573242188,12.81596851348877,13.825859069824219,12.77951431274414,14.737582206726074,15.857061386108398,17.50996971130371,22.127317428588867,31.555376052856445,39.06290817260742,53.27364730834961,72.27088165283203,145.9915008544922,342.53900146484375,56792.68359375
33,0.0,175.62033081054688,137.30313110351562,96.29638671875,63.46814727783203,30.805875778198242,19.48165512084961,16.3773193359375,12.98425579071045,12.51175308227539,11.752799034118652,12.284092903137207,11.209953308105469,13.248703956604004,14.591833114624023,15.88963794708252,15.749122619628906,15.51490306854248,16.930431365966797,18.19119644165039,20.457927703857422,27.343544006347656,36.80123519897461,45.78056335449219,65.7507553100586,90.037841796875,193.78875732421875,364.0831604003906,60624.046875
34,0.0,191.13795471191406,153.06759643554688,114.95050048828125,71.56519317626953,33.28729248046875,20.05699348449707,16.70636749267578,13.821657180786133,13.039796829223633,12.035262107849121,12.186392784118652,10.917097091674805,13.550965309143066,14.354195594787598,15.825029373168945,16.738452911376953,15.052578926086426,17.351032257080078,17.244850158691406,19.54383087158203,24.20724105834961,35.87488555908203,46.924346923828125,57.908782958984375,80.37043762207031,170.63894653320312,384.5734558105469,67754.4375
35,0.0,206.93544006347656,156.4871368408203,113.24956512451172,70.12207794189453,35.101531982421875,21.108375549316406,19.975900650024414,13.78731918334961,13.48364543914795,12.784730911254883,12.418766975402832,11.999797821044922,14.307707786560059,14.565690994262695,16.05430030822754,15.854435920715332,15.33846378326416,18.030574798583984,18.57554054260254,21.44183349609375,27.309003829956055,37.00871276855469,47.66420364379883,63.59660339355469,82.91216278076172,184.43235778808594,412.3800048828125,61072.9765625
36,0.0,230.14695739746094,163.56761169433594,113.11792755126953,69.75214385986328,36.27667999267578,21.737329483032227,19.011964797973633,14.463057518005371,13.55170726776123,12.648969650268555,13.503008842468262,12.233043670654297,14.612954139709473,14.83269214630127,15.428082466125488,16.363540649414062,15.876870155334473,18.211626052856445,19.01677894592285,20.66299819946289,23.92098617553711,34.17044448852539,43.675079345703125,57.57440185546875,78.37088012695312,165.28123474121094,429.4948425292969,67975.59375
37,0.0,161.5798797607422,120.01496887207031,80.87731170654297,50.71583938598633,27.84177017211914,15.67292594909668,14.225010871887207,10.55833625793457,10.535921096801758,10.44522476196289,10.85706615447998,9.73408031463623,11.63569164276123,12.290751457214355,12.761686325073242,13.170247077941895,13.359580039978027,14.887710571289062,15.48386001586914,17.26020050048828,23.807554244995117,32.32889175415039,39.71297073364258,53.25223922729492,76.07649993896484,154.98696899414062,325.9652099609375,45221.67578125
38,0.0,109.50389099121094,82.5120849609375,54.68113708496094,34.73814010620117,19.58356285095215,10.826187133789062,9.871078491210938,7.795239448547363,7.857180118560791,7.551815032958984,7.566809177398682,7.374446868896484,8.07940673828125,9.655014038085938,9.81867790222168,9.887495040893555,9.765454292297363,10.777219772338867,11.119783401489258,12.286148071289062,16.058128356933594,21.36336898803711,25.97984504699707,34.31318283081055,48.07787322998047,94.9023666381836,215.8245086669922,34760.6015625
39,0.0,120.51351928710938,90.76775360107422,65.54197692871094,41.65904235839844,19.254947662353516,12.223101615905762,11.447361946105957,8.611149787902832,7.962018966674805,7.898508548736572,8.094022750854492,7.545198917388916,9.188498497009277,9.057014465332031,9.334310531616211,10.730222702026367,9.666119575500488,12.358753204345703,11.682357788085938,13.32210636138916,17.2750301361084,23.216367721557617,29.677207946777344,37.29865264892578,50.460777282714844,110.68526458740234,239.7575225830078,36665.89453125
40,0.0,200.0250701904297,151.6392822265625,105.11246490478516,61.47565841674805,31.649864196777344,18.433425903320312,16.924732208251953,13.00718879699707,12.055745124816895,11.492358207702637,10.850693702697754,10.204117774963379,11.790777206420898,13.882172584533691,14.023276329040527,14.256908416748047,14.415262222290039,15.437055587768555,16.764080047607422,17.95485496520996,23.478219985961914,32.02174377441406,42.88197326660156,56.511695861816406,73.32855224609375,159.60960388183594,347.59613037109375,57967.0
41,0.0,136.3992919921875,113.41101837158203,70.42228698730469,45.44487762451172,21.861730575561523,13.943305969238281,11.860123634338379,10.23001480102539,9.000089645385742,8.753419876098633,8.672623634338379,8.317473411560059,9.486851692199707,10.06678581237793,11.267498016357422,11.500116348266602,10.592623710632324,12.228545188903809,15.030753135681152,15.165477752685547,20.188501358032227,28.332185745239258,36.891883850097656,45.90315246582031,63.305423736572266,123.8505630493164,275.1947021484375,42028.5234375
42,0.0,181.04078674316406,148.4821014404297,95.40496826171875,62.855743408203125,29.552968978881836,18.510700225830078,16.480981826782227,11.751812934875488,11.606154441833496,12.223576545715332,11.847748756408691,10.585618019104004,11.973295211791992,13.042573928833008,14.5816068649292,15.067069053649902,13.170746803283691,15.720065116882324,17.116418838500977,17.803403854370117,23.286041259765625,32.19593811035156,40.46088409423828,54.40608596801758,71.67822265625,151.5787811279297,365.65789794921875,57196.41796875
43,0.0,184.83465576171875,141.81732177734375,100.69803619384766,61.75232696533203,30.931243896484375,19.00267791748047,17.20308494567871,13.539703369140625,12.394645690917969,11.644086837768555,11.620640754699707,10.579620361328125,13.052518844604492,14.024375915527344,15.336202621459961,15.445557594299316,14.638752937316895,17.266183853149414,19.30263328552246,18.418237686157227,25.584657669067383,36.50506591796875,43.775203704833984,60.8259162902832,86.21099853515625,173.504638671875,371.6341552734375,58860.3515625
44,0.0,165.96792602539062,123.61531066894531,90.98880767822266,56.85271072387695,26.586772918701172,16.622900009155273,14.568453788757324,11.575580596923828,10.832780838012695,10.76838493347168,10.370079040527344,9.414019584655762,11.159380912780762,12.337152481079102,13.087449073791504,14.005304336547852,13.28233814239502,14.538864135742188,15.36904239654541,16.802337646484375,20.671140670776367,29.413375854492188,38.018924713134766,50.12114715576172,63.773963928222656,148.0240936279297,337.2784423828125,51935.6328125
45,0.0,155.49212646484375,129.4944305419922,81.94283294677734,61.929378509521484,28.883743286132812,17.260507583618164,14.295049667358398,10.967206001281738,11.242035865783691,10.850875854492188,10.264141082763672,9.673052787780762,10.804292678833008,12.629603385925293,12.375922203063965,13.155435562133789,12.444425582885742,15.021148681640625,15.969295501708984,16.846282958984375,19.75484275817871,29.0545597076416,35.45696258544922,48.113460540771484,70.0889663696289,139.7345733642578,368.42352294921875,55107.18359375
46,0.0,169.6729736328125,128.5553436279297,89.37344360351562,59.024993896484375,27.036174774169922,16.262697219848633,15.46794605255127,11.778347969055176,11.94232177734375,10.888896942138672,10.751167297363281,9.828577041625977,11.010369300842285,12.094164848327637,12.981453895568848,13.671051025390625,12.681509971618652,14.44749927520752,16.12238121032715,17.236000061035156,22.588661193847656,27.999427795410156,37.63441848754883,49.079654693603516,69.67903900146484,140.2567596435547,335.85662841796875,56420.296875
47,0.0,140.5124053955078,117.64567565917969,74.0316162109375,48.7158088684082,23.384675979614258,14.835063934326172,12.761086463928223,8.8456392288208,8.237527847290039,8.486824989318848,8.828987121582031,8.196242332458496,8.940284729003906,9.975787162780762,11.3267822265625,11.097487449645996,10.563397407531738,13.009127616882324,13.086113929748535,16.03364372253418,19.331186294555664,26.283493041992188,33.195884704589844,46.29752731323242,63.26885223388672,139.8712921142578,253.08517456054688,35810.59375
48,0.0,149.8420867919922,125.81793212890625,81.15325164794922,50.12855911254883,27.086620330810547,16.64915657043457,12.819864273071289,10.37320327758789,9.402852058410645,9.568990707397461,9.639119148254395,9.045777320861816,10.209345817565918,10.888190269470215,11.406314849853516,12.179425239562988,11.565193176269531,13.12344741821289,13.665760040283203,15.803244590759277,20.801042556762695,28.584665298461914,36.160518646240234,43.810638427734375,65.7464828491211,147.1680908203125,300.8011474609375,41969.703125
49,0.0,194.4888916015625,145.06271362304688,100.72807312011719,62.26908874511719,32.10334396362305,19.2606258392334,17.597938537597656,13.049623489379883,12.456609725952148,11.85045051574707,11.410340309143066,11.754497528076172,12.541260719299316,13.594016075134277,14.648167610168457,15.649459838867188,14.658879280090332,17.23401641845703,17.428363800048828,19.80250358581543,24.562000274658203,36.94269943237305,46.37517166137695,61.628231048583984,84.90039825439453,170.0372314453125,365.3519287109375,60279.0078125
50,0.0,94.58976745605469,70.81826782226562,47.1187858581543,31.25772476196289,16.20692253112793,9.389472961425781,8.250788688659668,6.804690361022949,6.719181060791016,6.25454568862915,6.274444103240967,6.127104759216309,7.199389934539795,7.817424297332764,7.772655487060547,7.809123992919922,8.080755233764648,8.851699829101562,9.497396469116211,10.804154396057129,13.405613899230957,18.003236770629883,24.007509231567383,30.37407875061035,38.694664001464844,83.23819732666016,182.31491088867188,23347.416015625
51,0.0,181.07008361816406,156.45547485351562,99.67789459228516,60.6883544921875,33.12978744506836,19.090587615966797,16.146244049072266,12.367647171020508,11.987086296081543,11.803732872009277,11.532893180847168,10.192839622497559,13.186237335205078,13.496630668640137,13.320466041564941,14.85489559173584,14.113412857055664,16.01605796813965,17.317434310913086,18.362117767333984,22.20098114013672,32.11772155761719,41.6170654296875,52.0866813659668,75.02822875976562,168.3675994873047,383.75946044921875,53820.07421875
52,0.0,187.820556640625,137.1927947998047,97.25120544433594,59.050838470458984,28.02641487121582,16.060869216918945,15.008832931518555,11.311439514160156,10.370770454406738,9.788951873779297,9.715145111083984,9.008988380432129,10.68455696105957,11.942219734191895,12.260504722595215,12.810515403747559,11.990219116210938,13.216083526611328,14.535362243652344,16.7877197265625,22.032983779907227,28.845483779907227,36.51757049560547,51.05847930908203,70.29198455810547,149.31988525390625,277.3511657714844,47724.99609375
53,0.0,109.3641357421875,81.28501892089844,60.938323974609375,36.87163162231445,18.29121208190918,10.476728439331055,9.733470916748047,7.583988189697266,7.302105903625488,7.29022741317749,7.355202674865723,6.727259635925293,8.24419116973877,8.733932495117188,8.940051078796387,9.391979217529297,8.491992950439453,10.223671913146973,10.477096557617188,11.99903392791748,16.061355590820312,21.97191047668457,27.64020538330078,36.64115905761719,51.3492431640625,104.42593383789062,210.72903442382812,34027.28125
54,0.0,211.72315979003906,165.70193481445312,128.17999267578125,76.11908721923828,38.39475631713867,24.26263427734375,20.90862274169922,15.280258178710938,15.198346138000488,14.666823387145996,15.058100700378418,12.574172019958496,16.0570068359375,16.618818283081055,17.21718406677246,17.963863372802734,17.130943298339844,19.448986053466797,20.475908279418945,22.27558708190918,30.667259216308594,40.42267608642578,52.3586540222168,72.39404296875,95.73310852050781,207.91073608398438,549.625732421875,79648.328125
55,0.0,189.85150146484375,154.02203369140625,102.75279235839844,62.3802604675293,31.531200408935547,19.381067276000977,17.12177848815918,13.494216918945312,13.033624649047852,12.106293678283691,12.019569396972656,11.683609962463379,13.070317268371582,13.42733097076416,14.381357192993164,14.93110466003418,14.906501770019531,17.214433670043945,18.3266658782959,20.01389503479004,25.695276260375977,36.59783935546875,44.677589416503906,60.73848342895508,84.5966796875,187.69879150390625,383.5596008300781,59808.109375
56,0.0,205.29127502441406,157.79379272460938,109.2086410522461,68.52763366699219,34.94705581665039,20.44170570373535,16.444482803344727,12.830513954162598,12.189642906188965,11.479726791381836,11.864744186401367,10.335488319396973,12.374309539794922,13.776813507080078,14.336002349853516,14.119797706604004,14.100447654724121,16.18926239013672,16.961544036865234,19.934078216552734,24.901309967041016,31.756528854370117,42.23154067993164,56.77211380004883,79.72772216796875,177.4221954345703,370.1745300292969,57573.9296875
57,0.0,138.1225128173828,111.5444107055664,74.55595397949219,45.65889358520508,22.590351104736328,13.810295104980469,11.302977561950684,9.224637031555176,8.703177452087402,8.859766960144043,9.235686302185059,7.79264497756958,9.44420337677002,10.365177154541016,11.29511833190918,10.7926025390625,10.946223258972168,12.153221130371094,14.199865341186523,15.035011291503906,19.59380340576172,26.17123031616211,32.766937255859375,43.27316665649414,59.565311431884766,130.33299255371094,276.582763671875,41181.17578125
58,0.0,155.72512817382812,125.78853607177734,80.1488265991211,53.066104888916016,26.08525848388672,15.499385833740234,13.223891258239746,10.115640640258789,9.823155403137207,9.206586837768555,9.01427173614502,8.784592628479004,10.455238342285156,11.036760330200195,11.599185943603516,11.997344017028809,12.13039493560791,13.055456161499023,13.42577838897705,16.082197189331055,19.468544006347656,28.490720748901367,33.22175979614258,47.027095794677734,69.35526275634766,140.1555938720703,316.4832763671875,42829.89453125
59,0.0,214.02903747558594,167.8585968017578,122.7238998413086,76.03746032714844,34.919654846191406,20.136262893676758,19.254837036132812,14.246150016784668,14.006672859191895,12.55002498626709,12.904130935668945,11.890618324279785,13.170014381408691,14.032623291015625,15.319290161132812,15.693351745605469,14.893030166625977,16.88530158996582,17.766855239868164,19.250032424926758,26.13306999206543,36.18150329589844,45.74763488769531,58.699344635009766,84.9542465209961,168.9360809326172,416.12261962890625,67319.5546875
60,0.0,106.5245590209961,85.92289733886719,64.23706817626953,40.53849411010742,20.770383834838867,12.14198112487793,10.662256240844727,9.353859901428223,9.039735794067383,8.134490013122559,8.298818588256836,7.63213586807251,9.09189510345459,9.787006378173828,10.84748649597168,10.88238525390625,10.792586326599121,12.2122163772583,12.003049850463867,14.130895614624023,17.20354461669922,23.361927032470703,27.08155632019043,35.787635803222656,47.61064147949219,100.56547546386719,238.1607666015625,41234.16015625
61,0.0,218.05323791503906,169.3222198486328,110.59053802490234,70.00311279296875,33.83610534667969,21.81179428100586,19.82634925842285,13.774731636047363,14.086016654968262,12.468924522399902,12.860690116882324,12.095751762390137,14.392635345458984,15.474295616149902,15.323795318603516,15.693764686584473,15.144195556640625,18.087631225585938,19.28632926940918,20.207645416259766,26.219654083251953,35.89939880371094,46.47215270996094,61.98966598510742,77.38745880126953,177.5657501220703,442.0033874511719,69516.6796875
62,0.0,162.8861846923828,119.9007339477539,85.04627227783203,49.588829040527344,26.60682487487793,15.452315330505371,12.894586563110352,11.24976921081543,10.043851852416992,9.561338424682617,8.920757293701172,8.442607879638672,10.628462791442871,11.359363555908203,11.797419548034668,12.305912971496582,11.369922637939453,13.328692436218262,13.97365665435791,16.562711715698242,19.289762496948242,27.437095642089844,34.332664489746094,46.825416564941406,64.1396713256836,134.0079345703125,298.0879821777344,42985.30859375
63,0.0,234.97976684570312,194.7248077392578,124.51898956298828,80.54682922363281,37.522727966308594,25.202543258666992,21.150516510009766,15.722295761108398,16.07709503173828,14.46548080444336,14.694451332092285,13.52244758605957,15.71591567993164,16.416473388671875,18.225603103637695,18.590394973754883,17.2786922454834,20.343053817749023,20.042591094970703,23.633056640625,28.844398498535156,39.4743537902832,50.2918586730957,69.09463500976562,89.54427337646484,198.7841339111328,467.1346435546875,77261.4921875
64,0.0,195.97286987304688,150.26905822753906,110.41128540039062,66.2790756225586,34.102352142333984,18.853126525878906,17.44025993347168,13.798911094665527,13.301536560058594,12.220754623413086,12.432016372680664,10.856690406799316,12.262245178222656,13.8905668258667,14.587930679321289,15.40218448638916,14.956559181213379,15.89771556854248,17.96757698059082,21.339149475097656,23.74888038635254,35.64229965209961,46.744712829589844,58.95854187011719,83.19164276123047,173.5679168701172,374.38720703125,53966.625
65,0.0,118.75799560546875,97.68719482421875,62.33564376831055,42.30643081665039,19.708768844604492,12.388427734375,10.23770523071289,9.181878089904785,7.698692798614502,8.42938232421875,8.226275444030762,7.264583587646484,8.947888374328613,9.288248062133789,10.086695671081543,10.392147064208984,10.172798156738281,11.914475440979004,12.876925468444824,13.796793937683105,17.380117416381836,23.832246780395508,30.12775230407715,39.88890838623047,54.32789993286133,105.00247955322266,243.17088317871094,35514.95703125
66,0.0,164.8916473388672,136.08291625976562,88.35430145263672,56.49341583251953,29.449798583984375,16.81494140625,14.977799415588379,11.12950611114502,11.24933910369873,10.150803565979004,10.884078979492188,9.781150817871094,12.046771049499512,12.65110969543457,13.202432632446289,13.363780975341797,12.368047714233398,13.904581069946289,15.626092910766602,17.051231384277344,21.574970245361328,31.652875900268555,39.56761169433594,51.05403518676758,72.72867584228516,153.18763732910156,316.16583251953125,48047.7578125
67,0.0,104.25358581542969,75.72846221923828,55.77654266357422,34.20562744140625,17.885162353515625,10.083663940429688,9.047287940979004,7.336198329925537,7.17905855178833,6.621495246887207,7.130682945251465,6.910824775695801,7.729018688201904,8.590259552001953,8.546529769897461,8.93303394317627,8.69430160522461,10.098721504211426,10.985377311706543,11.635828971862793,15.486601829528809,19.897876739501953,27.01849365234375,33.01887512207031,49.53360366821289,104.72148895263672,204.21739196777344,35831.98046875
68,0.0,210.4051971435547,170.0200958251953,109.37519073486328,66.70185852050781,35.773765563964844,19.3112735748291,17.489999771118164,13.910812377929688,12.72222900390625,11.711289405822754,11.644755363464355,11.53138542175293,13.6421480178833,14.434938430786133,13.668987274169922,14.681539535522461,14.491378784179688,15.994915962219238,17.56850814819336,19.751453399658203,25.540786743164062,34.97377395629883,45.76719665527344,60.45674514770508,83.3415298461914,190.06011962890625,379.5914306640625,59102.39453125
69,0.0,203.30393981933594,159.185791015625,103.89569854736328,63.62253952026367,34.773685455322266,19.034629821777344,17.185379028320312,13.445719718933105,12.852264404296875,12.361854553222656,12.268125534057617,11.652393341064453,13.57736873626709,13.608101844787598,14.651407241821289,15.661235809326172,14.4152250289917,16.399147033691406,17.468713760375977,20.693641662597656,26.211997985839844,34.757362365722656,42.972042083740234,58.111228942871094,79.11267852783203,173.1138916015625,387.8973388671875,65460.63671875
70,0.0,170.53585815429688,125.47439575195312,96.51667785644531,57.43631362915039,24.379209518432617,17.048786163330078,14.666909217834473,11.01876449584961,10.656314849853516,10.33023452758789,11.043787956237793,9.19536304473877,11.658308982849121,13.245705604553223,13.57403564453125,14.233711242675781,13.308184623718262,14.273112297058105,15.8431978225708,19.32567024230957,24.234981536865234,32.7897834777832,45.9776725769043,53.80210494995117,75.80875396728516,170.62762451171875,323.1658935546875,50932.13671875
71,0.0,183.56932067871094,155.7907257080078,95.78826904296875,61.68958282470703,32.17591857910156,17.41798973083496,16.164045333862305,11.634663581848145,11.208436965942383,10.542889595031738,11.139791488647461,9.681225776672363,11.362826347351074,12.800934791564941,13.566248893737793,13.607370376586914,13.915852546691895,15.158177375793457,17.031219482421875,19.254362106323242,24.14661407470703,31.767486572265625,41.22209548950195,55.173885345458984,78.03228759765625,156.5279541015625,341.3646545410156,51734.80078125
72,0.0,102.51959228515625,79.23912048339844,52.17415237426758,35.93436813354492,17.78744888305664,10.270367622375488,9.612955093383789,8.050248146057129,7.759280681610107,7.064055919647217,6.908034324645996,7.017402648925781,8.179399490356445,8.407089233398438,8.907218933105469,8.85396957397461,8.446747779846191,9.526461601257324,10.516023635864258,11.621307373046875,14.028487205505371,20.063499450683594,23.269287109375,32.26240921020508,43.23574447631836,95.9786148071289,216.63314819335938,35436.15234375
73,0.0,111.11433410644531,87.71495819091797,55.534461975097656,38.82257080078125,19.706457138061523,10.992105484008789,9.872222900390625,8.07613754272461,8.014220237731934,7.728312015533447,7.5148773193359375,6.683277606964111,7.927773475646973,8.880660057067871,9.289417266845703,9.965448379516602,9.516316413879395,11.015240669250488,12.430912971496582,13.392355918884277,17.560039520263672,23.098262786865234,28.820920944213867,39.694095611572266,53.15339279174805,109.34571075439453,213.0864715576172,35841.7734375
74,0.0,171.5681915283203,125.13333129882812,88.32270812988281,56.861236572265625,27.39303207397461,16.939395904541016,13.916126251220703,10.780253410339355,10.658559799194336,10.021926879882812,10.567930221557617,9.580588340759277,11.849967002868652,11.738519668579102,12.684405326843262,13.690589904785156,12.791512489318848,14.780813217163086,16.61025047302246,17.192331314086914,21.013442993164062,31.70159912109375,39.44977569580078,53.88727569580078,73.23870849609375,150.26698303222656,332.6045837402344,50672.07421875
75,0.0,182.59927368164062,137.05955505371094,87.3579330444336,59.353763580322266,30.980546951293945,15.574130058288574,14.488947868347168,12.189735412597656,10.8370361328125,10.715486526489258,10.614568710327148,10.297979354858398,11.766451835632324,12.519702911376953,13.440519332885742,13.452216148376465,13.495094299316406,14.48571491241455,15.848409652709961,16.84427261352539,22.40599250793457,30.61676597595215,39.43179702758789,53.17127990722656,73.07414245605469,150.44540405273438,352.5474853515625,56276.99609375
76,0.0,130.4167938232422,98.30904388427734,68.44712829589844,43.05976486206055,21.78411102294922,13.87061595916748,12.892205238342285,11.334948539733887,11.391324996948242,10.630887031555176,10.529728889465332,9.28097915649414,11.704617500305176,12.871260643005371,12.55410099029541,13.765748977661133,13.193285942077637,15.238699913024902,15.424650192260742,16.648046493530273,20.788705825805664,26.33778190612793,34.863773345947266,45.021697998046875,55.33944320678711,122.4831771850586,425.3730773925781,55120.58203125
77,0.0,199.93923950195312,145.33270263671875,113.58476257324219,64.13380432128906,34.2789306640625,20.349477767944336,16.784276962280273,13.863468170166016,13.154633522033691,12.417308807373047,12.62822151184082,11.687167167663574,13.739729881286621,13.412192344665527,15.814423561096191,15.740219116210938,14.789838790893555,18.17001724243164,19.65088653564453,21.305461883544922,26.3690242767334,36.2341194152832,46.95450210571289,62.93996810913086,84.37513732910156,174.9102783203125,399.11138916015625,56657.40234375
78,0.0,208.31964111328125,159.1396484375,105.91960144042969,77.050537109375,36.994117736816406,23.227388381958008,20.741497039794922,16.533876419067383,14.629286766052246,14.255724906921387,13.96190357208252,13.781170845031738,16.624675750732422,18.811664581298828,18.855567932128906,20.306516647338867,18.4510555267334,22.478899002075195,23.502439498901367,24.86577033996582,32.007869720458984,45.86811828613281,58.5675163269043,79.5867691040039,105.035888671875,208.72811889648438,497.0179748535156,70395.90625
79,0.0,163.1568145751953,133.71328735351562,93.03562927246094,51.2804069519043,28.320634841918945,17.717802047729492,15.295072555541992,11.519432067871094,10.643238067626953,10.575782775878906,9.910274505615234,9.678909301757812,11.133487701416016,11.583230972290039,11.901254653930664,13.416932106018066,12.024144172668457,13.74948501586914,15.296231269836426,17.000215530395508,21.195262908935547,29.79888916015625,40.0118293762207,52.87868881225586,70.84967803955078,163.56475830078125,308.24951171875,48405.109375
80,0.0,236.2929229736328,190.1120147705078,130.1131591796875,88.68548583984375,39.02186965942383,23.257822036743164,21.596036911010742,18.41866683959961,16.330223083496094,15.774418830871582,14.099109649658203,13.621440887451172,14.730674743652344,17.184812545776367,18.959794998168945,17.835771560668945,17.81292152404785,20.40182876586914,21.60235595703125,22.262292861938477,29.833768844604492,39.22904586791992,51.686485290527344,65.46875,94.99019622802734,211.08004760742188,542.0011596679688,81617.078125
81,0.0,121.23973846435547,97.68370819091797,68.69285583496094,48.05046463012695,21.068227767944336,11.945235252380371,11.89527702331543,9.259895324707031,8.858575820922852,8.364400863647461,9.272676467895508,8.207364082336426,9.258882522583008,11.177664756774902,10.877852439880371,12.25825309753418,10.765302658081055,13.182500839233398,12.910027503967285,14.874696731567383,19.219709396362305,24.905519485473633,32.595375061035156,45.06416702270508,66.6361083984375,133.8843536376953,299.1509704589844,44539.90625
82,0.0,109.75631713867188,80.72177124023438,55.44612121582031,38.251914978027344,18.001230239868164,11.484682083129883,9.70382022857666,7.912606716156006,7.179202079772949,7.612481594085693,7.482785701751709,6.721215724945068,8.255377769470215,9.363444328308105,9.23220157623291,9.43036937713623,9.491071701049805,10.29532527923584,11.054821968078613,12.10342025756836,15.259590148925781,20.754465103149414,25.68223762512207,36.25807189941406,47.62455749511719,93.94926452636719,250.29856872558594,37270.3203125
83,0.0,157.91786193847656,119.73550415039062,80.13103485107422,47.98645782470703,25.8593692779541,15.323508262634277,12.69825553894043,9.949529647827148,9.350160598754883,9.180896759033203,9.304388046264648,8.004264831542969,10.264726638793945,10.937797546386719,11.668232917785645,11.808801651000977,11.159564971923828,13.017403602600098,13.974705696105957,14.479016304016113,20.149168014526367,27.100271224975586,33.15433120727539,43.69583511352539,59.55569839477539,144.23240661621094,314.72039794921875,43694.171875
84,0.0,182.9580078125,143.93556213378906,88.34333038330078,52.44414138793945,29.161333084106445,16.823026657104492,14.296998023986816,10.278578758239746,10.63255500793457,10.77401065826416,10.550752639770508,9.597428321838379,11.098730087280273,11.954765319824219,13.298380851745605,13.402236938476562,13.178183555603027,14.952754974365234,15.970454216003418,16.695383071899414,22.393789291381836,30.205244064331055,39.91319274902344,50.65568923950195,67.9910659790039,147.7558135986328,358.054443359375,49297.765625
85,0.0,188.61363220214844,137.437255859375,97.89977264404297,62.2628059387207,31.971952438354492,18.10039520263672,16.03853988647461,12.430899620056152,11.398221969604492,11.336132049560547,11.290653228759766,10.303006172180176,12.250103950500488,12.720553398132324,13.616659164428711,14.027983665466309,13.196990966796875,15.16186237335205,17.228307723999023,18.17127799987793,22.26949691772461,33.83302688598633,40.16939926147461,50.141571044921875,74.08711242675781,147.098876953125,368.84527587890625,55031.25
86,0.0,124.48941040039062,87.86264038085938,67.39998626708984,38.91617202758789,20.527416229248047,12.04532241821289,10.917793273925781,8.624300956726074,8.744890213012695,7.527846813201904,7.928589344024658,7.856860160827637,8.807046890258789,9.581783294677734,8.810216903686523,10.98851203918457,10.074006080627441,11.421980857849121,12.253249168395996,14.315237045288086,17.10456657409668,22.38849449157715,30.41560173034668,37.16034698486328,56.73224639892578,113.54773712158203,265.7085266113281,40700.78515625
87,0.0,200.96148681640625,153.77015686035156,116.9250259399414,69.61817169189453,38.07594299316406,22.2550048828125,18.26548957824707,15.218389511108398,14.890372276306152,14.469684600830078,13.892841339111328,12.697303771972656,15.677058219909668,15.899322509765625,18.970149993896484,19.189899444580078,16.80063247680664,21.31360626220703,21.09418296813965,23.730728149414062,30.497634887695312,42.50886917114258,55.336490631103516,72.33631134033203,95.92710876464844,217.05307006835938,476.3475341796875,69403.203125
88,0.0,172.19256591796875,140.63560485839844,88.76789855957031,60.37700271606445,30.20832633972168,17.945987701416016,16.269250869750977,12.003434181213379,11.6087646484375,11.116900444030762,10.716160774230957,10.414514541625977,12.834807395935059,13.02816104888916,14.413376808166504,15.144542694091797,13.657795906066895,16.366844177246094,17.189687728881836,20.140974044799805,23.35080337524414,32.309688568115234,40.85488510131836,59.23400115966797,76.64485931396484,168.9825897216797,334.70416259765625,55921.07421875
89,0.0,71.41278839111328,49.62760925292969,39.29896926879883,25.23344612121582,12.26511001586914,7.0631184577941895,6.279210090637207,5.465531349182129,5.620311737060547,5.568415641784668,5.488584995269775,5.0646514892578125,6.24108362197876,6.47192907333374,7.434388637542725,7.7519402503967285,7.174145698547363,8.561320304870605,9.165267944335938,9.655200958251953,12.840288162231445,17.385103225708008,21.76880645751953,28.97568702697754,38.85556411743164,71.45729064941406,142.38558959960938,23733.177734375
90,0.0,196.82554626464844,153.77647399902344,99.75682830810547,70.69532775878906,34.2906494140625,18.40477180480957,17.873790740966797,12.951691627502441,12.409988403320312,12.074447631835938,12.051153182983398,10.795732498168945,12.441961288452148,13.230597496032715,14.751836776733398,14.159369468688965,14.190231323242188,16.507761001586914,16.695945739746094,19.772184371948242,23.37689781188965,33.91899490356445,40.65992736816406,57.666236877441406,75.75666046142578,159.1594696044922,325.44287109375,54783.5
91,0.0,172.76463317871094,124.05740356445312,81.32796478271484,58.95143127441406,28.516712188720703,17.15363311767578,15.525969505310059,11.331682205200195,10.010746955871582,10.20983600616455,9.993681907653809,9.410868644714355,11.24343204498291,11.914586067199707,13.118398666381836,13.080805778503418,12.73461627960205,14.816634178161621,14.951118469238281,18.268814086914062,23.25530242919922,31.414255142211914,37.916282653808594,51.68687438964844,75.29252624511719,155.4095001220703,335.9718933105469,49293.28515625
92,0.0,176.58340454101562,120.429443359375,85.78719329833984,57.26811981201172,27.23945426940918,15.996355056762695,13.436253547668457,10.754075050354004,10.643800735473633,10.376433372497559,9.898902893066406,9.157602310180664,10.997724533081055,11.495349884033203,12.027048110961914,13.626371383666992,12.340436935424805,14.105499267578125,15.517528533935547,16.27093505859375,22.024648666381836,29.158504486083984,36.609867095947266,51.867393493652344,72.59295654296875,145.45059204101562,297.0376281738281,46140.4453125
93,0.0,169.34487915039062,133.78182983398438,93.83789825439453,61.38273620605469,29.70886993408203,17.837017059326172,15.111967086791992,12.415952682495117,11.525754928588867,11.234384536743164,11.035483360290527,10.011595726013184,12.779989242553711,13.088717460632324,13.389992713928223,13.236879348754883,14.718957901000977,15.320198059082031,16.59358024597168,18.673246383666992,22.411325454711914,32.54246139526367,37.89436721801758,54.765480041503906,77.56452178955078,156.67007446289062,362.0608215332031,56225.72265625
94,0.0,104.20049285888672,86.12190246582031,61.25227737426758,35.42928695678711,19.048439025878906,12.650245666503906,10.870329856872559,8.895268440246582,8.79355239868164,7.966680526733398,7.856016635894775,7.785382270812988,8.360494613647461,9.91555404663086,10.270223617553711,10.821527481079102,9.892068862915039,11.074836730957031,12.673744201660156,13.368988990783691,18.825071334838867,23.514341354370117,28.36101531982422,38.3834114074707,50.99053192138672,103.66698455810547,242.66529846191406,41063.78515625
95,0.0,115.60497283935547,96.4532241821289,64.01634979248047,38.725826263427734,20.582073211669922,13.131011962890625,10.425840377807617,8.915810585021973,7.823898792266846,7.604126453399658,7.927500247955322,7.610871315002441,8.863141059875488,9.459803581237793,9.814029693603516,9.675244331359863,9.87014102935791,11.833887100219727,12.107497215270996,13.97884464263916,18.020570755004883,22.30099105834961,30.873544692993164,41.51951599121094,52.76408767700195,113.94364929199219,237.14891052246094,37700.51953125
96,0.0,230.80226135253906,182.95553588867188,115.87236785888672,73.33649444580078,35.228885650634766,21.79478645324707,19.448640823364258,14.202147483825684,13.563584327697754,12.524504661560059,13.086867332458496,12.509490966796875,13.613679885864258,15.389516830444336,15.449238777160645,15.851139068603516,16.618804931640625,18.596345901489258,20.227205276489258,20.925724029541016,28.092748641967773,36.86300277709961,46.80646896362305,61.928932189941406,84.35382080078125,183.20016479492188,461.7543640136719,64885.28125
97,0.0,162.90394592285156,130.8644561767578,82.23587799072266,50.13074493408203,26.192703247070312,16.160768508911133,13.438358306884766,10.69495964050293,9.990476608276367,10.3160982131958,9.892404556274414,8.471001625061035,10.726228713989258,11.71363353729248,12.417912483215332,12.939396858215332,11.702373504638672,14.07815170288086,14.891685485839844,17.095937728881836,21.634857177734375,29.050411224365234,40.38495635986328,51.357662200927734,75.2118148803711,151.47335815429688,303.7555236816406,40871.375
98,0.0,110.03258514404297,83.15682983398438,61.5556755065918,37.32771301269531,18.667442321777344,11.699365615844727,9.501934051513672,8.054625511169434,7.939297199249268,7.318413257598877,7.757925987243652,7.34637451171875,8.389938354492188,8.74857234954834,9.528785705566406,9.488041877746582,9.60050106048584,10.711474418640137,12.035050392150879,13.111835479736328,17.778078079223633,23.439598083496094,28.460216522216797,38.890419006347656,52.64702606201172,122.52306365966797,226.3633270263672,31574.619140625
99,0.0,119.74629211425781,97.07870483398438,65.55609893798828,42.97589874267578,19.970027923583984,12.973445892333984,12.503534317016602,9.736126899719238,8.903152465820312,9.00551986694336,9.306468963623047,8.558887481689453,9.655008316040039,10.776609420776367,11.21058464050293,11.187788963317871,10.441189765930176,12.234627723693848,14.123213768005371,15.514071464538574,18.630908966064453,26.5660400390625,33.80452346801758,45.19168472290039,61.45428466796875,126.816162109375,262.2195129394531,45542.99609375
100,0.0,147.46461486816406,114.25883483886719,75.58305358886719,46.104103088378906,23.9312744140625,15.31032657623291,13.031094551086426,9.239694595336914,9.621735572814941,8.893009185791016,8.818343162536621,8.602056503295898,9.673321723937988,10.910579681396484,11.567305564880371,11.440266609191895,10.662105560302734,12.955731391906738,13.219873428344727,13.511895179748535,18.379514694213867,25.929153442382812,31.781686782836914,43.9356575012207,59.652278900146484,129.76535034179688,268.15618896484375,43217.828125
101,0.0,132.21331787109375,87.14765167236328,64.71605682373047,40.87657165527344,20.35712242126465,11.479596138000488,11.111059188842773,8.205511093139648,7.356740951538086,7.448997974395752,7.779742240905762,7.112070083618164,8.136168479919434,9.431267738342285,9.563560485839844,9.897313117980957,9.401966094970703,10.677830696105957,11.300085067749023,13.021049499511719,15.453398704528809,21.793521881103516,28.60863494873047,39.74688720703125,52.81321716308594,112.52450561523438,254.8285675048828,37246.16796875
102,0.0,141.53152465820312,107.81884765625,72.39157104492188,44.76471710205078,24.203317642211914,13.903695106506348,11.707561492919922,9.574213981628418,9.157727241516113,8.937148094177246,8.530117988586426,8.264036178588867,9.278885841369629,9.550010681152344,10.794706344604492,10.36217212677002,10.2575044631958,12.039322853088379,12.342222213745117,14.000778198242188,17.52786636352539,24.572729110717773,31.66478729248047,39.46986770629883,58.66935729980469,124.86005401611328,298.82061767578125,44898.48046875
103,0.0,111.38716125488281,90.91101837158203,62.64014434814453,37.281959533691406,19.057466506958008,11.511639595031738,9.91522216796875,8.165078163146973,7.675565719604492,7.783212184906006,7.6045122146606445,7.38946008682251,8.411890983581543,9.708419799804688,10.068607330322266,9.989232063293457,9.895834922790527,11.18220329284668,13.034435272216797,13.199885368347168,17.454626083374023,22.245567321777344,29.002975463867188,37.485984802246094,50.71877670288086,110.94811248779297,227.5047607421875,41284.06640625
104,0.0,194.9193878173828,155.55718994140625,98.8494873046875,63.06316375732422,31.172048568725586,19.656949996948242,17.04877471923828,13.40548324584961,13.877809524536133,13.233541488647461,13.237648010253906,11.174895286560059,13.253463745117188,15.317015647888184,16.154861450195312,17.01955795288086,14.977564811706543,18.17441177368164,19.166301727294922,21.8686466217041,26.454273223876953,36.94343948364258,48.21816635131836,66.87007904052734,88.69992065429688,181.0652618408203,369.06634521484375,66429.9296875
105,0.0,169.6302947998047,118.00162506103516,90.1505355834961,55.729522705078125,25.645719528198242,16.842805862426758,14.0467529296875,10.617740631103516,9.97115707397461,9.178589820861816,9.540324211120605,8.438896179199219,10.79086971282959,11.698932647705078,11.358619689941406,11.734359741210938,11.94465446472168,13.911510467529297,15.54643440246582,16.682071685791016,21.447927474975586,30.830963134765625,37.55189514160156,50.08061218261719,72.07156372070312,160.4422607421875,290.9980163574219,39608.640625
106,0.0,196.7820281982422,158.8842010498047,102.24598693847656,62.37498092651367,34.23993682861328,20.11178970336914,16.456409454345703,12.436379432678223,11.672992706298828,11.673445701599121,11.534103393554688,10.40041446685791,12.102109909057617,13.631958961486816,13.559887886047363,14.35662841796875,13.579124450683594,16.611785888671875,17.09783935546875,19.207372665405273,25.81186866760254,34.25699996948242,43.84198760986328,58.877113342285156,78.28314208984375,176.14686584472656,369.1728820800781,49083.94921875
107,0.0,213.71295166015625,161.28170776367188,106.4214096069336,68.52335357666016,31.6688232421875,19.227893829345703,18.614988327026367,14.304523468017578,13.325156211853027,12.546268463134766,12.710981369018555,11.344364166259766,12.843049049377441,13.755237579345703,15.139004707336426,15.514528274536133,14.56826400756836,16.979066848754883,17.36013412475586,21.32933235168457,25.7724552154541,37.08490753173828,48.209678649902344,63.323055267333984,86.01053619384766,185.48094177246094,425.03302001953125,68691.75
108,0.0,177.27157592773438,128.84400939941406,92.97818756103516,60.52524948120117,31.27347755432129,15.55855941772461,15.125457763671875,12.161672592163086,10.663402557373047,10.396851539611816,10.786652565002441,9.637277603149414,11.87808609008789,13.009920120239258,13.57911205291748,13.699301719665527,13.138566017150879,14.382132530212402,16.276714324951172,18.359935760498047,23.070844650268555,29.80775260925293,40.15918731689453,50.0836067199707,73.35661315917969,149.689697265625,329.0680236816406,46951.00390625
109,0.0,163.23272705078125,131.83682250976562,89.23757934570312,56.25327682495117,26.45636558532715,17.514583587646484,14.238421440124512,11.90178394317627,11.238839149475098,10.257539749145508,10.341288566589355,10.490774154663086,10.914436340332031,12.479296684265137,13.398453712463379,13.470577239990234,12.351213455200195,14.629652976989746,15.614655494689941,17.37910270690918,22.118663787841797,30.286115646362305,38.74306106567383,50.42699432373047,68.91031646728516,148.8186492919922,330.6162414550781,51929.21875
110,0.0,90.94217681884766,68.0559310913086,46.44169616699219,30.610107421875,14.289541244506836,9.32536506652832,8.515762329101562,6.850703239440918,6.71631383895874,7.129571437835693,6.781619548797607,6.634544372558594,8.28750991821289,7.711823463439941,8.875894546508789,8.521621704101562,8.77061939239502,9.558568954467773,10.711996078491211,12.190961837768555,14.266164779663086,19.999828338623047,25.721948623657227,33.48418426513672,45.491233825683594,100.13722229003906,234.07220458984375,35834.2421875
111,0.0,188.50213623046875,144.91110229492188,90.46436309814453,61.485084533691406,30.188146591186523,18.33909034729004,16.485403060913086,11.35961627960205,11.755412101745605,11.257243156433105,10.982945442199707,10.160837173461914,11.849991798400879,12.364127159118652,14.269122123718262,13.892333030700684,14.029558181762695,15.390785217285156,15.545807838439941,19.65837860107422,22.952512741088867,35.97568130493164,42.52308654785156,59.570701599121094,80.9239730834961,179.57421875,324.44256591796875,46080.94140625
112,0.0,116.74014282226562,95.12586212158203,58.70942687988281,39.11383819580078,19.517162322998047,11.24228572845459,10.972488403320312,8.093338966369629,7.790760040283203,7.338481903076172,7.220749855041504,6.8135762214660645,8.264914512634277,8.978617668151855,9.237524032592773,9.800346374511719,9.888949394226074,10.925637245178223,11.22722339630127,12.344522476196289,16.76462745666504,22.966543197631836,28.44550895690918,37.61809158325195,53.15258026123047,102.60440826416016,233.55828857421875,31074.376953125
113,0.0,113.5687255859375,97.85198974609375,68.87743377685547,42.264652252197266,20.341848373413086,12.384455680847168,11.64697551727295,9.948419570922852,8.661693572998047,8.374677658081055,8.386971473693848,8.326127052307129,9.64659595489502,10.046215057373047,11.654195785522461,11.252472877502441,10.762402534484863,12.859000205993652,14.293166160583496,14.923663139343262,19.09844207763672,25.48197364807129,32.1542854309082,44.951316833496094,56.23807907104492,118.36737823486328,306.77490234375,44085.546875
114,0.0,114.78953552246094,80.765869140625,60.002960205078125,36.496246337890625,17.82249641418457,11.636369705200195,10.199846267700195,8.415640830993652,8.3873929977417,7.820387363433838,7.804165363311768,7.477920055389404,8.940281867980957,10.019686698913574,10.319113731384277,10.374540328979492,10.199490547180176,11.622356414794922,12.280153274536133,14.260643005371094,17.2185001373291,23.16722297668457,30.351911544799805,39.066925048828125,55.75812530517578,121.2529296875,241.22366333007812,44839.9296875
115,0.0,137.9656982421875,101.13079833984375,62.699432373046875,45.00895309448242,23.14780044555664,13.2592191696167,12.033003807067871,8.756957054138184,8.791443824768066,8.375572204589844,8.220409393310547,8.238795280456543,9.798365592956543,10.141444206237793,10.485844612121582,11.571866035461426,10.09891128540039,11.474409103393555,13.270276069641113,14.730939865112305,19.026399612426758,26.527164459228516,32.70207977294922,45.218807220458984,64.20408630371094,126.07839965820312,287.7091979980469,41904.34375
116,0.0,103.51750183105469,72.94160461425781,57.468101501464844,34.67277526855469,15.994879722595215,10.818131446838379,9.449661254882812,7.724147796630859,7.6604084968566895,7.198500156402588,7.326539516448975,6.696127891540527,7.875106334686279,8.334818840026855,9.307395935058594,9.74352741241455,9.558984756469727,11.103639602661133,11.465950965881348,12.892019271850586,16.938602447509766,21.4985294342041,27.630043029785156,36.46934509277344,50.582786560058594,104.5790023803711,219.69712829589844,35005.2421875
117,0.0,172.73428344726562,132.60366821289062,93.44125366210938,57.99888229370117,28.71776008605957,16.96124267578125,14.081192016601562,11.184361457824707,11.332802772521973,10.326424598693848,9.839923858642578,9.726517677307129,10.686869621276855,11.293624877929688,12.202069282531738,13.019996643066406,12.234113693237305,14.393937110900879,14.627885818481445,18.64112663269043,22.969404220581055,32.086639404296875,39.1658821105957,54.6385498046875,73.96489715576172,169.81842041015625,327.7093811035156,44926.8984375
118,0.0,151.64161682128906,117.32064819335938,77.81680297851562,52.153892517089844,25.263593673706055,14.5518798828125,12.634037971496582,9.98192024230957,9.465322494506836,8.922929763793945,9.238350868225098,8.900031089782715,9.741795539855957,11.585858345031738,11.146002769470215,12.269413948059082,11.384828567504883,13.467652320861816,14.514533042907715,16.395496368408203,21.85460662841797,29.254756927490234,37.73072052001953,48.861541748046875,70.55520629882812,142.53237915039062,291.8078308105469,42611.37109375
119,0.0,136.86163330078125,108.73265838623047,72.69242858886719,43.517818450927734,23.74660301208496,14.12389087677002,11.775368690490723,10.198359489440918,9.055383682250977,8.773319244384766,9.107665061950684,8.473913192749023,9.67999267578125,10.739463806152344,10.834571838378906,11.607641220092773,11.914891242980957,13.069989204406738,13.823148727416992,15.307230949401855,19.152353286743164,25.822843551635742,32.009925842285156,41.77951431274414,57.99908447265625,128.5936279296875,272.4967041015625,47975.09765625
120,0.0,161.92787170410156,134.6669464111328,85.34353637695312,54.31696701049805,28.5574951171875,16.77512550354004,14.19992446899414,12.086348533630371,10.82050895690918,10.796743392944336,10.763138771057129,9.839603424072266,11.406497955322266,11.72673225402832,12.195047378540039,12.584878921508789,12.42294692993164,13.484469413757324,15.748346328735352,16.483322143554688,22.326658248901367,28.284284591674805,36.876522064208984,50.103248596191406,68.74349212646484,148.2686309814453,352.0112609863281,55067.1484375
121,0.0,137.1303253173828,111.57460021972656,79.05705261230469,49.32695388793945,24.3814754486084,14.835713386535645,12.68152141571045,9.94367790222168,9.152457237243652,9.133460998535156,9.776793479919434,8.522115707397461,10.090197563171387,10.772902488708496,11.266679763793945,11.9561767578125,11.426422119140625,12.708849906921387,14.442801475524902,15.480456352233887,20.273544311523438,26.833450317382812,33.83346939086914,47.07514190673828,62.386260986328125,136.1733856201172,295.5950622558594,44203.40234375
122,0.0,173.73316955566406,127.86679077148438,89.51477813720703,58.07057189941406,28.684255599975586,17.21072006225586,15.001606941223145,10.981826782226562,11.08553409576416,10.739729881286621,11.239240646362305,10.450701713562012,12.05136775970459,13.359254837036133,13.437636375427246,14.692264556884766,12.93323040008545,15.67304801940918,16.867704391479492,18.93667984008789,23.624492645263672,33.82686233520508,42.560604095458984,56.149234771728516,78.2015380859375,152.18402099609375,313.10113525390625,49142.34765625
123,0.0,169.091064453125,131.79859924316406,86.99765014648438,59.48500061035156,30.91590118408203,17.676652908325195,15.923155784606934,12.248041152954102,11.737956047058105,10.746170043945312,10.895466804504395,9.679205894470215,12.243366241455078,12.579463958740234,12.481215476989746,13.260696411132812,12.785511016845703,14.601592063903809,15.023634910583496,16.999868392944336,20.830398559570312,29.040481567382812,36.53962326049805,49.9310302734375,65.56954193115234,151.8685760498047,337.2501220703125,53406.9375
124,0.0,173.06979370117188,129.325439453125,94.48504638671875,57.12185287475586,31.62054443359375,17.424419403076172,15.861120223999023,12.320027351379395,12.083074569702148,10.771492958068848,10.64014720916748,10.437216758728027,11.809590339660645,13.001165390014648,12.943781852722168,14.72955322265625,13.372485160827637,15.310117721557617,15.725645065307617,18.551931381225586,22.397449493408203,30.363771438598633,39.10316848754883,54.178646087646484,75.59523010253906,158.21328735351562,342.3388366699219,50620.61328125
125,0.0,238.12994384765625,182.4339141845703,124.46302032470703,72.18285369873047,38.4643669128418,22.41584587097168,19.50896644592285,15.107497215270996,14.93577766418457,14.104642868041992,14.529882431030273,12.686753273010254,15.320392608642578,15.760969161987305,16.422054290771484,17.297021865844727,16.3790225982666,19.07252311706543,20.12218475341797,22.198022842407227,28.387929916381836,37.55982208251953,49.4832649230957,64.80022430419922,85.62152862548828,188.41217041015625,434.7413635253906,74741.125
126,0.0,95.6519546508789,79.56298828125,54.30435562133789,34.557186126708984,16.44477653503418,9.081738471984863,8.17713737487793,7.179280757904053,6.492865562438965,6.335506916046143,6.4738969802856445,6.465633869171143,7.638685703277588,8.371159553527832,8.569892883300781,8.680447578430176,8.991730690002441,9.948922157287598,11.019591331481934,11.337152481079102,14.813516616821289,19.812135696411133,24.879671096801758,33.720516204833984,45.332984924316406,102.18533325195312,198.6331024169922,33688.67578125
127,0.0,209.38775634765625,180.5859832763672,122.72196197509766,78.55155944824219,40.87628936767578,24.30282974243164,19.97635269165039,16.807981491088867,15.690606117248535,14.326148986816406,15.093416213989258,13.896459579467773,16.169267654418945,16.775875091552734,18.436386108398438,17.558841705322266,17.462554931640625,19.05310821533203,22.162824630737305,23.269275665283203,31.557483673095703,42.84667205810547,52.494754791259766,68.09103393554688,92.78270721435547,196.78543090820312,482.6978454589844,71365.296875
128,0.0,232.95794677734375,173.27285766601562,117.77692413330078,79.64915466308594,38.183563232421875,23.65021514892578,19.870153427124023,15.569153785705566,15.45112419128418,15.078227043151855,14.627140045166016,13.278274536132812,16.05788803100586,16.569189071655273,16.676673889160156,16.904144287109375,16.88920783996582,19.155338287353516,19.63003158569336,20.776411056518555,27.222318649291992,36.33199691772461,46.08244323730469,64.62860870361328,83.42034912109375,174.29283142089844,459.5893249511719,81509.796875
129,0.0,153.84539794921875,123.47317504882812,79.98767852783203,52.05082321166992,24.843576431274414,15.35487174987793,13.543184280395508,9.865797996520996,10.310919761657715,9.601815223693848,9.675546646118164,8.875593185424805,11.013030052185059,10.986265182495117,11.634498596191406,12.592840194702148,11.766279220581055,14.148058891296387,15.150543212890625,16.53700828552246,20.193273544311523,27.888153076171875,35.638092041015625,46.919090270996094,64.74467468261719,141.82435607910156,284.231201171875,49427.0234375
130,0.0,154.93597412109375,128.05322265625,80.10276794433594,52.522666931152344,25.189407348632812,16.353302001953125,13.617077827453613,10.783207893371582,10.927641868591309,10.059713363647461,10.089184761047363,9.33935546875,10.366329193115234,11.725752830505371,13.115533828735352,13.710851669311523,11.579309463500977,14.102910041809082,15.051751136779785,16.547740936279297,19.527544021606445,28.69522476196289,35.0673828125,48.614990234375,69.77179718017578,138.7091827392578,299.3896484375,42381.5078125
131,0.0,178.61190795898438,126.43522644042969,92.15010070800781,54.89105224609375,29.26239013671875,17.082237243652344,15.038232803344727,11.453678131103516,11.042643547058105,11.097162246704102,11.448431968688965,10.283413887023926,11.901995658874512,12.421881675720215,14.10792064666748,13.46772289276123,13.302048683166504,14.701644897460938,15.67557144165039,18.187114715576172,22.47183609008789,30.41982650756836,39.844139099121094,52.989688873291016,71.94186401367188,143.1868133544922,358.0376281738281,55661.19921875
132,0.0,166.48907470703125,124.5014419555664,83.97797393798828,52.99411392211914,26.95390510559082,14.775713920593262,13.328147888183594,10.921136856079102,9.853754043579102,9.499344825744629,9.839988708496094,8.832656860351562,10.619550704956055,10.644533157348633,12.173836708068848,12.996517181396484,11.651578903198242,13.532455444335938,14.816184043884277,17.047809600830078,20.834875106811523,30.1009578704834,36.674964904785156,48.35075378417969,70.69998931884766,138.76390075683594,262.57806396484375,41983.39453125
133,0.0,240.5471649169922,171.3444366455078,117.62687683105469,78.50419616699219,37.693260192871094,22.852218627929688,22.10739517211914,16.48335838317871,16.44809913635254,15.088117599487305,15.812731742858887,14.905033111572266,17.07514762878418,18.710281372070312,20.968856811523438,22.14870834350586,19.418092727661133,23.07007598876953,24.435501098632812,26.545427322387695,33.417633056640625,49.10247039794922,64.16983795166016,82.46156311035156,110.8402099609375,236.14468383789062,510.5614318847656,80769.6171875
134,0.0,150.1090545654297,111.53025817871094,81.0534439086914,46.76595687866211,25.125778198242188,14.773844718933105,14.190451622009277,10.70933723449707,10.499483108520508,10.669394493103027,10.142939567565918,9.782513618469238,11.684361457824707,11.503873825073242,12.532742500305176,12.878703117370605,12.260283470153809,13.487165451049805,14.382346153259277,16.911197662353516,18.654497146606445,25.72120475769043,34.93610382080078,44.20680618286133,57.20784378051758,129.58631896972656,358.03271484375,57920.125
135,0.0,190.98731994628906,139.27694702148438,100.795654296875,63.35087966918945,32.04791259765625,19.288965225219727,15.82650089263916,12.680898666381836,12.06723690032959,11.148612022399902,11.566059112548828,11.112039566040039,12.937430381774902,13.33608627319336,14.530854225158691,14.634014129638672,13.641120910644531,15.93185043334961,17.545085906982422,20.517017364501953,24.03461265563965,34.288673400878906,46.01120376586914,59.2692985534668,81.74559020996094,178.80801391601562,355.9513854980469,58529.76171875
136,0.0,175.0585174560547,134.1855010986328,96.067626953125,58.84331130981445,29.627525329589844,18.710159301757812,14.690455436706543,12.32421588897705,11.152837753295898,10.595438003540039,11.051254272460938,9.994623184204102,11.996508598327637,12.585428237915039,12.464736938476562,14.020833969116211,13.22716999053955,14.46043872833252,15.638861656188965,18.04458236694336,23.18733787536621,31.88062286376953,40.43233108520508,54.452354431152344,72.78235626220703,173.43453979492188,341.5492248535156,52385.73828125
137,0.0,186.0078887939453,138.76007080078125,99.41059875488281,56.975311279296875,30.57523536682129,17.053707122802734,15.645150184631348,13.095803260803223,12.293705940246582,11.94221305847168,11.366273880004883,10.947632789611816,12.589859962463379,12.966008186340332,14.555381774902344,15.150459289550781,14.32990550994873,16.213891983032227,17.663671493530273,19.204700469970703,23.540645599365234,34.190818786621094,43.155948638916016,51.629112243652344,71.24327850341797,153.09222412109375,343.5296325683594,57756.921875
138,0.0,86.06803894042969,60.61692428588867,37.935508728027344,27.07537078857422,13.332659721374512,8.21960735321045,6.612314701080322,5.659910678863525,5.756555557250977,5.86673641204834,6.07917594909668,5.569336891174316,6.662301063537598,7.414939880371094,8.262186050415039,7.941283702850342,7.541319370269775,9.160661697387695,9.380160331726074,10.710025787353516,13.841089248657227,19.617521286010742,23.188520431518555,30.283044815063477,41.443267822265625,83.80990600585938,165.48260498046875,25499.1484375
139,0.0,196.33932495117188,138.35801696777344,107.9278793334961,66.69053649902344,33.924922943115234,19.557050704956055,17.929716110229492,13.1285982131958,12.06629467010498,12.214892387390137,12.557223320007324,10.680563926696777,12.521081924438477,13.673514366149902,14.374373435974121,14.673823356628418,13.711259841918945,15.983881950378418,17.64519691467285,19.162273406982422,25.166040420532227,32.444732666015625,39.72151565551758,54.014930725097656,72.70303344726562,173.46762084960938,326.6181335449219,53456.046875
140,0.0,178.90562438964844,133.7772216796875,86.77547454833984,59.12858581542969,29.636463165283203,16.903156280517578,15.26125431060791,12.352188110351562,10.897965431213379,10.934791564941406,10.822574615478516,9.477385520935059,11.534367561340332,12.81194019317627,13.173588752746582,12.736886978149414,12.709065437316895,15.154213905334473,17.194746017456055,19.119190216064453,23.501195907592773,31.4671688079834,43.04389190673828,54.397125244140625,74.2573013305664,170.2633514404297,315.4901428222656,52149.09765625
141,0.0,118.65599060058594,95.89378356933594,60.44386672973633,40.19767761230469,20.90912628173828,11.550912857055664,10.673077583312988,8.46980094909668,7.655256748199463,7.897170066833496,7.645679950714111,7.0652289390563965,8.39555549621582,9.067132949829102,9.141735076904297,9.538515090942383,9.483658790588379,10.504172325134277,11.684920310974121,12.708691596984863,15.243637084960938,21.920692443847656,26.70462989807129,36.39796829223633,47.796531677246094,105.77055358886719,251.04820251464844,37430.2734375
142,0.0,123.3803939819336,87.42913818359375,54.88074493408203,35.7292366027832,17.9979305267334,10.490082740783691,9.601540565490723,7.513182163238525,7.394675254821777,6.9446916580200195,7.356140613555908,6.5770392417907715,7.66400146484375,8.129670143127441,8.208369255065918,8.762717247009277,8.625027656555176,10.187026023864746,10.332457542419434,11.940071105957031,15.139422416687012,20.118099212646484,26.048715591430664,31.614519119262695,48.00213623046875,100.11865997314453,201.68133544921875,33669.5625
143,0.0,186.74253845214844,135.12657165527344,92.60313415527344,55.41063690185547,29.892744064331055,19.201995849609375,16.122737884521484,13.034000396728516,12.304287910461426,12.416704177856445,11.316455841064453,11.453154563903809,12.630086898803711,14.367222785949707,13.836176872253418,14.699061393737793,14.046091079711914,15.429851531982422,17.22960090637207,19.545093536376953,24.875423431396484,35.035640716552734,46.750125885009766,57.4179801940918,82.70269012451172,169.92857360839844,371.7973937988281,54131.9921875
144,0.0,98.7615737915039,82.18770599365234,52.754966735839844,32.172367095947266,16.899303436279297,10.441824913024902,8.66403579711914,7.436319351196289,6.453608512878418,6.568188667297363,6.563070297241211,6.4828290939331055,7.086183071136475,7.5424017906188965,7.830016613006592,8.254256248474121,8.096121788024902,9.432320594787598,9.837507247924805,10.137418746948242,13.634346008300781,18.2713565826416,23.883668899536133,29.982271194458008,41.262596130371094,86.71064758300781,208.71737670898438,30482.77734375
145,0.0,140.6985321044922,104.63663482666016,72.25821685791016,43.084537506103516,22.630308151245117,14.172548294067383,10.969236373901367,8.655599594116211,8.32188892364502,8.296223640441895,8.53277587890625,7.96716833114624,9.043050765991211,9.365850448608398,10.350492477416992,10.656698226928711,9.856339454650879,11.255203247070312,12.526000022888184,13.899009704589844,16.544586181640625,23.74542999267578,29.058298110961914,39.547943115234375,50.85440444946289,113.0912857055664,269.632080078125,44599.2421875
146,0.0,129.85850524902344,102.284423828125,70.15669250488281,40.57511901855469,22.014144897460938,12.806984901428223,11.049182891845703,8.646838188171387,8.027641296386719,8.246665000915527,8.420857429504395,7.829107761383057,9.681340217590332,10.215855598449707,10.007328987121582,11.160250663757324,10.928496360778809,11.931174278259277,13.233477592468262,14.106694221496582,18.397075653076172,25.76988410949707,31.520296096801758,43.004703521728516,60.4422492980957,122.96500396728516,259.9383239746094,39790.70703125
147,0.0,148.081787109375,115.72438049316406,78.13235473632812,52.27466583251953,25.493408203125,15.731772422790527,13.84988784790039,10.647043228149414,10.702856063842773,9.788336753845215,9.988557815551758,9.003911972045898,10.213067054748535,11.489904403686523,12.236148834228516,13.355966567993164,11.956451416015625,14.441004753112793,14.543356895446777,16.212106704711914,19.146085739135742,27.089900970458984,33.916072845458984,42.257266998291016,59.3502197265625,121.81733703613281,322.2684631347656,50836.2578125
148,0.0,171.67416381835938,135.7497100830078,87.3298110961914,56.96226119995117,28.41922378540039,18.08892822265625,14.881590843200684,11.024348258972168,10.067363739013672,9.559024810791016,9.326644897460938,8.842846870422363,10.536214828491211,11.508769989013672,12.341785430908203,12.635980606079102,12.336824417114258,13.975557327270508,14.375435829162598,17.09697914123535,19.923458099365234,31.287120819091797,37.30585479736328,51.00430679321289,68.94825744628906,146.29339599609375,300.9122009277344,44296.73046875
149,0.0,168.2868194580078,130.9684600830078,94.59786224365234,60.61018371582031,29.731534957885742,18.005416870117188,16.4191951751709,14.048385620117188,11.911162376403809,12.523401260375977,11.854985237121582,10.526169776916504,12.747014045715332,16.009063720703125,15.293700218200684,15.77431869506836,15.027290344238281,16.450523376464844,17.72452735900879,18.492950439453125,23.2242431640625,30.640262603759766,39.220977783203125,52.72831344604492,68.70954895019531,146.02468872070312,416.8197021484375,62427.50390625
150,0.0,151.1933135986328,118.99978637695312,85.51026916503906,52.37428283691406,27.77850914001465,16.754018783569336,14.899258613586426,11.112095832824707,10.94344425201416,10.656617164611816,11.088663101196289,10.223254203796387,11.297525405883789,12.122282028198242,11.968740463256836,12.718633651733398,11.94089126586914,14.490221977233887,15.413772583007812,16.571046829223633,20.78104019165039,26.534652709960938,33.62409591674805,44.164493560791016,59.515655517578125,123.06183624267578,326.2341613769531,56343.890625
151,0.0,173.67344665527344,151.3844451904297,100.01250457763672,59.11544418334961,30.156766891479492,18.534732818603516,16.238929748535156,12.74052619934082,12.209915161132812,11.321025848388672,11.073241233825684,9.909873962402344,12.880590438842773,13.559194564819336,13.860123634338379,13.902883529663086,13.534029960632324,14.842933654785156,16.815067291259766,17.390670776367188,22.962862014770508,33.51720428466797,42.60079574584961,58.47861862182617,74.59756469726562,150.75592041015625,350.6423645019531,54871.12109375
152,0.0,118.26690673828125,97.35321044921875,63.41434860229492,39.17655944824219,20.73346519470215,12.859234809875488,10.784563064575195,8.516252517700195,8.319442749023438,8.167231559753418,8.272930145263672,7.680294990539551,8.782390594482422,9.488597869873047,9.602294921875,10.626365661621094,10.418643951416016,11.623398780822754,12.208767890930176,13.290783882141113,17.988298416137695,22.071842193603516,27.797523498535156,37.59677505493164,49.09233474731445,115.47846984863281,239.5823974609375,37996.16015625
153,0.0,165.41607666015625,127.7828369140625,90.59516906738281,57.60261154174805,28.365375518798828,15.424112319946289,12.943178176879883,10.867307662963867,10.109687805175781,9.421095848083496,9.438841819763184,9.04806137084961,10.572790145874023,11.311962127685547,11.636604309082031,12.493987083435059,11.55865478515625,13.317965507507324,14.049508094787598,16.345624923706055,20.758758544921875,28.063156127929688,35.44550704956055,50.01074981689453,69.26414489746094,150.1986083984375,318.1083984375,48792.35546875
154,0.0,191.38497924804688,151.71522521972656,103.96113586425781,67.39066314697266,31.913841247558594,20.345762252807617,16.284887313842773,13.188922882080078,11.89183235168457,11.619043350219727,11.24815845489502,11.062908172607422,13.597084999084473,13.81816577911377,14.28078842163086,13.9993896484375,14.38718032836914,16.48517608642578,16.86759376525879,19.35422706604004,23.859411239624023,34.427974700927734,40.98529052734375,58.748130798339844,77.85096740722656,169.33436584472656,371.80194091796875,54234.11328125
155,0.0,186.71807861328125,140.0548095703125,98.57545471191406,63.8287353515625,30.885000228881836,19.089746475219727,15.495656967163086,12.547632217407227,11.492700576782227,11.216789245605469,11.518473625183105,10.230344772338867,12.429868698120117,13.46253776550293,13.12623119354248,14.686051368713379,13.660348892211914,17.434141159057617,17.244787216186523,19.600032806396484,25.014001846313477,32.058528900146484,41.31755065917969,57.06576919555664,79.48480224609375,156.90638732910156,369.31195068359375,58551.515625
156,0.0,359.2252197265625,252.84332275390625,188.5029754638672,108.91574096679688,54.05180358886719,37.79045486450195,32.374691009521484,24.88909339904785,24.666547775268555,23.207393646240234,22.739879608154297,21.108030319213867,24.962106704711914,27.488155364990234,27.822345733642578,28.096250534057617,26.962989807128906,30.23602867126465,32.47532272338867,35.140480041503906,41.831146240234375,55.967350006103516,74.53316497802734,100.55101776123047,134.73062133789062,292.1694030761719,978.3104248046875,152639.8125
157,0.0,95.84590911865234,82.91173553466797,57.8886833190918,35.79433059692383,18.32810401916504,10.39750862121582,9.563408851623535,7.65835428237915,7.258503437042236,7.219127178192139,7.734311103820801,6.980589389801025,8.65060043334961,9.296243667602539,9.455117225646973,9.634074211120605,9.109637260437012,10.909781455993652,11.16943073272705,12.1820068359375,15.491833686828613,20.819108963012695,25.27740478515625,33.41217803955078,46.738338470458984,96.927001953125,232.84716796875,38415.2734375
158,0.0,247.32933044433594,188.33848571777344,130.4884490966797,86.10005187988281,41.58747482299805,26.313261032104492,23.25152015686035,18.661781311035156,17.307109832763672,16.300874710083008,14.782987594604492,14.62307357788086,17.813383102416992,18.190940856933594,18.17342185974121,19.80156898498535,19.873411178588867,22.327178955078125,22.864912033081055,25.765941619873047,31.303295135498047,40.97133255004883,55.25722122192383,67.5001449584961,89.67862701416016,209.1012725830078,595.7979125976562,82691.75
159,0.0,174.755859375,143.2255401611328,104.03400421142578,60.72277069091797,31.66433334350586,17.9143009185791,16.008867263793945,13.144481658935547,12.342988967895508,11.951959609985352,11.580167770385742,10.795906066894531,12.738016128540039,13.288871765136719,13.177959442138672,14.42608642578125,12.867999076843262,15.239354133605957,16.121599197387695,18.524070739746094,22.85695457458496,32.94501876831055,38.787986755371094,54.07508850097656,73.13825988769531,141.0367889404297,362.5126647949219,55242.046875
160,0.0,198.27542114257812,147.7477569580078,96.87004852294922,61.020809173583984,30.091896057128906,19.441003799438477,16.144607543945312,12.628263473510742,11.854804992675781,11.414654731750488,12.031527519226074,11.364640235900879,12.442975044250488,13.356149673461914,14.417428016662598,13.453353881835938,13.300562858581543,14.816370964050293,16.444564819335938,19.091896057128906,23.40052032470703,32.65144348144531,40.31316375732422,55.28264236450195,78.16495513916016,161.6596221923828,356.51214599609375,53172.9453125
161,0.0,161.1122589111328,133.10791015625,84.79354858398438,56.405635833740234,28.514450073242188,16.23468017578125,14.057320594787598,11.26055908203125,10.651612281799316,10.077418327331543,10.233625411987305,9.086344718933105,11.25670051574707,11.940083503723145,12.639845848083496,12.649068832397461,12.605391502380371,15.254738807678223,15.01541519165039,16.183012008666992,21.10699462890625,28.012678146362305,37.94683074951172,48.985321044921875,69.490234375,150.7190704345703,334.8037109375,45939.6328125
162,0.0,240.60861206054688,196.15443420410156,131.21694946289062,88.85313415527344,40.875370025634766,26.46624755859375,23.43743896484375,18.578832626342773,16.882871627807617,16.147762298583984,15.618599891662598,15.276849746704102,18.085041046142578,19.29954719543457,20.89534568786621,21.103958129882812,18.938453674316406,23.771451950073242,23.510700225830078,27.09142303466797,33.81993865966797,47.897735595703125,59.36262512207031,77.78941345214844,106.9219741821289,218.97201538085938,516.730712890625,89904.4609375
163,0.0,202.4801788330078,143.6051025390625,98.90184783935547,60.98065948486328,31.940149307250977,18.427833557128906,17.189184188842773,13.485878944396973,12.284504890441895,12.826813697814941,12.176026344299316,11.701193809509277,12.530861854553223,13.780282020568848,14.221431732177734,15.163344383239746,14.0181303024292,16.556684494018555,17.946325302124023,20.091659545898438,24.218360900878906,32.873817443847656,45.08180236816406,57.40829086303711,78.23046875,167.5128173828125,363.8502502441406,61855.30078125
164,0.0,182.59373474121094,129.03756713867188,93.96144104003906,60.560401916503906,29.396095275878906,18.25676918029785,15.447250366210938,12.914164543151855,11.111858367919922,10.7850341796875,11.692254066467285,10.644375801086426,12.797979354858398,13.224035263061523,13.850140571594238,14.351224899291992,14.501773834228516,16.74875259399414,17.946809768676758,18.88091468811035,26.199892044067383,36.21842956542969,46.27799606323242,60.46330642700195,77.60574340820312,169.15206909179688,350.90838623046875,52865.12890625
165,0.0,170.45269775390625,131.05618286132812,88.05056762695312,59.108028411865234,25.908981323242188,16.737565994262695,15.416999816894531,11.10892391204834,9.96056842803955,10.0556001663208,10.908912658691406,9.264476776123047,11.154633522033691,11.55167007446289,13.245516777038574,13.097411155700684,12.87271785736084,14.69420337677002,16.19618797302246,17.879308700561523,21.683048248291016,31.81684684753418,40.42799377441406,55.69728469848633,72.31713104248047,162.55828857421875,309.13494873046875,48174.5
166,0.0,156.3302001953125,123.41254425048828,84.23384094238281,50.13170623779297,24.412832260131836,14.140928268432617,12.955489158630371,10.578254699707031,10.003682136535645,10.051411628723145,10.03335189819336,9.11225414276123,10.377039909362793,11.667158126831055,12.306037902832031,12.170082092285156,12.339399337768555,14.775809288024902,14.982276916503906,16.44961166381836,20.546850204467773,27.601669311523438,36.71110153198242,50.09098434448242,63.64376449584961,133.26898193359375,311.3994445800781,47267.265625
167,0.0,183.40565490722656,139.235107421875,95.4610366821289,62.63300323486328,31.392047882080078,19.017833709716797,16.491792678833008,12.479832649230957,11.678916931152344,10.994900703430176,11.281277656555176,10.087875366210938,11.479247093200684,13.363401412963867,13.356668472290039,14.460990905761719,13.364662170410156,15.235508918762207,16.37351417541504,18.95609474182129,22.255802154541016,30.55211067199707,38.572940826416016,54.41215896606445,71.88365173339844,162.53939819335938,369.2236328125,55060.41015625
168,0.0,164.15650939941406,110.60759735107422,80.83964538574219,48.69959259033203,25.10356330871582,15.916939735412598,14.096951484680176,11.7903470993042,10.338624000549316,10.216492652893066,10.150388717651367,9.182425498962402,10.756744384765625,12.013422966003418,12.276898384094238,12.36807632446289,11.847679138183594,14.274063110351562,14.825469017028809,17.502426147460938,21.786212921142578,29.380615234375,38.24699020385742,52.26711654663086,71.68527221679688,145.34713745117188,280.0111389160156,46173.5625
169,0.0,187.2454376220703,156.83050537109375,95.26600646972656,58.244972229003906,29.524429321289062,17.91649627685547,16.669288635253906,13.125988006591797,11.709444046020508,10.83452033996582,11.469770431518555,10.432684898376465,11.872331619262695,13.04293441772461,13.721334457397461,14.473180770874023,13.630300521850586,15.458724975585938,15.601178169250488,17.155887603759766,22.94964599609375,31.44086265563965,39.16204071044922,52.436344146728516,69.98715209960938,153.0089111328125,355.03546142578125,62730.5625
170,0.0,147.70440673828125,116.33856201171875,80.63665771484375,50.34645462036133,25.360177993774414,13.834759712219238,11.581934928894043,9.50860595703125,9.154033660888672,8.118910789489746,8.46826171875,7.869300365447998,8.794133186340332,10.72191047668457,11.175958633422852,11.465766906738281,11.052061080932617,12.593865394592285,13.414087295532227,15.331158638000488,19.924957275390625,27.52848243713379,35.85246276855469,44.242855072021484,64.77352142333984,141.1280059814453,250.36123657226562,39770.546875
171,0.0,200.9800567626953,136.5531768798828,97.07112121582031,61.760101318359375,33.54501724243164,19.250234603881836,17.903852462768555,12.91578197479248,12.80984878540039,12.038176536560059,11.415538787841797,10.886877059936523,12.640266418457031,13.924422264099121,14.483466148376465,15.028304100036621,14.542323112487793,16.191545486450195,17.59177589416504,19.308990478515625,24.00220489501953,31.56374740600586,41.0523681640625,53.33564376831055,79.93180847167969,164.35479736328125,421.6897277832031,64429.00390625
172,0.0,117.14718627929688,90.64604949951172,69.64681243896484,41.85811996459961,19.08521842956543,11.119327545166016,9.994791030883789,7.59792947769165,7.573864459991455,7.092555522918701,7.233486652374268,6.977078437805176,8.046646118164062,9.52268123626709,10.209643363952637,9.743379592895508,9.449682235717773,11.249593734741211,11.522393226623535,12.780824661254883,16.71239471435547,23.13727378845215,28.56273651123047,38.92844009399414,52.20142364501953,108.27872467041016,231.94976806640625,31490.533203125
173,0.0,176.42666625976562,124.39325714111328,88.35004425048828,63.04000473022461,28.45916748046875,17.378578186035156,14.940818786621094,11.518208503723145,10.949193000793457,10.900887489318848,10.878671646118164,9.030346870422363,11.547340393066406,11.130672454833984,12.379779815673828,14.109639167785645,12.80544376373291,13.34066104888916,15.360956192016602,17.756502151489258,21.59062957763672,31.47747039794922,39.971435546875,52.269161224365234,71.24239349365234,164.61862182617188,337.5565185546875,51336.66015625
174,0.0,129.28271484375,99.30770874023438,68.52557373046875,41.07595443725586,21.775718688964844,11.862223625183105,10.86246395111084,9.20388126373291,8.873024940490723,8.022189140319824,8.199703216552734,7.451577186584473,9.399349212646484,9.954188346862793,9.752422332763672,11.124984741210938,10.17391586303711,11.783345222473145,13.32054328918457,15.312336921691895,18.80192756652832,26.019489288330078,32.501991271972656,43.03824234008789,62.07896423339844,128.3170166015625,240.39251708984375,34709.9296875
175,0.0,183.0244140625,147.13938903808594,96.6589126586914,57.600284576416016,30.540016174316406,16.719680786132812,15.896781921386719,11.658792495727539,11.228809356689453,10.787837982177734,10.544487953186035,9.657859802246094,12.260048866271973,12.159078598022461,13.078139305114746,13.809722900390625,13.206253051757812,15.239209175109863,15.778709411621094,18.577795028686523,22.66644287109375,31.556171417236328,37.51571273803711,50.02111053466797,67.4294204711914,157.77481079101562,338.4980163574219,55974.05859375
176,0.0,173.96226501464844,130.76217651367188,86.76097869873047,59.25717544555664,28.09086799621582,17.40142250061035,13.762939453125,11.172929763793945,10.782965660095215,10.60775089263916,10.116109848022461,9.710685729980469,11.009527206420898,11.980981826782227,12.095849990844727,12.726591110229492,12.892179489135742,14.8511962890625,15.85568904876709,17.216005325317383,22.376684188842773,30.881196975708008,39.486724853515625,56.05287170410156,71.30345153808594,154.41867065429688,314.00775146484375,46421.88671875
177,0.0,191.3343963623047,148.95616149902344,109.31842803955078,62.65427017211914,31.126070022583008,18.098628997802734,17.35931968688965,12.311394691467285,11.711221694946289,10.866799354553223,11.992405891418457,10.223173141479492,12.093758583068848,12.923674583435059,14.630002975463867,13.834245681762695,14.133108139038086,15.539231300354004,17.507266998291016,18.228546142578125,26.12734031677246,32.89524459838867,42.533119201660156,54.270687103271484,77.08402252197266,164.90025329589844,365.6448974609375,51412.04296875
178,0.0,168.77462768554688,118.88469696044922,96.04659271240234,54.944664001464844,29.588354110717773,17.011751174926758,14.405725479125977,11.74489974975586,10.795414924621582,10.019233703613281,10.6537446975708,9.31658935546875,11.200695037841797,12.274980545043945,12.684666633605957,13.077048301696777,11.76884651184082,13.882135391235352,15.1776762008667,16.740922927856445,21.121349334716797,31.10624885559082,37.24982452392578,50.27726745605469,71.2292709350586,146.71185302734375,309.08935546875,48530.01953125
179,0.0,116.53182220458984,88.85785675048828,65.09825897216797,46.04789733886719,19.548606872558594,11.026988983154297,10.318915367126465,8.81824779510498,7.853845119476318,7.855154037475586,7.39031457901001,7.454095840454102,8.820366859436035,9.374813079833984,9.634000778198242,9.701507568359375,9.722549438476562,10.71124267578125,12.08088207244873,13.704909324645996,17.52242660522461,22.941274642944336,28.914838790893555,40.53895568847656,55.68757247924805,108.49959564208984,214.5694122314453,35638.12109375
180,0.0,121.14203643798828,94.0062026977539,63.5158576965332,43.596073150634766,20.96213722229004,11.88101577758789,10.659290313720703,9.08396053314209,8.972979545593262,8.211822509765625,8.284699440002441,7.646347522735596,9.123880386352539,9.678383827209473,10.705742835998535,10.442618370056152,10.146529197692871,11.660235404968262,12.382377624511719,13.807111740112305,18.754764556884766,25.171344757080078,31.443342208862305,41.48124313354492,56.8970947265625,113.01004028320312,266.7939453125,43524.90234375
181,0.0,228.614013671875,186.90513610839844,116.94197082519531,76.21507263183594,36.40321350097656,22.485633850097656,18.90786361694336,14.957670211791992,14.278739929199219,13.140556335449219,13.911260604858398,11.430171966552734,14.965639114379883,16.0367374420166,16.21229362487793,17.098073959350586,16.398271560668945,18.24022674560547,19.821571350097656,21.751848220825195,26.662866592407227,36.17105484008789,47.156150817871094,58.43046188354492,86.36539459228516,174.79147338867188,423.36175537109375,65547.2421875
182,0.0,126.84335327148438,98.75829315185547,69.11620330810547,41.037208557128906,21.42462158203125,13.711978912353516,12.678898811340332,9.844996452331543,9.170910835266113,8.013998031616211,9.348539352416992,8.491033554077148,10.012178421020508,10.935035705566406,10.845096588134766,11.651007652282715,10.857836723327637,12.570537567138672,14.087587356567383,14.403848648071289,20.419496536254883,26.109745025634766,35.15218734741211,43.77934265136719,64.30623626708984,132.50633239746094,263.8032531738281,44958.5078125
183,0.0,155.50393676757812,123.23338317871094,89.25579071044922,55.363487243652344,27.195524215698242,15.887466430664062,14.246968269348145,11.6405611038208,10.867408752441406,10.164220809936523,10.764052391052246,9.673981666564941,10.854565620422363,12.447102546691895,12.899415969848633,13.45533275604248,12.495830535888672,14.805441856384277,15.381699562072754,18.15639305114746,22.165489196777344,31.28078269958496,40.26824951171875,50.808067321777344,66.38636779785156,140.68661499023438,303.3775634765625,49021.63671875
184,0.0,166.2108917236328,117.5953369140625,83.34131622314453,56.585086822509766,24.96173858642578,16.22954750061035,14.964564323425293,11.120433807373047,10.928670883178711,9.60042667388916,10.304637908935547,9.06712532043457,10.850523948669434,11.810739517211914,12.670804977416992,13.13739013671875,11.798393249511719,13.954211235046387,15.256074905395508,17.633594512939453,20.728988647460938,29.260820388793945,38.718170166015625,50.26026153564453,68.54670715332031,151.58741760253906,333.954345703125,52654.95703125
185,0.0,124.22026824951172,99.15791320800781,66.51875305175781,44.305335998535156,22.191009521484375,12.53353214263916,11.491203308105469,8.834375381469727,8.236090660095215,7.647599697113037,8.57224178314209,7.618400573730469,8.926076889038086,9.6486234664917,9.610867500305176,10.405241012573242,9.891427993774414,11.238319396972656,11.251453399658203,13.338708877563477,17.05388641357422,22.641468048095703,28.896167755126953,35.86677551269531,51.825809478759766,122.49270629882812,260.235595703125,34834.5390625
186,0.0,213.87954711914062,161.6685791015625,125.19451904296875,74.79766845703125,36.977046966552734,20.56106948852539,18.55010223388672,14.322915077209473,13.740789413452148,14.00167465209961,12.770522117614746,11.800183296203613,15.02908706665039,16.21909523010254,16.179319381713867,17.20894432067871,16.59359359741211,19.82881736755371,19.494667053222656,21.624296188354492,27.470476150512695,37.2313346862793,49.10063552856445,62.474002838134766,86.99620819091797,183.07586669921875,426.2685241699219,67618.0
187,0.0,118.98025512695312,88.94165802001953,67.84820556640625,43.416748046875,19.53903579711914,12.947402954101562,11.00597858428955,8.786110877990723,8.48104476928711,8.019710540771484,8.291868209838867,8.089032173156738,9.28193187713623,9.793521881103516,10.676148414611816,10.816694259643555,10.5316162109375,11.431621551513672,12.743470191955566,13.92023754119873,16.577974319458008,22.59497833251953,27.81464958190918,37.259002685546875,51.58638381958008,114.44561767578125,246.72178649902344,40565.03515625
188,0.0,78.36591339111328,58.37404251098633,42.594940185546875,28.67852783203125,13.565234184265137,8.678391456604004,7.536518573760986,5.977172374725342,6.058058261871338,5.858429908752441,6.258676528930664,5.506810188293457,6.78010368347168,7.407781600952148,7.1095991134643555,8.089237213134766,7.613225936889648,8.499833106994629,8.742639541625977,9.5714693069458,12.700899124145508,16.995302200317383,20.926700592041016,28.040464401245117,35.474578857421875,74.29796600341797,158.39306640625,27106.765625
189,0.0,120.03103637695312,92.6740951538086,65.8302993774414,43.661903381347656,21.42177391052246,12.990570068359375,11.360391616821289,8.968883514404297,8.76465892791748,7.812194347381592,7.699813365936279,7.4601240158081055,9.456191062927246,9.338290214538574,9.718620300292969,9.975010871887207,10.103795051574707,11.165942192077637,12.2412691116333,13.66726016998291,17.474380493164062,24.819107055664062,30.34307861328125,39.92498016357422,52.61294937133789,113.52745056152344,249.2567596435547,38149.53125
190,0.0,179.69017028808594,137.63182067871094,91.8238296508789,58.1483268737793,29.17747688293457,16.820941925048828,15.828351974487305,11.82663631439209,10.942877769470215,11.075440406799316,10.428447723388672,10.252062797546387,11.8807954788208,12.568562507629395,13.303427696228027,13.567996978759766,13.13311767578125,15.648067474365234,15.609780311584473,17.480266571044922,22.888044357299805,30.18596076965332,36.78361129760742,50.430511474609375,69.40119171142578,139.39932250976562,333.90985107421875,55262.8984375
191,0.0,157.94631958007812,116.17609405517578,89.02808380126953,52.786705017089844,26.909727096557617,15.36707878112793,13.410680770874023,10.412181854248047,9.654373168945312,8.507972717285156,9.354944229125977,8.496646881103516,10.197793960571289,10.496309280395508,11.172694206237793,11.666502952575684,11.257763862609863,13.523838996887207,13.772788047790527,16.123849868774414,19.114328384399414,26.97735023498535,35.84000778198242,47.874507904052734,66.77998352050781,132.33218383789062,295.747314453125,42530.1796875
192,0.0,90.00907135009766,65.43132781982422,50.0758171081543,29.58091163635254,15.274079322814941,9.198277473449707,7.884732246398926,6.630573272705078,6.3316264152526855,6.226650714874268,6.448129177093506,5.556450366973877,6.957927227020264,7.570847988128662,7.381370544433594,7.942965984344482,7.744924545288086,9.196178436279297,9.459444999694824,10.432217597961426,13.907283782958984,16.528379440307617,21.713598251342773,27.457595825195312,38.61383056640625,79.71805572509766,201.06936645507812,32496.09765625
193,0.0,217.35963439941406,164.76614379882812,110.7195053100586,63.612213134765625,37.7097282409668,22.317384719848633,20.181644439697266,16.130069732666016,15.071023941040039,14.096375465393066,15.335521697998047,14.171436309814453,15.699551582336426,16.721946716308594,17.66202163696289,17.88880157470703,17.73952865600586,19.884178161621094,21.029748916625977,23.49441146850586,31.171022415161133,41.41827392578125,51.290565490722656,73.33715057373047,95.69285583496094,200.5465850830078,571.4644165039062,85162.7578125
194,0.0,100.80106353759766,75.94965362548828,52.57863998413086,35.41693115234375,15.566180229187012,10.02120304107666,9.36353588104248,7.073451995849609,6.94361686706543,6.854558944702148,7.472348690032959,6.58725643157959,7.608667850494385,8.352744102478027,9.215227127075195,9.450369834899902,9.083863258361816,10.303611755371094,11.564756393432617,13.02298355102539,16.839399337768555,23.183149337768555,28.40077018737793,37.90884017944336,51.60318374633789,102.13058471679688,204.3148193359375,35120.21875
195,0.0,171.10546875,133.58950805664062,96.4850082397461,61.2046012878418,29.80069351196289,17.45587921142578,14.230766296386719,11.3066987991333,10.871636390686035,10.306093215942383,10.7550048828125,9.90734577178955,10.906625747680664,12.4149808883667,12.502761840820312,12.936631202697754,12.874292373657227,15.278765678405762,16.02298927307129,17.121736526489258,21.18729591369629,29.95388412475586,37.670719146728516,50.298580169677734,73.07584381103516,150.7367706298828,343.9990234375,46568.96484375
196,0.0,159.4608154296875,118.24916076660156,79.79838562011719,49.153594970703125,26.622806549072266,15.571521759033203,12.438502311706543,10.183834075927734,9.619797706604004,9.260322570800781,9.809853553771973,8.692718505859375,10.038013458251953,10.728723526000977,11.523880958557129,12.01954174041748,11.395865440368652,12.862199783325195,13.828533172607422,15.32694149017334,19.93431282043457,27.037630081176758,33.55859375,43.565853118896484,60.75339126586914,142.7722625732422,302.7550964355469,49710.1796875
197,0.0,204.2548828125,140.81683349609375,85.74945831298828,63.54696273803711,28.390819549560547,19.926618576049805,15.282126426696777,12.90990924835205,11.503057479858398,11.667241096496582,11.239946365356445,10.753747940063477,12.602465629577637,13.563658714294434,14.271738052368164,14.487643241882324,13.680685997009277,16.307458877563477,17.81100845336914,19.84927749633789,24.005765914916992,36.3098258972168,44.73801803588867,59.67046356201172,85.2125015258789,172.6563262939453,343.3910827636719,54215.08203125
198,0.0,167.8466339111328,134.67062377929688,92.75263214111328,55.7827033996582,27.70467185974121,15.646492958068848,13.50702953338623,10.597821235656738,9.425549507141113,9.317102432250977,9.843220710754395,8.444128036499023,10.930879592895508,11.14506721496582,12.380057334899902,12.731202125549316,11.703293800354004,13.315200805664062,13.598738670349121,16.078598022460938,19.93860626220703,28.018705368041992,35.286651611328125,45.99280548095703,67.20726776123047,140.0839385986328,286.79058837890625,46204.76171875
199,0.0,159.72584533691406,124.45065307617188,84.12586212158203,53.549285888671875,28.107765197753906,15.125814437866211,13.178266525268555,10.422060012817383,10.01192569732666,8.871603965759277,9.777311325073242,8.815338134765625,10.454078674316406,11.056649208068848,11.8783597946167,11.875692367553711,11.63070011138916,13.21662712097168,13.813237190246582,16.04121971130371,19.943742752075195,25.815309524536133,35.75386047363281,45.03070068359375,67.5132064819336,128.0464324951172,278.2298889160156,42776.8203125
200,0.0,133.6741943359375,107.26463317871094,72.83385467529297,45.683040618896484,23.384586334228516,13.77298355102539,12.057538032531738,8.975990295410156,8.92124080657959,8.34763240814209,8.45155143737793,7.887423992156982,9.453470230102539,10.50941276550293,10.308178901672363,11.02861213684082,10.427494049072266,12.082368850708008,12.75239086151123,13.78138542175293,17.201555252075195,24.602092742919922,31.50337028503418,41.15681457519531,57.15800476074219,113.32302856445312,258.67425537109375,38713.796875
201,0.0,129.2221221923828,99.65865325927734,67.70828247070312,44.57915115356445,21.40904426574707,13.041653633117676,11.096680641174316,9.042197227478027,8.43431282043457,7.715783596038818,9.274279594421387,7.812339782714844,9.369421005249023,10.1177339553833,10.680278778076172,11.077803611755371,10.227960586547852,12.095954895019531,12.317211151123047,14.746122360229492,16.63170051574707,23.301856994628906,29.06128692626953,40.083431243896484,53.35617446899414,104.10111236572266,246.0774383544922,36973.81640625
202,0.0,155.25369262695312,126.18196105957031,85.95828247070312,58.98208999633789,28.27953338623047,16.085420608520508,14.681680679321289,10.805818557739258,10.371132850646973,11.08094596862793,11.083471298217773,10.112181663513184,11.892367362976074,12.997316360473633,13.924970626831055,14.288199424743652,13.427530288696289,15.064528465270996,16.502946853637695,19.720680236816406,25.10387420654297,35.53733825683594,44.15071487426758,55.68671417236328,79.62639617919922,160.28695678710938,312.413330078125,47797.77734375
203,0.0,208.2470245361328,151.0425262451172,108.66266632080078,67.06978607177734,31.29364585876465,19.930683135986328,16.7136287689209,13.55286693572998,11.511168479919434,11.512922286987305,11.378523826599121,10.36508846282959,12.910781860351562,13.654923439025879,14.543851852416992,15.652584075927734,13.767792701721191,15.293739318847656,17.070777893066406,19.142181396484375,23.25387191772461,32.3997688293457,42.559547424316406,53.55153274536133,78.43597412109375,165.3253173828125,392.65283203125,56657.65234375
204,0.0,192.63246154785156,147.82167053222656,96.67731475830078,63.20033264160156,30.345867156982422,18.870515823364258,16.746749877929688,13.679471015930176,12.534534454345703,11.958805084228516,11.502358436584473,11.54603385925293,12.570363998413086,15.171037673950195,14.361223220825195,15.668205261230469,15.021845817565918,17.458473205566406,19.04523468017578,19.361595153808594,25.843297958374023,33.96354675292969,44.99953079223633,56.66067123413086,78.48533630371094,158.5321044921875,370.3647766113281,56263.5703125
205,0.0,148.65516662597656,108.19859313964844,78.22625732421875,51.441490173339844,22.711246490478516,14.649543762207031,12.622387886047363,9.713021278381348,9.665094375610352,8.778027534484863,9.237762451171875,8.193202018737793,10.721117973327637,10.233152389526367,11.855049133300781,12.051875114440918,11.187321662902832,12.461274147033691,13.793736457824707,15.94603157043457,19.254558563232422,26.492923736572266,32.98242950439453,43.59389114379883,65.98950958251953,125.04155731201172,279.9903564453125,38815.09375
206,0.0,170.0587615966797,137.28668212890625,93.6672592163086,58.79408264160156,28.151836395263672,16.94539451599121,14.707194328308105,10.976146697998047,11.01128101348877,10.498806953430176,10.133320808410645,9.742008209228516,10.83706283569336,12.394423484802246,12.701053619384766,12.989887237548828,12.693399429321289,14.251067161560059,15.385428428649902,17.393545150756836,20.46434783935547,31.360939025878906,38.00920486450195,48.762638092041016,66.78607177734375,145.0369415283203,319.94134521484375,46028.25
207,0.0,123.72445678710938,84.54583740234375,62.33149719238281,39.820579528808594,20.7939510345459,11.706819534301758,10.095443725585938,8.280543327331543,7.382141590118408,7.4355549812316895,7.914210319519043,7.130369186401367,8.960926055908203,9.27006721496582,9.644973754882812,10.361802101135254,9.587120056152344,11.352940559387207,11.682469367980957,12.830602645874023,17.315719604492188,23.897232055664062,29.60258674621582,38.383758544921875,53.82070541381836,115.64301300048828,241.0596923828125,38142.53125
208,0.0,172.72747802734375,140.81463623046875,88.0518569946289,58.63357925415039,27.539459228515625,15.92048168182373,15.245696067810059,12.343613624572754,11.287572860717773,10.52184009552002,10.218791961669922,9.886341094970703,10.954434394836426,13.340340614318848,13.200525283813477,13.701484680175781,13.148289680480957,15.171394348144531,16.097503662109375,17.565258026123047,21.99322509765625,30.741727828979492,41.13951110839844,54.710906982421875,70.66536712646484,146.14920043945312,306.8564453125,49414.4140625
209,0.0,137.65553283691406,108.59407806396484,77.86400604248047,46.48292922973633,24.332605361938477,13.560940742492676,12.609711647033691,9.44023323059082,8.967203140258789,8.475008010864258,8.93663215637207,8.552188873291016,9.549760818481445,9.610946655273438,11.2828369140625,11.49807071685791,10.876204490661621,12.837346076965332,13.24412727355957,15.541154861450195,18.56690788269043,25.907207489013672,34.33905029296875,44.94967269897461,63.79771423339844,131.3238525390625,262.9818420410156,35368.78125
210,0.0,141.31346130371094,109.57890319824219,80.5384292602539,52.3838005065918,25.722991943359375,14.624775886535645,12.926982879638672,10.882149696350098,9.738141059875488,9.639514923095703,10.237162590026855,8.864606857299805,10.374632835388184,11.400948524475098,11.780056953430176,12.79723834991455,12.10007095336914,13.752401351928711,14.963659286499023,17.758398056030273,21.543163299560547,27.734479904174805,36.94476318359375,47.687503814697266,69.30479431152344,150.7064208984375,303.1673889160156,46179.4765625
211,0.0,182.43739318847656,136.392822265625,93.75282287597656,59.35188674926758,32.45392990112305,17.654664993286133,15.037301063537598,12.090668678283691,11.297307014465332,10.570259094238281,11.08719253540039,10.089743614196777,11.72862720489502,12.888924598693848,13.511391639709473,13.946961402893066,13.079848289489746,14.950051307678223,16.465675354003906,16.944490432739258,23.25443458557129,31.306243896484375,39.5767822265625,51.72892379760742,74.50727081298828,160.46697998046875,370.18975830078125,60138.56640625
212,0.0,167.14552307128906,128.3750457763672,85.2750015258789,55.223243713378906,27.707611083984375,15.859611511230469,14.174764633178711,11.766101837158203,10.563336372375488,10.684946060180664,10.872177124023438,10.214804649353027,11.126527786254883,12.801446914672852,12.245942115783691,13.782283782958984,12.4755277633667,14.0867280960083,16.099878311157227,17.434856414794922,21.720911026000977,28.03697395324707,36.08620834350586,47.85625076293945,69.14989471435547,144.8389434814453,316.0837097167969,50981.8203125
213,0.0,142.4752655029297,121.18758392333984,85.47859954833984,52.51951599121094,26.437602996826172,15.833001136779785,12.98684024810791,9.94948673248291,9.814521789550781,9.156607627868652,9.26309585571289,8.284860610961914,10.53872299194336,10.910640716552734,12.53512954711914,12.227118492126465,10.975086212158203,13.247366905212402,13.954233169555664,16.56539535522461,19.271217346191406,25.80437660217285,34.479766845703125,47.431705474853516,67.17536163330078,149.22756958007812,288.4501953125,41486.25
214,0.0,160.0056915283203,119.01239776611328,88.49897003173828,58.30540084838867,29.70865821838379,17.001766204833984,14.314691543579102,11.202237129211426,11.165213584899902,10.399003982543945,10.311367988586426,10.092927932739258,11.2059907913208,12.68208122253418,12.8883695602417,13.919962882995605,12.77646541595459,14.257657051086426,16.374134063720703,17.281503677368164,20.944419860839844,28.716873168945312,36.31937026977539,49.371097564697266,65.41290283203125,148.79672241210938,362.3323974609375,59935.72265625
215,0.0,186.93775939941406,139.88760375976562,91.24371337890625,60.048213958740234,29.80320167541504,17.31983184814453,15.445680618286133,12.28856086730957,10.95024299621582,10.878433227539062,11.277270317077637,9.71275520324707,11.99024486541748,11.725982666015625,13.171817779541016,14.264803886413574,13.498268127441406,15.914093971252441,15.943068504333496,18.435688018798828,24.360515594482422,32.58900833129883,40.73862838745117,53.65070724487305,82.9115982055664,173.0218963623047,344.3594970703125,55556.8125
216,0.0,171.89059448242188,141.05992126464844,100.30416107177734,58.22612762451172,29.874364852905273,18.861726760864258,16.120285034179688,13.072699546813965,11.523582458496094,11.491682052612305,11.105535507202148,11.33625602722168,12.512662887573242,13.812518119812012,14.873164176940918,14.633360862731934,13.988469123840332,16.482027053833008,16.672170639038086,18.394622802734375,23.101337432861328,32.996917724609375,39.0329475402832,53.721839904785156,73.64128112792969,159.02378845214844,376.46502685546875,59477.47265625
217,0.0,186.4948272705078,132.2307891845703,93.67606353759766,56.82747268676758,27.48661994934082,17.343746185302734,15.014567375183105,11.911760330200195,11.362354278564453,10.648444175720215,11.073991775512695,9.731197357177734,11.749910354614258,12.392297744750977,13.43280029296875,13.240270614624023,13.171470642089844,14.853730201721191,14.668719291687012,17.21575927734375,21.235883712768555,29.458133697509766,35.32600021362305,50.08751678466797,67.87370300292969,137.54537963867188,338.5535888671875,52303.546875
218,0.0,106.65372467041016,87.55413055419922,62.809932708740234,39.458656311035156,18.530141830444336,11.417458534240723,10.184174537658691,8.045259475708008,7.852212905883789,7.66583251953125,7.664373874664307,7.378643989562988,8.18896198272705,9.197291374206543,9.611675262451172,9.147848129272461,9.462353706359863,10.951221466064453,11.067229270935059,12.429330825805664,16.298498153686523,22.090763092041016,25.634868621826172,36.0457649230957,49.66718292236328,103.64109802246094,212.78231811523438,33245.671875
219,0.0,179.69256591796875,126.06623077392578,93.12044525146484,57.93825912475586,31.962682723999023,17.93784523010254,15.809548377990723,11.639086723327637,10.85917854309082,10.51340103149414,11.035589218139648,10.132018089294434,12.17839527130127,12.46786117553711,14.176637649536133,13.317956924438477,12.704933166503906,14.640130996704102,16.337751388549805,18.356250762939453,24.78377914428711,32.84002685546875,43.33953094482422,59.00733947753906,78.890380859375,157.88229370117188,345.9037780761719,52197.05859375
220,0.0,172.50482177734375,141.17669677734375,92.21607971191406,55.93604278564453,27.589832305908203,17.408597946166992,16.394250869750977,11.574402809143066,12.096121788024902,10.511672019958496,11.10922622680664,10.112234115600586,11.931465148925781,12.420477867126465,13.359611511230469,14.120072364807129,13.489717483520508,14.976651191711426,17.03676986694336,18.841413497924805,23.52473258972168,33.74159622192383,43.21712112426758,54.42737579345703,80.15401458740234,170.0199432373047,316.02984619140625,50474.44140625
221,0.0,186.4818115234375,124.81015014648438,98.11436462402344,63.564002990722656,30.582015991210938,17.12364959716797,15.234710693359375,11.951129913330078,11.395760536193848,10.421836853027344,10.504145622253418,9.711411476135254,11.400874137878418,13.073616027832031,13.415791511535645,13.661778450012207,13.191556930541992,15.907742500305176,16.816875457763672,17.744182586669922,23.370630264282227,33.37932205200195,41.46803665161133,51.678306579589844,76.46227264404297,149.21322631835938,339.6257629394531,54594.484375
222,0.0,176.29843139648438,133.9388427734375,94.10209655761719,58.693153381347656,27.810630798339844,16.634822845458984,15.189446449279785,12.189023971557617,11.04096508026123,10.5940580368042,10.166216850280762,9.80663776397705,11.442343711853027,12.633493423461914,12.557829856872559,12.294440269470215,12.422630310058594,13.58276653289795,15.267881393432617,16.693845748901367,20.208820343017578,27.834680557250977,38.11143493652344,52.347042083740234,66.03653717041016,153.4392547607422,322.56585693359375,53339.0859375
223,0.0,210.13742065429688,167.7589874267578,114.98787689208984,70.55654907226562,38.295997619628906,22.116294860839844,17.710988998413086,14.182311058044434,13.2274808883667,13.564621925354004,11.781305313110352,10.740422248840332,13.404586791992188,14.749749183654785,16.274024963378906,16.303403854370117,15.714607238769531,16.976741790771484,19.31368064880371,20.706575393676758,25.822246551513672,34.75729751586914,48.4044303894043,58.56642532348633,81.67041015625,167.58641052246094,421.8355407714844,62082.75
224,0.0,211.73876953125,166.4276580810547,123.59425354003906,68.85868835449219,34.87190628051758,21.138816833496094,19.754907608032227,14.339198112487793,13.709076881408691,12.878843307495117,12.344955444335938,11.173430442810059,13.052108764648438,15.160003662109375,15.32351016998291,16.053844451904297,14.642936706542969,17.66932487487793,18.45720100402832,20.93214988708496,27.274648666381836,34.381107330322266,50.21472930908203,64.13815307617188,88.52922058105469,193.09410095214844,390.3428955078125,62915.4609375
225,0.0,148.88233947753906,125.11376190185547,89.48504638671875,52.033935546875,27.45403289794922,14.48216724395752,12.898289680480957,9.608856201171875,9.278247833251953,8.809664726257324,8.942623138427734,8.959502220153809,9.88117790222168,10.755046844482422,11.588217735290527,11.86518383026123,11.375255584716797,12.744942665100098,13.844801902770996,15.327866554260254,18.616260528564453,25.62224769592285,34.14004898071289,44.77620315551758,63.5683479309082,139.10531616210938,288.63604736328125,42574.97265625
226,0.0,173.34902954101562,131.83529663085938,101.38428497314453,59.79671859741211,29.733272552490234,18.453489303588867,15.878032684326172,11.353816986083984,10.949573516845703,10.783699989318848,10.256711959838867,10.041064262390137,11.45396900177002,12.774519920349121,12.11955738067627,14.28453540802002,13.111774444580078,14.775809288024902,15.0306978225708,16.885011672973633,21.852031707763672,30.752464294433594,36.01557922363281,50.63218688964844,65.52587890625,145.21974182128906,365.1611633300781,53230.640625
227,0.0,127.10768127441406,98.22814178466797,68.39916229248047,44.220420837402344,21.662776947021484,12.949528694152832,11.144160270690918,8.826513290405273,8.421019554138184,8.096599578857422,8.431041717529297,7.797000885009766,9.493631362915039,9.603280067443848,10.317095756530762,10.07944393157959,10.03223991394043,11.529706001281738,12.802180290222168,13.680070877075195,19.5814266204834,23.482324600219727,32.141204833984375,39.811973571777344,54.781639099121094,108.39303588867188,233.72523498535156,39926.890625
228,0.0,183.24925231933594,142.7021942138672,93.40755462646484,57.4699821472168,29.14219856262207,17.841096878051758,15.353459358215332,11.569278717041016,11.646271705627441,10.43949031829834,10.859538078308105,9.936334609985352,11.781551361083984,11.750594139099121,13.260955810546875,12.858100891113281,12.311111450195312,14.569218635559082,15.4871826171875,17.695289611816406,20.8027286529541,30.56583595275879,39.927886962890625,53.57588195800781,76.0096435546875,162.76966857910156,342.3351135253906,49718.42578125
229,0.0,94.19200134277344,70.5189437866211,51.50286102294922,32.53071212768555,14.493640899658203,9.436040878295898,8.788165092468262,6.938623428344727,6.368234634399414,6.197264194488525,6.4825921058654785,6.057817459106445,6.973208427429199,8.028166770935059,8.452125549316406,8.457408905029297,8.306385040283203,9.386795043945312,9.659972190856934,10.711732864379883,13.940728187561035,19.187713623046875,23.54334831237793,32.301841735839844,42.5772590637207,90.00865936279297,169.1226348876953,27567.849609375
230,0.0,175.77235412597656,135.28005981445312,89.5190658569336,56.88615798950195,29.29691505432129,16.47149658203125,14.65903091430664,11.214654922485352,11.433442115783691,10.700692176818848,10.01845932006836,9.437063217163086,10.451112747192383,12.267218589782715,12.936254501342773,12.796700477600098,13.261056900024414,14.230879783630371,15.724098205566406,16.779653549194336,22.748302459716797,30.743722915649414,39.36949157714844,52.22905731201172,74.3946762084961,152.1586456298828,317.80242919921875,47582.76953125
231,0.0,129.6945343017578,105.65032958984375,69.50012969970703,45.96478271484375,21.917896270751953,13.509696006774902,12.1513090133667,9.904086112976074,9.11915111541748,9.278562545776367,9.943495750427246,8.350726127624512,10.438041687011719,10.540961265563965,12.458453178405762,11.736113548278809,11.410317420959473,13.133063316345215,13.107460021972656,16.03065299987793,18.89010238647461,26.959327697753906,35.01638412475586,49.44518280029297,62.4285774230957,132.18359375,288.0157775878906,43785.96875
232,0.0,117.0486831665039,95.22553253173828,63.419090270996094,41.32304000854492,21.20254135131836,13.13818645477295,12.129934310913086,9.375205993652344,8.410297393798828,8.840922355651855,8.584217071533203,8.501175880432129,9.989121437072754,10.469722747802734,11.138362884521484,11.322473526000977,10.878641128540039,12.459131240844727,13.81011962890625,15.729663848876953,18.760793685913086,25.434165954589844,34.21430587768555,46.95620346069336,60.276031494140625,126.92225646972656,240.4806671142578,41752.609375
233,0.0,182.66807556152344,129.86636352539062,93.3008804321289,58.90273666381836,29.01826286315918,16.91473388671875,15.046561241149902,11.852167129516602,12.05286693572998,10.4785737991333,10.325912475585938,10.099016189575195,11.62951946258545,12.462035179138184,13.745285034179688,13.648375511169434,13.071751594543457,15.066000938415527,15.157486915588379,17.06021499633789,21.14997100830078,27.743162155151367,36.83184051513672,48.458526611328125,63.81551742553711,142.48916625976562,317.20068359375,46702.76171875
234,0.0,155.31520080566406,128.12112426757812,85.2415771484375,50.34571838378906,24.428091049194336,15.715109825134277,12.948502540588379,10.342698097229004,9.909937858581543,9.893095970153809,9.479232788085938,8.963143348693848,10.245939254760742,11.212854385375977,11.750407218933105,11.731828689575195,12.166865348815918,12.812333106994629,14.518449783325195,15.438858985900879,20.91527557373047,27.280759811401367,34.069950103759766,45.84756088256836,62.10691833496094,147.20921325683594,304.9800109863281,49430.5546875
235,0.0,89.3657455444336,63.05571365356445,45.2897834777832,27.372982025146484,13.453981399536133,8.457344055175781,7.325315952301025,6.193269729614258,5.935002326965332,5.595998287200928,6.006062984466553,5.252686023712158,6.2001237869262695,6.816529750823975,7.716521739959717,7.6345930099487305,7.507821559906006,8.784061431884766,9.101948738098145,10.284168243408203,12.940850257873535,17.709020614624023,22.90711212158203,31.29568862915039,43.7894401550293,83.65031433105469,166.97691345214844,29647.8125
