,layer_1,layer_2,layer_3,layer_4,layer_5,layer_6,layer_7,layer_8,layer_9,layer_10,layer_11,layer_12,layer_13,layer_14,layer_15,layer_16,layer_17,layer_18,layer_19,layer_20,layer_21,layer_22,layer_23,layer_24,layer_25,layer_26,layer_27,layer_28,layer_29
0,0.0,8.751093864440918,10.731436729431152,8.796646118164062,5.937904357910156,3.870831251144409,3.166501998901367,2.5638179779052734,2.4599478244781494,2.8598508834838867,2.0458104610443115,1.8617918491363525,1.7915194034576416,1.9983795881271362,2.2436940670013428,2.4788053035736084,2.3702852725982666,2.3416829109191895,2.7643072605133057,2.9298593997955322,3.680781841278076,4.425322532653809,6.397032737731934,8.519061088562012,11.005961418151855,12.74596118927002,31.80940818786621,119.12609100341797,6183.0791015625
1,0.0,7.486332416534424,9.738165855407715,7.208844184875488,5.153286457061768,3.429870367050171,2.2869794368743896,2.255500316619873,1.863317608833313,2.1763803958892822,1.7151049375534058,1.4713213443756104,1.536836862564087,1.677768588066101,1.8512251377105713,2.119410753250122,1.9231908321380615,1.8702000379562378,2.280590057373047,2.600539207458496,3.1258418560028076,3.5597481727600098,5.39902925491333,7.363135814666748,9.36091136932373,11.418664932250977,24.603696823120117,96.61505126953125,4754.19384765625
2,0.0,10.005739212036133,12.224769592285156,9.19765853881836,6.820138931274414,4.442167282104492,2.970773696899414,2.737842321395874,2.6101274490356445,2.7631711959838867,2.326413869857788,2.024977445602417,1.9059635400772095,1.9856517314910889,2.4541285037994385,2.6012444496154785,2.526632070541382,2.547471284866333,2.864459753036499,3.1158204078674316,3.7366251945495605,4.304553508758545,6.830351829528809,8.561749458312988,11.802291870117188,13.957379341125488,29.66939926147461,113.25531768798828,6110.3232421875
3,0.0,10.488777160644531,12.243741035461426,9.290143013000488,6.55896520614624,4.575496196746826,3.4561517238616943,3.150437831878662,2.9111227989196777,3.4178600311279297,2.3830387592315674,2.050840377807617,2.142486810684204,2.1537563800811768,2.4390029907226562,2.5904276371002197,2.598271131515503,2.5958023071289062,3.0929415225982666,3.2649991512298584,3.7581632137298584,4.442654609680176,7.204522609710693,8.848334312438965,12.31259822845459,15.023307800292969,34.408233642578125,129.69039916992188,7150.12646484375
4,0.0,11.180174827575684,16.06111717224121,11.45109748840332,8.045001983642578,5.67324686050415,3.877962589263916,3.323201894760132,2.9795968532562256,3.4253323078155518,2.4811105728149414,2.436267852783203,2.156970739364624,2.4278006553649902,2.7353146076202393,2.8489885330200195,2.8961446285247803,2.766871452331543,3.3379323482513428,3.6734778881073,4.187906265258789,4.94837760925293,7.503317832946777,10.502439498901367,14.824026107788086,16.558189392089844,38.02708053588867,141.0654754638672,7679.13623046875
5,0.0,7.301788806915283,9.617558479309082,5.945830345153809,4.732936382293701,3.1844236850738525,2.1404366493225098,2.0200424194335938,1.7400610446929932,2.0611913204193115,1.6902416944503784,1.6198114156723022,1.4283950328826904,1.6638239622116089,1.8677889108657837,2.063791036605835,1.966113805770874,2.082840919494629,2.402611494064331,2.6800553798675537,3.064563751220703,3.5080533027648926,5.2519354820251465,7.516624450683594,9.903677940368652,11.046408653259277,25.66166877746582,91.12564849853516,5043.412109375
6,0.0,8.305334091186523,10.40556526184082,7.748195648193359,5.286649703979492,3.679154872894287,2.5444157123565674,2.3987104892730713,2.0599308013916016,2.4005942344665527,1.7899539470672607,1.6015044450759888,1.4770596027374268,1.7833631038665771,1.9650288820266724,2.0702171325683594,2.199477195739746,2.0864696502685547,2.4160475730895996,2.686885356903076,3.046466827392578,3.50577712059021,5.656580448150635,7.407933712005615,9.455141067504883,11.686511993408203,27.11566162109375,110.2750015258789,5374.96337890625
7,0.0,12.021334648132324,15.817255020141602,11.853985786437988,8.340633392333984,5.219197750091553,3.613142967224121,3.7324273586273193,3.417104959487915,3.8812925815582275,2.69592547416687,2.697544574737549,2.4819464683532715,2.7421820163726807,2.9607207775115967,3.3133151531219482,3.237399101257324,3.106351137161255,3.532417058944702,4.119258403778076,4.518985271453857,5.676011085510254,7.8149943351745605,11.274367332458496,15.072004318237305,18.350154876708984,42.05739974975586,167.01182556152344,8811.3125
8,0.0,14.146692276000977,16.9346923828125,12.682889938354492,8.645358085632324,5.1929426193237305,4.541360378265381,4.309503078460693,3.277543544769287,3.7809112071990967,2.9748759269714355,2.8184235095977783,2.7035205364227295,2.9072256088256836,3.4629695415496826,3.4235172271728516,3.354710578918457,3.427422523498535,3.9704747200012207,4.406909465789795,5.122196674346924,6.414789199829102,8.6383695602417,11.957648277282715,16.969867706298828,18.398176193237305,45.09659957885742,165.4001007080078,9282.2685546875
9,0.0,10.586194038391113,13.086311340332031,9.607110023498535,7.117978572845459,4.570484638214111,3.255133628845215,2.864880084991455,2.7394630908966064,2.9096758365631104,2.252548933029175,2.079533338546753,1.9937694072723389,2.1999268531799316,2.4097368717193604,2.523400068283081,2.388154983520508,2.5223357677459717,2.8465750217437744,3.0710718631744385,3.54233717918396,4.244941711425781,6.47772216796875,8.295217514038086,11.899177551269531,14.472254753112793,30.228923797607422,119.59283447265625,6945.197265625
10,0.0,9.957162857055664,13.200726509094238,9.784201622009277,6.3888702392578125,5.002302169799805,3.3040733337402344,2.8779706954956055,2.6235294342041016,2.758878469467163,2.1204993724823,2.1219842433929443,1.7804933786392212,2.25077748298645,2.3283908367156982,2.455406904220581,2.570622444152832,2.634159803390503,3.0183286666870117,3.1466848850250244,3.6118881702423096,4.196552753448486,6.1547532081604,8.740363121032715,12.497360229492188,13.739869117736816,32.6463508605957,139.54212951660156,6819.482421875
11,0.0,10.941309928894043,13.772305488586426,9.82895278930664,7.887717247009277,5.472667694091797,3.3782236576080322,3.060838460922241,2.939396858215332,3.1433043479919434,2.3248355388641357,2.0870585441589355,2.3005757331848145,2.275937080383301,2.5595903396606445,2.642066240310669,2.6010031700134277,2.524132251739502,3.102877616882324,3.434814214706421,3.875180959701538,4.760758399963379,6.4848713874816895,9.158782005310059,13.103371620178223,15.290179252624512,35.851661682128906,146.17153930664062,6880.22216796875
12,0.0,10.012657165527344,13.675951957702637,9.489919662475586,6.77222204208374,4.916905879974365,3.4490363597869873,3.1100118160247803,2.7496862411499023,3.1639139652252197,2.34798264503479,2.1281003952026367,1.971143126487732,2.4238009452819824,2.5212767124176025,2.630838394165039,2.7408907413482666,2.724538803100586,3.2025787830352783,3.5050137042999268,3.8878085613250732,4.650598049163818,6.5830607414245605,8.94674015045166,12.176664352416992,14.522541999816895,34.548377990722656,129.25668334960938,6370.31396484375
13,0.0,11.555876731872559,14.16595458984375,10.225366592407227,6.982232570648193,5.200034141540527,3.5607521533966064,3.323444366455078,2.807703733444214,3.024718761444092,2.3328652381896973,2.1474552154541016,2.0975518226623535,2.180722713470459,2.71156644821167,2.5653772354125977,2.5854878425598145,2.606259346008301,3.237931251525879,3.2296667098999023,3.8420815467834473,4.872495174407959,7.070713043212891,8.865891456604004,12.283308982849121,15.231932640075684,36.45981979370117,141.36294555664062,6900.7421875
14,0.0,11.995524406433105,16.340438842773438,12.189240455627441,7.805850028991699,5.905141830444336,3.8716135025024414,3.5344231128692627,3.344855308532715,3.582420587539673,2.7330875396728516,2.532925844192505,2.289478302001953,2.7868428230285645,2.7429401874542236,3.061743974685669,3.1059844493865967,2.9987258911132812,3.56439471244812,3.963707685470581,4.331047058105469,5.334846019744873,7.386330604553223,10.338690757751465,13.824936866760254,16.355012893676758,37.568275451660156,139.9604034423828,7139.71630859375
15,0.0,13.295286178588867,17.216896057128906,12.387971878051758,8.746490478515625,6.02100133895874,4.125608921051025,3.872793674468994,3.492671489715576,3.8127541542053223,2.8248767852783203,2.606278896331787,2.54268217086792,2.6717753410339355,3.269881248474121,3.29038143157959,3.2066919803619385,3.412923812866211,3.7161619663238525,4.355401515960693,4.730527877807617,5.791954040527344,8.002202987670898,11.236504554748535,14.867024421691895,17.535043716430664,42.07143020629883,161.1934051513672,8703.05078125
16,0.0,10.290090560913086,14.31143856048584,10.848543167114258,7.034907341003418,4.846970081329346,3.3330881595611572,2.8075435161590576,2.903883457183838,3.1293160915374756,2.3831100463867188,2.1786813735961914,2.1131138801574707,2.2474238872528076,2.4556984901428223,2.681351661682129,2.5540361404418945,2.5450992584228516,3.137056589126587,3.163705825805664,3.5821938514709473,4.60194206237793,6.892404556274414,8.953783988952637,11.827967643737793,15.328391075134277,34.78402328491211,139.71165466308594,7264.25634765625
17,0.0,8.23322868347168,10.225674629211426,7.256182670593262,5.027719974517822,3.614710807800293,2.3932297229766846,2.195523262023926,2.031702995300293,2.1657960414886475,1.7880226373672485,1.6922887563705444,1.5453187227249146,1.796094536781311,2.001588821411133,2.0982937812805176,2.1093506813049316,2.0077223777770996,2.4616403579711914,2.603910207748413,3.0679991245269775,3.881164789199829,5.1710920333862305,7.475733757019043,10.091449737548828,11.438971519470215,24.70419692993164,101.96222686767578,5184.7802734375
18,0.0,11.037768363952637,13.983686447143555,10.381317138671875,6.854798316955566,4.882239818572998,3.4858078956604004,3.1540322303771973,2.958094596862793,3.3130509853363037,2.4618301391601562,2.273671865463257,2.1968576908111572,2.451016664505005,2.628448963165283,2.7776710987091064,2.712869644165039,2.835759401321411,3.2704193592071533,3.6077258586883545,4.226894855499268,4.898744583129883,7.442338466644287,9.647052764892578,13.740035057067871,16.626020431518555,34.466094970703125,129.81858825683594,7363.693359375
19,0.0,9.724979400634766,13.032544136047363,9.078636169433594,6.839186668395996,4.424339294433594,3.097357988357544,2.8392677307128906,2.6111371517181396,2.9337944984436035,2.2251861095428467,2.086329221725464,2.006168842315674,2.2099268436431885,2.4547226428985596,2.390347719192505,2.505307197570801,2.49501895904541,2.9257686138153076,3.1003806591033936,3.870651960372925,4.339045524597168,6.583056926727295,8.57970142364502,12.506478309631348,13.719582557678223,30.571393966674805,111.52556610107422,6846.810546875
20,0.0,10.562067031860352,14.320088386535645,9.669703483581543,6.956799030303955,4.805761814117432,3.4538700580596924,3.117833137512207,2.92806077003479,3.1328718662261963,2.465758800506592,2.3201711177825928,2.0052645206451416,2.3940680027008057,2.7728545665740967,2.859884738922119,2.8042945861816406,2.808816909790039,3.166182041168213,3.4330992698669434,3.8693580627441406,4.7612624168396,6.930492877960205,10.243242263793945,12.419617652893066,15.948023796081543,34.48371887207031,127.37786865234375,6848.443359375
21,0.0,13.970046997070312,18.721656799316406,12.652303695678711,8.998475074768066,5.994745254516602,4.627567768096924,4.1199541091918945,3.856985569000244,4.131356239318848,2.883026599884033,2.8415801525115967,2.748932361602783,2.9807276725769043,3.3629088401794434,3.375697612762451,3.4149112701416016,3.4340109825134277,4.002664089202881,4.353316783905029,4.652010440826416,5.956927299499512,8.79526424407959,11.8583402633667,16.16830825805664,18.84092140197754,47.27345275878906,169.6450653076172,9830.1904296875
22,0.0,10.66006088256836,14.091862678527832,10.036724090576172,6.70894718170166,4.474066734313965,3.1863534450531006,3.2285070419311523,2.8100295066833496,3.1143417358398438,2.2042131423950195,2.2366607189178467,2.0807926654815674,2.1989529132843018,2.4937188625335693,2.6942684650421143,2.6682140827178955,2.560427665710449,3.131669282913208,3.2154531478881836,4.009841442108154,4.811436176300049,6.8592448234558105,9.573931694030762,13.373123168945312,15.63858413696289,35.217369079589844,131.17950439453125,6896.08447265625
23,0.0,11.396026611328125,15.686819076538086,11.78296947479248,7.992874622344971,5.510847091674805,3.939222812652588,3.549084186553955,3.2225725650787354,3.6194241046905518,2.7854950428009033,2.3488008975982666,2.475719451904297,2.6637609004974365,2.8379440307617188,3.1202542781829834,2.7714178562164307,3.0182011127471924,3.320302724838257,3.8008077144622803,4.329305171966553,5.342198848724365,7.444038391113281,10.763282775878906,14.693002700805664,16.445375442504883,39.3956413269043,146.30369567871094,7581.568359375
24,0.0,7.30612325668335,8.766231536865234,7.016362190246582,4.56331729888916,3.1722586154937744,2.285905122756958,2.0994904041290283,1.8404332399368286,2.065258026123047,1.6325210332870483,1.5228428840637207,1.4224450588226318,1.6678440570831299,1.8314107656478882,1.8654886484146118,1.9518709182739258,1.9194793701171875,2.2499759197235107,2.4207096099853516,2.8045811653137207,3.4382505416870117,4.63722562789917,6.172335624694824,8.821348190307617,10.558486938476562,23.240449905395508,96.90966033935547,4721.6103515625
25,0.0,6.245631217956543,8.339664459228516,5.776057720184326,4.329265117645264,3.1804022789001465,1.9334009885787964,1.8749146461486816,1.833335280418396,1.9424209594726562,1.4115949869155884,1.4346880912780762,1.309351921081543,1.5020816326141357,1.6756744384765625,1.7570266723632812,1.6983683109283447,1.832637071609497,2.1664276123046875,2.2422657012939453,2.6818408966064453,3.39693546295166,4.734882831573486,6.4191575050354,8.703815460205078,9.930318832397461,23.58883285522461,85.06465148925781,4093.916259765625
26,0.0,15.337011337280273,18.441621780395508,13.574490547180176,9.469639778137207,6.682094097137451,5.273269176483154,4.438936710357666,3.9524059295654297,4.225828170776367,3.2767412662506104,3.0232319831848145,2.9251160621643066,3.266832113265991,3.4955759048461914,3.65425181388855,3.4936604499816895,3.654646158218384,4.248632907867432,4.567882061004639,5.653229713439941,6.462866306304932,9.91842269897461,13.299346923828125,17.725662231445312,21.53635597229004,50.2419548034668,179.99642944335938,9608.5322265625
27,0.0,11.468900680541992,15.316225051879883,10.281041145324707,7.399689674377441,5.253840923309326,3.8760805130004883,3.269289493560791,3.1162989139556885,3.3827855587005615,2.5923852920532227,2.2696785926818848,2.076843023300171,2.648958921432495,2.66347336769104,2.7978756427764893,2.654031753540039,2.8517870903015137,3.1892857551574707,3.8010823726654053,4.066799163818359,4.918185234069824,7.810065269470215,9.998703956604004,12.934623718261719,16.493669509887695,34.62339401245117,139.84559631347656,7792.11962890625
28,0.0,14.245518684387207,18.693994522094727,12.810548782348633,10.483141899108887,6.257009983062744,4.063006401062012,3.962890386581421,3.541520118713379,4.013675689697266,2.943528890609741,2.7738351821899414,2.7973384857177734,3.1055655479431152,3.1107277870178223,3.3316378593444824,3.475618362426758,3.5218825340270996,4.376949310302734,4.528810977935791,5.15159797668457,6.155517578125,8.666293144226074,12.721758842468262,16.20349884033203,21.02991485595703,45.20367431640625,164.7397918701172,9491.009765625
29,0.0,11.390565872192383,13.894696235656738,10.22867202758789,6.61207389831543,4.6588850021362305,3.1741600036621094,3.0568697452545166,2.720130443572998,2.996816635131836,2.431177854537964,2.169809579849243,2.1329140663146973,2.2562716007232666,2.480278968811035,2.673677682876587,2.8107378482818604,2.9120821952819824,3.1435651779174805,3.5404279232025146,4.2621660232543945,4.693163871765137,6.921260833740234,9.074195861816406,12.777119636535645,16.13115882873535,35.47392272949219,139.2652587890625,6884.39990234375
30,0.0,11.924477577209473,16.780427932739258,12.488594055175781,8.113203048706055,5.724536418914795,3.9110310077667236,3.890385627746582,3.272024631500244,3.523003578186035,2.592332363128662,2.5192277431488037,2.4416568279266357,2.8525874614715576,3.092745542526245,3.093080759048462,3.1186070442199707,3.152543067932129,3.5415890216827393,3.976567029953003,4.617796897888184,5.359302997589111,7.955105781555176,11.522038459777832,14.466108322143555,18.566818237304688,41.11248779296875,151.9313507080078,7269.84521484375
31,0.0,7.847966194152832,9.669395446777344,7.324159622192383,5.426443576812744,3.829603672027588,2.5190932750701904,2.26521635055542,2.0084543228149414,2.4489121437072754,1.8380498886108398,1.6577529907226562,1.7658638954162598,1.7729995250701904,1.9879876375198364,1.990372896194458,2.122379779815674,2.1433846950531006,2.327019214630127,2.7405807971954346,2.880192279815674,3.9959676265716553,5.475610256195068,7.375303745269775,10.198938369750977,12.327133178710938,28.238563537597656,105.81536102294922,4558.8662109375
32,0.0,12.618690490722656,15.88066291809082,11.9769926071167,7.417566299438477,6.088159561157227,3.6935195922851562,3.8255562782287598,3.248507261276245,3.7372772693634033,2.729893207550049,2.5493264198303223,2.4188976287841797,2.5535924434661865,2.9932243824005127,3.162569999694824,3.046170473098755,3.041421890258789,3.6336896419525146,3.850520372390747,4.498873710632324,5.377159595489502,7.777113437652588,10.916955947875977,13.484796524047852,18.285125732421875,39.920860290527344,153.75013732910156,8617.103515625
33,0.0,12.902048110961914,17.11798858642578,13.205492973327637,8.165555000305176,6.246429920196533,4.135044097900391,3.8605847358703613,3.5022523403167725,4.041733264923096,2.901085376739502,2.7436881065368652,2.56978440284729,2.914928913116455,3.1822588443756104,3.2906267642974854,3.2951323986053467,3.343174695968628,3.7373831272125244,4.041207313537598,4.601607799530029,5.627286434173584,9.043360710144043,11.23832893371582,14.467994689941406,19.57758903503418,44.70095443725586,166.232666015625,9061.25390625
34,0.0,14.172983169555664,18.322093963623047,12.674955368041992,8.895807266235352,6.594287395477295,4.562305450439453,4.026437759399414,3.629657506942749,4.052235126495361,2.983328104019165,2.700787305831909,2.729651927947998,2.731799364089966,3.23140025138855,3.388774871826172,3.342937707901001,3.3057589530944824,3.648334264755249,4.291297912597656,4.938839912414551,5.893249988555908,8.750078201293945,12.01905345916748,17.225801467895508,20.006433486938477,43.159908294677734,172.3814239501953,9100.7568359375
35,0.0,14.163578033447266,18.318349838256836,11.971461296081543,10.419828414916992,6.893956184387207,4.791487216949463,4.217162132263184,3.545170783996582,3.9028658866882324,3.098937749862671,2.786128520965576,2.7254045009613037,3.0293660163879395,3.2789201736450195,3.601623773574829,3.482416868209839,3.5319015979766846,3.7584216594696045,4.173123359680176,4.8704328536987305,6.400651454925537,8.785961151123047,11.956514358520508,15.985913276672363,20.69333839416504,47.22199630737305,183.32603454589844,9950.798828125
36,0.0,17.15306282043457,20.880069732666016,15.398432731628418,10.193102836608887,7.067588806152344,4.7986016273498535,4.763766765594482,4.051736354827881,4.379165172576904,3.444589853286743,2.8988380432128906,2.9145145416259766,3.2658581733703613,3.4300003051757812,3.6398653984069824,3.606649160385132,3.7667722702026367,4.477352619171143,4.510490417480469,5.592783451080322,6.525391101837158,9.524678230285645,13.032354354858398,17.586978912353516,21.60077476501465,48.46892547607422,180.28985595703125,10518.296875
37,0.0,10.6011323928833,13.587770462036133,10.340717315673828,7.31597375869751,5.041789531707764,3.73075795173645,3.134695529937744,2.920933723449707,3.2759206295013428,2.5192224979400635,2.379336357116699,2.219087839126587,2.4220621585845947,2.7405104637145996,2.749020576477051,2.741908311843872,2.880889415740967,3.3167409896850586,3.4169163703918457,4.520956039428711,5.182724952697754,7.156891822814941,9.843201637268066,13.080818176269531,16.59739112854004,38.88006591796875,143.55331420898438,7025.92822265625
38,0.0,8.731674194335938,10.645776748657227,7.960336208343506,5.845564842224121,3.9501826763153076,2.7871358394622803,2.658968925476074,2.1256022453308105,2.76029109954834,1.9164761304855347,1.7807714939117432,1.697717308998108,1.9763107299804688,2.0689947605133057,2.2435052394866943,2.2506091594696045,2.303288698196411,2.5434606075286865,2.884467363357544,3.1680045127868652,4.05063009262085,5.540702819824219,7.631137371063232,10.349453926086426,11.376799583435059,27.711158752441406,109.44026947021484,5326.064453125
39,0.0,8.846444129943848,11.224006652832031,7.735267162322998,5.645946502685547,3.8576128482818604,2.590437650680542,2.6017584800720215,2.2038791179656982,2.6411728858947754,1.9825756549835205,1.8441250324249268,1.8005026578903198,1.9005801677703857,2.2791662216186523,2.2673237323760986,2.516512870788574,2.287083625793457,2.842496156692505,2.917097330093384,3.516458034515381,3.8041017055511475,5.358251094818115,7.549602031707764,10.066672325134277,12.6943998336792,26.71902084350586,99.4479751586914,5616.79833984375
40,0.0,12.605524063110352,16.38662338256836,12.653992652893066,8.471508979797363,5.663402557373047,4.1737260818481445,3.8624584674835205,3.4601471424102783,3.6284828186035156,2.571465015411377,2.533438205718994,2.5754048824310303,2.7621257305145264,3.0669126510620117,2.859898328781128,3.024517059326172,3.0893609523773193,3.4958555698394775,3.8527369499206543,4.477307319641113,5.366057395935059,8.386280059814453,11.738788604736328,14.579416275024414,18.412338256835938,40.36530685424805,154.02304077148438,8503.939453125
41,0.0,9.37565803527832,11.218822479248047,8.19993782043457,6.362651824951172,4.250760078430176,2.9773871898651123,2.769876003265381,2.337221384048462,2.592263698577881,2.1696841716766357,2.0038604736328125,1.8544135093688965,2.2036101818084717,2.175102710723877,2.179598808288574,2.485550880432129,2.4074361324310303,2.619802951812744,3.0626490116119385,3.407475709915161,4.218752384185791,6.198113441467285,8.449905395507812,9.900003433227539,13.796551704406738,28.349660873413086,125.19995880126953,6064.14306640625
42,0.0,12.69043254852295,16.600887298583984,12.08934497833252,8.74085807800293,5.708478927612305,4.07285737991333,3.783128499984741,3.0451812744140625,3.671250343322754,2.7133541107177734,2.504227876663208,2.2583718299865723,2.5181496143341064,2.9553983211517334,2.965099811553955,2.9991109371185303,3.168041229248047,3.6208338737487793,3.788790702819824,4.406652450561523,4.933486461639404,8.16126823425293,10.464710235595703,13.740215301513672,17.809309005737305,41.51108932495117,154.29808044433594,7889.43115234375
43,0.0,13.921183586120605,17.356101989746094,12.7308931350708,8.523324966430664,5.8462347984313965,4.365023612976074,4.048068523406982,3.4826927185058594,3.576218843460083,2.8310647010803223,2.595541477203369,2.4939515590667725,2.784871816635132,3.0724048614501953,3.4122936725616455,3.2886223793029785,3.205281972885132,3.9695475101470947,3.7348766326904297,4.774385452270508,5.2784929275512695,8.31554889678955,11.608994483947754,14.069726943969727,18.279306411743164,41.88115692138672,152.71058654785156,8615.263671875
44,0.0,11.840739250183105,14.258929252624512,10.561655044555664,7.732336521148682,5.131231784820557,3.7422895431518555,3.2402360439300537,3.0828802585601807,3.2619876861572266,2.5100343227386475,2.341524600982666,2.402294158935547,2.501016139984131,2.984767198562622,2.9730653762817383,3.086693525314331,2.977520227432251,3.344851493835449,3.8842761516571045,4.1615142822265625,5.418445587158203,7.694952487945557,10.008062362670898,13.369654655456543,15.805336952209473,35.767391204833984,149.8671417236328,8183.91748046875
45,0.0,11.639568328857422,14.713529586791992,11.146120071411133,7.53420352935791,5.310995578765869,3.653132438659668,3.4961023330688477,3.179286003112793,3.472350597381592,2.5685064792633057,2.3531556129455566,2.2575771808624268,2.6703121662139893,2.9208292961120605,3.0372841358184814,2.976245641708374,2.9338409900665283,3.5364134311676025,4.000329971313477,4.768224239349365,5.39725923538208,7.619199275970459,10.587479591369629,13.388665199279785,17.559110641479492,35.99819564819336,140.04490661621094,7826.814453125
46,0.0,12.469901084899902,14.979585647583008,10.460481643676758,7.773221015930176,4.972759246826172,3.61667799949646,3.536994457244873,3.162597417831421,3.648235321044922,2.5626792907714844,2.4998154640197754,2.293726682662964,2.5721940994262695,2.8174073696136475,2.8741891384124756,2.9436724185943604,2.8765218257904053,3.4969561100006104,3.680687427520752,4.556283950805664,5.250020980834961,7.393910884857178,10.126716613769531,12.730842590332031,17.921274185180664,38.40782165527344,138.23251342773438,8104.65966796875
47,0.0,8.51300048828125,11.831998825073242,8.207164764404297,6.155043125152588,4.124999046325684,2.94864559173584,2.5845704078674316,2.456408739089966,2.5011870861053467,1.9499471187591553,1.884480595588684,1.7569602727890015,2.0862667560577393,2.223339319229126,2.318915605545044,2.3820292949676514,2.339872360229492,2.7655189037323,3.0884296894073486,3.4313485622406006,4.10188102722168,5.654953479766846,7.873093128204346,10.45314884185791,13.170888900756836,29.851646423339844,112.35467529296875,5454.9794921875
48,0.0,9.49799633026123,12.974467277526855,9.440862655639648,6.544050216674805,4.521515369415283,3.1668200492858887,2.757204294204712,2.544032335281372,2.9340357780456543,2.1798574924468994,1.969516396522522,2.041517496109009,2.069009304046631,2.471578359603882,2.3260459899902344,2.4144811630249023,2.592048406600952,2.8138415813446045,3.199422836303711,3.50954532623291,4.389575958251953,6.321925640106201,7.923760414123535,10.764718055725098,14.663223266601562,32.21268081665039,121.68862915039062,6730.55126953125
49,0.0,13.435516357421875,16.48888397216797,12.179492950439453,8.712593078613281,6.046497821807861,4.4154372215271,3.822211980819702,3.361665964126587,3.8023366928100586,2.7536466121673584,2.8217508792877197,2.643143653869629,2.969430923461914,2.9941885471343994,3.2630808353424072,3.2322025299072266,3.3672072887420654,3.969944953918457,4.27322244644165,4.607882976531982,6.065114974975586,7.946195125579834,11.104241371154785,15.086730003356934,17.958946228027344,44.129981994628906,170.53321838378906,8907.8681640625
50,0.0,6.468353748321533,8.207987785339355,6.392622470855713,4.0871429443359375,2.8892130851745605,2.0630669593811035,1.889468789100647,1.760197401046753,1.8821003437042236,1.5181770324707031,1.4844741821289062,1.367108702659607,1.538434386253357,1.7583796977996826,1.735411524772644,1.849005937576294,1.9087188243865967,2.128005027770996,2.435678720474243,2.639456033706665,3.291468858718872,4.619357585906982,5.728631973266602,8.123758316040039,9.729547500610352,21.0521183013916,79.26520538330078,3897.509521484375
51,0.0,13.673148155212402,17.074623107910156,11.789895057678223,8.303443908691406,6.2359232902526855,4.556509971618652,3.3820133209228516,3.195932388305664,3.653909921646118,2.782876491546631,2.4948339462280273,2.4167861938476562,2.625217914581299,3.1785542964935303,3.2344861030578613,3.2833845615386963,3.0789639949798584,3.86995005607605,4.012454509735107,5.048149108886719,5.537280559539795,7.831005096435547,11.129870414733887,14.863077163696289,19.799367904663086,41.391117095947266,175.92608642578125,9650.9345703125
52,0.0,11.028305053710938,14.14306640625,9.94987964630127,7.279360294342041,5.072697639465332,3.4815468788146973,3.3120291233062744,2.621150493621826,2.9981837272644043,2.2768704891204834,2.190463066101074,2.021470546722412,2.2865030765533447,2.6397910118103027,2.55953049659729,2.6619155406951904,2.6258246898651123,2.8658792972564697,3.1714725494384766,4.015087604522705,4.490161418914795,6.499918460845947,8.797767639160156,12.334026336669922,14.597474098205566,34.261680603027344,122.08645629882812,7444.17138671875
53,0.0,7.545658588409424,9.24919319152832,7.362445831298828,4.971809387207031,3.7466158866882324,2.4071881771087646,2.169537305831909,2.0230860710144043,2.409696102142334,1.797547698020935,1.629141926765442,1.6136218309402466,1.6419926881790161,1.9061698913574219,1.9472061395645142,2.021265745162964,1.9240574836730957,2.27618408203125,2.4583449363708496,2.8942041397094727,3.5333151817321777,5.044454574584961,7.0940775871276855,8.751811981201172,11.134429931640625,26.058984756469727,96.68709564208984,4950.37939453125
54,0.0,19.28936767578125,21.89938735961914,16.775821685791016,12.082533836364746,7.984615802764893,5.949882507324219,5.294952392578125,4.735147476196289,4.971241474151611,3.6540117263793945,3.468200206756592,3.446758270263672,3.7014899253845215,4.085826873779297,4.163078308105469,4.22302770614624,4.209373474121094,4.63737154006958,5.282787799835205,6.236272811889648,7.396449565887451,10.688634872436523,14.041250228881836,21.481098175048828,27.04804039001465,54.309879302978516,210.5780029296875,12124.87109375
55,0.0,14.625420570373535,15.936698913574219,13.218727111816406,9.419327735900879,5.751724720001221,4.352021217346191,3.8450167179107666,3.8312575817108154,3.661822557449341,2.904787063598633,2.690420150756836,2.580965042114258,2.745514392852783,3.364279270172119,3.1608335971832275,3.3560574054718018,3.2927043437957764,3.758303165435791,4.096135139465332,4.834259510040283,5.925958633422852,8.362982749938965,11.460874557495117,14.973807334899902,19.07051658630371,45.31121063232422,171.2396697998047,8689.126953125
56,0.0,12.390027046203613,15.4010591506958,11.620706558227539,8.011488914489746,5.81279182434082,4.004428386688232,3.7977707386016846,2.9515573978424072,3.4733166694641113,2.668938159942627,2.5055410861968994,2.363513231277466,2.611654758453369,2.9821994304656982,2.9716835021972656,3.0550220012664795,3.1466829776763916,3.5686261653900146,3.8670754432678223,4.382751941680908,5.199651718139648,8.034367561340332,10.004026412963867,13.67454719543457,16.804563522338867,39.4549560546875,142.58741760253906,8534.62109375
57,0.0,10.02858829498291,11.675996780395508,8.952645301818848,6.177204132080078,4.2692646980285645,3.1807358264923096,2.595851182937622,2.499152898788452,2.752976417541504,2.1562390327453613,1.9234007596969604,1.8513606786727905,2.0844993591308594,2.2218544483184814,2.497527599334717,2.5582993030548096,2.6778554916381836,2.97847318649292,3.0673789978027344,3.6472220420837402,4.193950176239014,6.291136264801025,8.323402404785156,11.23768424987793,14.545584678649902,31.56169319152832,110.30447387695312,6454.31884765625
58,0.0,9.316091537475586,11.76181697845459,10.10811996459961,6.242398738861084,4.399140357971191,3.127180814743042,2.7675559520721436,2.4042303562164307,2.604452610015869,2.040252447128296,1.8692282438278198,1.8592870235443115,2.0567073822021484,2.3071248531341553,2.3873677253723145,2.2943012714385986,2.32590913772583,2.5972378253936768,2.8940505981445312,3.427375078201294,4.068131446838379,5.914374351501465,8.219453811645508,11.023578643798828,12.88162612915039,31.369739532470703,107.50011444091797,5982.96484375
59,0.0,13.873702049255371,17.31153678894043,13.06804370880127,9.385662078857422,6.889878273010254,4.7605414390563965,4.238081932067871,3.822681427001953,3.564297914505005,2.9694695472717285,2.801285743713379,2.8445799350738525,3.1499688625335693,3.4553799629211426,3.587646722793579,3.5779435634613037,3.4152135848999023,3.938340425491333,4.506650447845459,4.987527370452881,6.161392688751221,9.287994384765625,12.379732131958008,17.037485122680664,19.77594566345215,43.88364028930664,194.56715393066406,9663.7880859375
60,0.0,10.857173919677734,12.910640716552734,9.199396133422852,6.3649115562438965,4.571618556976318,3.006528377532959,2.9177162647247314,2.7096543312072754,2.958383083343506,2.215623617172241,2.169081926345825,1.9720081090927124,2.0937697887420654,2.347309112548828,2.4876198768615723,2.4474127292633057,2.5712568759918213,2.9524521827697754,3.1422886848449707,3.6976735591888428,4.1857218742370605,6.473501205444336,8.993680000305176,11.848464012145996,14.794258117675781,29.153268814086914,117.79817199707031,6801.2333984375
61,0.0,14.724489212036133,19.75323486328125,14.034954071044922,9.94105339050293,6.765029430389404,4.755324363708496,4.332840919494629,3.864072561264038,4.329282283782959,3.1354641914367676,3.1387715339660645,2.850221633911133,3.0237584114074707,3.3431241512298584,3.6084117889404297,3.6514382362365723,3.5590577125549316,4.038328170776367,4.504593849182129,5.254876613616943,5.991617679595947,8.53976058959961,12.758492469787598,18.241130828857422,19.07977867126465,49.27769088745117,182.8832244873047,9350.1318359375
62,0.0,10.029096603393555,13.431015014648438,10.048900604248047,6.78488826751709,4.807441711425781,3.188997507095337,2.949690103530884,2.7439684867858887,3.0940027236938477,2.324740171432495,1.973712682723999,2.0989155769348145,2.1666557788848877,2.371950149536133,2.3809573650360107,2.5295913219451904,2.596975326538086,2.827155828475952,3.0981128215789795,3.570941925048828,4.367161750793457,6.536932945251465,8.860116958618164,11.400693893432617,14.220388412475586,32.2425422668457,127.24495697021484,6189.072265625
63,0.0,17.64633560180664,20.884998321533203,16.983495712280273,11.60643482208252,7.532277584075928,5.675866603851318,4.640707969665527,4.448052883148193,5.014107704162598,3.647615909576416,3.254065752029419,3.3014650344848633,3.57802152633667,3.5325734615325928,3.9283297061920166,3.9322853088378906,3.5311169624328613,4.214627742767334,4.980762958526611,5.502717018127441,6.903541564941406,10.241774559020996,13.39343547821045,19.11014747619629,21.657922744750977,53.105491638183594,204.1011505126953,11032.9580078125
64,0.0,13.45842456817627,16.552026748657227,12.536164283752441,8.601747512817383,5.736983776092529,4.211965084075928,3.951951026916504,3.303774118423462,3.74311900138855,2.8260226249694824,2.7828097343444824,2.6038310527801514,2.8612492084503174,3.171795129776001,3.5057027339935303,3.266239643096924,3.1988797187805176,3.7517056465148926,3.9465253353118896,5.00408411026001,5.75973653793335,8.61351203918457,11.527112007141113,15.530279159545898,19.171062469482422,40.707035064697266,175.88951110839844,8951.86328125
65,0.0,9.631010055541992,11.243599891662598,8.915189743041992,5.998870372772217,4.125193119049072,2.7435152530670166,2.627969741821289,2.212594509124756,2.451810121536255,1.9161922931671143,1.8981417417526245,1.8379557132720947,1.9893995523452759,2.228649616241455,2.4404430389404297,2.3805532455444336,2.4315245151519775,2.7501301765441895,2.86726450920105,3.1857008934020996,3.917701244354248,5.91278600692749,7.595089435577393,10.273508071899414,12.876477241516113,26.20879364013672,106.06159973144531,5410.28173828125
66,0.0,11.04047966003418,14.405479431152344,10.271681785583496,8.088913917541504,5.147526741027832,3.646868944168091,3.2656972408294678,2.861994504928589,3.225017786026001,2.361748456954956,2.266148328781128,2.1184449195861816,2.342177152633667,2.5091676712036133,2.7871789932250977,2.819587469100952,2.673870325088501,3.2122983932495117,3.3294386863708496,4.1868896484375,4.869724750518799,6.979850769042969,9.196709632873535,12.74658203125,15.632405281066895,35.002071380615234,138.92112731933594,7423.87939453125
67,0.0,7.343922138214111,9.503678321838379,6.807147979736328,4.71442985534668,3.3541715145111084,2.307102680206299,2.17254900932312,1.9663078784942627,2.1776206493377686,1.7812644243240356,1.634172797203064,1.570139765739441,1.7764188051223755,2.0572352409362793,2.080895185470581,2.0945725440979004,2.164494276046753,2.560333013534546,2.580111026763916,3.23760724067688,3.847104072570801,5.6964569091796875,7.481876373291016,10.738761901855469,12.354782104492188,25.509780883789062,92.05492401123047,4993.7607421875
68,0.0,13.654041290283203,17.21097755432129,13.266545295715332,8.767149925231934,6.346508026123047,4.338083267211914,3.819197416305542,3.5140929222106934,4.04794454574585,2.8692538738250732,2.7297444343566895,2.424161195755005,2.8059170246124268,3.113041877746582,3.1980743408203125,3.0814454555511475,3.0204455852508545,3.73573899269104,3.930365800857544,4.687005043029785,5.736377239227295,8.2941312789917,11.96208667755127,15.25963306427002,17.92407989501953,45.125423431396484,168.7893524169922,8547.5517578125
69,0.0,13.492215156555176,17.55689239501953,12.832403182983398,9.286151885986328,6.238398551940918,4.233305931091309,4.081916332244873,3.899132251739502,4.261165618896484,3.117924928665161,2.696807861328125,2.6904044151306152,2.91682505607605,3.3169214725494385,3.5810353755950928,3.4682369232177734,3.32655930519104,3.8749663829803467,4.59414529800415,4.744831562042236,6.141879081726074,9.048859596252441,12.621166229248047,15.699504852294922,19.118616104125977,44.54157257080078,176.06756591796875,9280.3388671875
70,0.0,10.896535873413086,13.591660499572754,11.238703727722168,7.215787410736084,5.272672653198242,3.616286039352417,3.4372332096099854,2.9982717037200928,3.2500603199005127,2.379070281982422,2.3834357261657715,2.1959586143493652,2.380157709121704,2.7775816917419434,2.999028444290161,2.8352417945861816,2.816922426223755,3.3767857551574707,3.724318504333496,4.381113052368164,5.193765163421631,7.339938163757324,10.066229820251465,13.025408744812012,16.781967163085938,38.296661376953125,144.49990844726562,7221.4619140625
71,0.0,11.711617469787598,15.47929573059082,11.435469627380371,8.081092834472656,5.2584309577941895,3.6002261638641357,3.4349935054779053,2.979947090148926,3.120901107788086,2.3097407817840576,2.2312099933624268,2.25581693649292,2.3491499423980713,2.457885265350342,2.7637476921081543,2.779315948486328,2.825953722000122,3.3135616779327393,3.483102321624756,4.098629951477051,4.564964771270752,6.743340969085693,9.884422302246094,13.349624633789062,16.472402572631836,38.235565185546875,138.4073944091797,7078.6181640625
72,0.0,8.278641700744629,9.84500789642334,7.614216327667236,5.11108922958374,3.364764451980591,2.4178872108459473,2.279047966003418,2.1342287063598633,2.5507397651672363,1.7324053049087524,1.7906973361968994,1.67378568649292,1.8176394701004028,1.995877742767334,2.147754669189453,2.17222261428833,2.1547183990478516,2.5063316822052,2.800797462463379,3.204190492630005,3.962123155593872,5.363802909851074,7.165716171264648,9.814615249633789,12.916015625,26.350265502929688,96.5542221069336,5219.07958984375
73,0.0,7.914638042449951,9.349306106567383,7.239516735076904,5.014961242675781,3.404348373413086,2.2936253547668457,2.299119234085083,1.952214002609253,2.32649564743042,1.7524371147155762,1.7746658325195312,1.6098098754882812,1.8903260231018066,2.1183693408966064,2.1019561290740967,2.160823345184326,2.072192430496216,2.528392791748047,2.5441198348999023,2.9747071266174316,3.7635092735290527,5.423913478851318,7.296408653259277,9.420402526855469,11.004351615905762,26.336246490478516,101.4649887084961,4946.3857421875
74,0.0,11.698125839233398,13.644122123718262,10.17275619506836,7.140192031860352,5.127899169921875,3.4302256107330322,3.1184346675872803,2.8576650619506836,2.9942684173583984,2.3638482093811035,2.502943515777588,2.144308090209961,2.442406415939331,2.58021879196167,2.6293458938598633,2.798598051071167,2.725003480911255,3.221177816390991,3.531651020050049,4.004611015319824,4.653470993041992,6.840653419494629,9.827731132507324,12.25322151184082,14.63188362121582,33.23575210571289,134.38084411621094,7037.67578125
75,0.0,11.848231315612793,13.915331840515137,11.530427932739258,8.16936206817627,5.2403693199157715,3.860642194747925,3.475153684616089,2.906029462814331,3.216521739959717,2.4648754596710205,2.3390188217163086,2.1838908195495605,2.4245636463165283,2.83272385597229,2.880474805831909,2.8574280738830566,2.8428921699523926,3.357748031616211,3.6094348430633545,4.18746280670166,5.2875542640686035,7.678194522857666,10.539623260498047,13.424274444580078,16.499515533447266,39.09636306762695,140.736572265625,7888.53466796875
76,0.0,14.252867698669434,17.0379581451416,13.012967109680176,8.679030418395996,6.313218116760254,4.344438552856445,3.784510374069214,3.546776056289673,3.896796703338623,3.0030267238616943,2.7664618492126465,2.639913558959961,3.0543575286865234,3.252204179763794,3.7191500663757324,3.6158220767974854,3.733431339263916,4.322065353393555,4.670006275177002,5.020942211151123,5.8998122215271,9.233548164367676,11.712536811828613,15.331543922424316,19.062570571899414,39.57499313354492,148.12078857421875,10410.62890625
77,0.0,14.38313102722168,17.10253143310547,13.025492668151855,9.090692520141602,6.437952518463135,4.440798759460449,3.875560998916626,3.4146530628204346,4.03602409362793,2.8707921504974365,2.8485889434814453,2.785370349884033,2.8958020210266113,3.2104310989379883,3.1682486534118652,3.474838972091675,3.3102526664733887,3.826197385787964,4.098671913146973,4.8123908042907715,5.617706298828125,8.489320755004883,11.380593299865723,15.660399436950684,19.079992294311523,39.25852966308594,174.37704467773438,8784.3359375
78,0.0,17.585641860961914,22.271251678466797,14.868298530578613,12.048381805419922,6.841856002807617,5.270545482635498,4.873269557952881,4.468094348907471,4.4800801277160645,3.6416945457458496,3.289206027984619,3.416983127593994,3.8018546104431152,3.9348690509796143,4.347855567932129,4.3257060050964355,4.271389961242676,5.211043357849121,5.466516971588135,6.24899435043335,7.556155681610107,10.269488334655762,14.524174690246582,18.627302169799805,23.993083953857422,53.30348587036133,197.92868041992188,11883.1845703125
79,0.0,12.097381591796875,14.149402618408203,9.651301383972168,6.884716033935547,5.231039047241211,3.5825588703155518,3.2320210933685303,2.7516088485717773,3.0456337928771973,2.2916691303253174,2.11780047416687,2.0556225776672363,2.271324396133423,2.3612728118896484,2.6486988067626953,2.5633699893951416,2.58520770072937,2.854088068008423,3.1410791873931885,3.6550185680389404,4.462882995605469,6.618048191070557,9.152975082397461,12.1119966506958,14.7538480758667,36.21955871582031,143.67161560058594,7407.61279296875
80,0.0,19.75151252746582,26.027856826782227,18.152084350585938,12.230240821838379,8.525477409362793,5.912851810455322,5.512933731079102,4.825908660888672,5.188256740570068,3.7892487049102783,3.651289701461792,3.285252332687378,3.852983236312866,3.9099478721618652,4.071345806121826,4.320797920227051,3.9702696800231934,4.563686847686768,5.038652420043945,6.0232977867126465,6.730722904205322,10.406402587890625,14.228644371032715,19.685422897338867,23.781808853149414,54.6121826171875,195.08175659179688,12101.7607421875
81,0.0,9.829740524291992,13.089625358581543,9.147453308105469,6.767195701599121,4.2212042808532715,3.2442569732666016,2.845466375350952,2.7101941108703613,3.0167102813720703,2.2722814083099365,2.1992740631103516,2.0440049171447754,2.1848373413085938,2.6565279960632324,2.4033374786376953,2.6215221881866455,2.586984872817993,2.9838926792144775,3.207808256149292,3.8528599739074707,4.585336685180664,6.510982513427734,9.627543449401855,11.162211418151855,14.042973518371582,32.230918884277344,118.6518325805664,6968.8232421875
82,0.0,7.928654670715332,10.217131614685059,7.110466957092285,5.143530368804932,3.557305335998535,2.4232470989227295,2.3183236122131348,1.953812837600708,2.269951820373535,1.7576954364776611,1.6408782005310059,1.4994853734970093,1.7685762643814087,1.9549988508224487,2.001250982284546,2.0909619331359863,2.1353261470794678,2.270317554473877,2.6340551376342773,3.066399097442627,3.8022043704986572,5.625945568084717,7.644754886627197,9.7533597946167,12.389269828796387,27.91358184814453,96.17328643798828,5495.09423828125
83,0.0,9.353569030761719,11.760507583618164,10.090929985046387,6.066187858581543,4.474815845489502,3.0656607151031494,2.7948503494262695,2.59250807762146,2.7999331951141357,2.0371994972229004,2.094906806945801,2.0387327671051025,2.0006988048553467,2.5338492393493652,2.584425449371338,2.5818698406219482,2.5553231239318848,2.933797836303711,3.236722946166992,3.6792168617248535,4.4994707107543945,6.705578327178955,9.501896858215332,11.486100196838379,14.428972244262695,34.03826904296875,137.31787109375,6491.4501953125
84,0.0,10.078536033630371,14.650336265563965,10.7357759475708,6.881520748138428,5.276334285736084,3.3554561138153076,3.089120864868164,2.957564115524292,2.972024440765381,2.3180317878723145,2.0276613235473633,2.1853108406066895,2.513084650039673,2.6121037006378174,2.5655980110168457,2.69244647026062,2.658855438232422,3.317183494567871,3.5062239170074463,4.0197577476501465,4.514716148376465,6.5534563064575195,8.922141075134277,12.25263500213623,15.490736961364746,33.17613220214844,136.0611114501953,6686.17822265625
85,0.0,13.069555282592773,16.92011260986328,11.88882827758789,7.798734664916992,5.382373332977295,4.072871208190918,3.4201481342315674,3.1108577251434326,3.633153200149536,2.596794366836548,2.508909225463867,2.4462015628814697,2.710991859436035,3.0872745513916016,3.1300506591796875,3.06172513961792,3.1625325679779053,3.478318929672241,3.9675352573394775,4.551926136016846,5.449719429016113,7.921926498413086,11.450401306152344,13.876256942749023,17.229808807373047,40.081790924072266,137.23675537109375,7898.7841796875
86,0.0,9.435084342956543,12.050969123840332,8.446887016296387,5.786256313323975,3.9928689002990723,3.031130790710449,2.473698377609253,2.5321524143218994,2.5910167694091797,1.9495736360549927,1.9658136367797852,1.8617305755615234,1.9988982677459717,2.288821220397949,2.406965494155884,2.3998732566833496,2.383960485458374,2.810464382171631,2.8699512481689453,3.526961088180542,4.270077228546143,6.426095962524414,8.03628921508789,11.341561317443848,12.86352252960205,30.307283401489258,109.45153045654297,6184.279296875
87,0.0,17.135536193847656,21.22003173828125,15.49795150756836,10.43585205078125,7.176999568939209,5.153433799743652,4.640839099884033,4.45112419128418,4.825612545013428,3.635227680206299,3.390009880065918,3.131171941757202,3.482504367828369,4.011281490325928,4.388300895690918,4.106460094451904,4.053974151611328,4.605233669281006,4.978668689727783,5.686215877532959,6.847057819366455,10.698275566101074,13.72465705871582,19.80540657043457,23.103910446166992,48.694244384765625,185.36444091796875,11956.732421875
88,0.0,11.783209800720215,15.442119598388672,11.261516571044922,7.936731815338135,5.567584991455078,4.025573253631592,3.574058771133423,3.3121142387390137,3.8696444034576416,2.660118341445923,2.370469331741333,2.4518961906433105,2.765789747238159,2.825632095336914,2.9433248043060303,2.9017815589904785,2.939345121383667,3.7301950454711914,3.866689682006836,4.4559645652771,5.226583480834961,7.4950408935546875,11.113446235656738,13.826454162597656,16.888296127319336,38.04420471191406,145.6411590576172,7733.84130859375
89,0.0,5.841862678527832,7.763707637786865,5.9400410652160645,3.9390037059783936,2.6828670501708984,1.7615869045257568,1.6413698196411133,1.6001216173171997,1.8089290857315063,1.4450873136520386,1.3403306007385254,1.2879698276519775,1.426833987236023,1.6105635166168213,1.6717629432678223,1.795237421989441,1.7072471380233765,2.0136494636535645,2.356926918029785,2.696650266647339,3.1368067264556885,4.506639003753662,6.08273983001709,8.208756446838379,9.78530502319336,19.52728271484375,69.38959503173828,3803.541015625
90,0.0,12.071588516235352,16.536216735839844,11.826242446899414,8.223526000976562,5.752760887145996,4.103201389312744,3.781592845916748,3.4611012935638428,3.497690439224243,2.524444341659546,2.427978038787842,2.3929214477539062,2.634207248687744,2.853740692138672,3.1392571926116943,3.112335443496704,2.9094557762145996,3.2806739807128906,3.712916135787964,4.289233684539795,5.442783355712891,7.7746429443359375,10.361089706420898,14.111775398254395,19.099090576171875,41.23651885986328,162.9001007080078,8305.1396484375
91,0.0,10.708465576171875,13.495678901672363,10.143875122070312,7.529895782470703,5.159831523895264,3.7450754642486572,3.3760650157928467,2.7376177310943604,3.2135186195373535,2.5867271423339844,2.4485738277435303,2.200361490249634,2.4870903491973877,2.920480489730835,2.928704023361206,2.9406514167785645,2.796820878982544,3.3843655586242676,3.5215718746185303,4.050538539886475,4.813493728637695,7.225460529327393,9.892818450927734,12.75459098815918,15.814711570739746,35.15484619140625,157.394287109375,7309.5009765625
92,0.0,9.820015907287598,13.026006698608398,10.738418579101562,7.0912370681762695,4.930367469787598,3.443359136581421,3.0722405910491943,2.7353436946868896,2.983227252960205,2.3020718097686768,2.1143276691436768,2.147657871246338,2.323850154876709,2.4853620529174805,2.7021353244781494,2.644984006881714,2.77329421043396,3.07121205329895,3.192293882369995,4.003891468048096,4.685033798217773,6.764598846435547,9.472121238708496,13.150237083435059,15.292842864990234,37.183650970458984,135.449951171875,6852.2685546875
93,0.0,12.581953048706055,15.813213348388672,11.462471008300781,8.471351623535156,5.655187129974365,4.06314754486084,3.4301557540893555,3.0780553817749023,3.7025961875915527,2.640345573425293,2.6109025478363037,2.3219425678253174,2.6536645889282227,3.074336528778076,3.2902095317840576,3.054997205734253,3.0482842922210693,3.542217969894409,3.7487857341766357,4.406225204467773,5.222756862640381,7.741978645324707,10.68622875213623,13.634367942810059,16.604068756103516,39.03322219848633,143.75338745117188,7715.21337890625
94,0.0,10.012042999267578,12.081934928894043,8.215283393859863,5.971724987030029,4.452435493469238,2.890122175216675,2.7795050144195557,2.480128288269043,2.789942979812622,2.13972806930542,1.8876690864562988,1.8442871570587158,2.1166152954101562,2.296757459640503,2.4912831783294678,2.3275306224823,2.288496255874634,2.663365602493286,3.05021595954895,3.4957468509674072,4.075672149658203,6.158591270446777,8.479436874389648,11.247893333435059,14.344416618347168,29.700366973876953,107.66754150390625,6039.734375
95,0.0,7.8056111335754395,10.451931953430176,7.913366794586182,5.4738311767578125,3.7184674739837646,2.594728946685791,2.4498560428619385,2.07108211517334,2.4513888359069824,1.7901594638824463,1.7777533531188965,1.7244800329208374,1.8344547748565674,2.1723992824554443,2.058225631713867,2.328657865524292,2.257756471633911,2.592263698577881,2.8894660472869873,3.517448902130127,3.9795591831207275,5.706148624420166,7.767033100128174,10.749820709228516,13.636487007141113,28.596525192260742,112.98103332519531,5553.97216796875
96,0.0,14.370770454406738,19.0130558013916,13.695241928100586,9.919795036315918,6.484774589538574,4.867225646972656,4.577765941619873,3.8632140159606934,4.161292552947998,2.9615626335144043,2.869579792022705,2.8764634132385254,3.037127733230591,3.4559600353240967,3.6230616569519043,3.5358214378356934,3.6387863159179688,3.9500675201416016,4.7268171310424805,5.025898456573486,6.25175666809082,9.50460433959961,12.786844253540039,17.618755340576172,20.29465103149414,48.838111877441406,193.31065368652344,9605.328125
97,0.0,10.69682502746582,13.15389347076416,9.922051429748535,6.4146881103515625,4.650354862213135,3.4367618560791016,2.976128101348877,2.876810312271118,3.080265998840332,2.3377153873443604,2.118227958679199,2.067573308944702,2.3970117568969727,2.63657808303833,2.8284873962402344,2.7459845542907715,2.7040114402770996,3.1583707332611084,3.3967206478118896,4.242863655090332,4.625575065612793,7.17635440826416,9.636982917785645,12.217714309692383,15.356412887573242,36.32194519042969,130.9164581298828,6559.55908203125
98,0.0,8.315954208374023,10.276270866394043,7.467162609100342,4.976519584655762,3.5561490058898926,2.6394810676574707,2.233485221862793,2.074557304382324,2.4146921634674072,1.7633073329925537,1.6969736814498901,1.6781675815582275,1.8750758171081543,2.0666701793670654,2.0864756107330322,2.2819690704345703,2.137651205062866,2.527852773666382,2.7133536338806152,3.087843418121338,3.663189172744751,5.445993423461914,7.489950180053711,10.096364974975586,12.499110221862793,28.693557739257812,90.76361846923828,4443.33740234375
99,0.0,9.87560749053955,12.053610801696777,9.29555892944336,6.331453323364258,4.339538097381592,3.232419967651367,2.810338020324707,2.6400163173675537,2.7312121391296387,2.2224063873291016,2.1457791328430176,1.9408804178237915,2.086026430130005,2.558323860168457,2.6422715187072754,2.416616916656494,2.491549015045166,2.8026771545410156,3.118042230606079,3.7390291690826416,4.391144752502441,6.460947513580322,8.850211143493652,11.365201950073242,13.886852264404297,29.33353614807129,114.55783081054688,6367.8271484375
100,0.0,9.318376541137695,12.415247917175293,9.608382225036621,6.775278568267822,4.430570602416992,3.124363422393799,2.8395001888275146,2.566664218902588,2.7365927696228027,2.072465181350708,2.0100760459899902,1.750935435295105,1.9237934350967407,2.152644157409668,2.5349512100219727,2.4669086933135986,2.5372185707092285,2.786179304122925,3.2012627124786377,3.3768951892852783,4.377284526824951,6.047351837158203,8.353257179260254,10.467094421386719,13.633102416992188,31.002758026123047,121.40559387207031,5916.158203125
101,0.0,8.431641578674316,10.794818878173828,8.026793479919434,5.493889808654785,3.3810973167419434,2.63547420501709,2.2182531356811523,2.144909381866455,2.5480597019195557,1.7686439752578735,1.6418112516403198,1.6253094673156738,1.7791942358016968,2.063588857650757,2.035738468170166,2.1467974185943604,2.1052896976470947,2.5418570041656494,2.656813144683838,3.242534875869751,3.9132578372955322,5.547184944152832,7.6497578620910645,10.105803489685059,13.349345207214355,30.02984046936035,110.06670379638672,5406.53515625
102,0.0,9.58128833770752,12.619278907775879,9.573270797729492,6.390814781188965,4.575934410095215,3.3298354148864746,3.0406506061553955,2.711564779281616,2.8317015171051025,2.3443732261657715,2.102525472640991,2.0611908435821533,2.1267521381378174,2.439800500869751,2.4674816131591797,2.5235447883605957,2.5719075202941895,2.9361557960510254,3.1582231521606445,3.3885748386383057,4.42946195602417,6.542802810668945,8.69217300415039,11.508712768554688,14.619047164916992,34.04841613769531,125.2909927368164,7007.06396484375
103,0.0,9.807697296142578,11.61471939086914,8.532942771911621,5.900376319885254,4.0751471519470215,2.9101765155792236,2.686253786087036,2.379359483718872,2.740427017211914,1.9888752698898315,1.8346765041351318,1.8898121118545532,1.9316831827163696,2.1690611839294434,2.4234402179718018,2.4627373218536377,2.320638656616211,2.8807146549224854,3.1985630989074707,3.676692485809326,4.3175249099731445,5.944330215454102,8.845623016357422,10.8715238571167,13.752647399902344,29.295879364013672,113.59168243408203,6473.0087890625
104,0.0,13.899364471435547,17.492237091064453,12.930673599243164,9.163749694824219,6.032104015350342,4.6262030601501465,3.8490045070648193,3.4461164474487305,4.067183017730713,3.30169939994812,2.940507411956787,3.033703327178955,3.126539707183838,3.5247955322265625,3.349871873855591,3.6684834957122803,3.606365442276001,4.296478748321533,4.563094615936279,4.889481067657471,5.942359447479248,9.68322467803955,11.504534721374512,16.244874954223633,19.505399703979492,43.93745803833008,182.3273468017578,9263.63671875
105,0.0,9.380956649780273,11.629533767700195,8.558269500732422,6.136016368865967,4.400096416473389,3.0263187885284424,2.730459690093994,2.3711044788360596,2.6412603855133057,2.0514044761657715,1.9655612707138062,1.9036198854446411,2.055356979370117,2.174119710922241,2.3431529998779297,2.4325027465820312,2.37511944770813,2.750483989715576,2.983759880065918,3.664598226547241,4.152914047241211,6.278265953063965,8.71585750579834,10.799880981445312,13.710092544555664,30.009017944335938,129.6168975830078,5678.990234375
106,0.0,12.18355655670166,14.981658935546875,11.403093338012695,8.713149070739746,5.175591945648193,3.9097347259521484,3.829629421234131,3.2588424682617188,3.569955348968506,2.47991681098938,2.421039581298828,2.3367621898651123,2.6495935916900635,2.8274357318878174,3.139594793319702,2.8735084533691406,2.8971359729766846,3.329929828643799,3.7608418464660645,4.402057647705078,5.312806129455566,8.078632354736328,10.949108123779297,13.550270080566406,18.173871994018555,46.627281188964844,153.8807373046875,7685.51708984375
107,0.0,14.253836631774902,19.000043869018555,12.014355659484863,9.622441291809082,6.067700386047363,4.304842948913574,4.288280487060547,3.5729806423187256,3.932302474975586,3.0784099102020264,2.8462324142456055,2.7355401515960693,2.938497304916382,3.4689836502075195,3.5200953483581543,3.43213152885437,3.351048469543457,3.8878540992736816,4.385547637939453,4.870983123779297,5.780563831329346,8.589518547058105,11.841349601745605,15.538744926452637,18.934223175048828,47.35885238647461,166.34690856933594,9715.5986328125
108,0.0,11.078182220458984,14.341893196105957,9.890406608581543,7.1779584884643555,5.119025707244873,3.587388753890991,3.274722099304199,3.151386260986328,3.159898281097412,2.4781079292297363,2.240872859954834,2.199812173843384,2.3808000087738037,2.698688507080078,2.564256191253662,2.7218308448791504,2.773674249649048,3.038282871246338,3.629296064376831,3.8642525672912598,4.792594909667969,6.708633899688721,9.796294212341309,11.74052619934082,16.055953979492188,33.970130920410156,139.98651123046875,7135.29443359375
109,0.0,13.731836318969727,15.518847465515137,11.0968017578125,8.174699783325195,5.717371463775635,3.7289865016937256,3.683131456375122,2.9963417053222656,3.7363243103027344,2.8547325134277344,2.5681240558624268,2.3645191192626953,2.5922696590423584,2.975572347640991,3.1093156337738037,3.157317638397217,2.9849441051483154,3.6559035778045654,4.0663533210754395,4.591982364654541,5.466184616088867,8.410616874694824,11.301990509033203,14.044958114624023,17.970609664916992,40.09312438964844,165.4990692138672,8310.619140625
110,0.0,7.578757286071777,10.155435562133789,6.951971054077148,4.648132801055908,3.27726149559021,2.3988404273986816,2.234715700149536,2.012833595275879,2.4631574153900146,1.7219431400299072,1.736143946647644,1.6359977722167969,1.721217155456543,2.006772518157959,2.0230965614318848,2.0538389682769775,2.1731696128845215,2.6760146617889404,2.7588815689086914,3.3495993614196777,3.9578990936279297,6.004423141479492,7.668943405151367,9.561552047729492,12.142578125,26.94596290588379,97.95486450195312,5157.47900390625
111,0.0,11.090264320373535,15.865243911743164,10.392420768737793,7.58941650390625,5.125383377075195,3.6448307037353516,3.3157808780670166,2.8714866638183594,3.30743145942688,2.4784963130950928,2.3092398643493652,2.256031036376953,2.3514199256896973,2.6375834941864014,2.9475955963134766,2.9687819480895996,2.9109973907470703,3.2093663215637207,3.684818983078003,4.187032222747803,4.733455181121826,7.475427150726318,10.07296371459961,13.150555610656738,16.586456298828125,36.27858352661133,138.05404663085938,7409.767578125
112,0.0,8.918475151062012,10.528860092163086,7.607325077056885,5.465237617492676,3.672813653945923,2.399956703186035,2.3789122104644775,2.034118890762329,2.2515318393707275,1.8626221418380737,1.7053874731063843,1.5676326751708984,1.8863019943237305,2.0294857025146484,2.1812407970428467,2.188075065612793,2.3605871200561523,2.5798397064208984,2.9236881732940674,3.3625869750976562,3.937764883041382,5.976297378540039,7.772242069244385,10.041986465454102,12.822670936584473,28.32207489013672,103.45497131347656,4731.41455078125
113,0.0,11.159256935119629,13.004955291748047,10.259873390197754,6.713041305541992,4.157816410064697,3.1245646476745605,2.844883441925049,2.653867244720459,2.9010252952575684,2.1891558170318604,2.1809980869293213,1.9883308410644531,2.2251734733581543,2.5491957664489746,2.742549419403076,2.6945202350616455,2.611201047897339,3.0536065101623535,3.535977840423584,3.95564341545105,4.87261962890625,7.241890907287598,9.314910888671875,12.669659614562988,15.9602689743042,35.411373138427734,135.21327209472656,7023.79541015625
114,0.0,9.5663480758667,11.254922866821289,8.208870887756348,5.390432357788086,3.7709269523620605,2.7232506275177,2.692902088165283,2.3914072513580322,2.6055688858032227,1.9831057786941528,1.961763858795166,1.8491219282150269,1.9920300245285034,2.2627129554748535,2.3326542377471924,2.4813501834869385,2.424940586090088,2.7929298877716064,2.956329822540283,3.6607370376586914,4.01240873336792,6.242964267730713,8.829218864440918,11.150277137756348,14.22426700592041,29.97142791748047,119.00782012939453,6554.818359375
115,0.0,10.232636451721191,11.2322416305542,7.8362274169921875,6.092807769775391,3.9650580883026123,2.691122055053711,2.659118890762329,2.4115793704986572,2.741950511932373,2.142772912979126,1.9653596878051758,1.8366756439208984,2.0464892387390137,2.3031504154205322,2.3128998279571533,2.5710785388946533,2.487971067428589,2.7838220596313477,3.0947091579437256,3.5080230236053467,4.072695732116699,6.026347637176514,8.264568328857422,12.232240676879883,12.994440078735352,31.669647216796875,125.56021118164062,6158.24560546875
116,0.0,7.8001556396484375,9.851420402526855,6.745145797729492,5.023466110229492,3.2362542152404785,2.4305076599121094,2.2311222553253174,2.021439552307129,2.225782871246338,1.810896873474121,1.6022971868515015,1.5359941720962524,1.7022995948791504,1.9411219358444214,2.1693220138549805,2.1292905807495117,2.1444032192230225,2.5324947834014893,2.841311454772949,3.3292789459228516,3.786201238632202,5.095236301422119,7.229980945587158,10.114883422851562,12.098943710327148,24.94329071044922,102.69546508789062,5148.90673828125
117,0.0,9.954580307006836,13.0990629196167,9.925032615661621,7.02008581161499,4.8574347496032715,3.409520149230957,2.9257330894470215,2.6333742141723633,3.011805534362793,2.1517012119293213,2.136967897415161,1.9186421632766724,2.097003221511841,2.4220826625823975,2.460099220275879,2.738671064376831,2.497337579727173,2.9943315982818604,3.277451753616333,3.8184454441070557,4.635385513305664,6.116853713989258,9.11190414428711,10.847674369812012,14.255475044250488,35.123817443847656,140.00759887695312,6760.89453125
118,0.0,9.182321548461914,11.98268985748291,8.89625358581543,6.22289514541626,4.309104919433594,3.121591567993164,2.7295303344726562,2.491079568862915,2.846174478530884,2.221611261367798,1.9465391635894775,2.047321081161499,2.0372400283813477,2.422788143157959,2.4569849967956543,2.565027952194214,2.532597780227661,2.8396198749542236,3.067262649536133,3.378967046737671,3.876713514328003,6.142127990722656,8.111903190612793,10.863553047180176,13.82570743560791,28.87042808532715,107.63639831542969,5809.1220703125
119,0.0,10.05661678314209,12.692848205566406,9.8009033203125,6.612547397613525,4.657737731933594,3.4618234634399414,3.007479667663574,2.691986083984375,2.9972023963928223,2.1845529079437256,2.0691330432891846,2.026336431503296,2.252551317214966,2.508899450302124,2.4658467769622803,2.4531445503234863,2.635204315185547,3.0546867847442627,3.0271241664886475,3.79813814163208,4.448132514953613,6.265430927276611,9.415934562683105,11.468239784240723,13.97948169708252,33.710227966308594,111.99491119384766,6468.21630859375
120,0.0,12.512375831604004,14.310653686523438,10.520220756530762,7.704977989196777,5.121232509613037,3.8443617820739746,3.4912030696868896,3.0740509033203125,3.347799301147461,2.5879058837890625,2.297318458557129,2.315216302871704,2.4803996086120605,2.8957602977752686,3.0476412773132324,3.0128865242004395,2.755941152572632,3.394822359085083,3.605116844177246,4.129003047943115,5.025679111480713,7.767125606536865,10.31363296508789,13.447443962097168,17.032833099365234,37.418514251708984,157.30091857910156,7773.146484375
121,0.0,10.281044960021973,12.151469230651855,9.116303443908691,6.847909450531006,4.541672229766846,3.146651029586792,2.8758649826049805,2.582632541656494,2.8615293502807617,2.282116413116455,2.003894090652466,2.0232865810394287,2.1959292888641357,2.4751882553100586,2.4247729778289795,2.435129404067993,2.515747308731079,2.9465372562408447,3.428387403488159,3.518862247467041,4.687693119049072,6.327388286590576,8.436142921447754,10.948583602905273,14.983229637145996,28.863323211669922,122.4122314453125,6830.91015625
122,0.0,11.768574714660645,15.527559280395508,10.52283000946045,7.650318622589111,5.597412109375,3.759171962738037,3.6277949810028076,2.919076681137085,3.3765523433685303,2.492192029953003,2.4380557537078857,2.4094021320343018,2.559675455093384,2.786210060119629,3.083865165710449,3.025669574737549,2.8174238204956055,3.396838903427124,3.835761308670044,4.336320400238037,5.149438858032227,7.867156505584717,10.194684028625488,13.872384071350098,16.96668815612793,38.3819694519043,152.1232147216797,7601.1298828125
123,0.0,12.563087463378906,15.49797534942627,11.120786666870117,7.806987762451172,5.978336811065674,4.115696907043457,3.364908218383789,3.2190330028533936,3.732808828353882,2.539543628692627,2.3419978618621826,2.4107041358947754,2.5120675563812256,2.9698734283447266,2.9112887382507324,2.8534839153289795,2.7822697162628174,3.104703903198242,3.419739007949829,4.114846229553223,5.018240928649902,7.465848922729492,9.773675918579102,13.488638877868652,15.928170204162598,36.54888153076172,139.96331787109375,7884.56640625
124,0.0,11.70052433013916,15.220677375793457,11.04456901550293,8.333847045898438,5.968649864196777,3.976339101791382,3.375948905944824,2.9833712577819824,3.389209032058716,2.5335347652435303,2.5466012954711914,2.304299831390381,2.685469388961792,2.7643399238586426,2.962250232696533,2.9145045280456543,3.085568904876709,3.394502639770508,3.9314815998077393,4.54243803024292,5.373439788818359,7.1559929847717285,10.376729965209961,13.165701866149902,17.556129455566406,37.64202880859375,149.7482452392578,7583.1513671875
125,0.0,16.94648551940918,20.54970359802246,14.406261444091797,10.418160438537598,7.109337329864502,5.35748815536499,4.783022403717041,4.038519382476807,4.339468002319336,3.4453985691070557,3.1851608753204346,3.081620693206787,3.1759347915649414,3.545609951019287,3.7218079566955566,3.7711877822875977,4.0070013999938965,4.15784215927124,4.583562850952148,5.874293327331543,7.05551290512085,9.90650463104248,13.029762268066406,18.773195266723633,24.77826690673828,49.532867431640625,198.77944946289062,9754.5126953125
126,0.0,7.296483516693115,9.647866249084473,6.764646053314209,5.020866394042969,3.1048028469085693,2.114047050476074,2.111891984939575,1.9456082582473755,2.2774035930633545,1.709358811378479,1.5084724426269531,1.5015208721160889,1.7170460224151611,1.8665616512298584,1.8997550010681152,1.9938899278640747,1.9415907859802246,2.3433990478515625,2.509762763977051,3.1203980445861816,3.5987634658813477,4.951288223266602,6.541090965270996,9.499554634094238,11.133831024169922,25.66790771484375,89.5188980102539,4486.63671875
127,0.0,19.80533218383789,24.33264923095703,18.116497039794922,12.414665222167969,8.671371459960938,6.059708118438721,5.308802127838135,4.724997043609619,5.062702178955078,3.985064744949341,3.5860846042633057,3.6109282970428467,3.8106939792633057,4.180958271026611,4.291788101196289,4.555295467376709,4.470170021057129,5.157374382019043,5.5705413818359375,6.399464130401611,7.985011100769043,11.157607078552246,15.3703031539917,20.367111206054688,24.913917541503906,56.71320724487305,205.91712951660156,11391.97265625
128,0.0,16.610403060913086,22.675634384155273,16.290021896362305,11.756811141967773,7.321362018585205,5.419521331787109,5.437527656555176,4.499234199523926,5.170980930328369,3.4637198448181152,3.4323339462280273,3.4713542461395264,3.7512457370758057,4.003546714782715,4.2747483253479,4.36830472946167,4.138582229614258,4.978112697601318,4.976556777954102,6.341085433959961,7.442712306976318,11.196781158447266,14.796786308288574,19.968461990356445,23.30275535583496,54.71269607543945,212.9203338623047,12779.28125
129,0.0,10.743524551391602,13.443254470825195,9.629521369934082,7.2266082763671875,5.117219924926758,3.357491970062256,3.145538330078125,2.6143851280212402,2.927086114883423,2.3948097229003906,2.067067861557007,2.122030258178711,2.2160704135894775,2.524430751800537,2.701402425765991,2.7878193855285645,2.7516050338745117,2.9816324710845947,3.502533435821533,3.8876535892486572,4.361743450164795,6.523931980133057,9.302936553955078,11.959197998046875,14.528883934020996,33.97021484375,125.39134979248047,6868.1162109375
130,0.0,10.948066711425781,13.342426300048828,9.966395378112793,6.641513347625732,4.6974873542785645,3.5519914627075195,3.1505444049835205,2.786731004714966,3.231367349624634,2.395110845565796,2.2876977920532227,2.145792007446289,2.2941503524780273,2.5992088317871094,2.802299976348877,2.84397029876709,2.60605525970459,3.184880495071411,3.5116922855377197,3.892953634262085,4.64515495300293,6.51922607421875,9.789477348327637,12.965906143188477,16.1522216796875,35.57437515258789,132.8304443359375,7035.84521484375
131,0.0,11.780776977539062,15.739323616027832,11.580155372619629,8.017742156982422,5.242099285125732,3.9530210494995117,3.4734387397766113,3.039362907409668,3.2302491664886475,2.7455880641937256,2.4088821411132812,2.3565611839294434,2.4384069442749023,2.787116289138794,2.9503252506256104,3.159350872039795,2.9526195526123047,3.566471576690674,3.98149037361145,4.124102592468262,5.203615665435791,8.014928817749023,10.29577350616455,13.707271575927734,16.821256637573242,38.41819763183594,149.5753173828125,8441.5205078125
132,0.0,10.369339942932129,12.752305030822754,8.877351760864258,6.001862049102783,4.452610969543457,3.3811192512512207,2.8144919872283936,2.4891490936279297,3.028782844543457,2.2562143802642822,1.885064721107483,1.9728820323944092,2.0655016899108887,2.4668514728546143,2.5056796073913574,2.5413029193878174,2.6551098823547363,3.1240463256835938,3.1985602378845215,3.5801563262939453,4.638669967651367,6.707903861999512,9.361281394958496,10.978700637817383,14.409957885742188,30.564743041992188,121.47220611572266,5853.9013671875
133,0.0,17.850393295288086,22.640657424926758,18.02785301208496,12.01062297821045,8.353178024291992,5.619393348693848,5.520322322845459,4.457071304321289,5.383346080780029,4.154387950897217,3.765455722808838,3.365901470184326,3.747066020965576,4.329337120056152,4.582764148712158,4.464504718780518,4.664546012878418,5.108193874359131,5.544007301330566,6.72329568862915,7.66902494430542,11.464314460754395,15.456417083740234,20.600309371948242,24.983539581298828,58.06429672241211,221.95327758789062,12350.658203125
134,0.0,13.059383392333984,16.1549015045166,11.884757995605469,7.279202938079834,5.748724937438965,4.011619567871094,3.436842441558838,3.258852005004883,3.6958062648773193,2.711348533630371,2.4923174381256104,2.4156148433685303,2.660250186920166,2.8230080604553223,3.139662027359009,3.094156503677368,3.001551389694214,3.8799703121185303,4.065851211547852,4.542809009552002,5.368962287902832,8.277996063232422,11.430174827575684,14.729055404663086,18.546525955200195,41.38434600830078,155.5428009033203,8929.767578125
135,0.0,12.110321044921875,16.09663200378418,11.908625602722168,8.20766830444336,5.898347854614258,3.784909963607788,3.5774669647216797,3.2935383319854736,3.5452067852020264,2.759201765060425,2.450227975845337,2.2879209518432617,2.6832308769226074,2.930081605911255,3.0936994552612305,3.1261911392211914,3.006330728530884,3.6621999740600586,4.093904972076416,4.5949482917785645,5.0543951988220215,8.179144859313965,10.515389442443848,14.305782318115234,17.130430221557617,40.29780578613281,151.36903381347656,8273.9287109375
136,0.0,12.130666732788086,13.794598579406738,10.315295219421387,6.98767614364624,5.410323143005371,3.8621251583099365,3.5089282989501953,2.871990919113159,3.3422110080718994,2.375786066055298,2.3883960247039795,2.2651851177215576,2.4852523803710938,2.802257776260376,2.674539089202881,2.705050468444824,2.738111734390259,3.298856496810913,3.368661642074585,4.11237907409668,4.827869415283203,7.566840171813965,9.35855484008789,12.325409889221191,16.61087417602539,39.97869873046875,144.90113830566406,7612.361328125
137,0.0,13.267760276794434,17.010662078857422,11.235544204711914,8.304335594177246,6.305005073547363,4.0365424156188965,3.6607818603515625,3.272780418395996,3.7244298458099365,2.712002992630005,2.7140021324157715,2.4806084632873535,2.8932838439941406,3.148998260498047,3.23879075050354,3.3800978660583496,3.058774471282959,3.768857955932617,4.270752906799316,4.632431507110596,5.9238362312316895,8.109771728515625,11.05984878540039,14.243096351623535,17.335063934326172,39.5576286315918,146.48789978027344,9093.1162109375
138,0.0,6.250102519989014,7.53816556930542,6.057796478271484,4.109291076660156,2.6420094966888428,1.8794180154800415,1.8696908950805664,1.6579844951629639,2.0218729972839355,1.419671893119812,1.3544871807098389,1.3234895467758179,1.5339925289154053,1.604311466217041,1.667389154434204,1.7777405977249146,1.8181930780410767,2.294828176498413,2.4284512996673584,2.6216869354248047,3.2536511421203613,4.657369136810303,6.146538257598877,8.098213195800781,9.666050910949707,21.726757049560547,79.25375366210938,3948.413330078125
139,0.0,14.107563018798828,17.218246459960938,11.721929550170898,8.369626998901367,5.87047004699707,4.1639933586120605,3.75325083732605,3.310142993927002,3.775841474533081,2.5562760829925537,2.5739355087280273,2.3211309909820557,2.577483892440796,3.1541309356689453,3.1124279499053955,2.9638595581054688,3.057234287261963,3.3943870067596436,3.8248817920684814,4.42951774597168,5.056853771209717,7.535405158996582,10.5226469039917,14.242758750915527,17.186763763427734,38.509037017822266,151.3760223388672,7341.34423828125
140,0.0,11.49526596069336,14.451725006103516,11.521060943603516,7.553840637207031,4.655656337738037,3.5220277309417725,3.357639789581299,3.2269234657287598,3.298271656036377,2.6137378215789795,2.304860830307007,2.2065834999084473,2.507577419281006,2.682623863220215,2.855839490890503,2.8706514835357666,2.658020496368408,3.258485794067383,3.5663716793060303,4.132633209228516,5.054558753967285,7.537744045257568,11.223069190979004,13.258380889892578,15.387422561645508,36.67475891113281,146.6544189453125,7743.0673828125
141,0.0,8.51093578338623,10.577122688293457,8.176467895507812,5.336259841918945,3.8677825927734375,2.5666112899780273,2.3547306060791016,2.299900531768799,2.5384325981140137,1.9192554950714111,1.7981834411621094,1.7840123176574707,1.8740513324737549,2.1907296180725098,2.155435562133789,2.1184141635894775,1.9901776313781738,2.424290418624878,2.676821708679199,3.041250705718994,3.7254860401153564,5.677811145782471,7.2419233322143555,9.677933692932129,12.3238525390625,30.158077239990234,104.71598052978516,6128.14599609375
142,0.0,7.289062023162842,9.958441734313965,7.665308952331543,4.905857086181641,3.425513982772827,2.2362868785858154,2.0819039344787598,1.9825310707092285,2.0584537982940674,1.7156345844268799,1.5377166271209717,1.5293347835540771,1.6553174257278442,1.8747702836990356,1.8869150876998901,1.8701436519622803,1.926805019378662,2.2537283897399902,2.454091787338257,3.0296037197113037,3.4511618614196777,5.21876335144043,6.764412879943848,8.840121269226074,11.37691879272461,26.55628776550293,101.63031768798828,4598.2314453125
143,0.0,12.593039512634277,15.464665412902832,11.879276275634766,7.648616790771484,5.750192642211914,4.1048502922058105,3.698521137237549,3.159635066986084,3.55560564994812,2.9358580112457275,2.7212281227111816,2.633716344833374,2.895030975341797,3.036379337310791,3.309990882873535,3.2006969451904297,3.115013837814331,3.7331924438476562,4.2322492599487305,4.521669387817383,5.581383228302002,8.169737815856934,11.413187980651855,14.671402931213379,18.606977462768555,40.157432556152344,147.40562438964844,7987.611328125
144,0.0,7.158438682556152,9.825469017028809,7.142703533172607,4.806008815765381,3.544977903366089,2.2960660457611084,2.031813383102417,1.9190123081207275,2.0601882934570312,1.6554110050201416,1.5551625490188599,1.5364912748336792,1.5164326429367065,1.61856210231781,1.846152663230896,1.861274242401123,1.8377395868301392,2.202524185180664,2.3115484714508057,2.735032320022583,3.1293866634368896,4.670820713043213,6.097752094268799,8.631902694702148,10.347060203552246,22.20511817932129,89.70769500732422,4495.625
145,0.0,8.31017017364502,11.899238586425781,9.164907455444336,6.02482271194458,4.187483310699463,2.8949239253997803,2.6422579288482666,2.4131476879119873,2.88480806350708,2.1125857830047607,2.0582311153411865,1.818482518196106,1.9786099195480347,2.352635622024536,2.3719842433929443,2.420149564743042,2.4290475845336914,2.7933077812194824,2.9716384410858154,3.4341750144958496,3.962561845779419,6.173847198486328,8.86402416229248,11.75447940826416,13.489439964294434,31.816064834594727,111.96674346923828,6409.224609375
146,0.0,8.844138145446777,10.695399284362793,9.11030101776123,5.846765995025635,4.181686878204346,2.522684097290039,2.6601409912109375,2.1981537342071533,2.4218180179595947,1.9829869270324707,1.9534885883331299,1.7782649993896484,2.001667022705078,2.1923391819000244,2.367898941040039,2.4253883361816406,2.350433111190796,2.8591907024383545,3.0238590240478516,3.545584201812744,3.9729199409484863,6.3008036613464355,8.490822792053223,10.27232837677002,13.49151611328125,31.298946380615234,115.56649017333984,5545.375
147,0.0,11.94282054901123,13.978108406066895,10.35103988647461,7.438620090484619,4.730473041534424,3.5458853244781494,3.229217052459717,2.765094041824341,3.1999118328094482,2.2530767917633057,2.218461275100708,2.187591314315796,2.3595924377441406,2.64914608001709,2.8596363067626953,2.7585601806640625,2.861788749694824,3.168673038482666,3.3193612098693848,3.9447357654571533,4.95255708694458,7.0344719886779785,8.734654426574707,11.337841987609863,15.066471099853516,34.08568572998047,135.63304138183594,7438.228515625
148,0.0,9.766847610473633,11.811873435974121,9.023727416992188,6.713525772094727,4.483828544616699,3.4150197505950928,3.0292985439300537,2.410841464996338,2.856053352355957,2.0690789222717285,1.8947056531906128,1.9693223237991333,2.0411128997802734,2.4900496006011963,2.701266288757324,2.3141889572143555,2.6544549465179443,2.945906400680542,3.240978240966797,3.5287158489227295,4.5364580154418945,6.202407360076904,8.478861808776855,11.399559020996094,14.370299339294434,32.89472198486328,124.71546173095703,6578.8583984375
149,0.0,16.20518684387207,19.764062881469727,14.102721214294434,10.298639297485352,6.979443073272705,4.903185844421387,4.219051837921143,3.8346335887908936,4.205846786499023,3.028956174850464,2.837486982345581,2.7895798683166504,3.002523422241211,3.4431519508361816,3.5154340267181396,3.3413569927215576,3.557950258255005,3.926055431365967,4.240856647491455,5.01706075668335,5.721279621124268,8.782158851623535,11.787261962890625,15.88549518585205,19.76032066345215,44.25984573364258,149.8141632080078,10472.2744140625
150,0.0,12.730329513549805,15.967450141906738,10.799413681030273,8.040478706359863,5.797496318817139,4.143783092498779,3.755241870880127,3.2023766040802,3.903743267059326,2.729680061340332,2.47670578956604,2.4134323596954346,2.680600166320801,2.983691930770874,3.166945457458496,2.965684175491333,2.974327802658081,3.418450355529785,3.6359567642211914,4.534860134124756,5.143062591552734,7.315152645111084,11.026239395141602,14.392274856567383,17.474973678588867,38.65550231933594,143.56085205078125,8432.0205078125
151,0.0,12.53553581237793,15.343762397766113,10.805168151855469,7.73887825012207,5.557658672332764,3.769162893295288,3.5278563499450684,3.1277072429656982,3.4756991863250732,2.6424248218536377,2.4211037158966064,2.341426372528076,2.5833985805511475,2.640712022781372,2.8972456455230713,3.061037302017212,2.9682068824768066,3.3017005920410156,3.4421212673187256,4.197119235992432,4.749928951263428,7.1420745849609375,10.332347869873047,13.46496868133545,15.531033515930176,36.10805130004883,141.39923095703125,7653.80859375
152,0.0,8.918539047241211,12.021888732910156,8.352578163146973,5.895490646362305,3.8107924461364746,2.7857589721679688,2.7141270637512207,2.3513848781585693,2.827488899230957,2.149836540222168,1.8158165216445923,1.8749639987945557,2.0110368728637695,2.183659791946411,2.4018619060516357,2.4476611614227295,2.339503526687622,2.8491883277893066,2.9637598991394043,3.5070571899414062,3.8372609615325928,6.235732555389404,8.461869239807129,11.617517471313477,14.265568733215332,32.032264709472656,120.46725463867188,6521.3681640625
153,0.0,10.832365036010742,13.510375022888184,10.73477554321289,6.811269760131836,4.904886245727539,3.4482784271240234,3.0160984992980957,2.6874043941497803,3.111713409423828,2.28300404548645,2.189995765686035,2.020010471343994,2.3387343883514404,2.561617374420166,2.5223522186279297,2.6707170009613037,2.481856346130371,3.0658693313598633,3.1426589488983154,3.7662811279296875,4.264640808105469,6.629769802093506,8.698945999145508,11.798317909240723,15.582615852355957,33.33299255371094,138.19873046875,6985.39501953125
154,0.0,12.835334777832031,17.423309326171875,12.239697456359863,8.142879486083984,5.895565509796143,4.372025966644287,3.719726800918579,3.434453248977661,3.4979591369628906,2.7755985260009766,2.621788740158081,2.535494089126587,2.8252861499786377,2.940429925918579,3.003739356994629,3.064622163772583,3.126404285430908,3.564297914505005,3.865213632583618,4.6966423988342285,5.628798484802246,7.9196367263793945,11.297301292419434,13.977041244506836,17.86648941040039,40.49845886230469,171.53013610839844,8028.1484375
155,0.0,12.656919479370117,16.14613914489746,12.721221923828125,8.487889289855957,5.6652069091796875,4.1122541427612305,3.6243560314178467,3.1234922409057617,3.520420789718628,2.6379919052124023,2.5934174060821533,2.4786999225616455,2.8032071590423584,2.9662294387817383,3.2065889835357666,3.285837173461914,3.1092138290405273,3.5542256832122803,4.107970237731934,4.765432357788086,5.444820404052734,8.503671646118164,11.155675888061523,13.711857795715332,17.780004501342773,40.751590728759766,160.38681030273438,8381.6328125
156,0.0,32.80272674560547,41.002899169921875,28.313282012939453,21.041284561157227,14.256683349609375,10.367095947265625,10.023289680480957,8.073640823364258,8.752157211303711,6.546108722686768,5.950760841369629,5.885896682739258,6.736447811126709,6.859457492828369,7.728572845458984,7.734915256500244,8.064620971679688,9.591958999633789,10.396671295166016,12.371094703674316,15.27624797821045,23.05962562561035,31.992431640625,43.11814880371094,50.50581359863281,108.93466186523438,372.2571105957031,24428.52734375
157,0.0,8.239245414733887,10.424934387207031,8.208566665649414,5.600828647613525,3.776111602783203,2.5234761238098145,2.499298572540283,2.191101551055908,2.587373733520508,1.8602443933486938,1.7491743564605713,1.686726689338684,2.0027832984924316,2.105771541595459,2.142457962036133,2.0651233196258545,2.080911874771118,2.4611387252807617,2.6346704959869385,3.0948657989501953,3.83383846282959,5.894979953765869,7.9425530433654785,10.912158966064453,12.628520965576172,26.879621505737305,106.42677307128906,5288.013671875
158,0.0,21.7241268157959,25.852102279663086,19.132169723510742,11.906222343444824,9.151330947875977,6.804179668426514,6.036867618560791,4.9046759605407715,5.726006984710693,4.1625471115112305,3.925705671310425,3.8975682258605957,3.915215253829956,4.509669780731201,4.912961006164551,4.809720993041992,4.901198387145996,5.321902751922607,5.8604350090026855,6.939000129699707,8.270844459533691,11.953577995300293,17.09234046936035,22.518951416015625,26.146337509155273,60.71817398071289,256.2743225097656,15389.4384765625
159,0.0,11.954291343688965,15.016252517700195,11.272989273071289,7.6449456214904785,5.45789909362793,3.759660243988037,3.774405002593994,3.477950096130371,3.6037092208862305,2.7314047813415527,2.6518287658691406,2.4269204139709473,2.7987143993377686,2.9183785915374756,2.863266706466675,2.943361520767212,2.9422032833099365,3.546529769897461,3.5847935676574707,4.126682281494141,5.216533660888672,7.252732753753662,10.580767631530762,13.748211860656738,16.935890197753906,39.22102737426758,154.41793823242188,8452.47265625
160,0.0,11.62629508972168,15.628342628479004,11.657947540283203,8.343985557556152,5.835669994354248,3.7932863235473633,3.588197946548462,3.044081687927246,3.6003551483154297,2.6883199214935303,2.3309102058410645,2.4223523139953613,2.5184922218322754,3.0399551391601562,3.197190046310425,2.9952738285064697,2.9782068729400635,3.4771182537078857,3.6664929389953613,4.337455749511719,4.966765403747559,7.528807163238525,10.253747940063477,13.078368186950684,15.384539604187012,37.35378646850586,144.8351593017578,7781.69921875
161,0.0,11.388385772705078,13.481776237487793,10.194945335388184,6.997089385986328,4.983208656311035,3.797734022140503,3.285809278488159,2.6815879344940186,3.022068738937378,2.312898635864258,2.2663848400115967,2.0052573680877686,2.4015769958496094,2.576521635055542,2.6561052799224854,2.7503185272216797,2.587571382522583,3.2242584228515625,3.5145649909973145,4.2576446533203125,4.791594982147217,7.011995315551758,10.411572456359863,12.532049179077148,16.088397979736328,37.62726974487305,136.50865173339844,8222.11328125
162,0.0,20.362390518188477,25.186105728149414,17.389949798583984,12.916437149047852,8.835098266601562,6.125175476074219,5.671846389770508,5.458831310272217,5.566293239593506,4.143256664276123,4.14083194732666,3.5112287998199463,4.022553443908691,4.67775297164917,4.633138179779053,4.49595832824707,4.731003284454346,5.391628265380859,5.872154235839844,6.730690002441406,7.757782459259033,10.95030689239502,14.760804176330566,19.369409561157227,25.110231399536133,57.6279182434082,219.60023498535156,13255.5283203125
163,0.0,14.015518188476562,17.153860092163086,11.918279647827148,8.831305503845215,5.525425910949707,4.5163350105285645,4.019885540008545,3.245988368988037,3.8876430988311768,2.981372117996216,2.785696506500244,2.5877609252929688,2.8652050495147705,3.148895502090454,3.31823468208313,3.4983043670654297,3.438265562057495,3.7904505729675293,3.9712696075439453,4.8694167137146,5.640364170074463,8.857976913452148,11.636046409606934,15.66237735748291,20.623634338378906,46.01722717285156,156.1298828125,9636.2392578125
164,0.0,13.917088508605957,17.072620391845703,12.114391326904297,8.217170715332031,5.7298431396484375,4.054163455963135,4.046754360198975,3.2462069988250732,3.6454215049743652,2.627678155899048,2.656944513320923,2.540229082107544,2.5967442989349365,2.9845006465911865,3.071288585662842,2.8529186248779297,3.061307668685913,3.5896124839782715,3.8999977111816406,4.3085126876831055,5.335967063903809,8.136760711669922,10.668527603149414,14.348799705505371,16.58237648010254,37.936676025390625,143.786376953125,8115.73046875
165,0.0,10.223258018493652,14.247381210327148,10.065561294555664,6.81198263168335,4.850020885467529,3.439972400665283,2.8872499465942383,2.865464448928833,2.958407402038574,2.30357027053833,2.3163700103759766,2.089643716812134,2.162837505340576,2.543856143951416,2.559905767440796,2.651263475418091,2.720867872238159,3.025374174118042,3.37312388420105,3.8657593727111816,4.683868408203125,6.780142307281494,9.708261489868164,12.537375450134277,15.187219619750977,34.62569046020508,137.30897521972656,6731.75830078125
166,0.0,11.0576171875,13.612947463989258,10.455571174621582,6.664220333099365,4.964413166046143,3.3519644737243652,3.3541600704193115,2.8388023376464844,3.0960774421691895,2.525385856628418,2.2330410480499268,2.304288864135742,2.5113508701324463,2.604123592376709,2.5755465030670166,2.7243592739105225,2.8974571228027344,3.1945388317108154,3.422049045562744,3.889153003692627,4.621762752532959,6.956789016723633,10.537242889404297,12.442312240600586,16.27063751220703,32.97467041015625,122.49909973144531,7753.83447265625
167,0.0,10.781225204467773,16.414268493652344,11.058830261230469,8.004193305969238,5.554788112640381,4.025018215179443,3.582685947418213,2.9770700931549072,3.6837432384490967,2.7281668186187744,2.4737324714660645,2.3437445163726807,2.703339099884033,2.771456718444824,3.246835231781006,3.0544040203094482,3.123654842376709,3.4907989501953125,3.7986273765563965,4.376972675323486,4.984875202178955,7.697748184204102,11.133842468261719,14.153855323791504,16.675765991210938,40.1029167175293,158.38197326660156,8466.533203125
168,0.0,11.310632705688477,13.033141136169434,10.722922325134277,6.868940830230713,5.073955059051514,3.649451732635498,3.3205363750457764,2.88081693649292,3.027141809463501,2.217682123184204,2.210803270339966,2.2048966884613037,2.336801052093506,2.621030807495117,2.7092208862304688,2.7323341369628906,2.5170295238494873,2.958071231842041,3.3325467109680176,3.856536388397217,4.649296283721924,6.880038261413574,8.796992301940918,11.996699333190918,15.358844757080078,31.848608016967773,133.54238891601562,6620.96484375
169,0.0,13.064871788024902,15.643288612365723,12.208148956298828,8.521148681640625,5.822501182556152,4.032386779785156,3.7189595699310303,3.244364023208618,3.5995192527770996,2.7355010509490967,2.48390793800354,2.4441680908203125,2.7033088207244873,2.908921480178833,3.1756584644317627,3.129885196685791,3.1250789165496826,3.5245299339294434,3.747873067855835,4.674351692199707,5.683300495147705,8.299543380737305,11.065993309020996,14.5435791015625,17.86446189880371,40.629539489746094,144.22828674316406,7577.62890625
170,0.0,9.191539764404297,11.452401161193848,8.446939468383789,5.509393692016602,3.887535810470581,2.7255280017852783,2.62134051322937,2.3213322162628174,2.3860421180725098,1.8782471418380737,1.72734534740448,1.7375597953796387,2.0322492122650146,2.2710952758789062,2.1448683738708496,2.2826602458953857,2.2246499061584473,2.697633743286133,2.964207410812378,3.454908609390259,4.040251731872559,5.944897651672363,8.501723289489746,10.945478439331055,11.906693458557129,28.874439239501953,109.44483947753906,5190.94873046875
171,0.0,13.874332427978516,18.135162353515625,13.104969024658203,8.997735023498535,6.724039554595947,4.753083229064941,4.398091793060303,3.5551321506500244,4.18378210067749,3.10546875,2.943877696990967,2.84977650642395,2.902752637863159,3.4341516494750977,3.6070964336395264,3.5195274353027344,3.5921669006347656,4.256554126739502,4.829702377319336,5.411247253417969,6.380505561828613,9.95345687866211,13.157485008239746,17.01569938659668,20.469701766967773,47.028900146484375,182.3216094970703,9771.1708984375
172,0.0,7.656589984893799,10.066969871520996,7.570572853088379,5.199827671051025,3.4231419563293457,2.4558486938476562,2.2940685749053955,2.019558906555176,2.2936534881591797,1.7849253416061401,1.6864323616027832,1.5446667671203613,1.7966605424880981,1.973994255065918,2.102099657058716,2.1702282428741455,2.0645198822021484,2.3897368907928467,2.680504560470581,3.052518129348755,3.6973278522491455,5.585052490234375,7.050646781921387,9.719794273376465,11.260918617248535,25.515296936035156,95.24027252197266,5012.9580078125
173,0.0,11.151638984680176,16.046695709228516,9.675214767456055,7.394527912139893,5.318556785583496,3.5725338459014893,3.3799548149108887,2.901644706726074,3.3863956928253174,2.4702727794647217,2.451117753982544,2.3212826251983643,2.5428717136383057,2.929429292678833,2.835665464401245,2.863664150238037,2.879817485809326,3.234386444091797,3.728010654449463,4.152677536010742,4.807195663452148,7.045718193054199,9.496417999267578,13.128914833068848,15.865616798400879,35.7534065246582,140.769287109375,7468.01318359375
174,0.0,8.38150691986084,9.452826499938965,7.251384258270264,5.54628324508667,3.5269932746887207,2.5844321250915527,2.3680880069732666,2.114023447036743,2.308030605316162,1.8384242057800293,1.770895004272461,1.6854444742202759,1.891232967376709,2.154850721359253,2.2057600021362305,2.2419145107269287,2.1719770431518555,2.6245744228363037,2.9002392292022705,3.152521848678589,4.092728614807129,5.917169094085693,6.839688301086426,9.56014633178711,12.139870643615723,29.506105422973633,97.7322998046875,5427.2724609375
175,0.0,11.902201652526855,16.416887283325195,11.976675987243652,8.427816390991211,5.800221920013428,3.837012767791748,3.6231608390808105,3.29753041267395,3.51833176612854,2.6305758953094482,2.440822124481201,2.3605358600616455,2.7298195362091064,2.978153944015503,2.9567437171936035,3.063258647918701,2.8483548164367676,3.561149835586548,3.9401493072509766,4.338045120239258,5.169683456420898,8.03750991821289,11.758834838867188,14.92255687713623,19.415321350097656,41.7248420715332,168.31187438964844,8853.0703125
176,0.0,10.591227531433105,14.842253684997559,10.869833946228027,7.434248447418213,4.756755828857422,3.6450791358947754,3.5496647357940674,2.8430278301239014,3.329341173171997,2.4231767654418945,2.338742971420288,2.3391966819763184,2.4267337322235107,2.584980010986328,2.889904499053955,2.983508348464966,2.7765138149261475,3.5506067276000977,3.531771659851074,4.235257148742676,5.081219673156738,7.467226028442383,9.739714622497559,12.812525749206543,15.952554702758789,37.68257141113281,148.50010681152344,7392.98974609375
177,0.0,11.589818000793457,14.239445686340332,11.82396125793457,8.518645286560059,5.672496318817139,3.7843379974365234,3.641138792037964,3.316051721572876,3.6165590286254883,2.5095553398132324,2.4583468437194824,2.4507193565368652,2.6149191856384277,2.798687696456909,2.9114062786102295,2.882523536682129,2.9243357181549072,3.340803861618042,3.6035680770874023,4.186123847961426,5.271350860595703,7.735049724578857,10.316588401794434,13.517115592956543,16.328584671020508,39.188926696777344,161.79119873046875,7733.5615234375
178,0.0,10.594137191772461,14.020035743713379,10.397650718688965,7.160588264465332,5.166119575500488,3.4216675758361816,3.399799346923828,2.758558750152588,3.033827543258667,2.3234238624572754,2.1715433597564697,1.9612830877304077,2.361924409866333,2.6013071537017822,2.6841492652893066,2.702322483062744,2.6866867542266846,3.048494338989258,3.4199600219726562,3.9604368209838867,4.962963104248047,7.340400695800781,10.00858211517334,12.564887046813965,15.980977058410645,35.43796920776367,141.3128204345703,5904.6494140625
179,0.0,8.086546897888184,10.363412857055664,7.070947647094727,5.294825553894043,3.6902174949645996,2.4404449462890625,2.2689244747161865,2.152099609375,2.259782075881958,1.8229886293411255,1.7257651090621948,1.6799982786178589,1.849020004272461,2.0095865726470947,2.042924642562866,2.0459249019622803,2.1321537494659424,2.482825994491577,2.5631022453308105,2.9060583114624023,3.6755380630493164,5.174016952514648,7.375857830047607,9.724211692810059,11.734821319580078,26.875778198242188,100.52872467041016,5365.2939453125
180,0.0,9.32991886138916,11.703141212463379,8.48680305480957,6.037168025970459,3.9008755683898926,2.913398504257202,2.754518508911133,2.36108660697937,2.870143175125122,2.1251161098480225,2.078625440597534,1.999913215637207,2.0208704471588135,2.21714186668396,2.3686811923980713,2.4647598266601562,2.4353981018066406,2.6957690715789795,2.9406814575195312,3.4409589767456055,4.000651836395264,5.773722171783447,7.936790466308594,10.65771770477295,13.756120681762695,29.400440216064453,111.20177459716797,6303.6806640625
181,0.0,16.24235725402832,19.12921142578125,14.182157516479492,9.662504196166992,7.333398818969727,4.69327974319458,4.3267412185668945,3.8590898513793945,4.387014865875244,3.2933082580566406,3.009185791015625,2.8074564933776855,3.0394132137298584,3.713092803955078,3.3922743797302246,3.6475114822387695,3.50309157371521,4.476733684539795,4.721991539001465,5.641919136047363,6.759536266326904,9.933345794677734,14.173920631408691,18.58656120300293,21.03612518310547,48.27062225341797,188.52980041503906,11472.484375
182,0.0,10.122823715209961,12.363056182861328,9.079994201660156,6.20582914352417,3.9620609283447266,3.217532157897949,2.7706708908081055,2.543689012527466,2.967122793197632,2.190312623977661,2.0186314582824707,1.939897060394287,2.145756244659424,2.457306385040283,2.5924932956695557,2.4264607429504395,2.348325729370117,2.8920297622680664,3.189608573913574,3.722323179244995,4.573536396026611,6.6451263427734375,8.853754997253418,11.41125202178955,14.700885772705078,32.84474563598633,120.59103393554688,7004.58642578125
183,0.0,11.432461738586426,14.514763832092285,10.677401542663574,7.009089946746826,4.913149833679199,3.648655891418457,3.330197811126709,2.904843807220459,3.292570114135742,2.3106822967529297,2.316178321838379,2.2605788707733154,2.3597915172576904,2.78537654876709,2.6855294704437256,2.74892258644104,2.648811101913452,3.085045337677002,3.3251192569732666,4.213589191436768,4.753929138183594,6.9933342933654785,9.894877433776855,13.189473152160645,15.243945121765137,38.644737243652344,149.198974609375,7138.48974609375
184,0.0,10.597020149230957,14.625570297241211,10.962461471557617,6.66447114944458,5.042717933654785,3.51834774017334,3.3786892890930176,2.7643213272094727,3.22462797164917,2.418832540512085,2.3422775268554688,2.1500089168548584,2.4054036140441895,2.83294415473938,2.7917633056640625,2.727108955383301,2.7568423748016357,3.1932175159454346,3.336031913757324,3.814602851867676,4.887805461883545,6.948559761047363,9.826556205749512,12.755433082580566,14.897541999816895,33.60121154785156,138.7698974609375,6691.13916015625
185,0.0,8.230582237243652,11.08954906463623,8.01923942565918,6.27707052230835,3.9684200286865234,2.877014398574829,2.3683760166168213,2.304515838623047,2.581115484237671,1.8647735118865967,1.7446388006210327,1.7553519010543823,1.942866325378418,2.115954875946045,2.228012800216675,2.2912349700927734,2.307130813598633,2.561661958694458,3.11612868309021,3.3423306941986084,3.8522732257843018,6.0285186767578125,7.8829545974731445,11.439555168151855,12.640456199645996,29.20835304260254,109.70578002929688,5284.7177734375
186,0.0,15.447904586791992,19.219036102294922,15.127155303955078,9.597570419311523,6.866293430328369,4.932920455932617,4.140514373779297,3.7495687007904053,4.160580158233643,3.4629509449005127,3.125760078430176,2.8424220085144043,3.3614308834075928,3.715522050857544,3.6576552391052246,3.675584554672241,3.84053111076355,4.466305732727051,4.481041431427002,5.564781188964844,6.5529465675354,9.064377784729004,13.384934425354004,17.8631534576416,21.429489135742188,44.7830924987793,186.4240264892578,9192.8623046875
187,0.0,8.89068603515625,11.005516052246094,8.491877555847168,6.031092166900635,4.17847204208374,3.1001152992248535,2.621458053588867,2.3900327682495117,2.754446029663086,2.1035571098327637,1.940458059310913,1.8876161575317383,2.163734197616577,2.3734521865844727,2.4000062942504883,2.617786169052124,2.446617841720581,2.9901602268218994,3.225131034851074,3.6983895301818848,4.029880523681641,6.107509613037109,9.07180118560791,11.37685775756836,14.65855884552002,31.39006805419922,112.99634552001953,6589.8955078125
188,0.0,6.9907941818237305,8.594161987304688,6.1478118896484375,4.350790023803711,3.099947929382324,2.0376858711242676,1.8162596225738525,1.6115777492523193,1.889204978942871,1.4125752449035645,1.3710367679595947,1.3082318305969238,1.536435604095459,1.7209622859954834,1.7233867645263672,1.625262975692749,1.691495656967163,2.0528502464294434,2.260873794555664,2.5351905822753906,3.205085039138794,4.1823906898498535,5.697146892547607,7.1153483390808105,9.080592155456543,17.914186477661133,68.36056518554688,3690.51025390625
189,0.0,9.427842140197754,11.39482593536377,8.312409400939941,5.811819553375244,4.150683403015137,3.143326759338379,2.3557372093200684,2.525071859359741,2.596994400024414,1.9666129350662231,1.742478609085083,1.7796238660812378,2.053067445755005,2.160343647003174,2.2911734580993652,2.345262050628662,2.361095905303955,2.7104620933532715,3.0591797828674316,3.4218711853027344,4.131208896636963,5.959656715393066,8.357298851013184,10.829002380371094,13.101139068603516,28.768829345703125,116.96492004394531,5867.80810546875
190,0.0,11.186567306518555,13.83471965789795,11.542186737060547,7.266986846923828,4.879792213439941,3.479686975479126,3.228985071182251,2.91764235496521,3.2262842655181885,2.3338608741760254,2.332491874694824,2.164013147354126,2.473332643508911,2.8942646980285645,2.8409907817840576,2.8816802501678467,2.777773380279541,3.365044116973877,3.8070850372314453,4.252823352813721,5.033858299255371,7.635963439941406,10.548007011413574,13.715246200561523,17.36977195739746,38.36978530883789,139.27369689941406,7989.029296875
191,0.0,9.277576446533203,12.663910865783691,8.701231002807617,6.26682710647583,4.348654270172119,3.2213287353515625,2.9000046253204346,2.4716873168945312,2.7150681018829346,2.094322919845581,1.8706475496292114,1.809382438659668,2.068992853164673,2.3270161151885986,2.498572826385498,2.312790632247925,2.441917896270752,2.7798075675964355,3.0907459259033203,3.55082106590271,4.062674522399902,5.294337749481201,8.173067092895508,10.866799354553223,14.08251953125,31.1541748046875,118.4600830078125,5944.31982421875
192,0.0,6.9380083084106445,9.280047416687012,6.961458206176758,4.391678333282471,2.9618396759033203,2.2460005283355713,2.0115597248077393,1.8763182163238525,2.095238208770752,1.5334886312484741,1.503940463066101,1.4039974212646484,1.6415057182312012,1.6111500263214111,1.75442636013031,1.862052083015442,1.866286277770996,2.2216594219207764,2.419651508331299,2.657078742980957,3.34735369682312,4.744168758392334,7.034022808074951,8.777709007263184,10.607410430908203,24.035539627075195,81.20987701416016,4730.2431640625
193,0.0,18.156570434570312,21.712453842163086,17.55484390258789,12.583176612854004,7.553199291229248,6.073466777801514,5.372533321380615,4.849587917327881,5.444235801696777,4.209993362426758,3.644353151321411,3.489588499069214,3.8219571113586426,4.512728691101074,4.57185173034668,4.822704315185547,4.523172855377197,5.246387958526611,5.867340087890625,6.8501176834106445,8.546870231628418,13.145295143127441,17.777204513549805,22.567228317260742,29.06092643737793,59.05460739135742,238.67025756835938,15627.66796875
194,0.0,7.51365852355957,10.08141803741455,7.054020404815674,4.88477087020874,3.5556819438934326,2.2926442623138428,2.11094069480896,2.055286169052124,2.3403682708740234,1.7781480550765991,1.6494650840759277,1.6525264978408813,1.725932240486145,2.002624034881592,2.0266618728637695,2.1916699409484863,2.1442925930023193,2.543513298034668,2.6994428634643555,2.878848075866699,3.676903009414673,5.1781487464904785,6.705099105834961,9.154603958129883,11.323208808898926,26.475072860717773,87.67253112792969,4911.828125
195,0.0,10.939557075500488,14.34399127960205,11.049674034118652,7.407768726348877,5.04619836807251,3.760697364807129,2.883939504623413,2.7883236408233643,3.2016680240631104,2.3833823204040527,2.232151508331299,2.1894307136535645,2.406167984008789,2.6753551959991455,2.8461625576019287,2.8641316890716553,2.6754307746887207,3.1889028549194336,3.2821919918060303,4.002600193023682,5.001211643218994,6.956580638885498,9.42084789276123,13.48752212524414,15.900995254516602,35.11014175415039,129.0570526123047,7276.9853515625
196,0.0,10.848444938659668,13.1786470413208,10.29775619506836,7.119391441345215,4.836662292480469,3.3513810634613037,2.909231185913086,2.760993242263794,2.878903865814209,2.1952803134918213,2.186979055404663,2.0631093978881836,2.261554718017578,2.6063647270202637,2.4916329383850098,2.4299190044403076,2.527540922164917,2.982793092727661,3.1249775886535645,3.733278512954712,4.296034336090088,6.735387802124023,8.999340057373047,12.131853103637695,14.540323257446289,33.895362854003906,132.00033569335938,6357.59765625
197,0.0,11.842445373535156,15.255997657775879,12.509407043457031,8.458584785461426,5.761233806610107,4.0027289390563965,4.008907318115234,3.0728049278259277,3.7950456142425537,2.747622489929199,2.444629192352295,2.398634195327759,2.6923272609710693,3.0406715869903564,3.1406612396240234,3.041292905807495,3.260896682739258,3.654398202896118,4.064390659332275,4.598773956298828,5.549673080444336,8.299263954162598,10.738862991333008,14.42672348022461,18.620336532592773,42.12216567993164,159.17738342285156,8275.5029296875
198,0.0,9.410520553588867,12.332694053649902,9.065634727478027,6.285436630249023,4.570546627044678,3.012845754623413,2.975215196609497,2.4850380420684814,2.73272967338562,2.1427764892578125,2.0221214294433594,1.7889330387115479,2.020798444747925,2.340924024581909,2.4123077392578125,2.5449471473693848,2.457120656967163,2.7999789714813232,3.1156561374664307,3.432389259338379,4.1802897453308105,6.188465118408203,8.69513988494873,11.199258804321289,13.548030853271484,34.61102294921875,119.80728912353516,6229.49462890625
199,0.0,10.854754447937012,12.2215576171875,9.367730140686035,6.433984756469727,4.758554458618164,3.1911563873291016,2.960592031478882,2.7512662410736084,2.808953285217285,2.2506520748138428,2.0757315158843994,1.9205305576324463,2.133760452270508,2.3597986698150635,2.5161690711975098,2.376763343811035,2.3882648944854736,2.6550869941711426,3.108050584793091,3.629279375076294,4.328884124755859,6.478732585906982,8.120488166809082,11.320393562316895,13.825804710388184,33.82826614379883,117.5567398071289,6707.05712890625
200,0.0,8.91661548614502,10.783905029296875,8.420675277709961,5.779247283935547,3.9409592151641846,2.797801971435547,2.54945707321167,2.523641347885132,2.587256908416748,1.996107816696167,1.8648040294647217,1.9360718727111816,2.0023574829101562,2.1882193088531494,2.127023935317993,2.214887857437134,2.1915152072906494,2.5144896507263184,2.8181116580963135,3.1438448429107666,3.848475217819214,5.618824481964111,7.658013820648193,10.140739440917969,11.684070587158203,27.34885597229004,107.1316146850586,5526.07080078125
201,0.0,9.635637283325195,11.846924781799316,9.12971305847168,6.032810688018799,4.649290561676025,3.225095748901367,2.7927017211914062,2.332594394683838,2.646075487136841,2.1744840145111084,2.0191173553466797,1.8872426748275757,1.938852310180664,2.2740061283111572,2.2659149169921875,2.185917615890503,2.3671681880950928,2.673867702484131,3.0656368732452393,3.4145143032073975,4.056292533874512,5.638601779937744,8.2731294631958,10.516654968261719,11.838531494140625,29.16791534423828,108.94214630126953,5419.30029296875
202,0.0,11.901029586791992,15.337014198303223,11.978365898132324,7.890308856964111,5.264618396759033,3.715566635131836,3.6233675479888916,3.1051692962646484,3.4438304901123047,2.602428674697876,2.4059977531433105,2.367156505584717,2.733503580093384,2.8790981769561768,2.792954206466675,2.9786548614501953,3.125718832015991,3.4870433807373047,3.648314952850342,3.9629721641540527,4.960333347320557,7.515328407287598,9.343374252319336,12.054274559020996,15.709882736206055,33.67360305786133,138.2604217529297,7511.32958984375
203,0.0,12.797845840454102,15.845938682556152,12.192473411560059,7.907227039337158,5.9438090324401855,4.186874866485596,3.7343082427978516,3.3027570247650146,3.6122629642486572,2.860645055770874,2.5909361839294434,2.45027232170105,2.68782639503479,3.1464664936065674,2.9816524982452393,2.8737804889678955,3.1026644706726074,3.517502784729004,3.9580800533294678,4.486717700958252,5.248776912689209,7.683591365814209,10.680846214294434,14.383574485778809,18.272035598754883,41.28895568847656,157.5172576904297,8980.1396484375
204,0.0,13.974600791931152,16.427358627319336,12.041664123535156,9.415966987609863,6.205403804779053,4.697875499725342,3.8875303268432617,3.427748680114746,3.8713624477386475,3.162182092666626,2.9146173000335693,2.568619966506958,2.976249933242798,3.2315306663513184,3.4360907077789307,3.3687493801116943,3.3223259449005127,3.874807119369507,4.3707194328308105,4.965068340301514,5.732388496398926,8.568385124206543,11.667598724365234,14.574233055114746,18.433433532714844,44.16831588745117,166.05999755859375,8940.0927734375
205,0.0,8.815360069274902,12.261164665222168,7.928559303283691,6.647366523742676,4.359382629394531,3.0285282135009766,2.6828556060791016,2.4538989067077637,2.4722418785095215,1.9654090404510498,1.9328558444976807,1.9226109981536865,2.121781826019287,2.2671282291412354,2.372389793395996,2.367347478866577,2.444544553756714,2.7402594089508057,2.8435823917388916,3.581853151321411,4.274098873138428,5.754667282104492,8.103452682495117,10.722590446472168,12.392926216125488,29.624267578125,113.22901916503906,6083.75244140625
206,0.0,11.244349479675293,13.68224811553955,10.65494155883789,7.700296401977539,5.17079496383667,3.9094443321228027,3.065786361694336,2.923668146133423,3.0714426040649414,2.442558765411377,2.2279298305511475,2.1998987197875977,2.45918869972229,2.7104153633117676,2.763058662414551,2.7508370876312256,2.7145981788635254,3.283676862716675,3.3552818298339844,4.123929977416992,4.7144012451171875,6.788344860076904,9.603606224060059,12.555909156799316,15.260557174682617,36.6915397644043,142.4052734375,6848.97900390625
207,0.0,8.167438507080078,10.669233322143555,7.358905792236328,5.655498504638672,3.798459768295288,2.8619275093078613,2.5821375846862793,2.173415184020996,2.3606414794921875,1.91873300075531,1.8331468105316162,1.7482000589370728,1.8098812103271484,2.158177375793457,2.1687333583831787,2.01259446144104,2.1017749309539795,2.5193862915039062,2.7335267066955566,3.2758491039276123,3.6367604732513428,5.498603820800781,7.522129058837891,10.211771011352539,11.436030387878418,27.687070846557617,105.0335693359375,5740.33203125
208,0.0,11.66405200958252,15.028237342834473,10.664749145507812,7.217692852020264,5.393409252166748,3.796696424484253,3.6208369731903076,2.8700923919677734,3.285933017730713,2.4490716457366943,2.3282270431518555,2.100106954574585,2.448294162750244,2.691214084625244,2.894207000732422,2.85627818107605,2.8815832138061523,3.3320655822753906,3.7199454307556152,4.19282341003418,5.217348575592041,6.999202251434326,10.155290603637695,12.853682518005371,16.591270446777344,34.7282600402832,146.5513153076172,7939.91748046875
209,0.0,8.816998481750488,11.471522331237793,8.060027122497559,5.517803192138672,4.15798807144165,2.947113037109375,2.4908535480499268,2.172653913497925,2.4524214267730713,1.9256160259246826,1.8989911079406738,1.7661585807800293,1.9773715734481812,2.10968017578125,2.2462055683135986,2.2309534549713135,2.2463340759277344,2.792463541030884,3.130263328552246,3.3149101734161377,4.070621013641357,5.657054901123047,7.983363628387451,11.045832633972168,13.165853500366211,30.3309383392334,108.26249694824219,5228.56201171875
210,0.0,10.645700454711914,12.96408462524414,9.695731163024902,6.5211052894592285,4.340225696563721,3.0192973613739014,3.0160350799560547,2.5651745796203613,2.8699913024902344,2.211886405944824,2.011934995651245,1.9309791326522827,2.145521879196167,2.383448362350464,2.5163724422454834,2.7215678691864014,2.484548568725586,2.9290077686309814,3.063385486602783,3.7557318210601807,4.398750305175781,6.275181293487549,8.604944229125977,11.78007698059082,14.156216621398926,33.72180938720703,112.84085083007812,6406.07275390625
211,0.0,12.19917106628418,15.913533210754395,11.570939064025879,9.100147247314453,5.922702312469482,4.202178001403809,3.8576085567474365,3.608429431915283,3.6598167419433594,2.913207769393921,2.5560238361358643,2.491032838821411,2.621757984161377,2.8414087295532227,3.163083076477051,3.0014240741729736,2.984663486480713,3.453812837600708,3.632812261581421,4.523495674133301,5.323980808258057,7.378971099853516,10.858433723449707,13.927488327026367,17.151060104370117,38.92362976074219,151.80599975585938,8388.16015625
212,0.0,12.465252876281738,13.946680068969727,12.248538970947266,7.009768962860107,5.25463342666626,3.7357418537139893,3.327396869659424,3.1539769172668457,3.3780782222747803,2.4059038162231445,2.367276906967163,2.217832088470459,2.5481295585632324,2.572230577468872,2.7026548385620117,2.719893217086792,2.7382397651672363,3.2147343158721924,3.4930026531219482,4.290299892425537,4.9093170166015625,7.353703022003174,9.99651050567627,14.05040454864502,17.18199920654297,37.49457931518555,145.23626708984375,6964.86474609375
213,0.0,10.265904426574707,13.395578384399414,9.120475769042969,6.958237648010254,4.5149617195129395,3.1171278953552246,2.6032750606536865,2.6508755683898926,2.744642734527588,2.1150481700897217,2.041285991668701,1.9045785665512085,2.1123247146606445,2.2917323112487793,2.3308780193328857,2.494847536087036,2.536130905151367,2.8661952018737793,3.168677806854248,3.5012106895446777,4.187119483947754,6.203258037567139,8.414483070373535,11.16497802734375,13.6708984375,31.44891929626465,113.55351257324219,5854.58935546875
214,0.0,11.735382080078125,15.702163696289062,11.508219718933105,8.487247467041016,5.5153656005859375,3.9067270755767822,3.6708502769470215,3.042492389678955,3.351483106613159,2.693014621734619,2.4448838233947754,2.3674063682556152,2.6101951599121094,2.8894577026367188,2.7441954612731934,2.9908196926116943,2.994845151901245,3.5469768047332764,3.7369918823242188,4.185266017913818,5.208381652832031,7.76350736618042,10.52811050415039,14.18465805053711,16.688798904418945,38.87586975097656,148.4680633544922,8413.44921875
215,0.0,11.004327774047852,14.482208251953125,10.322291374206543,7.995869159698486,5.287423133850098,3.5810139179229736,3.0065248012542725,2.8052315711975098,3.2316036224365234,2.4131765365600586,2.388728618621826,2.329075336456299,2.482767105102539,2.920294761657715,2.975545644760132,3.086909055709839,3.0395166873931885,3.2997848987579346,3.7344257831573486,4.441551685333252,5.132388114929199,7.441375255584717,10.197395324707031,13.936843872070312,15.55952262878418,39.51762008666992,140.93165588378906,7713.9501953125
216,0.0,14.967745780944824,17.886722564697266,13.713305473327637,8.885432243347168,6.4974894523620605,4.392937183380127,4.111260890960693,3.589949369430542,3.960617780685425,2.9965360164642334,2.883596897125244,2.729093074798584,2.8565969467163086,3.3445684909820557,3.25486159324646,3.083606243133545,3.390015125274658,3.7754602432250977,4.546227931976318,5.029452323913574,5.968122959136963,8.606014251708984,11.55228042602539,15.476934432983398,18.82249641418457,42.738494873046875,148.8497772216797,8806.4111328125
217,0.0,13.398569107055664,14.980339050292969,11.943398475646973,8.311861991882324,5.734542369842529,3.649812698364258,3.432417392730713,3.339000701904297,3.5042948722839355,2.7107443809509277,2.37959623336792,2.3123819828033447,2.6671788692474365,2.8686373233795166,3.009075403213501,2.9235596656799316,2.992962121963501,3.4773759841918945,3.812675952911377,4.048628330230713,5.12117338180542,8.071732521057129,10.12761402130127,13.992287635803223,16.28902244567871,38.473388671875,151.15386962890625,7589.9404296875
218,0.0,8.424880981445312,10.077425956726074,7.768643856048584,5.473850727081299,3.9444971084594727,2.6677169799804688,2.2018232345581055,2.1528594493865967,2.4421277046203613,1.771533489227295,1.6876239776611328,1.6775574684143066,1.8102091550827026,2.0229899883270264,2.190767765045166,2.089970111846924,2.162245750427246,2.4213311672210693,2.663672685623169,2.9143564701080322,3.824761390686035,5.496377468109131,7.460233688354492,10.703840255737305,12.495692253112793,27.98596954345703,104.47511291503906,5169.0986328125
219,0.0,11.37890911102295,14.695637702941895,10.602930068969727,7.3027167320251465,5.671558856964111,4.109121799468994,3.292267322540283,3.014414072036743,3.352634906768799,2.461524248123169,2.3700685501098633,2.188901424407959,2.4583346843719482,2.8076348304748535,2.761600971221924,2.7336506843566895,2.8409347534179688,3.183598279953003,3.4478797912597656,3.9500818252563477,4.660573482513428,7.02251672744751,9.704817771911621,12.312895774841309,15.454557418823242,35.15258026123047,149.3663330078125,8524.8486328125
220,0.0,11.806550979614258,15.986489295959473,11.709273338317871,8.427480697631836,5.443357944488525,4.074573040008545,3.539121150970459,3.3556900024414062,3.551487445831299,2.4784185886383057,2.442411184310913,2.2884929180145264,2.598179340362549,2.8271045684814453,2.66505765914917,2.832336902618408,3.0004327297210693,3.301058769226074,3.749755620956421,4.35684061050415,5.206035137176514,8.17233657836914,10.339239120483398,13.764134407043457,17.051124572753906,36.405582427978516,159.35525512695312,7171.83154296875
221,0.0,12.299086570739746,15.461404800415039,11.216906547546387,7.684356212615967,5.432574272155762,3.8268158435821533,3.30074143409729,3.189605474472046,3.4133784770965576,2.74654221534729,2.552424907684326,2.397688150405884,2.6784703731536865,2.7711830139160156,3.016122817993164,2.9251208305358887,2.8254122734069824,3.544816493988037,3.7673842906951904,4.110500812530518,5.310542583465576,7.522257328033447,10.435332298278809,14.507379531860352,18.11971664428711,40.0831184387207,143.7525634765625,7704.15087890625
222,0.0,10.859180450439453,15.75534439086914,11.059301376342773,7.0694708824157715,5.355624675750732,4.190548896789551,3.1717300415039062,3.3049259185791016,3.3863365650177,2.545016288757324,2.236922025680542,2.2758779525756836,2.517803430557251,2.7314746379852295,2.7627339363098145,2.5691354274749756,2.8210926055908203,3.1339590549468994,3.3675763607025146,4.10955810546875,5.091453552246094,7.319952011108398,10.399977684020996,14.363704681396484,17.360275268554688,39.96304702758789,133.876953125,8275.4697265625
223,0.0,13.585001945495605,19.776430130004883,12.232868194580078,9.003527641296387,6.522972583770752,4.668593406677246,4.2404584884643555,3.4417433738708496,4.277538299560547,3.007240056991577,2.9966297149658203,2.7133986949920654,3.133378505706787,3.495617389678955,3.458686590194702,3.4901061058044434,3.4355294704437256,3.8887245655059814,4.305119514465332,4.848609924316406,6.374113082885742,8.89012336730957,12.131307601928711,15.782485008239746,19.631980895996094,42.579566955566406,177.6084442138672,9150.0654296875
224,0.0,14.286011695861816,19.1717529296875,13.896904945373535,9.573049545288086,6.622805595397949,4.560800075531006,3.883629560470581,3.6023645401000977,4.039606094360352,3.0017318725585938,2.5792553424835205,2.617311477661133,2.8911492824554443,3.225440502166748,3.1826937198638916,3.3042218685150146,3.187129020690918,3.9501373767852783,4.261656284332275,5.157015800476074,5.947154521942139,8.927705764770508,11.450235366821289,15.725508689880371,20.34727668762207,43.154541015625,182.71722412109375,7856.150390625
225,0.0,9.375442504882812,11.972689628601074,8.888365745544434,6.162721157073975,4.242875099182129,3.044473648071289,2.6733224391937256,2.474146604537964,2.840442419052124,2.0807220935821533,1.9866706132888794,1.8865917921066284,2.11283016204834,2.2363739013671875,2.422825813293457,2.42494797706604,2.29508638381958,2.784043550491333,3.013904333114624,3.4007601737976074,4.2378387451171875,5.791753768920898,8.5897855758667,11.111459732055664,13.592742919921875,33.7315559387207,113.08489227294922,6255.9521484375
226,0.0,10.13862419128418,14.296168327331543,10.54835319519043,6.896191596984863,5.11577844619751,3.311795949935913,3.375415802001953,2.913592576980591,3.118699073791504,2.47821307182312,2.133089065551758,2.223172903060913,2.3713653087615967,2.6652746200561523,2.7445335388183594,2.722423553466797,2.7805755138397217,3.1393282413482666,3.324120283126831,3.953486442565918,4.792642116546631,7.0202436447143555,9.155962944030762,12.277603149414062,15.56572151184082,34.63081359863281,117.7109375,7125.63330078125
227,0.0,9.202951431274414,11.145475387573242,8.075029373168945,5.671250343322754,4.397998332977295,2.8296103477478027,2.663870334625244,2.4469377994537354,2.6852521896362305,2.018965005874634,1.9360655546188354,1.7387361526489258,2.033708333969116,2.0574145317077637,2.2634222507476807,2.2876627445220947,2.1966073513031006,2.6289241313934326,2.7410194873809814,3.395892858505249,3.9568910598754883,6.001983165740967,7.651146411895752,9.81733512878418,12.53491497039795,27.857542037963867,109.29147338867188,5997.7431640625
228,0.0,11.792961120605469,15.108928680419922,10.357619285583496,8.081257820129395,5.626728057861328,3.932008981704712,3.6535439491271973,3.167985439300537,3.5002541542053223,2.6228511333465576,2.2977941036224365,2.131204843521118,2.3821258544921875,2.564068078994751,2.940291166305542,2.7202272415161133,2.7521772384643555,3.229665756225586,3.3683228492736816,3.995544672012329,4.835994720458984,6.973476409912109,9.592862129211426,12.688764572143555,16.77614974975586,36.99272918701172,152.57403564453125,8100.90771484375
229,0.0,6.6001811027526855,7.899923801422119,6.182064533233643,4.065349578857422,2.694758176803589,1.9942654371261597,1.7935594320297241,1.7060061693191528,1.854142665863037,1.4808851480484009,1.3448657989501953,1.3523318767547607,1.521111011505127,1.6546335220336914,1.6776313781738281,1.7201275825500488,1.7637604475021362,2.0022785663604736,2.2766129970550537,2.4968926906585693,3.1557974815368652,4.448277473449707,5.596139430999756,7.780456066131592,10.202619552612305,21.240392684936523,87.4943618774414,4112.27294921875
230,0.0,11.400716781616211,14.554328918457031,10.254875183105469,7.336705207824707,4.841370582580566,3.334960460662842,3.18327260017395,2.961651563644409,3.180608034133911,2.419013261795044,2.2168092727661133,2.142025947570801,2.3588945865631104,2.7266364097595215,2.9216692447662354,2.7262091636657715,2.7826344966888428,3.0992202758789062,3.314110279083252,3.8255813121795654,5.032258033752441,6.691673278808594,9.221260070800781,12.50756549835205,16.057254791259766,35.12197494506836,154.4325408935547,6747.06689453125
231,0.0,9.849379539489746,12.670929908752441,9.727654457092285,6.713373184204102,4.5690999031066895,3.2476143836975098,3.223562717437744,2.8093414306640625,3.09004545211792,2.3007593154907227,2.081756591796875,2.1155879497528076,2.3632407188415527,2.602015733718872,2.754979372024536,2.7381701469421387,2.646115779876709,2.7817025184631348,3.3294172286987305,3.8931772708892822,4.6025390625,6.9745378494262695,9.401935577392578,12.955975532531738,15.29052448272705,35.12911605834961,132.69830322265625,7372.2802734375
232,0.0,9.991475105285645,13.479438781738281,8.918603897094727,6.242380619049072,4.082451343536377,3.0859215259552,2.8444693088531494,2.537348747253418,3.0610010623931885,2.2055413722991943,1.9955705404281616,1.9945945739746094,2.2472667694091797,2.384059190750122,2.549420118331909,2.577744960784912,2.5323007106781006,2.993457078933716,3.142564058303833,3.9682440757751465,4.355602264404297,6.079383850097656,8.675189971923828,11.997265815734863,14.414252281188965,35.635963439941406,117.73939514160156,6181.37841796875
233,0.0,12.125126838684082,16.177688598632812,12.253055572509766,7.521877288818359,5.689242362976074,4.0612382888793945,3.5024807453155518,3.195781707763672,3.5206191539764404,2.7582602500915527,2.4661099910736084,2.326597213745117,2.807415246963501,2.8240504264831543,3.031843900680542,3.1268558502197266,3.0657529830932617,3.671050786972046,3.707104206085205,4.416867733001709,5.255640029907227,7.554043292999268,10.558037757873535,14.393270492553711,17.191951751708984,38.39756393432617,132.00888061523438,7204.85595703125
234,0.0,10.515789985656738,13.479377746582031,9.93273639678955,6.854768753051758,4.578428745269775,3.6007933616638184,2.8917102813720703,2.7678775787353516,2.9896483421325684,2.184284210205078,2.0737502574920654,2.0950570106506348,2.2963340282440186,2.5073258876800537,2.5223774909973145,2.5695571899414062,2.7252752780914307,2.909717082977295,3.239464044570923,3.920093536376953,4.4493865966796875,6.8153157234191895,9.36315631866455,12.192069053649902,15.069368362426758,34.14296340942383,124.1863784790039,7280.05810546875
235,0.0,6.423875331878662,7.8555803298950195,6.151918411254883,4.012650012969971,2.5934898853302,1.9782925844192505,2.01908278465271,1.6047078371047974,1.7253220081329346,1.4856797456741333,1.4289109706878662,1.3392306566238403,1.4548643827438354,1.6415154933929443,1.6623940467834473,1.6497058868408203,1.7406409978866577,1.8760566711425781,2.377453327178955,2.5253872871398926,3.165327787399292,4.528266429901123,5.939290523529053,7.778047561645508,9.785961151123047,20.60099983215332,82.04867553710938,4116.51171875
