,layer_1,layer_2,layer_3,layer_4,layer_5,layer_6,layer_7,layer_8,layer_9,layer_10,layer_11,layer_12,layer_13,layer_14,layer_15,layer_16,layer_17,layer_18,layer_19,layer_20,layer_21,layer_22,layer_23,layer_24,layer_25,layer_26,layer_27,layer_28,layer_29
0,0.0,0.008495002053678036,0.00648898258805275,0.005718592554330826,0.004446002189069986,0.003085101256147027,0.0025789414066821337,0.0023735733702778816,0.00238517252728343,0.0024619661271572113,0.0022019625175744295,0.0024174959398806095,0.002593757351860404,0.0030724951066076756,0.0036367170978337526,0.00440206378698349,0.005316596012562513,0.005790183320641518,0.007538204547017813,0.009352011606097221,0.0105064045637846,0.01319247018545866,0.017342014238238335,0.02145528420805931,0.028884802013635635,0.03874308988451958,0.05729911848902702,0.10132534056901932,3.7856805324554443
1,0.0,0.007633495610207319,0.006105493754148483,0.0055028642527759075,0.004264248069375753,0.0030400517862290144,0.002536587417125702,0.0023880889639258385,0.0023477363865822554,0.002342903520911932,0.0021953945979475975,0.002380780875682831,0.002567664487287402,0.003077263943850994,0.0036414945498108864,0.004143345635384321,0.005132276564836502,0.005668779369443655,0.007560168392956257,0.00928285252302885,0.010396755300462246,0.013713598251342773,0.017861897125840187,0.021887242794036865,0.030748430639505386,0.039650462567806244,0.05768449231982231,0.11158565431833267,4.092308044433594
2,0.0,0.009343714453279972,0.0070382701233029366,0.006223387084901333,0.004841815214604139,0.0033950197976082563,0.002793232211843133,0.0025265924632549286,0.002518239663913846,0.0025934239383786917,0.002346522407606244,0.0025482107885181904,0.0027367849834263325,0.003227733541280031,0.003737495979294181,0.004465908277779818,0.005378119647502899,0.005959735251963139,0.007397838868200779,0.009172475896775723,0.010001285932958126,0.0126901064068079,0.016843697056174278,0.02029481716454029,0.028338493779301643,0.0372152104973793,0.05520521476864815,0.10168556869029999,3.737313747406006
3,0.0,0.009265909902751446,0.0069330050610005856,0.00608205096796155,0.00470601674169302,0.003233744064345956,0.0026780678890645504,0.0024728993885219097,0.0025902576744556427,0.002501639537513256,0.0022924309596419334,0.0025060358457267284,0.002666231244802475,0.003152561606839299,0.003701711306348443,0.004201624542474747,0.005056524649262428,0.0057775769382715225,0.007566961459815502,0.009305675514042377,0.010523977689445019,0.012477053329348564,0.017100952565670013,0.020438797771930695,0.028091564774513245,0.03735167160630226,0.05700285732746124,0.09725487232208252,3.497973680496216
4,0.0,0.009864214807748795,0.007471165154129267,0.006596038583666086,0.005109820980578661,0.003515290329232812,0.0029335857834666967,0.002707292791455984,0.002675267867743969,0.0027317472267895937,0.002518197288736701,0.002802835311740637,0.0029081059619784355,0.003484439104795456,0.0040674093179404736,0.0046081566251814365,0.005348089151084423,0.005915378220379353,0.007709369994699955,0.009180321358144283,0.009894906543195248,0.012460960075259209,0.01708223856985569,0.020791929215192795,0.02816951647400856,0.038483645766973495,0.05765579640865326,0.102122962474823,3.768519163131714
5,0.0,0.007275162264704704,0.005768210627138615,0.005094627849757671,0.004064137581735849,0.0028257733210921288,0.0023348117247223854,0.002156729344278574,0.0022897960152477026,0.002239581197500229,0.0020916478242725134,0.00234427023679018,0.0024700621142983437,0.002928391797468066,0.003438370767980814,0.004092328250408173,0.004865760914981365,0.005577140022069216,0.007283066865056753,0.0089383814483881,0.010092259384691715,0.01301527675241232,0.017262756824493408,0.02212689258158207,0.030362026765942574,0.038433656096458435,0.05696790665388107,0.0971614420413971,3.414130926132202
6,0.0,0.007874644361436367,0.0060665966011583805,0.005333148408681154,0.004206209443509579,0.0028868375811725855,0.0024012692738324404,0.0022903033532202244,0.0023905818816274405,0.0023052035830914974,0.002182762138545513,0.0023754830472171307,0.0025814573746174574,0.003018520539626479,0.003569522174075246,0.004287991672754288,0.004917709622532129,0.00564591446891427,0.0074644265696406364,0.009120465256273746,0.010434146039187908,0.013185828924179077,0.017854241654276848,0.021562689915299416,0.03038669377565384,0.03922249376773834,0.06068873032927513,0.10230787098407745,3.3870043754577637
7,0.0,0.009978682734072208,0.007595880888402462,0.0066667343489825726,0.005117224529385567,0.0035270892549306154,0.0028414379339665174,0.002757555339485407,0.0026936891954392195,0.0028352923691272736,0.0025788380298763514,0.0027970734518021345,0.0030053069349378347,0.003395307809114456,0.004007528070360422,0.0045777130872011185,0.005357925780117512,0.005876030307263136,0.007610212545841932,0.00966884009540081,0.010557707399129868,0.01284349150955677,0.017706960439682007,0.020920297130942345,0.029211904853582382,0.0396239347755909,0.05953970551490784,0.10349313914775848,3.346825122833252
8,0.0,0.010114462114870548,0.007695239968597889,0.0068270922638475895,0.005304668098688126,0.003677352797240019,0.002995826303958893,0.002797380555421114,0.0027422381099313498,0.0028092293068766594,0.0026082450058311224,0.002805920783430338,0.0029188061598688364,0.00349271297454834,0.004066915716975927,0.004686994478106499,0.005328724626451731,0.006017854902893305,0.0074600460939109325,0.009242873638868332,0.010337620973587036,0.012707219459116459,0.01714841090142727,0.02107088640332222,0.02893209457397461,0.03912360221147537,0.06039422005414963,0.10858818143606186,4.115793228149414
9,0.0,0.009548339061439037,0.007235630415380001,0.00637952983379364,0.004905725829303265,0.003439935389906168,0.0027994413394480944,0.002627796959131956,0.0025619063526391983,0.002516639418900013,0.0023677810095250607,0.0026426741387695074,0.0027491513174027205,0.003298114985227585,0.003905230201780796,0.004558184649795294,0.005470938980579376,0.0059438166208565235,0.0077979424968361855,0.009528445079922676,0.010464838705956936,0.013264438137412071,0.017078595235943794,0.021427949890494347,0.028262250125408173,0.037984687834978104,0.05646025389432907,0.10214421898126602,3.812458038330078
10,0.0,0.009006061591207981,0.006966626271605492,0.006237389519810677,0.004954120609909296,0.0034617313649505377,0.0028448845259845257,0.0026559450197964907,0.0025904204230755568,0.002555676968768239,0.0023665211629122496,0.0025848352815955877,0.002712057437747717,0.0031755787786096334,0.0037796611431986094,0.00443237042054534,0.005231060087680817,0.005838820710778236,0.007645298261195421,0.009098835289478302,0.01005279365926981,0.012756085023283958,0.01658065989613533,0.020281964913010597,0.027847271412611008,0.037893395870923996,0.056230317801237106,0.10017033666372299,3.588214635848999
11,0.0,0.009297681041061878,0.007249804679304361,0.006510403007268906,0.005087826866656542,0.003560626180842519,0.0029844320379197598,0.0027184190694242716,0.0027128965593874454,0.0026559389661997557,0.002418428659439087,0.0026933758053928614,0.002880493877455592,0.00332115706987679,0.003944111987948418,0.004608714487403631,0.0055505745112895966,0.006333795841783285,0.00842089019715786,0.009980229660868645,0.010655054822564125,0.01376863569021225,0.017917629331350327,0.021403435617685318,0.02974051795899868,0.039943497627973557,0.05981007590889931,0.09623663872480392,3.208723306655884
12,0.0,0.009159821085631847,0.00717194564640522,0.0062704673036932945,0.004826090298593044,0.0033448056783527136,0.002832826692610979,0.0026455370243638754,0.0026678910944610834,0.0026185910683125257,0.0023900324013084173,0.0027001327835023403,0.002916925121098757,0.00318119116127491,0.003922950476408005,0.004652522504329681,0.005448945332318544,0.0061802309937775135,0.008130688220262527,0.0094643235206604,0.010297359898686409,0.013596785254776478,0.01713486760854721,0.021325234323740005,0.028665388002991676,0.038296282291412354,0.05896976590156555,0.09781462699174881,3.187601089477539
13,0.0,0.009491928853094578,0.007284403312951326,0.006691163871437311,0.005133829079568386,0.003614935092628002,0.0030172611586749554,0.0028273756615817547,0.0027122613973915577,0.002682117512449622,0.0024995440617203712,0.002731126267462969,0.0028747927863150835,0.0033896814566105604,0.004172657150775194,0.004679403267800808,0.005519000813364983,0.006376984063535929,0.007988140918314457,0.009288395754992962,0.010706030763685703,0.013472052291035652,0.017611684277653694,0.021534336730837822,0.03005073219537735,0.04095916077494621,0.05988188460469246,0.10185903310775757,3.6386618614196777
14,0.0,0.009848874062299728,0.007552932947874069,0.006704674568027258,0.005203567910939455,0.0036510678473860025,0.0030857142992317677,0.003001919947564602,0.00286819483153522,0.0027966124471277,0.002609461545944214,0.0028204387053847313,0.0029793037101626396,0.003425201401114464,0.004218217451125383,0.004979651886969805,0.006176952738314867,0.006526228040456772,0.008569045923650265,0.009966349229216576,0.011321408674120903,0.013723492622375488,0.018247822299599648,0.021531878039240837,0.02995794452726841,0.04004758596420288,0.05925077199935913,0.10510269552469254,3.8909201622009277
15,0.0,0.010270846076309681,0.007867232896387577,0.006907197181135416,0.00535190012305975,0.003787956666201353,0.003108915640041232,0.0029179840348660946,0.002835904248058796,0.0028636439237743616,0.0026811163406819105,0.002854687161743641,0.002929768292233348,0.0035026853438466787,0.004177233669906855,0.00496669439598918,0.005759148858487606,0.006423320155590773,0.008190106600522995,0.009865835309028625,0.010723505169153214,0.013164862059056759,0.01683255471289158,0.02122335508465767,0.028550367802381516,0.04062299430370331,0.05848977342247963,0.10894866287708282,3.9631764888763428
16,0.0,0.00960258487612009,0.00728600425645709,0.006291504949331284,0.004950838163495064,0.0033970752265304327,0.002800457179546356,0.002604659181088209,0.0025690027978271246,0.0026544781867414713,0.002380762714892626,0.002606501802802086,0.0027768302243202925,0.0033255682792514563,0.0038571227341890335,0.004569347482174635,0.005483489949256182,0.005933864042162895,0.007809568662196398,0.009561525657773018,0.00999942421913147,0.013191895559430122,0.016815772280097008,0.020917458459734917,0.028292924165725708,0.03750621899962425,0.056015681475400925,0.10338757187128067,3.9216301441192627
17,0.0,0.008210995234549046,0.006256322376430035,0.005461755208671093,0.004214457236230373,0.0029275084380060434,0.0024305754341185093,0.0023252484388649464,0.0023196651600301266,0.0022868127562105656,0.0021311112213879824,0.0023679304867982864,0.002530836733058095,0.0030143221374601126,0.003572416491806507,0.004150174558162689,0.005082523450255394,0.005613559857010841,0.007553511764854193,0.009365618228912354,0.010575665161013603,0.012766383588314056,0.017335858196020126,0.02135597914457321,0.028873231261968613,0.038966041058301926,0.05665632337331772,0.10472378134727478,3.8812496662139893
18,0.0,0.009114633314311504,0.00694762310013175,0.00621017487719655,0.004871304612606764,0.003308838466182351,0.002754046581685543,0.0025349908974021673,0.0025288534816354513,0.0026666042394936085,0.0023976308293640614,0.0026975281070917845,0.0028105436358600855,0.003289502114057541,0.003799350233748555,0.0045013134367764,0.005080210976302624,0.005668848752975464,0.007292716298252344,0.008894289843738079,0.010279152542352676,0.0130558917298913,0.01707068458199501,0.020657086744904518,0.028425950556993484,0.0390004888176918,0.059336427599191666,0.09309808164834976,3.079991579055786
19,0.0,0.00891516637057066,0.006740241777151823,0.005962645635008812,0.004617070313543081,0.0032484284602105618,0.0027305150870233774,0.00258219544775784,0.0025708472821861506,0.0025717176031321287,0.002403413876891136,0.0025808108039200306,0.0028332446236163378,0.003258727490901947,0.003787286812439561,0.004411316476762295,0.005237098783254623,0.00587683217599988,0.007726818323135376,0.009382692165672779,0.01015023048967123,0.013035096228122711,0.01747458428144455,0.020938359200954437,0.029012413695454597,0.03861121088266373,0.058938346803188324,0.10566303879022598,3.84165096282959
20,0.0,0.009567524306476116,0.007304971106350422,0.0063255103304982185,0.00487008411437273,0.003406265052035451,0.0028067296370863914,0.0026271077804267406,0.0026698983274400234,0.002657292876392603,0.002500438829883933,0.0026432673912495375,0.0028195097111165524,0.00323075451888144,0.0039026476442813873,0.004597905091941357,0.005304877646267414,0.005796203855425119,0.007443263661116362,0.00914157647639513,0.009881414473056793,0.012643669731914997,0.017108840867877007,0.021303128451108932,0.028921442106366158,0.03841790556907654,0.056217167526483536,0.09970050305128098,3.69853138923645
21,0.0,0.010658389888703823,0.008079416118562222,0.0069889286532998085,0.005392071790993214,0.003738200990483165,0.0031839439179748297,0.0029115688521414995,0.002911390969529748,0.002840070053935051,0.0026654573157429695,0.0029634563252329826,0.003083673305809498,0.003675054758787155,0.004346622619777918,0.0051850988529622555,0.006106399931013584,0.006624754052609205,0.009124308824539185,0.010195404291152954,0.011081038042902946,0.013631259091198444,0.01828169636428356,0.02196788601577282,0.0292341448366642,0.03937511146068573,0.061770495027303696,0.10394501686096191,3.646988868713379
22,0.0,0.009571919217705727,0.007228289730846882,0.006414446048438549,0.005027489736676216,0.003395194886252284,0.0027531920932233334,0.0025398016441613436,0.0025427767541259527,0.0026052410248667,0.002394681563600898,0.0026080531533807516,0.002704355400055647,0.003148783929646015,0.0036978942807763815,0.00437789736315608,0.005145844537764788,0.005666275974363089,0.007412842940539122,0.00915616750717163,0.010463852435350418,0.01270055677741766,0.016677316278219223,0.020688019692897797,0.028394460678100586,0.037740662693977356,0.0543680302798748,0.10074465721845627,3.4929778575897217
23,0.0,0.010113897733390331,0.0076588899828493595,0.0067408205941319466,0.005199560895562172,0.0035758677404373884,0.002967376261949539,0.0027765652630478144,0.0027076383121311665,0.0028121063951402903,0.0025032416451722383,0.0028355075046420097,0.0028789378702640533,0.0035233895760029554,0.0040167029947042465,0.004846327006816864,0.005721517838537693,0.00620275316759944,0.008504090830683708,0.010355975478887558,0.01138452347368002,0.013976521790027618,0.01859280653297901,0.02212238870561123,0.029439840465784073,0.04122425243258476,0.060086850076913834,0.10447670519351959,3.516944408416748
24,0.0,0.007626321632415056,0.00585025642067194,0.005196472629904747,0.0040832217782735825,0.002857840619981289,0.002351045608520508,0.002256930572912097,0.002203491283580661,0.002150792395696044,0.0020988478790968657,0.0022636200301349163,0.0024427492171525955,0.002924171509221196,0.003556102979928255,0.004057327285408974,0.004965626168996096,0.0055267782881855965,0.007332398556172848,0.00896315649151802,0.009820020757615566,0.013189437799155712,0.017483577132225037,0.02126949280500412,0.02967037260532379,0.038283176720142365,0.05521006137132645,0.10224701464176178,3.7519497871398926
25,0.0,0.007241994142532349,0.005683931987732649,0.005070923361927271,0.00394773343577981,0.002787927631288767,0.0023342957720160484,0.002174440771341324,0.002132730558514595,0.0022096429020166397,0.0020341374911367893,0.0022659460082650185,0.0024246396496891975,0.002840971341356635,0.0034095633309334517,0.003953495528548956,0.004767994862049818,0.005436792504042387,0.006951607763767242,0.008899151347577572,0.010015551000833511,0.01295806746929884,0.017519712448120117,0.02184881642460823,0.030466696247458458,0.03861895203590393,0.059463031589984894,0.10087533295154572,3.77217435836792
26,0.0,0.011615593917667866,0.008591827005147934,0.007639543153345585,0.0058348714374005795,0.004059246275573969,0.0034127351827919483,0.0030255236197263002,0.0030663663055747747,0.0032533761113882065,0.002865100745111704,0.0032471916638314724,0.003286489751189947,0.003852379508316517,0.004419181030243635,0.005471117794513702,0.005923272576183081,0.006326763425022364,0.007810779381543398,0.009956193156540394,0.01087423600256443,0.013634273782372475,0.017903586849570274,0.02189682424068451,0.02999415434896946,0.039893511682748795,0.061316680163145065,0.1178758442401886,4.165970802307129
27,0.0,0.009454981423914433,0.0072349668480455875,0.006523012649267912,0.005066482815891504,0.003561875084415078,0.002986575709655881,0.002805086551234126,0.0027833222411572933,0.0027624003123492002,0.0025002032052725554,0.002758083399385214,0.002914603566750884,0.0033356971107423306,0.0041008624248206615,0.004817650653421879,0.005838028620928526,0.006368034053593874,0.008321808651089668,0.010177191346883774,0.011068186722695827,0.013646951876580715,0.018541809171438217,0.02213740535080433,0.031201476231217384,0.041651077568531036,0.06254073977470398,0.11185009032487869,3.7600135803222656
28,0.0,0.010927521623671055,0.008218309842050076,0.007271656300872564,0.005565160885453224,0.0038985884748399258,0.0032679277937859297,0.00295829214155674,0.0028995578177273273,0.0028966525569558144,0.0026498972438275814,0.0029572711791843176,0.0030413109343498945,0.0035701149608939886,0.004173829685896635,0.004933432675898075,0.005902225151658058,0.006511816289275885,0.008206021040678024,0.009760535322129726,0.0110864182934165,0.013481203466653824,0.01714344508945942,0.021723050624132156,0.02905188873410225,0.040301453322172165,0.05928395316004753,0.10962386429309845,3.6729695796966553
29,0.0,0.00926513597369194,0.007119526155292988,0.006462331861257553,0.004904577508568764,0.003393728518858552,0.0028116803150624037,0.002633550437167287,0.002691843081265688,0.0026201000437140465,0.0024424002040177584,0.002643334912136197,0.0028366020414978266,0.003323475131765008,0.00394090823829174,0.004574949387460947,0.005335243418812752,0.006017549429088831,0.007541360799223185,0.009265276603400707,0.00991889089345932,0.01274146419018507,0.016629237681627274,0.02076072059571743,0.029158685356378555,0.03905583173036575,0.05681595206260681,0.09591931849718094,3.5625500679016113
30,0.0,0.01026017963886261,0.007883550599217415,0.0069795092567801476,0.005395581480115652,0.0037576514296233654,0.0031323181465268135,0.002926878398284316,0.00286306906491518,0.002888078335672617,0.0026433058083057404,0.0029298248700797558,0.0029711644165217876,0.0034588398411870003,0.004193621687591076,0.005050432402640581,0.005864652339369059,0.006427444983273745,0.008073808625340462,0.009791779331862926,0.010689081624150276,0.013077665120363235,0.01751287840306759,0.020972203463315964,0.029152829200029373,0.03910306096076965,0.05824476107954979,0.10261537879705429,3.6815617084503174
31,0.0,0.008396802470088005,0.00641171308234334,0.005549451801925898,0.004378154408186674,0.0030696203466504812,0.0024899765849113464,0.002347745234146714,0.0023839918430894613,0.0023684182669967413,0.0022041923366487026,0.0024079792201519012,0.0025561850052326918,0.002989334287121892,0.0035260890144854784,0.004213421605527401,0.005054228939116001,0.005697219632565975,0.007344127167016268,0.009021841920912266,0.009820036590099335,0.013123799115419388,0.016995307058095932,0.021262817084789276,0.02931983210146427,0.03967161104083061,0.05699639767408371,0.09980800002813339,3.4123475551605225
32,0.0,0.010105974972248077,0.0077322437427937984,0.00680468650534749,0.005257903132587671,0.003678005887195468,0.003050079569220543,0.0028591807931661606,0.0027860014233738184,0.0028734018560498953,0.002696732757613063,0.002816602122038603,0.0029645543545484543,0.003563005244359374,0.00401507131755352,0.00466667115688324,0.005570092238485813,0.006209482438862324,0.008326918818056583,0.009692677296698093,0.01080157607793808,0.013371781446039677,0.01750568486750126,0.021221322938799858,0.029234010726213455,0.039405543357133865,0.06142159551382065,0.10576970130205154,3.7469489574432373
33,0.0,0.010762732475996017,0.008051596581935883,0.007152596488595009,0.005535906180739403,0.0037955893203616142,0.0031889898236840963,0.0029883915558457375,0.0029010430444031954,0.002857314655557275,0.002710524247959256,0.003077091882005334,0.0030779954977333546,0.003610398853197694,0.004344326443970203,0.005070480518043041,0.005965550430119038,0.0066411118023097515,0.008217131718993187,0.010150053538382053,0.011052136309444904,0.013516909442842007,0.01714865118265152,0.02123790793120861,0.029151201248168945,0.03930111229419708,0.05994906276464462,0.10808446258306503,3.5756518840789795
34,0.0,0.010462881065905094,0.00807154830545187,0.007390153128653765,0.0055546145886182785,0.003825428429991007,0.0032620306592434645,0.0030057982075959444,0.00289989379234612,0.002942001447081566,0.0026986324228346348,0.0029927517753094435,0.0030951627995818853,0.003682896262034774,0.0043412987142801285,0.005027012899518013,0.005884945392608643,0.006500535644590855,0.008459078148007393,0.010366036556661129,0.011885691434144974,0.013993555679917336,0.01794399507343769,0.022072292864322662,0.029557401314377785,0.04088651388883591,0.06039319932460785,0.10896918177604675,3.7746753692626953
35,0.0,0.010527962818741798,0.00797742698341608,0.007120440248399973,0.0055175116285681725,0.0038699691649526358,0.003229229710996151,0.0029452568851411343,0.002892004791647196,0.003023799043148756,0.002677408279851079,0.0030225070659071207,0.0031230233144015074,0.003719104453921318,0.004367911256849766,0.00523502379655838,0.0061330185271799564,0.006365891546010971,0.008405657485127449,0.0100718904286623,0.01143100205808878,0.014007700607180595,0.0177439134567976,0.022101540118455887,0.029950562864542007,0.04225149378180504,0.06323491036891937,0.1140836849808693,4.083152770996094
36,0.0,0.011186116375029087,0.008408441208302975,0.007541789673268795,0.005732797551900148,0.003992633428424597,0.0032110882457345724,0.0029886094853281975,0.0028975987806916237,0.0029914574697613716,0.002771276282146573,0.003116500098258257,0.0032444417010992765,0.0038914778269827366,0.004594697151333094,0.005497812759131193,0.006155013106763363,0.006949360016733408,0.008800094947218895,0.010317368432879448,0.011527958326041698,0.014335516840219498,0.01889130473136902,0.023352082818746567,0.031732313334941864,0.04243403673171997,0.06637797504663467,0.11304082721471786,3.521440029144287
37,0.0,0.009585760533809662,0.007272487971931696,0.006497200112789869,0.004956087563186884,0.0034966394305229187,0.0029363171197474003,0.002755726221948862,0.0026907159481197596,0.0026932070031762123,0.002451110165566206,0.0027330766897648573,0.0028999000787734985,0.0033406869042664766,0.003970080520957708,0.004595780745148659,0.0054628862999379635,0.006157608237117529,0.0077349524945020676,0.00947331078350544,0.010529248043894768,0.013403843156993389,0.017581146210432053,0.02156480960547924,0.028294747695326805,0.03827374801039696,0.05855488032102585,0.10300368815660477,3.6683268547058105
38,0.0,0.008699136786162853,0.006625239737331867,0.0057978094555437565,0.004500205162912607,0.0030947800260037184,0.002559971995651722,0.0023880875669419765,0.002427395898848772,0.002339746570214629,0.002201690338551998,0.0024243055377155542,0.002542720874771476,0.0030006738379597664,0.003547190222889185,0.004069755785167217,0.004986380226910114,0.00567388441413641,0.0074344901368021965,0.009094375185668468,0.00991868507117033,0.012930694967508316,0.017165282741189003,0.0206727497279644,0.029074065387248993,0.03863617032766342,0.057535041123628616,0.10189499706029892,3.591872453689575
39,0.0,0.008383573032915592,0.006399516016244888,0.005732073448598385,0.004479674622416496,0.003025942714884877,0.0025228788144886494,0.002321146195754409,0.002347359200939536,0.0022773758973926306,0.0021663219667971134,0.00234459456987679,0.0025421788450330496,0.002962179249152541,0.003501070197671652,0.004192838910967112,0.005155493970960379,0.005857141222804785,0.00747613376006484,0.009213966317474842,0.01006560679525137,0.013324498198926449,0.01704948954284191,0.021066876128315926,0.029916714876890182,0.03822696954011917,0.056647371500730515,0.0997183546423912,3.566009283065796
40,0.0,0.010037647560238838,0.007853435352444649,0.006900424137711525,0.005414617247879505,0.0037419081199914217,0.003205731976777315,0.0029724077321588993,0.002863734494894743,0.002733547007665038,0.002598407445475459,0.0028667396400123835,0.003087874036282301,0.003547240514308214,0.004392509814351797,0.0048625413328409195,0.005794469267129898,0.006254953797906637,0.008119926787912846,0.0100156981498003,0.011301260441541672,0.013552856631577015,0.01807744801044464,0.022298716008663177,0.030141398310661316,0.040346190333366394,0.06083061546087265,0.10849881172180176,3.9939746856689453
41,0.0,0.008586937561631203,0.006629311945289373,0.005900698713958263,0.004559880122542381,0.00318412808701396,0.0026951716281473637,0.002498484682291746,0.0025006593205034733,0.002441936172544956,0.002232857747003436,0.002522246213629842,0.002676192205399275,0.0031903854105621576,0.0039049466140568256,0.0045499554835259914,0.005307777784764767,0.005999096669256687,0.008038589730858803,0.009652684442698956,0.01061286125332117,0.013211295008659363,0.017778152599930763,0.021321728825569153,0.028722994029521942,0.03999578207731247,0.057880863547325134,0.1042957752943039,3.6589441299438477
42,0.0,0.009687189944088459,0.007474392186850309,0.006848462857306004,0.0053240410052239895,0.0037245808634907007,0.0030306202825158834,0.0028862219769507647,0.002783812116831541,0.0027510218787938356,0.002533570397645235,0.002916832221671939,0.0030203869100660086,0.0034844467882066965,0.004148855339735746,0.004850026220083237,0.00574482511729002,0.006423984654247761,0.008551045320928097,0.010118676349520683,0.01102378498762846,0.01390056125819683,0.01767948642373085,0.02140999026596546,0.029183918610215187,0.040022898465394974,0.06225172057747841,0.10019809752702713,3.7566497325897217
43,0.0,0.010376416146755219,0.008033121936023235,0.007115972228348255,0.005428487900644541,0.0038474122993648052,0.003130812430754304,0.002893667435273528,0.0029217831324785948,0.0029041324742138386,0.0027247073594480753,0.0028849912341684103,0.0031149706337600946,0.0035807411186397076,0.00430490355938673,0.0049654580652713776,0.005643296986818314,0.006590601056814194,0.008226864039897919,0.009734047576785088,0.010241434909403324,0.013067936524748802,0.01749766618013382,0.02113029547035694,0.02917097508907318,0.03837023302912712,0.05844192951917648,0.11494957655668259,3.8360230922698975
44,0.0,0.009671669453382492,0.00745654059574008,0.006587935611605644,0.005175581201910973,0.003572533605620265,0.002961045363917947,0.0027830617036670446,0.0027293029706925154,0.0026584332808852196,0.00243561714887619,0.0026908523868769407,0.002920815721154213,0.003356098895892501,0.004123648628592491,0.004917943384498358,0.005784756038337946,0.006321627181023359,0.00798227358609438,0.009347355924546719,0.010626593604683876,0.013302031904459,0.017587559297680855,0.02169407531619072,0.02907382696866989,0.038408298045396805,0.05891295149922371,0.0971282571554184,3.3667960166931152
45,0.0,0.009626911953091621,0.007271104492247105,0.006494023837149143,0.004958714824169874,0.0034149556886404753,0.002799302339553833,0.0025863905902951956,0.002529660938307643,0.002596423728391528,0.0023694089613854885,0.0025842341128736734,0.002795114181935787,0.0033472352661192417,0.0038779762107878923,0.004698855336755514,0.005300853867083788,0.0059679532423615456,0.007745362818241119,0.010032299906015396,0.010978738777339458,0.013074079528450966,0.017536001279950142,0.021648667752742767,0.02895153872668743,0.03951241075992584,0.05932493880391121,0.11034607887268066,3.928389549255371
46,0.0,0.009843554347753525,0.00754146371036768,0.006598925683647394,0.0050001791678369045,0.0033967220224440098,0.002821371192112565,0.002724513178691268,0.002723428886383772,0.0027718530036509037,0.002532621379941702,0.0027732106391340494,0.0029029955621808767,0.003436785889789462,0.00412382185459137,0.0048293499276041985,0.00578010780736804,0.0063911182805895805,0.008365944027900696,0.010087021626532078,0.010894724167883396,0.013215363956987858,0.017152519896626472,0.02118435688316822,0.028826087713241577,0.03884909301996231,0.05762026458978653,0.10250750184059143,3.54675555229187
47,0.0,0.008319792337715626,0.006525236647576094,0.005673254374414682,0.004490995779633522,0.0031745287124067545,0.0026098783127963543,0.002484156982973218,0.0024488940834999084,0.0024208812974393368,0.0022297517862170935,0.0024924371391534805,0.0026953888591378927,0.003104927483946085,0.003731267061084509,0.004288309719413519,0.005342382937669754,0.006001301109790802,0.007921154610812664,0.00951989833265543,0.010822939686477184,0.013367352075874805,0.01784963347017765,0.02243948169052601,0.02954797074198723,0.0398017093539238,0.0578468032181263,0.10740330815315247,3.9504172801971436
48,0.0,0.00855359248816967,0.006772428285330534,0.005955930799245834,0.004706495441496372,0.003261714242398739,0.0026811801362782717,0.002661671955138445,0.0025468708481639624,0.00251379725523293,0.0023619404528290033,0.002525731921195984,0.002724665217101574,0.0031744714360684156,0.0038031141739338636,0.004422053694725037,0.005478895269334316,0.005896233953535557,0.0076544457115232944,0.00952776800841093,0.010269667021930218,0.013111887499690056,0.017395706847310066,0.02119312435388565,0.030257543548941612,0.039080072194337845,0.05811244621872902,0.10245487093925476,3.7399191856384277
49,0.0,0.010538074187934399,0.008011410012841225,0.007086596917361021,0.005468439776450396,0.003810498397797346,0.003176688216626644,0.0030263965018093586,0.002979787066578865,0.0028544841334223747,0.0026013001333922148,0.002834005979821086,0.002914444776251912,0.003479113569483161,0.004150782711803913,0.0048181721940636635,0.005628280807286501,0.006332498975098133,0.007792129181325436,0.009318836964666843,0.010252131149172783,0.013196468353271484,0.01739341951906681,0.0211257953196764,0.028812775388360023,0.03915588930249214,0.05993523448705673,0.10374847054481506,3.497929096221924
50,0.0,0.007359695620834827,0.0057051945477724075,0.005037774797528982,0.003916047979146242,0.0027439717669039965,0.0022593869362026453,0.0021461406722664833,0.002152945613488555,0.002119755372405052,0.0020259814336895943,0.0021700554061681032,0.002411060966551304,0.0027779471129179,0.003336337162181735,0.003981427755206823,0.0046951742842793465,0.005452466197311878,0.007137077860534191,0.008643459528684616,0.009638212621212006,0.012593993917107582,0.01726767048239708,0.020600689575076103,0.029180914163589478,0.0383467823266983,0.05582421272993088,0.09902315586805344,3.671863317489624
51,0.0,0.010201635770499706,0.007595021277666092,0.006745291408151388,0.00526692159473896,0.0036450116895139217,0.002953622955828905,0.002819720422849059,0.002762286690995097,0.0027839122340083122,0.002486207988113165,0.002831854624673724,0.0030220577027648687,0.003424376714974642,0.004222250077873468,0.004723323043435812,0.005858444608747959,0.006339940708130598,0.007934861816465855,0.00981130450963974,0.01104279886931181,0.013117995113134384,0.01737217791378498,0.020902156829833984,0.029412593692541122,0.03888315707445145,0.05712805315852165,0.10463123023509979,3.559697151184082
52,0.0,0.009344617836177349,0.007329234387725592,0.00656028650701046,0.005108923185616732,0.003556082956492901,0.0030230365227907896,0.0027973786927759647,0.002740599913522601,0.002604605397209525,0.0025003510527312756,0.0026497035287320614,0.0029319985769689083,0.003357390407472849,0.0040420107543468475,0.004651479888707399,0.006069326773285866,0.006268187891691923,0.008695211261510849,0.010165339335799217,0.011250260286033154,0.013514471240341663,0.018079539760947227,0.022418320178985596,0.02972053363919258,0.040209583938121796,0.05919558182358742,0.10835829377174377,3.943871259689331
53,0.0,0.007874883711338043,0.006093251518905163,0.005385336931794882,0.004216380417346954,0.0029626141767948866,0.002450302941724658,0.0022826010826975107,0.0023501983378082514,0.0023407950066030025,0.0021386395674198866,0.00231984443962574,0.002489512087777257,0.0029698049183934927,0.0035689708311110735,0.00415246095508337,0.005133718252182007,0.005652693100273609,0.007525142282247543,0.008966928347945213,0.01011588703840971,0.013163193129003048,0.017229724675416946,0.02147509902715683,0.030508408322930336,0.038708336651325226,0.05764700844883919,0.10542464256286621,3.4404518604278564
54,0.0,0.012000967748463154,0.009011439047753811,0.008068467490375042,0.006255741696804762,0.004293619189411402,0.003469059942290187,0.0031813636887818575,0.0032177844550460577,0.0032962660770863295,0.0030703844968229532,0.0033368030562996864,0.003416692838072777,0.004096205811947584,0.004762452561408281,0.0054704598151147366,0.006499309092760086,0.007383059710264206,0.009589586406946182,0.011080475524067879,0.012461099773645401,0.015099132433533669,0.020119022578001022,0.023899473249912262,0.033268507570028305,0.04521377012133598,0.0687522441148758,0.12775179743766785,4.004408836364746
55,0.0,0.010570649988949299,0.008043117821216583,0.0072379764169454575,0.005498528014868498,0.003799464786425233,0.0031982585787773132,0.002945294138044119,0.002838713116943836,0.0029983255080878735,0.002744882134720683,0.002960923593491316,0.0031056373845785856,0.003654623869806528,0.00429077073931694,0.005037166643887758,0.005659779999405146,0.0062209852039813995,0.007862653583288193,0.009359153918921947,0.010391823016107082,0.012867598794400692,0.016947461292147636,0.020664459094405174,0.027859022840857506,0.03845410421490669,0.06003807485103607,0.10919196903705597,3.908756971359253
56,0.0,0.009713993407785892,0.007493792101740837,0.006677493918687105,0.005218794569373131,0.003709110664203763,0.0031164041720330715,0.0029024796094745398,0.0028169495053589344,0.0027675009332597256,0.002526228316128254,0.0027719850186258554,0.0030159922316670418,0.0035219599958509207,0.004164410289376974,0.005132454913109541,0.005962391383945942,0.006524811964482069,0.008238806389272213,0.010013354942202568,0.011462060734629631,0.013788683339953423,0.018419694155454636,0.02213108353316784,0.031431425362825394,0.040296051651239395,0.06191772595047951,0.10244019329547882,3.8362674713134766
57,0.0,0.00877112802118063,0.006783525925129652,0.005962891969829798,0.004612226504832506,0.003239257028326392,0.002687534550204873,0.002565165050327778,0.002589133335277438,0.0026173503138124943,0.002400245051831007,0.002562174340710044,0.002805653726682067,0.003237946191802621,0.0038677409756928682,0.004515508655458689,0.0053998567163944244,0.006220463663339615,0.007819789461791515,0.009400823153555393,0.010896668769419193,0.012919802218675613,0.017441850155591965,0.021307693794369698,0.02963429130613804,0.03922909125685692,0.05821210891008377,0.09811697155237198,3.508404493331909
58,0.0,0.008744164370000362,0.0067682028748095036,0.006048914045095444,0.004658229183405638,0.003262902144342661,0.0027995959389954805,0.002583182416856289,0.0024912534281611443,0.0025699022226035595,0.002354515017941594,0.0025541565846651793,0.002749851904809475,0.0031231550965458155,0.003899503732100129,0.004499870352447033,0.005508932750672102,0.006019469350576401,0.0075468141585588455,0.009469392709434032,0.0105277793481946,0.013390793465077877,0.017679940909147263,0.02159770205616951,0.02936914749443531,0.03924012929201126,0.05940917134284973,0.10561159253120422,3.6521670818328857
59,0.0,0.01045237947255373,0.008014791645109653,0.0071466704830527306,0.00552959181368351,0.003791768802329898,0.0033116720151156187,0.0030987814534455538,0.002977899042889476,0.002890740754082799,0.0027862461283802986,0.0031691864132881165,0.0031034781131893396,0.003729847026988864,0.004428026732057333,0.00523622240871191,0.00592217268422246,0.006734493654221296,0.008705662563443184,0.010577913373708725,0.011287812143564224,0.013700458221137524,0.017875568941235542,0.02257467433810234,0.030320558696985245,0.04023149237036705,0.06263403594493866,0.10373461246490479,3.557274341583252
60,0.0,0.009540067054331303,0.007192512508481741,0.006523295771330595,0.005042891949415207,0.0034855972044169903,0.002821125090122223,0.0026125407312065363,0.002613150980323553,0.002569625386968255,0.0023394848685711622,0.002606844063848257,0.002748885191977024,0.0032054411713033915,0.003823831444606185,0.004354130942374468,0.005266685504466295,0.0059433369897305965,0.007694235071539879,0.009376534260809422,0.010005546733736992,0.01302134245634079,0.01748601160943508,0.02049875818192959,0.02838793769478798,0.038402050733566284,0.05603105574846268,0.11484108865261078,4.4219794273376465
61,0.0,0.010651074349880219,0.008166422136127949,0.0071299937553703785,0.005723077338188887,0.003962336108088493,0.003192296251654625,0.0029715648852288723,0.0029355480801314116,0.00314507563598454,0.002894325414672494,0.0031636187341064215,0.003265364095568657,0.003876409726217389,0.004608611110597849,0.005446810275316238,0.006296007428318262,0.006707111839205027,0.008301880210638046,0.009783325716853142,0.01077763270586729,0.013867809437215328,0.01787310466170311,0.022091347724199295,0.03117203898727894,0.04150492325425148,0.0646490827202797,0.11053053289651871,3.55493426322937
62,0.0,0.009088987484574318,0.007073086220771074,0.006263763178139925,0.0048918090760707855,0.0034554360900074244,0.0028654371853917837,0.0026315897703170776,0.0026776629965752363,0.002603305270895362,0.002416510134935379,0.0026633236557245255,0.002749471925199032,0.0033511987421661615,0.004036727827042341,0.004767593462020159,0.005869153421372175,0.006376551929861307,0.008014481514692307,0.009723749943077564,0.01099582202732563,0.013872196897864342,0.01793011836707592,0.022356592118740082,0.02969200350344181,0.03976159170269966,0.05965065956115723,0.11199165880680084,3.8946890830993652
63,0.0,0.012024796567857265,0.009105658158659935,0.008228525519371033,0.006311911158263683,0.004301451146602631,0.0037358268164098263,0.0033723232336342335,0.003316818969324231,0.0032274099066853523,0.003049716353416443,0.0032061259262263775,0.003397352760657668,0.004032776225358248,0.004579603672027588,0.005312455352395773,0.006403903476893902,0.006825116463005543,0.008914384059607983,0.010355324484407902,0.012148941867053509,0.014846795238554478,0.018740693107247353,0.022416401654481888,0.030699724331498146,0.040998056530952454,0.06322042644023895,0.12399910390377045,4.725513935089111
64,0.0,0.01074041984975338,0.008083073422312737,0.007172301411628723,0.005575560033321381,0.003849370637908578,0.0032453995663672686,0.003019323106855154,0.0028834680560976267,0.0028764368034899235,0.0026744091883301735,0.003048800164833665,0.003070910694077611,0.003628668375313282,0.0043690879829227924,0.005064800381660461,0.006351782940328121,0.006958776153624058,0.008865287527441978,0.010420494712889194,0.01143641583621502,0.014286305755376816,0.018548207357525826,0.023146409541368484,0.03092780150473118,0.04330494627356529,0.06153295189142227,0.11343231797218323,3.840066432952881
65,0.0,0.008660607039928436,0.006687820889055729,0.005913916043937206,0.0047208997420966625,0.0032369501423090696,0.00267946720123291,0.002495654160156846,0.002590051619336009,0.002465612720698118,0.0022848201915621758,0.0025524587836116552,0.0027110734954476357,0.003082339419052005,0.0037598167546093464,0.004421070218086243,0.00525218341499567,0.005892651621252298,0.0073687732219696045,0.009140499867498875,0.01038613822311163,0.01277320459485054,0.016719577834010124,0.02116585150361061,0.02926558442413807,0.0381183885037899,0.05691681057214737,0.1070968508720398,4.129862308502197
66,0.0,0.009307430125772953,0.007177332416176796,0.006367837078869343,0.005015654489398003,0.0034611746668815613,0.0029104058630764484,0.0027393875643610954,0.002618971513584256,0.002616666490212083,0.002477844012901187,0.0026980203110724688,0.0028259288519620895,0.003360999980941415,0.0039346423000097275,0.004480535630136728,0.005617765709757805,0.006163324229419231,0.007603825069963932,0.009466109797358513,0.010524137876927853,0.013177015818655491,0.016577156260609627,0.02097487449645996,0.02920614928007126,0.03875318914651871,0.05905412137508392,0.10363774001598358,3.949949026107788
67,0.0,0.007525079417973757,0.005954606458544731,0.0052230884321033955,0.004089714493602514,0.002821482252329588,0.0023600566200912,0.0022348235361278057,0.0022439875174313784,0.0022445025388151407,0.0021243859082460403,0.002310968702659011,0.0025091201532632113,0.0029548604506999254,0.003493454772979021,0.004075942561030388,0.005035957787185907,0.005684032570570707,0.0073518226854503155,0.008968563750386238,0.010127754881978035,0.012863360345363617,0.01774097979068756,0.021369820460677147,0.03040420264005661,0.03919069841504097,0.05619010701775551,0.1034979447722435,3.82100510597229
68,0.0,0.01018782239407301,0.007892589084804058,0.007040638010948896,0.005393136292695999,0.0037597662303596735,0.0031430236995220184,0.0028939759358763695,0.002882573986425996,0.002841835143044591,0.0026254504919052124,0.0028859798330813646,0.002963998354971409,0.0035436279140412807,0.0043195439502596855,0.004955516662448645,0.0058006965555250645,0.006268894299864769,0.008386226370930672,0.009939601644873619,0.011342848651111126,0.014185295440256596,0.018236344680190086,0.022479252889752388,0.029749318957328796,0.03990111127495766,0.05977319926023483,0.1058143675327301,3.7615246772766113
69,0.0,0.01055403333157301,0.007917183451354504,0.007109388709068298,0.005387202836573124,0.003750780364498496,0.0030860507395118475,0.0029407560359686613,0.0028667335864156485,0.0028510631527751684,0.0026361350901424885,0.0029696489218622446,0.0030403034761548042,0.0035949312150478363,0.004276666324585676,0.004971550777554512,0.005684590432792902,0.006538754794746637,0.00827146414667368,0.010063114576041698,0.01060034241527319,0.013678711839020252,0.01773480698466301,0.021220071241259575,0.028714902698993683,0.040453262627124786,0.060091570019721985,0.10583105683326721,3.6312272548675537
70,0.0,0.00954494159668684,0.007433376740664244,0.006450111512094736,0.004918121732771397,0.003480318235233426,0.0028463273774832487,0.0026821070350706577,0.0025984966196119785,0.0025996475014835596,0.002498472575098276,0.002748741302639246,0.002787800971418619,0.003346661338582635,0.004042393062263727,0.004686311818659306,0.00543640973046422,0.006103761028498411,0.00774243101477623,0.009320292621850967,0.01026025041937828,0.012731422670185566,0.017312420532107353,0.02030136249959469,0.028606625273823738,0.03918539360165596,0.05627316236495972,0.09547454118728638,3.5648226737976074
71,0.0,0.009681579656898975,0.007451775949448347,0.006736166775226593,0.005236675962805748,0.003580318996682763,0.0030704387463629246,0.0028431564569473267,0.0027693139854818583,0.0026836106553673744,0.0024801683612167835,0.0027738448698073626,0.0029016940388828516,0.0034412553068250418,0.00417528348043561,0.005023255478590727,0.005889843218028545,0.006407449021935463,0.00846240296959877,0.010283651761710644,0.011052334681153297,0.013583126477897167,0.018986016511917114,0.022040249779820442,0.030689505860209465,0.040436889976263046,0.05978647246956825,0.10128026455640793,3.300593376159668
72,0.0,0.0077273668721318245,0.006094471085816622,0.005311545450240374,0.004113750532269478,0.002895405050367117,0.0023544547148048878,0.002203170908614993,0.002282148925587535,0.002324742265045643,0.0022050878033041954,0.002345304936170578,0.0025554390158504248,0.002999434480443597,0.003546373452991247,0.0039980970323085785,0.004645714070647955,0.005319440271705389,0.006586926989257336,0.008461711928248405,0.009120608679950237,0.012429922819137573,0.017211100086569786,0.02059955708682537,0.029734885320067406,0.0381159670650959,0.057992517948150635,0.099738210439682,3.652804374694824
73,0.0,0.008189169690012932,0.0062742820009589195,0.005474311299622059,0.004257223103195429,0.0029742580372840166,0.0024863893631845713,0.0023416948970407248,0.002407472813501954,0.00233193370513618,0.0021679289638996124,0.0023972715716809034,0.0025400554295629263,0.0029183384031057358,0.003609214909374714,0.0042004636488854885,0.005086373537778854,0.005614963825792074,0.0075368271209299564,0.009112627245485783,0.010016446001827717,0.013227569870650768,0.017785819247364998,0.02123580314218998,0.02939661405980587,0.037992630153894424,0.05617353320121765,0.10155929625034332,3.5434510707855225
74,0.0,0.009678873233497143,0.00749974837526679,0.0063718510791659355,0.005091106053441763,0.003440203843638301,0.0029195176903158426,0.0027019393164664507,0.002663410734385252,0.0025669108144938946,0.0024477513507008553,0.002635854296386242,0.002885041758418083,0.003398628905415535,0.004097331780940294,0.004810299724340439,0.005558553151786327,0.006168822757899761,0.007811430376023054,0.00956143531948328,0.010630754753947258,0.012935510836541653,0.017318764701485634,0.020681504160165787,0.028753960505127907,0.038149818778038025,0.056815631687641144,0.09897222369909286,3.531421184539795
75,0.0,0.009869864210486412,0.00761097576469183,0.006732501555234194,0.0051880571991205215,0.0036378041841089725,0.0030138608999550343,0.0028330236673355103,0.002816435182467103,0.0027659658808261156,0.0025475327856838703,0.002810512203723192,0.0030124380718916655,0.0033770937006920576,0.004144886042922735,0.004836061038076878,0.005758891347795725,0.0065399231389164925,0.008323154412209988,0.010516089387238026,0.011394421570003033,0.0137004554271698,0.01735387183725834,0.02145400270819664,0.02943759597837925,0.03940161317586899,0.06122254580259323,0.10454515367746353,3.624342441558838
76,0.0,0.011964977718889713,0.008923057466745377,0.00809368398040533,0.006211400963366032,0.004236026667058468,0.003476580837741494,0.0031001814641058445,0.003168306313455105,0.003100214060395956,0.0029156554955989122,0.0031454607378691435,0.0032077806536108255,0.0036355669144541025,0.004410025663673878,0.005350010935217142,0.006003315094858408,0.006702076178044081,0.008299599401652813,0.009871200658380985,0.0115286223590374,0.015184569172561169,0.019545460119843483,0.024440724402666092,0.03274456411600113,0.044760555028915405,0.0693836361169815,0.12306006252765656,4.550004005432129
77,0.0,0.010962593369185925,0.008187654428184032,0.007292304188013077,0.005576621741056442,0.0038715216796845198,0.003156786086037755,0.002915916731581092,0.002875201404094696,0.002945113694295287,0.0026984859723597765,0.002957454416900873,0.003071725368499756,0.0035644075833261013,0.00429192278534174,0.004973636940121651,0.006056984420865774,0.006432163063436747,0.008051478303968906,0.009701402857899666,0.010560703463852406,0.013336406089365482,0.017057903110980988,0.021385041996836662,0.02916857600212097,0.03965875878930092,0.05849958211183548,0.10663128644227982,3.9612884521484375
78,0.0,0.013765360228717327,0.01022681500762701,0.008962885476648808,0.00657809479162097,0.004499009344726801,0.0038061821833252907,0.0035685389302670956,0.0033081553410738707,0.003692361991852522,0.0032486869022250175,0.003710573771968484,0.003825335530564189,0.0046153622679412365,0.005526652559638023,0.006069424096494913,0.007432627025991678,0.008029325865209103,0.01018525380641222,0.011806786991655827,0.012883272022008896,0.01572958193719387,0.019541176036000252,0.024612031877040863,0.032471440732479095,0.04231645539402962,0.06588628143072128,0.12958209216594696,4.869524955749512
79,0.0,0.009220050647854805,0.007136106491088867,0.006318963132798672,0.004862149246037006,0.003439734922721982,0.002881932770833373,0.0027343807741999626,0.002650532638654113,0.002674646442756057,0.0025078377220779657,0.0026895315386354923,0.0027764374390244484,0.003331208834424615,0.003980329260230064,0.004717373289167881,0.005704791285097599,0.00625222735106945,0.008109545335173607,0.009213321842253208,0.010575172491371632,0.013499412685632706,0.01751210168004036,0.02165033109486103,0.030104784294962883,0.03974553197622299,0.05881783738732338,0.10222247987985611,3.6838204860687256
80,0.0,0.012826716527342796,0.00939558818936348,0.008624334819614887,0.006669770460575819,0.0045704604126513,0.003713237587362528,0.0033877622336149216,0.0033320491202175617,0.003495603334158659,0.003313172608613968,0.003552171401679516,0.003676784923300147,0.004162123892456293,0.004874336067587137,0.005722152069211006,0.006381447426974773,0.006566514726728201,0.008163158781826496,0.010110609233379364,0.011689535342156887,0.014320082031190395,0.018651137128472328,0.02337535284459591,0.03142897039651871,0.04208681359887123,0.06835787743330002,0.129884272813797,4.931188583374023
81,0.0,0.009395569562911987,0.007118252571672201,0.0062935845926404,0.004883765242993832,0.003386020427569747,0.002820198191329837,0.002579345367848873,0.0025337496772408485,0.002516496926546097,0.0023357237223535776,0.002523785922676325,0.0027205049991607666,0.003135558683425188,0.003774042706936598,0.004384598694741726,0.00509844021871686,0.005829612258821726,0.007536222692579031,0.009161666966974735,0.009780773892998695,0.012715721502900124,0.016932567581534386,0.021049344912171364,0.029051844030618668,0.037382930517196655,0.05547842010855675,0.10709051787853241,3.9723336696624756
82,0.0,0.008271364495158195,0.006480790674686432,0.005625362507998943,0.004361536353826523,0.0030260311905294657,0.0024609146639704704,0.0023335050791502,0.002264769049361348,0.0022550909779965878,0.0021219439804553986,0.0023375425953418016,0.002539722016081214,0.0030462522991001606,0.0035715459380298853,0.004334656987339258,0.0050881654024124146,0.005830884445458651,0.007697282824665308,0.009616329334676266,0.010196230374276638,0.013201355002820492,0.01722162775695324,0.020549915730953217,0.028243321925401688,0.038093507289886475,0.05658015236258507,0.09354127943515778,3.2992215156555176
83,0.0,0.008625290356576443,0.006720127537846565,0.0058146207593381405,0.0045773242600262165,0.0032331987749785185,0.002642643405124545,0.002530037658289075,0.002560356864705682,0.0024697815533727407,0.0023378508631139994,0.0024693752638995647,0.002633001422509551,0.003170706331729889,0.0036937915720045567,0.004469560459256172,0.005399411544203758,0.0062080915085971355,0.008261146955192089,0.009854798205196857,0.01100511010736227,0.013212914578616619,0.017832595854997635,0.021243460476398468,0.02902032621204853,0.03917889669537544,0.059209756553173065,0.10916727781295776,3.9235880374908447
84,0.0,0.009340913034975529,0.0071133943274617195,0.006272928323596716,0.004882847890257835,0.0034421433228999376,0.0028401671443134546,0.002724291058257222,0.002614085329696536,0.0026102301198989153,0.0024169008247554302,0.0026660047005861998,0.0028783937450498343,0.0033328833524137735,0.003965524025261402,0.004586782306432724,0.005516364239156246,0.006154392380267382,0.008029886521399021,0.009589334949851036,0.010941913351416588,0.013617861084640026,0.017365586012601852,0.021798165515065193,0.02993408776819706,0.040538232773542404,0.058296088129282,0.10520757734775543,3.411569356918335
85,0.0,0.009666182100772858,0.00756951654329896,0.0066653527319431305,0.005186267197132111,0.003596274647861719,0.002975205658003688,0.0027906347531825304,0.002710056258365512,0.0028346090111881495,0.00259763584472239,0.0028599181678146124,0.003065780270844698,0.003549515036866069,0.004165328107774258,0.0050375633873045444,0.005687532015144825,0.0063763088546693325,0.008309290744364262,0.00963878445327282,0.010751170106232166,0.013367956504225731,0.01761441119015217,0.02157079242169857,0.029211023822426796,0.04089842364192009,0.05929677560925484,0.1002882570028305,3.573326826095581
86,0.0,0.008678910322487354,0.00669107073917985,0.005726283881813288,0.00450377119705081,0.0030861268751323223,0.0025492017157375813,0.0023379807826131582,0.0024839304387569427,0.0025273815263062716,0.0022926894016563892,0.0025201812386512756,0.002635265002027154,0.003144304035231471,0.003671655198559165,0.004228405188769102,0.004919120576232672,0.005566856823861599,0.007024175953119993,0.008651678450405598,0.009918116964399815,0.012911560945212841,0.016529841348528862,0.020822666585445404,0.029178673401474953,0.040137697011232376,0.05821246653795242,0.10490468144416809,3.9252140522003174
87,0.0,0.012754038907587528,0.009415308013558388,0.008309575729072094,0.006330564618110657,0.004415522795170546,0.0037121116183698177,0.0033058468252420425,0.0032106831204146147,0.0033246963284909725,0.003040887415409088,0.003409055294468999,0.003438294865190983,0.004159323871135712,0.0049683707766234875,0.005334598012268543,0.0066122030839324,0.007442763540893793,0.009381866082549095,0.01074023824185133,0.011748799122869968,0.014808772131800652,0.01834407076239586,0.0228732917457819,0.03158223256468773,0.04093882441520691,0.061756838113069534,0.11684111505746841,3.9863781929016113
88,0.0,0.009743256494402885,0.007452291902154684,0.006533716339617968,0.005112159065902233,0.00348803773522377,0.0029386919923126698,0.002678043907508254,0.0027075381949543953,0.0026479228399693966,0.0025030262768268585,0.002702044788748026,0.0028490088880062103,0.0034457319416105747,0.0041201477870345116,0.004731749650090933,0.005741733592003584,0.006337225437164307,0.0077926646918058395,0.00958993099629879,0.010407596826553345,0.012977726757526398,0.01748456247150898,0.020800886675715446,0.02873736433684826,0.038436856120824814,0.057820141315460205,0.09883980453014374,3.550994873046875
89,0.0,0.007281465455889702,0.00564645417034626,0.0050118532963097095,0.003881639800965786,0.002673711394891143,0.0021754507906734943,0.0020642434246838093,0.002119968878105283,0.0021102121099829674,0.0019888842944055796,0.0021862832363694906,0.0023335409350693226,0.0027498078998178244,0.003265517298132181,0.003868970088660717,0.004613406490534544,0.005507545545697212,0.006732931360602379,0.009027586318552494,0.009861919097602367,0.012899553403258324,0.017660655081272125,0.021366339176893234,0.02892558090388775,0.03732422739267349,0.05662921071052551,0.10378806293010712,4.086627006530762
90,0.0,0.010009883902966976,0.00773276761174202,0.0069205136969685555,0.005461829248815775,0.0038093349430710077,0.0031689577735960484,0.0029123532585799694,0.0028480275068432093,0.002870581578463316,0.0025448419619351625,0.002870336640626192,0.00300614139996469,0.003612673608586192,0.004319115076214075,0.005337378941476345,0.005985514260828495,0.00663811806589365,0.008380898274481297,0.010492264293134212,0.011239469051361084,0.013950981199741364,0.018069468438625336,0.02229541912674904,0.029742149636149406,0.041082751005887985,0.0612809993326664,0.10558609664440155,3.492091655731201
91,0.0,0.009074907749891281,0.0071652852930128574,0.006356205325573683,0.004964157473295927,0.003484100569039583,0.0029314514249563217,0.002746793208643794,0.002642438979819417,0.0027725391555577517,0.0024684688542038202,0.002693821443244815,0.0028263351414352655,0.0033089476637542248,0.0038771796971559525,0.004776579327881336,0.005486898589879274,0.0060225375927984715,0.007805576082319021,0.009352993220090866,0.010334315709769726,0.01327529177069664,0.017736947163939476,0.02163214050233364,0.029654493555426598,0.04000747576355934,0.05937176197767258,0.10429492592811584,3.5911197662353516
92,0.0,0.008965357206761837,0.006995041389018297,0.006216101814061403,0.0047595081850886345,0.0033739637583494186,0.0028022832702845335,0.0027204477228224277,0.0026348719839006662,0.0025366051122546196,0.0024210745468735695,0.0025905228685587645,0.002793017076328397,0.003368428908288479,0.004018095321953297,0.004678261466324329,0.005592657253146172,0.006286573596298695,0.007991032674908638,0.009724943898618221,0.010830210521817207,0.013279031962156296,0.018138032406568527,0.021741654723882675,0.029987499117851257,0.03966936096549034,0.059597063809633255,0.1008247584104538,3.3343145847320557
93,0.0,0.009745451621711254,0.007612228859215975,0.006863463670015335,0.005289457272738218,0.0036586239002645016,0.003025144338607788,0.0028010595124214888,0.0027707256376743317,0.0027194013819098473,0.0025601228699088097,0.0028167949058115482,0.0029632612131536007,0.003474990138784051,0.004243866540491581,0.004958149511367083,0.005850835237652063,0.006403615232557058,0.008332503959536552,0.009812528267502785,0.01093936339020729,0.013585420325398445,0.017597746104002,0.021509794518351555,0.030571546405553818,0.04064205288887024,0.06074509024620056,0.10853658616542816,3.90560245513916
94,0.0,0.009120821952819824,0.007037205155938864,0.006240034010261297,0.0048405472189188,0.0033615329302847385,0.002688431181013584,0.0025122647639364004,0.0025537204928696156,0.0025589538272470236,0.002424834296107292,0.002586641814559698,0.0026634251698851585,0.003206482622772455,0.0038221036083996296,0.004594533238559961,0.005370866972953081,0.006289575714617968,0.008527517318725586,0.010119162499904633,0.01071882527321577,0.013291584327816963,0.01806439273059368,0.021771961823105812,0.029143787920475006,0.03784354403614998,0.059085361659526825,0.11821118742227554,4.518935203552246
95,0.0,0.007991100661456585,0.006343050394207239,0.005571288522332907,0.00422221003100276,0.002977270632982254,0.0024811800103634596,0.0023219308350235224,0.0023310345131903887,0.0023597022518515587,0.0021731536835432053,0.0023756292648613453,0.0025321596767753363,0.003005308797582984,0.0036333929747343063,0.004154309164732695,0.00499514676630497,0.005563909653574228,0.007179195526987314,0.00911400094628334,0.01000130083411932,0.01274598017334938,0.01726021245121956,0.021571800112724304,0.029389845207333565,0.038596261292696,0.05726328119635582,0.09871941059827805,3.561426877975464
96,0.0,0.010622688569128513,0.008118457160890102,0.007210682611912489,0.0056442683562636375,0.003872329369187355,0.003204008098691702,0.002969000954180956,0.0029440242797136307,0.00289434683509171,0.002718251897022128,0.0029982738196849823,0.0030935723334550858,0.0037576358299702406,0.0043172514997422695,0.0053128390572965145,0.0058913095854222775,0.006583737675100565,0.00827632937580347,0.009809499606490135,0.010854245163500309,0.014426899142563343,0.018117573112249374,0.02193097211420536,0.030419224873185158,0.04322158545255661,0.06355886161327362,0.11974622309207916,3.6647591590881348
97,0.0,0.009312734939157963,0.007198802195489407,0.0062306770123541355,0.004869934171438217,0.003396154846996069,0.002876859623938799,0.0026615560054779053,0.002622920088469982,0.002639869460836053,0.0024026245810091496,0.0027357093058526516,0.0028866068460047245,0.0033097865525633097,0.003976778127253056,0.004652713425457478,0.005463619716465473,0.005968383047729731,0.007567591033875942,0.009446275420486927,0.01028970442712307,0.012677154503762722,0.017300931736826897,0.02159840427339077,0.029238451272249222,0.040065567940473557,0.06053481251001358,0.09916720539331436,3.474182367324829
98,0.0,0.008110086433589458,0.0062394640408456326,0.005544545594602823,0.004300241824239492,0.0030110091902315617,0.002472434425726533,0.0023178269620984793,0.0023670911323279142,0.0023825981188565493,0.0022435488644987345,0.002461812226101756,0.0026196909602731466,0.003096476197242737,0.0036015717778354883,0.004278766922652721,0.004970940761268139,0.005676479544490576,0.007148475851863623,0.009109984152019024,0.00993629265576601,0.012693510390818119,0.01674751006066799,0.020297512412071228,0.028662167489528656,0.03789256140589714,0.05643952265381813,0.0984179899096489,3.6258456707000732
99,0.0,0.009107143618166447,0.007021430414170027,0.006225979886949062,0.004744282923638821,0.0033100845757871866,0.002764070639386773,0.002564687281847,0.0025019340682774782,0.0025827791541814804,0.0023688089568167925,0.0025381390005350113,0.002768700709566474,0.0032312199473381042,0.003653094870969653,0.004356056451797485,0.004976116120815277,0.005606773775070906,0.007002912927418947,0.008737890981137753,0.009601173922419548,0.012740729376673698,0.016976289451122284,0.02088230475783348,0.02831324189901352,0.03913787379860878,0.05698414146900177,0.10104438662528992,3.9206008911132812
100,0.0,0.00889511127024889,0.00683346064761281,0.006069323979318142,0.004659892525523901,0.003269868902862072,0.002731482731178403,0.0025605298578739166,0.002508252626284957,0.002458735601976514,0.002314341254532337,0.002511154394596815,0.002705848542973399,0.003173642326146364,0.0037338677793741226,0.004297103267163038,0.005216370802372694,0.005841926205903292,0.007561471778899431,0.009376643225550652,0.010227127000689507,0.01301917526870966,0.016844624653458595,0.02125568687915802,0.029446916654706,0.03852755203843117,0.05955468863248825,0.09948926419019699,4.05482816696167
101,0.0,0.008158617652952671,0.006218888331204653,0.005425888113677502,0.004254275932908058,0.0029335124418139458,0.0024448158219456673,0.002349960384890437,0.002384989056736231,0.002394660608842969,0.002176123671233654,0.0023411645088344812,0.0025105515960603952,0.0030412846244871616,0.0035958720836788416,0.004256961867213249,0.005216354504227638,0.005835601594299078,0.007354686036705971,0.009287355467677116,0.01022360473871231,0.013362284749746323,0.018051674589514732,0.02144475281238556,0.02990884520113468,0.038709189742803574,0.05973111093044281,0.10435345768928528,3.7065651416778564
102,0.0,0.008785510435700417,0.00685020862147212,0.006107168272137642,0.004698899574577808,0.0032045759726315737,0.002771071158349514,0.002670443616807461,0.0025759534910321236,0.002515754196792841,0.002343781990930438,0.002643698127940297,0.0027792572509497404,0.003215068718418479,0.003793498734012246,0.004587817005813122,0.0053170667961239815,0.005952032282948494,0.007520656101405621,0.009044021368026733,0.009942895732820034,0.012973865494132042,0.017893631011247635,0.02148647978901863,0.030037447810173035,0.0397430881857872,0.059464383870363235,0.10423912107944489,4.299387454986572
103,0.0,0.008854477666318417,0.006616509519517422,0.005835897754877806,0.00452928151935339,0.0031184537801891565,0.002603472676128149,0.0023813035804778337,0.0024493252858519554,0.0023703293409198523,0.0022683339193463326,0.0024913360830396414,0.002702015917748213,0.0030927807092666626,0.0037299992982298136,0.004163061268627644,0.005045345053076744,0.005706684198230505,0.0073056090623140335,0.0089790103957057,0.010261950083076954,0.01293566171079874,0.017203988507390022,0.02120571956038475,0.02919219806790352,0.03853057324886322,0.05674229562282562,0.10031650215387344,3.6385743618011475
104,0.0,0.011422613635659218,0.0084989033639431,0.0075334529392421246,0.005581586621701717,0.003900021780282259,0.003235576907172799,0.0028911936096847057,0.0028994011227041483,0.0029998563695698977,0.0026883003301918507,0.0030770564917474985,0.0032047450076788664,0.003824156941846013,0.004404468461871147,0.005285899620503187,0.005984226707369089,0.006475333124399185,0.008024187758564949,0.009670180268585682,0.010748526081442833,0.013267720118165016,0.017999613657593727,0.022106759250164032,0.029422983527183533,0.04072160646319389,0.05988692119717598,0.11381454765796661,3.840167284011841
105,0.0,0.008534773252904415,0.006604922469705343,0.005893770605325699,0.004544864874333143,0.003222547471523285,0.0027221012860536575,0.0027042243164032698,0.0026063418481498957,0.0024557828437536955,0.0022983408998697996,0.0026740869507193565,0.0027386131696403027,0.0033081986475735903,0.0038880000356584787,0.004668887238949537,0.005803360138088465,0.006314136553555727,0.008054348640143871,0.009729607030749321,0.010804682970046997,0.013307200744748116,0.017659436911344528,0.02196517214179039,0.02960013784468174,0.04068002849817276,0.0584028884768486,0.10100604593753815,3.6488044261932373
106,0.0,0.009855728596448898,0.007581054698675871,0.0065878406167030334,0.005124384071677923,0.0035961554385721684,0.002984453924000263,0.002832408994436264,0.0027827301528304815,0.002846405142918229,0.0026789880357682705,0.002835648600012064,0.002968140644952655,0.0035830633714795113,0.0043453313410282135,0.005035673268139362,0.005945111624896526,0.006475014612078667,0.008308853954076767,0.009730189107358456,0.011104329489171505,0.013207092881202698,0.017889326438307762,0.02269929274916649,0.030820218846201897,0.0397505909204483,0.06383887678384781,0.10907965153455734,3.8432424068450928
107,0.0,0.010583016090095043,0.007949302904307842,0.007105641532689333,0.005385454278439283,0.0037838188000023365,0.0031470945104956627,0.0029420529026538134,0.002842751331627369,0.002860718872398138,0.0026209435891360044,0.002959782024845481,0.003119458444416523,0.003644574899226427,0.00426755053922534,0.005246659275144339,0.005923748482018709,0.006580399814993143,0.008122975006699562,0.00985631812363863,0.011508990079164505,0.013642811216413975,0.01788499765098095,0.022725682705640793,0.030047094449400902,0.03882312774658203,0.06061176583170891,0.11134237796068192,3.705980062484741
108,0.0,0.009287376888096333,0.007302557118237019,0.0065276892855763435,0.0050410013645887375,0.0034872761461883783,0.002955407602712512,0.0028543598018586636,0.0026787533424794674,0.0027094115503132343,0.002502497285604477,0.0027324212715029716,0.0028522093780338764,0.003394217463210225,0.0039245388470590115,0.004680811893194914,0.00559450127184391,0.006192008964717388,0.008122731000185013,0.009940305724740028,0.010696008801460266,0.013361017219722271,0.01766964979469776,0.02108011394739151,0.02859053947031498,0.03862385079264641,0.0594087615609169,0.09749235212802887,3.314897298812866
109,0.0,0.009824154898524284,0.007487603463232517,0.006672760471701622,0.005080551374703646,0.0034887262154370546,0.0028703154530376196,0.002613009186461568,0.002620372688397765,0.0026456720661371946,0.002457936992868781,0.0027397405356168747,0.0028783546295017004,0.0034001076128333807,0.003987758420407772,0.004856092389672995,0.005491496529430151,0.00601488770917058,0.00756054325029254,0.009196489118039608,0.01033873949199915,0.012754776515066624,0.016882458701729774,0.02028951793909073,0.028612026944756508,0.03730764985084534,0.057403359562158585,0.09814094007015228,3.5350723266601562
110,0.0,0.008054899983108044,0.006142782978713512,0.005438416730612516,0.004240340553224087,0.002936494769528508,0.0023605264723300934,0.002154824323952198,0.0021873046644032,0.002299167448654771,0.0021216582972556353,0.0022886607330292463,0.002524083014577627,0.0028563158120959997,0.0033657746389508247,0.003950465004891157,0.00463163061067462,0.005249951500445604,0.006777784787118435,0.008642940782010555,0.009544220753014088,0.012662315741181374,0.01696677878499031,0.02109774760901928,0.0299106165766716,0.03940476477146149,0.057841382920742035,0.10249090939760208,3.543484926223755
111,0.0,0.009467017836868763,0.007296952418982983,0.006495496723800898,0.005073682405054569,0.0035899574868381023,0.0031093312427401543,0.002834408078342676,0.0028813218232244253,0.002717101015150547,0.0025421958416700363,0.0027603651396930218,0.002962596947327256,0.0035166055895388126,0.004277312196791172,0.004970640409737825,0.006005896721035242,0.00636375742033124,0.00841181818395853,0.010098162107169628,0.01093882042914629,0.014038700610399246,0.017588406801223755,0.021487591788172722,0.030112339183688164,0.039142969995737076,0.06017543375492096,0.1095646470785141,4.0295844078063965
112,0.0,0.00856120977550745,0.006654677912592888,0.005911517422646284,0.004602441098541021,0.0031945251394063234,0.0026302700862288475,0.0023877532221376896,0.0024119955487549305,0.0023726732470095158,0.002227834891527891,0.0024009468033909798,0.0025979187339544296,0.003057052381336689,0.0036008607130497694,0.004359912127256393,0.005227492656558752,0.005758445244282484,0.007805995177477598,0.00915248692035675,0.010431064292788506,0.013169871643185616,0.01747092977166176,0.020838608965277672,0.02829619310796261,0.0378870964050293,0.05554256960749626,0.10291098803281784,3.5554263591766357
113,0.0,0.00914266798645258,0.006885335315018892,0.006065721623599529,0.004672252107411623,0.0032298616133630276,0.0026436555199325085,0.0024449636694043875,0.002471646061167121,0.0025234741624444723,0.0023166148457676172,0.002543823793530464,0.002677688142284751,0.0031466458458453417,0.003647224046289921,0.004240540787577629,0.0051576183177530766,0.005766157526522875,0.007145336829125881,0.008854745887219906,0.009877977892756462,0.012423929758369923,0.016650812700390816,0.020525868982076645,0.029240144416689873,0.03908514603972435,0.05715559795498848,0.09990648180246353,3.628145694732666
114,0.0,0.00849239807575941,0.006576987914741039,0.00570281594991684,0.004479681141674519,0.0030940633732825518,0.0025306125171482563,0.002323651220649481,0.002356691751629114,0.00240203901194036,0.002185853198170662,0.002405209233984351,0.0026232830714434385,0.0030726471450179815,0.0036191847175359726,0.004173997323960066,0.00484316935762763,0.005607326980680227,0.007180503569543362,0.008722670376300812,0.009966263547539711,0.012798347510397434,0.016974501311779022,0.02096768654882908,0.028392277657985687,0.0376138761639595,0.05499062314629555,0.10200820118188858,4.1121673583984375
115,0.0,0.008442540653049946,0.006477681454271078,0.005673432722687721,0.004345947876572609,0.002997487550601363,0.0025170405860990286,0.0023645584005862474,0.0024144344497472048,0.0023995202500373125,0.0022298896219581366,0.002443757141008973,0.002657509408891201,0.0031162016093730927,0.0036768047139048576,0.00430312380194664,0.005311783403158188,0.006061862222850323,0.00799789559096098,0.0096721351146698,0.01062021218240261,0.012515815906226635,0.017367703840136528,0.021429063752293587,0.029647884890437126,0.03810442239046097,0.05703923478722572,0.10622275620698929,3.70681095123291
116,0.0,0.007760318927466869,0.006158469710499048,0.005276251118630171,0.004138026852160692,0.0028728472534567118,0.002343687228858471,0.0022194627672433853,0.002329990267753601,0.002271380042657256,0.0021367298904806376,0.002340296283364296,0.002587296534329653,0.0029656002297997475,0.003542383434250951,0.004076233133673668,0.0048307995311915874,0.0055912090465426445,0.007019930053502321,0.008709121495485306,0.00975575391203165,0.012802919372916222,0.016655633226037025,0.020735792815685272,0.030352555215358734,0.038089752197265625,0.057231348007917404,0.09539832174777985,3.3220748901367188
117,0.0,0.009001854807138443,0.0071512735448777676,0.006234136875718832,0.004796529188752174,0.0033815980423241854,0.002874524798244238,0.0027199259493499994,0.0026258404832333326,0.0026967832818627357,0.0024044965393841267,0.002671886933967471,0.0027677305042743683,0.0033439798280596733,0.0040291473269462585,0.004684504587203264,0.0057815490290522575,0.006702691316604614,0.008655731566250324,0.010708237066864967,0.01133421715348959,0.014449238777160645,0.01847817189991474,0.022391408681869507,0.029634304344654083,0.04094192758202553,0.06162264570593834,0.11179645359516144,3.975863456726074
118,0.0,0.008919298648834229,0.006841853726655245,0.006171958986669779,0.004691821523010731,0.003291719127446413,0.002790637779980898,0.0026371823623776436,0.0026502148248255253,0.0025546036195009947,0.0023384075611829758,0.0026282300241291523,0.002766325604170561,0.0033135139383375645,0.004026628565043211,0.004728150554001331,0.005662215407937765,0.006215097848325968,0.008130255155265331,0.010431305505335331,0.011011194437742233,0.01380733773112297,0.0183491762727499,0.022066978737711906,0.029764540493488312,0.04011141508817673,0.06126822903752327,0.10450801253318787,3.7774546146392822
119,0.0,0.00909295305609703,0.007004839368164539,0.006174947135150433,0.004839025437831879,0.0032789946999400854,0.0027249143458902836,0.002522161928936839,0.002522943774238229,0.0025394672993570566,0.0023745461367070675,0.0026264667976647615,0.002745538717135787,0.0032460964284837246,0.0037929608952254057,0.004418793600052595,0.005235935095697641,0.0059089455753564835,0.007364258635789156,0.009378447197377682,0.010241718962788582,0.01302581187337637,0.017726697027683258,0.02070184424519539,0.029406605288386345,0.039195314049720764,0.057624150067567825,0.09812276065349579,3.369907855987549
120,0.0,0.009619957767426968,0.00735127879306674,0.006389203481376171,0.005025317892432213,0.003456396283581853,0.002913345582783222,0.0026249117217957973,0.0026759083848446608,0.002614610129967332,0.00244331662543118,0.002741089789196849,0.002820604247972369,0.003300898941233754,0.003934774547815323,0.004735496360808611,0.005592792294919491,0.00619043642655015,0.007726754527539015,0.009454329498112202,0.010594998486340046,0.01278670970350504,0.017383011057972908,0.02143283188343048,0.028755754232406616,0.03828845173120499,0.058813098818063736,0.0992463156580925,3.568542242050171
121,0.0,0.009132757782936096,0.006942369043827057,0.0062363590113818645,0.00476503511890769,0.003318251110613346,0.002807845827192068,0.0026171391364187002,0.0025641804095357656,0.00250627682544291,0.002399092772975564,0.0025844303891062737,0.002687956439331174,0.00318701658397913,0.003891443833708763,0.004387758206576109,0.005504868924617767,0.006163287442177534,0.0079096844419837,0.009690622799098492,0.010795077309012413,0.013016479089856148,0.01753379963338375,0.021581441164016724,0.028728635981678963,0.04053785651922226,0.060069430619478226,0.1052204817533493,3.9291491508483887
122,0.0,0.009940773248672485,0.0075317565351724625,0.006567549891769886,0.005094026681035757,0.003472559619694948,0.0029634805396199226,0.00278634880669415,0.002665355335921049,0.0027944748289883137,0.002492337254807353,0.002755088033154607,0.0029130515176802874,0.003382778959348798,0.004227581433951855,0.004839938599616289,0.005744542460888624,0.006063131149858236,0.007863575592637062,0.009739336557686329,0.010372907854616642,0.013239772990345955,0.01757662743330002,0.021212801337242126,0.02829241007566452,0.038791559636592865,0.05673561245203018,0.10110422968864441,3.541008472442627
123,0.0,0.009590943343937397,0.0073854089714586735,0.006558171007782221,0.005052387248724699,0.003515768563374877,0.0028882063925266266,0.002646927023306489,0.002675810130313039,0.0026254449039697647,0.002485833829268813,0.002771461848169565,0.0027989372611045837,0.003318404546007514,0.004015917889773846,0.004609791561961174,0.005533400923013687,0.006067380309104919,0.007790185511112213,0.009271099232137203,0.01076633669435978,0.013171231374144554,0.017378518357872963,0.02079995907843113,0.029108207672834396,0.03947034478187561,0.06003076583147049,0.10749471187591553,3.817742109298706
124,0.0,0.01015439536422491,0.0075852046720683575,0.006850172765552998,0.005273062735795975,0.003675503423437476,0.0030611492693424225,0.0028231684118509293,0.00274259434081614,0.0029231966473162174,0.0025970020797103643,0.002972379792481661,0.0030350242741405964,0.0035065957345068455,0.004140226636081934,0.004932024981826544,0.0057492852210998535,0.006305984687060118,0.007838265039026737,0.00929535087198019,0.010598374530673027,0.0130305839702487,0.017580559477210045,0.02236822620034218,0.03005739487707615,0.04069684073328972,0.06190655380487442,0.10421735048294067,3.775583267211914
125,0.0,0.011512808501720428,0.008683611638844013,0.007820786908268929,0.0059802415780723095,0.004165831953287125,0.0034400324802845716,0.0032327419612556696,0.0032260846346616745,0.0032360178884118795,0.0029488932341337204,0.0033532273955643177,0.003267512423917651,0.0038860293570905924,0.004648168571293354,0.005157392006367445,0.006067110225558281,0.006654947996139526,0.008907373063266277,0.010399105958640575,0.012768671847879887,0.014850519597530365,0.020140113309025764,0.023925015702843666,0.0321073904633522,0.043236009776592255,0.0657234713435173,0.11217194050550461,3.677833318710327
126,0.0,0.007646179758012295,0.005948922596871853,0.005167169030755758,0.004019161220639944,0.002803044393658638,0.0022962521761655807,0.0021642318461090326,0.0021791334729641676,0.0021410027984529734,0.0020469811279326677,0.002252044156193733,0.0025049832183867693,0.0029256008565425873,0.0034825559705495834,0.004090430680662394,0.004853992257267237,0.005521927494555712,0.007132729049772024,0.008898952044546604,0.00989999994635582,0.013414678163826466,0.01715213432908058,0.021912027150392532,0.030131870880723,0.04034033417701721,0.05653226748108864,0.09642860293388367,3.243962049484253
127,0.0,0.012477967888116837,0.009341278113424778,0.008259281516075134,0.006421458441764116,0.004428873769938946,0.0037531577982008457,0.003425617003813386,0.0032093082554638386,0.0036131227388978004,0.0031242442782968283,0.0036363727413117886,0.0035424698144197464,0.004241026937961578,0.004990011919289827,0.005689704325050116,0.006782750133424997,0.007336533162742853,0.009215351194143295,0.010640440508723259,0.012376049533486366,0.015189400874078274,0.01923147588968277,0.023972095921635628,0.03244253247976303,0.04279007017612457,0.06651525944471359,0.12959517538547516,3.7823190689086914
128,0.0,0.011609245091676712,0.008517635986208916,0.007807190530002117,0.005957221146672964,0.004149937070906162,0.0034099756740033627,0.0030532844830304384,0.0031860300805419683,0.0031006846111267805,0.0029159996192902327,0.003276259172707796,0.0032527081202715635,0.0038603751454502344,0.004434493370354176,0.005265397485345602,0.0058806706219911575,0.0065317642875015736,0.00811424758285284,0.009717168286442757,0.010990948416292667,0.01378981489688158,0.01842441037297249,0.022115731611847878,0.03123622015118599,0.04083385318517685,0.06470151990652084,0.11315140128135681,4.076278209686279
129,0.0,0.009175214916467667,0.007198390085250139,0.006192331202328205,0.004843101836740971,0.003330439329147339,0.0028080965857952833,0.0026454569306224585,0.002568409778177738,0.0025912486016750336,0.0023656380362808704,0.0025643964763730764,0.002768970327451825,0.003301585791632533,0.0038643842563033104,0.004654030315577984,0.0052981628105044365,0.006117616780102253,0.007983818650245667,0.009359676390886307,0.01038177590817213,0.013158218935132027,0.0173550546169281,0.021515293046832085,0.029572313651442528,0.04019484296441078,0.05758053809404373,0.09666034579277039,3.4661169052124023
130,0.0,0.009454873390495777,0.007245805114507675,0.006395481526851654,0.004885876551270485,0.0033784613478928804,0.002792077837511897,0.0026293513365089893,0.002587242517620325,0.0025790235958993435,0.0024288177955895662,0.0026444965042173862,0.00279177725315094,0.0033247084356844425,0.003976715728640556,0.004641691688448191,0.005464696791023016,0.0059757293201982975,0.007506025023758411,0.009372856467962265,0.010034655220806599,0.01294964924454689,0.017137475311756134,0.02151694893836975,0.029556745663285255,0.0383031852543354,0.05574416369199753,0.10246960818767548,3.745532274246216
131,0.0,0.01005589496344328,0.0076165334321558475,0.006720134988427162,0.005196715705096722,0.0035601912532001734,0.0029663529712706804,0.0028394367545843124,0.0027765051927417517,0.0027504940517246723,0.0025767756160348654,0.002752075670287013,0.0030051767826080322,0.0035174773074686527,0.004163733683526516,0.0048723239451646805,0.005883387755602598,0.006272021681070328,0.00796460174024105,0.009682889096438885,0.010692591778934002,0.012986143119633198,0.017677145078778267,0.020876504480838776,0.029117288067936897,0.03903033584356308,0.05959508940577507,0.10707268118858337,3.8418450355529785
132,0.0,0.008793281391263008,0.006780991796404123,0.006108208559453487,0.004777092486619949,0.003339240327477455,0.002835043938830495,0.0026332384441047907,0.0026121826376765966,0.0025841351598501205,0.0023266668431460857,0.002635167445987463,0.0027906172908842564,0.0031993496231734753,0.003899181028828025,0.004489615093916655,0.0054404158145189285,0.006100119091570377,0.007561562117189169,0.00939122587442398,0.010606834664940834,0.013056071475148201,0.017457393929362297,0.021766530349850655,0.02879880741238594,0.04065108671784401,0.059702347964048386,0.10675501078367233,3.7611594200134277
133,0.0,0.014036274515092373,0.010504379868507385,0.009171804413199425,0.00672927126288414,0.004668100271373987,0.003935995511710644,0.00351598858833313,0.003516858210787177,0.003584784222766757,0.0033641397021710873,0.003606288693845272,0.003671049838885665,0.004712086170911789,0.005348595324903727,0.00610131211578846,0.007320329546928406,0.007901652716100216,0.010461963713169098,0.01163227204233408,0.012420429848134518,0.015964310616254807,0.020582810044288635,0.02510583959519863,0.03275217488408089,0.04461533576250076,0.06484686583280563,0.13195200264453888,4.951938152313232
134,0.0,0.010258118622004986,0.007736913859844208,0.006740102078765631,0.005111306440085173,0.003514443524181843,0.0028379724826663733,0.0026421649381518364,0.0026804085355252028,0.0027579909656196833,0.0024907542392611504,0.0027599288150668144,0.002851579338312149,0.0033518322743475437,0.003987335599958897,0.004760095849633217,0.00547791225835681,0.006003378424793482,0.0076028695330023766,0.009170121513307095,0.010335215367376804,0.013132751919329166,0.01705026626586914,0.021136555820703506,0.030373306944966316,0.0400303453207016,0.06063399463891983,0.10591788589954376,3.4500486850738525
135,0.0,0.01049665454775095,0.00785105675458908,0.006862015463411808,0.005280717276036739,0.0036369524896144867,0.003030145540833473,0.002834390616044402,0.0027764802798628807,0.0027877248357981443,0.0024973961990326643,0.00279533420689404,0.0029706505592912436,0.0035473196767270565,0.004070217255502939,0.004921094048768282,0.005775277968496084,0.006394421681761742,0.008219453506171703,0.00953439436852932,0.01098821870982647,0.01337987557053566,0.01791822910308838,0.021180573850870132,0.029514703899621964,0.0388890840113163,0.060379769653081894,0.10023770481348038,3.5432193279266357
136,0.0,0.009400937706232071,0.0072545940056443214,0.006427195854485035,0.004994891583919525,0.003467382164672017,0.002901912434026599,0.0027328820433467627,0.0026392994914203882,0.0027017465326935053,0.0024436572566628456,0.002700609853491187,0.002881356282159686,0.0034357779659330845,0.0041152737103402615,0.004714737180620432,0.005689359735697508,0.006349033676087856,0.008394227363169193,0.009937494061887264,0.011602764949202538,0.013946056365966797,0.017791369929909706,0.02197215147316456,0.03017464652657509,0.03956428915262222,0.06018179655075073,0.10518547892570496,3.2920889854431152
137,0.0,0.010446752421557903,0.008046490140259266,0.007051066029816866,0.005371313076466322,0.003738044062629342,0.0030718035995960236,0.0028864690102636814,0.002870757132768631,0.0029969073366373777,0.0025922430213540792,0.002924079541116953,0.0031260112300515175,0.0035972038749605417,0.004420087207108736,0.004974063020199537,0.005966320633888245,0.006719499360769987,0.008423925377428532,0.009964445605874062,0.010758384130895138,0.013266107067465782,0.017360134050250053,0.02193935588002205,0.02879970520734787,0.039630353450775146,0.05931738764047623,0.1136920303106308,4.41422700881958
138,0.0,0.007239088881760836,0.0057609123177826405,0.005099814850836992,0.004018418025225401,0.0028005025815218687,0.002282097702845931,0.0021107993088662624,0.002168964361771941,0.0021081939339637756,0.002044195542111993,0.0022308609914034605,0.002409957582131028,0.0028390930965542793,0.003407253883779049,0.0040305559523403645,0.0048467861488461494,0.0054819355718791485,0.007269578520208597,0.009138946421444416,0.010099200531840324,0.013116619549691677,0.016773110255599022,0.021093914285302162,0.029628915712237358,0.03797666355967522,0.055498477071523666,0.09630154073238373,3.5383212566375732
139,0.0,0.010133425705134869,0.007738499436527491,0.006883636582642794,0.005416496656835079,0.0037975283339619637,0.003132782643660903,0.0029834439046680927,0.0028771620709449053,0.0028524226509034634,0.0026226493064314127,0.0028907114174216986,0.0029525873251259327,0.003551935777068138,0.004189688246697187,0.0049193683080375195,0.0059415921568870544,0.006727052852511406,0.009098503738641739,0.010851122438907623,0.0117201441898942,0.013968203216791153,0.018364548683166504,0.022027546539902687,0.02961656264960766,0.03875715658068657,0.060329288244247437,0.10514289140701294,3.5917153358459473
140,0.0,0.009283081628382206,0.007213009521365166,0.006508014164865017,0.005020087584853172,0.0035394371952861547,0.002899936866015196,0.002770233666524291,0.002698364434763789,0.002819971414282918,0.002487404504790902,0.002735402435064316,0.002946861321106553,0.0034092352725565434,0.004060608800500631,0.004633468575775623,0.005603303667157888,0.0058777895756065845,0.007557412143796682,0.009264178574085236,0.010291872546076775,0.012966286391019821,0.01736276224255562,0.020773211494088173,0.028336137533187866,0.0395071841776371,0.05858742073178291,0.10149090737104416,3.577294111251831
141,0.0,0.007949404418468475,0.006170931272208691,0.005474830977618694,0.004251719452440739,0.003050571773201227,0.002475777640938759,0.002418417716398835,0.0023859692737460136,0.002346360357478261,0.0022289103362709284,0.002362968400120735,0.002599639119580388,0.0030384317506104708,0.0036439148243516684,0.00426425039768219,0.005006779916584492,0.005743375513702631,0.007650467101484537,0.009728212840855122,0.011043833568692207,0.013068336993455887,0.017808346077799797,0.022219659760594368,0.03016306646168232,0.0416986346244812,0.05740760266780853,0.1035073772072792,3.8390629291534424
142,0.0,0.008048899471759796,0.006226660683751106,0.005373613443225622,0.0041899834759533405,0.0028882096521556377,0.0023728825617581606,0.0022472701966762543,0.002320733154192567,0.002303247107192874,0.0021513700485229492,0.0023161161225289106,0.0025203991681337357,0.002994280308485031,0.0035631954669952393,0.004184021148830652,0.005006982479244471,0.0055436440743505955,0.0073759714141488075,0.009093333035707474,0.010049695149064064,0.013185715302824974,0.017236126586794853,0.02113620936870575,0.0295276939868927,0.03807152435183525,0.05685553327202797,0.11029312759637833,4.131543159484863
143,0.0,0.009925314225256443,0.007675204426050186,0.006673135329037905,0.005175536498427391,0.0035963188856840134,0.0030242963694036007,0.002816786989569664,0.002758341608569026,0.0028543169610202312,0.002566220471635461,0.0028500149492174387,0.003020414151251316,0.0036359692458063364,0.0042359428480267525,0.005013034213334322,0.006148138549178839,0.00655597448348999,0.008729502558708191,0.010279920883476734,0.011242125183343887,0.013739729300141335,0.018325448036193848,0.02173881232738495,0.029748830944299698,0.03857499361038208,0.060033150017261505,0.10451382398605347,3.4527862071990967
144,0.0,0.007799717132002115,0.005996807478368282,0.005325044970959425,0.00408441387116909,0.0028743683360517025,0.002368078799918294,0.0022016793955117464,0.00228181853890419,0.0022682533599436283,0.0021360598038882017,0.002368087414652109,0.0025063322391361,0.00292406277731061,0.00343299494124949,0.004002518951892853,0.004839580040425062,0.005442557390779257,0.00688630435615778,0.008897571824491024,0.009760080836713314,0.013195712119340897,0.01771475002169609,0.021428033709526062,0.029658954590559006,0.04030869901180267,0.05901944264769554,0.11338067799806595,4.356895923614502
145,0.0,0.00858339387923479,0.00662477919831872,0.0058568320237100124,0.004498234950006008,0.0031913535203784704,0.002603384666144848,0.002534603700041771,0.002513917163014412,0.002449476160109043,0.0023029926232993603,0.0024441767018288374,0.0026889799628406763,0.0030792958568781614,0.003712298581376672,0.0044068689458072186,0.0052263448014855385,0.005626137834042311,0.007657218258827925,0.009303688071668148,0.010365038178861141,0.012781542725861073,0.01709291897714138,0.021016601473093033,0.028515977784991264,0.03889738768339157,0.05764766037464142,0.10816464573144913,3.872865676879883
146,0.0,0.00836897362023592,0.0065630595199763775,0.0057321167550981045,0.004476061090826988,0.0031097223982214928,0.002637946279719472,0.0025060870684683323,0.0025103020016103983,0.0024783737026154995,0.0022774022072553635,0.0025621948298066854,0.002706728642806411,0.0031355982646346092,0.003710281802341342,0.004262981470674276,0.0051111700013279915,0.005747287534177303,0.007803674321621656,0.009500469081103802,0.010668004862964153,0.01308937557041645,0.01749483123421669,0.021396806463599205,0.028634896501898766,0.04032406955957413,0.05774152651429176,0.10544749349355698,3.4719722270965576
147,0.0,0.009615404531359673,0.007288559339940548,0.006466113030910492,0.004988160450011492,0.003498078789561987,0.002831100020557642,0.0026165402960032225,0.002623272594064474,0.0027528812643140554,0.0024445352610200644,0.0026939562521874905,0.0027990795206278563,0.0033589827362447977,0.003923302516341209,0.004676684737205505,0.0055977534502744675,0.005998065695166588,0.007774695288389921,0.009294901043176651,0.0103076733648777,0.012800762429833412,0.017024414613842964,0.020710770040750504,0.028910500928759575,0.03723035752773285,0.0566699393093586,0.10124178230762482,3.6362252235412598
148,0.0,0.008820642717182636,0.006944715976715088,0.0061641656793653965,0.004780821967869997,0.003399597480893135,0.0028520263731479645,0.0027714879252016544,0.0026661339215934277,0.0025206943973898888,0.0024587023071944714,0.002683084225282073,0.0028353887610137463,0.0034076273441314697,0.004051889758557081,0.004789340775460005,0.006010436452925205,0.00642916327342391,0.008358340710401535,0.0102718286216259,0.011346699669957161,0.013811753131449223,0.01836330071091652,0.022864967584609985,0.031043555587530136,0.04055880010128021,0.061548929661512375,0.11273819208145142,4.092539310455322
149,0.0,0.011616242118179798,0.00882849469780922,0.008053276687860489,0.006214014254510403,0.004222955089062452,0.003521105507388711,0.0032141301780939102,0.0031363125890493393,0.0031141198705881834,0.002858574967831373,0.0031855932902544737,0.003289992455393076,0.0038472102023661137,0.0046194070018827915,0.0051187328062951565,0.006017609033733606,0.006348327733576298,0.00871235691010952,0.010265735909342766,0.01155218854546547,0.014424602501094341,0.01868590898811817,0.02225036919116974,0.03110327757894993,0.04156764596700668,0.06730721145868301,0.1529579609632492,6.023168087005615
150,0.0,0.010435407049953938,0.007792084012180567,0.00692871306091547,0.005270232446491718,0.003598008072003722,0.0029303538613021374,0.0026959378737956285,0.002739344723522663,0.0027433601208031178,0.0025368682108819485,0.002754045184701681,0.002924436703324318,0.003518075216561556,0.00407255906611681,0.004858781583607197,0.0054245623759925365,0.006039564963430166,0.007589157670736313,0.009111243300139904,0.010223611257970333,0.012674394994974136,0.017089687287807465,0.020726166665554047,0.0286337248980999,0.03863006457686424,0.05727589130401611,0.10436061769723892,3.677408456802368
151,0.0,0.009695635177195072,0.007511857431381941,0.006771954707801342,0.005265955813229084,0.0036528590135276318,0.0030828011222183704,0.00285270344465971,0.002766915364190936,0.0027438574470579624,0.0025523530784994364,0.002753736451268196,0.003016962669789791,0.003502359613776207,0.004223305266350508,0.004832306411117315,0.006103609222918749,0.006496537942439318,0.008553653955459595,0.010019751265645027,0.011156340129673481,0.013790981844067574,0.018086319789290428,0.02116590179502964,0.030086209997534752,0.03959735855460167,0.061075758188962936,0.10535446554422379,3.5073306560516357
152,0.0,0.008785488083958626,0.0067094480618834496,0.005855531897395849,0.00456276023760438,0.0031456658616662025,0.0026169291231781244,0.0024259716738015413,0.002448443789035082,0.0024783737026154995,0.0023281672038137913,0.0024909069761633873,0.0027239012997597456,0.0032163464929908514,0.0036497556138783693,0.004359526559710503,0.005034083500504494,0.005778498947620392,0.007375549990683794,0.009201870299875736,0.010020657442510128,0.013316468335688114,0.017134657129645348,0.02099732495844364,0.028905728831887245,0.03784061595797539,0.059928979724645615,0.09815195947885513,3.86175799369812
153,0.0,0.009036953561007977,0.006965878885239363,0.006103240419179201,0.00472972122952342,0.0032611286733299494,0.0027727517299354076,0.0025755215901881456,0.0025498238392174244,0.002634601667523384,0.0023631101939827204,0.0026417605113238096,0.002805951749905944,0.0033627846278250217,0.003994688857346773,0.004808259196579456,0.005727267358452082,0.0063651446253061295,0.008195161819458008,0.009843498468399048,0.01106164138764143,0.013395127840340137,0.017245471477508545,0.021347492933273315,0.02922191098332405,0.03852543979883194,0.057671938091516495,0.1009887084364891,3.3992414474487305
154,0.0,0.010140770114958286,0.007922643795609474,0.007097426801919937,0.005498612765222788,0.003791897092014551,0.003134576603770256,0.00300050200894475,0.0029295403510332108,0.0029639441054314375,0.002600195584818721,0.0030086052138358355,0.0030343870166689157,0.003597053699195385,0.004537785891443491,0.005096824374049902,0.0061140102334320545,0.00650632893666625,0.00844456534832716,0.009701591916382313,0.010981393046677113,0.013268169946968555,0.01746402122080326,0.021456120535731316,0.030001435428857803,0.04135327786207199,0.062032513320446014,0.10374748706817627,3.7416489124298096
155,0.0,0.00985259935259819,0.007518777158111334,0.006682442035526037,0.005150741897523403,0.003618659218773246,0.003004590282216668,0.0029130924958735704,0.0027994925621896982,0.002731852699071169,0.0026290856767445803,0.0029269088990986347,0.0030194323044270277,0.00355066591873765,0.004377730656415224,0.005203292239457369,0.006395126227289438,0.007182953413575888,0.009445694275200367,0.011181941255927086,0.012177336029708385,0.014425956644117832,0.019023358821868896,0.02424093335866928,0.030817056074738503,0.04251784831285477,0.06172162666916847,0.10350734740495682,3.425952672958374
156,0.0,0.015194966457784176,0.011273828335106373,0.010396425612270832,0.007866917178034782,0.005609688814729452,0.004683694336563349,0.004078573081642389,0.0040835547260940075,0.004337349906563759,0.003876206697896123,0.004431907087564468,0.0044594272039830685,0.00518027413636446,0.006007182877510786,0.007504235487431288,0.008958454243838787,0.009593176655471325,0.011393073946237564,0.013252390548586845,0.013949038460850716,0.017665157094597816,0.02385932207107544,0.03003651089966297,0.04222419112920761,0.05899668484926224,0.09714328497648239,0.20587407052516937,7.084367752075195
157,0.0,0.008308999240398407,0.0063841091468930244,0.005677847657352686,0.004412084352225065,0.003036805195733905,0.00248251692391932,0.0022979790810495615,0.0023391724098473787,0.002337998477742076,0.002212930703535676,0.002412975300103426,0.0025671941693872213,0.0030467272736132145,0.0035267292987555265,0.004167560022324324,0.004901835694909096,0.005334485322237015,0.0070852371864020824,0.008778661489486694,0.010139906778931618,0.012935985811054707,0.016678733751177788,0.020403217524290085,0.028493432328104973,0.03664863854646683,0.05520379915833473,0.0933791995048523,3.245748996734619
158,0.0,0.012748432345688343,0.009408931247889996,0.00836095679551363,0.006440779194235802,0.004534339997917414,0.003657468594610691,0.0033456941600888968,0.0033423497807234526,0.003572142217308283,0.003274558810517192,0.003499499522149563,0.00364963267929852,0.0044090463779866695,0.005037817172706127,0.006058973725885153,0.006468112114816904,0.007100274320691824,0.00840255618095398,0.010294569656252861,0.01160363107919693,0.013993378728628159,0.018775708973407745,0.022870328277349472,0.031185198575258255,0.04337170720100403,0.07017070800065994,0.17869535088539124,7.264702796936035
159,0.0,0.010188065469264984,0.007743474096059799,0.006991103757172823,0.005386221222579479,0.0037589657586067915,0.003171022981405258,0.002901323139667511,0.0028359165880829096,0.0029287883080542088,0.0026661555748432875,0.002918740501627326,0.0029804485384374857,0.003583787474781275,0.00414704717695713,0.005084489472210407,0.005838374607264996,0.0064239827916026115,0.008199265226721764,0.010173650458455086,0.011129219084978104,0.013793261721730232,0.017763257026672363,0.02241363562643528,0.02959340438246727,0.040313970297575,0.06062711775302887,0.10414629429578781,3.9310576915740967
160,0.0,0.01006443239748478,0.00772016542032361,0.006973120849579573,0.005376387853175402,0.0037959562614560127,0.003116465639322996,0.00301634450443089,0.002971555572003126,0.0028351100627332926,0.002589857205748558,0.002944336971268058,0.003009307896718383,0.0035334450658410788,0.004184823017567396,0.004896861035376787,0.006084131076931953,0.006676992867141962,0.008885550312697887,0.01044594869017601,0.011048837564885616,0.0139238266274333,0.01839982345700264,0.022288130596280098,0.030197586864233017,0.04142262041568756,0.06278372555971146,0.10385371744632721,3.507401466369629
161,0.0,0.009628895670175552,0.007374643813818693,0.00636952044442296,0.004990490153431892,0.0035121235996484756,0.002913948381319642,0.002708843443542719,0.0025909091345965862,0.0026248451322317123,0.0023895087651908398,0.0026808688417077065,0.0028286257293075323,0.003377922810614109,0.004070326220244169,0.0047642821446061134,0.005881935358047485,0.006229990627616644,0.008295532315969467,0.010547119192779064,0.01080421730875969,0.013891651295125484,0.017943009734153748,0.022091245278716087,0.029922692105174065,0.040884844958782196,0.05924281105399132,0.10521773248910904,3.665235996246338
162,0.0,0.012271681800484657,0.009526870213449001,0.008817866444587708,0.006545209791511297,0.004520426969975233,0.0039018637035042048,0.003588068764656782,0.003370267106220126,0.003582870587706566,0.003184796078130603,0.003664520103484392,0.0037227876018732786,0.004324805922806263,0.005200786981731653,0.0059253680519759655,0.00705160154029727,0.007781676482409239,0.009384592063724995,0.012211084365844727,0.013518685474991798,0.01605459861457348,0.020746972411870956,0.02575651742517948,0.03419400006532669,0.04681168496608734,0.07816427946090698,0.21427159011363983,7.934839725494385
163,0.0,0.010390759445726871,0.007847796194255352,0.006934553850442171,0.005271750036627054,0.0037020165473222733,0.0030902305152267218,0.002848252886906266,0.002832757541909814,0.002759951399639249,0.002605391899123788,0.0029085399582982063,0.003039390780031681,0.003511603455990553,0.0042030466720461845,0.0048727476969361305,0.00577522860839963,0.006202200427651405,0.00804360955953598,0.009591680020093918,0.010543718934059143,0.013039366342127323,0.017939329147338867,0.02158338576555252,0.028987836092710495,0.039358530193567276,0.06047850474715233,0.1056554764509201,3.686706781387329
164,0.0,0.010153420269489288,0.007878449745476246,0.007000546902418137,0.005388658493757248,0.003761958796530962,0.0031076555605977774,0.0029271342791616917,0.002864860463887453,0.0027964909095317125,0.0025859938468784094,0.0028348686173558235,0.0030111968517303467,0.003605346428230405,0.004251907113939524,0.004953379742801189,0.005737436003983021,0.006354048848152161,0.008714604191482067,0.010452120564877987,0.01095010619610548,0.013174540363252163,0.017455603927373886,0.02112112194299698,0.02872573584318161,0.0387587808072567,0.05733508989214897,0.10508754104375839,3.564429759979248
165,0.0,0.008889881893992424,0.0069868117570877075,0.0062101143412292,0.0048420918174088,0.003418785287067294,0.0027856212109327316,0.0027321185916662216,0.002638345118612051,0.002562945010140538,0.0023690219968557358,0.0026868879795074463,0.002827385673299432,0.003320955438539386,0.003912442363798618,0.0046102069318294525,0.005573785863816738,0.006167791783809662,0.007919661700725555,0.01007116585969925,0.010841530747711658,0.013404978439211845,0.01842331886291504,0.021907947957515717,0.029213223606348038,0.03976425528526306,0.05862116441130638,0.09952950477600098,3.313016414642334
166,0.0,0.009616938419640064,0.007274140603840351,0.006424852181226015,0.00492951599881053,0.003490603528916836,0.0028515998274087906,0.002597362967208028,0.0026113425847142935,0.0025957785546779633,0.002426844323053956,0.0026872691232711077,0.002795291133224964,0.0032743774354457855,0.0039707669056952,0.004529309459030628,0.005227142013609409,0.005932757630944252,0.007448832970112562,0.009212812408804893,0.010629433207213879,0.01307671982795,0.017465857788920403,0.02079671621322632,0.028713133186101913,0.03854589909315109,0.05660532787442207,0.09859377145767212,3.3454318046569824
167,0.0,0.010064931586384773,0.007774414494633675,0.006980640348047018,0.005260072182863951,0.003693134756758809,0.003043554024770856,0.002840173663571477,0.0027605725917965174,0.002791541162878275,0.002630009315907955,0.002852048957720399,0.0030581133905798197,0.0033931222278624773,0.0041230046190321445,0.004911992233246565,0.00623764144256711,0.006631906609982252,0.008461513556540012,0.01020974200218916,0.011575222946703434,0.014132817275822163,0.018096158280968666,0.022555232048034668,0.030526965856552124,0.04182221367955208,0.06360220909118652,0.1093934029340744,3.5526793003082275
168,0.0,0.009360660798847675,0.007204748690128326,0.006352614611387253,0.004878420382738113,0.0033902020659297705,0.002863205736503005,0.0026372482534497976,0.0026620994322001934,0.002723467070609331,0.002464685123413801,0.0027102939784526825,0.0028002504259347916,0.0033478043042123318,0.0039728195406496525,0.004637944512069225,0.0053731417283415794,0.006090342998504639,0.008251309394836426,0.009752952493727207,0.010390197858214378,0.01320165116339922,0.0177709199488163,0.022117536514997482,0.028826063498854637,0.03900792822241783,0.05876242369413376,0.09976331144571304,3.3802847862243652
169,0.0,0.010156343691051006,0.007848814129829407,0.006897983606904745,0.005306401289999485,0.003727156901732087,0.0030723249074071646,0.0029113134369254112,0.002810846082866192,0.002979283221065998,0.0026744133792817593,0.0029109593015164137,0.0030055756215006113,0.003511064685881138,0.00414828397333622,0.004916725214570761,0.00567907840013504,0.0061421990394592285,0.007990558631718159,0.009523672983050346,0.010516786016523838,0.013049202971160412,0.017289983108639717,0.020758822560310364,0.028590459376573563,0.039683371782302856,0.05870946869254112,0.1003393605351448,3.8501744270324707
170,0.0,0.0081538837403059,0.006480873562395573,0.0057973675429821014,0.004459057003259659,0.003128859680145979,0.0026262709870934486,0.002552103716880083,0.0024961945600807667,0.002434001537039876,0.0022014707792550325,0.0024255358148366213,0.0027211972046643496,0.0031288235913962126,0.0038811475969851017,0.004281167406588793,0.005352171137928963,0.006019523832947016,0.007926348596811295,0.009708235040307045,0.010731413029134274,0.013051299378275871,0.017764583230018616,0.021431371569633484,0.030742615461349487,0.03946737200021744,0.05815885588526726,0.10849576443433762,3.7977569103240967
171,0.0,0.010327914729714394,0.007794182747602463,0.007044429890811443,0.005487023387104273,0.003778226440772414,0.003143699374049902,0.002868186915293336,0.0027864561416208744,0.002978183329105377,0.0026949774473905563,0.0029548020102083683,0.003049043705686927,0.0035886357072740793,0.004308975767344236,0.005342422518879175,0.0060599311254918575,0.006504477933049202,0.007864562794566154,0.009901439771056175,0.011109665036201477,0.013461007736623287,0.018068751320242882,0.02238006331026554,0.030899275094270706,0.04122519865632057,0.06393176317214966,0.11424554884433746,4.047558307647705
172,0.0,0.00791173055768013,0.006125451065599918,0.005541947670280933,0.004267075099050999,0.0029976179357618093,0.0025474426802247763,0.0023927350994199514,0.0023627078626304865,0.002430815016850829,0.0022502318024635315,0.0024355659261345863,0.0026607555337250233,0.0030104671604931355,0.0036619033198803663,0.004278951790183783,0.005090088117867708,0.005794376600533724,0.007459740620106459,0.00936570018529892,0.010377343744039536,0.012796278111636639,0.017300724983215332,0.02134009264409542,0.02929675206542015,0.039426904171705246,0.05729866772890091,0.10427755117416382,3.8533267974853516
173,0.0,0.00992229301482439,0.007469289004802704,0.006652813870459795,0.005154832731932402,0.003573447233065963,0.0030099370051175356,0.0028126807883381844,0.002768675098195672,0.002661134349182248,0.002440734999254346,0.0027220367919653654,0.0028871195390820503,0.003371583530679345,0.004102227743715048,0.004750214051455259,0.0058515677228569984,0.006529939826577902,0.008481265977025032,0.010274844244122505,0.01115703210234642,0.013598807156085968,0.017981866374611855,0.022143173962831497,0.029268646612763405,0.03913654386997223,0.06055478751659393,0.1001693606376648,3.278010845184326
174,0.0,0.007732827682048082,0.0061643412336707115,0.005366744473576546,0.004275214392691851,0.00294574280269444,0.002590304473415017,0.0024019666016101837,0.002326071262359619,0.002373332856222987,0.002208734629675746,0.002392610302194953,0.00258636730723083,0.0031129743438214064,0.003681532572954893,0.0042874570935964584,0.005043639335781336,0.005856635048985481,0.007287504617124796,0.008996614255011082,0.009983358904719353,0.013298858888447285,0.018423818051815033,0.021560925990343094,0.029499476775527,0.03917576000094414,0.055494412779808044,0.0987214595079422,3.45943284034729
175,0.0,0.009652298875153065,0.007314060349017382,0.006604410707950592,0.005067402962595224,0.0034778830595314503,0.002875491976737976,0.002684680512174964,0.002701587276533246,0.00284515880048275,0.002539408393204212,0.002776880282908678,0.003023653756827116,0.0033813011832535267,0.004156274721026421,0.004853056278079748,0.005408746190369129,0.006018098443746567,0.0075904023833572865,0.009760384447872639,0.011180903762578964,0.013123027980327606,0.017355389893054962,0.02148328721523285,0.030494343489408493,0.03956463932991028,0.060999155044555664,0.10965508967638016,3.9227688312530518
176,0.0,0.009360640309751034,0.007109615486115217,0.0063563124276697636,0.0050971428863704205,0.0034311639610677958,0.002905244007706642,0.002754335990175605,0.0026724825147539377,0.0026854793541133404,0.00241058599203825,0.002702042693272233,0.002893602941185236,0.003335048910230398,0.003941068891435862,0.004614402074366808,0.005621072370558977,0.0061403498984873295,0.008414785377681255,0.010162493214011192,0.010830849409103394,0.013559999875724316,0.017456965520977974,0.021402154117822647,0.028464945033192635,0.039157770574092865,0.059237170964479446,0.10529007762670517,3.941948413848877
177,0.0,0.009724617004394531,0.00748765654861927,0.00670709740370512,0.005176651291549206,0.003631011350080371,0.0030129081569612026,0.00277877738699317,0.0027638503815978765,0.0026651432272046804,0.0024746109265834093,0.002792559564113617,0.002851363504305482,0.0033688207622617483,0.004116658587008715,0.004718339536339045,0.005766152869910002,0.00652340380474925,0.008696922101080418,0.010542978532612324,0.011257784441113472,0.01413603127002716,0.018486548215150833,0.021769840270280838,0.02959815040230751,0.04065363109111786,0.06113732233643532,0.1052514836192131,3.787080764770508
178,0.0,0.009328622370958328,0.007256954442709684,0.006438074167817831,0.004974376875907183,0.0034556491300463676,0.002884347690269351,0.002657680306583643,0.0027102266903966665,0.0025975166354328394,0.00244079134427011,0.0026402531657367945,0.0027430811896920204,0.003307187231257558,0.003949806559830904,0.004683999810367823,0.005601503420621157,0.006283297669142485,0.008729368448257446,0.009667028672993183,0.010872885584831238,0.013611801899969578,0.01761646755039692,0.021727651357650757,0.029776746407151222,0.0396975576877594,0.059573687613010406,0.10331957042217255,3.2810657024383545
179,0.0,0.008163991384208202,0.006304675247520208,0.005626872181892395,0.004340287297964096,0.0031366569455713034,0.0025571000296622515,0.002406924730166793,0.0023958126548677683,0.002383753890171647,0.0021884827874600887,0.0024227735120803118,0.0025894162245094776,0.0030304868705570698,0.0036280041094869375,0.004262399859726429,0.005125788040459156,0.005796682555228472,0.0077055227011442184,0.00941336341202259,0.010046941228210926,0.013488131575286388,0.01704784482717514,0.021395264193415642,0.028469623997807503,0.03909359127283096,0.05870253965258598,0.10251793265342712,3.860065460205078
180,0.0,0.008734825998544693,0.006821302231401205,0.0060495054349303246,0.004638058133423328,0.0032649885397404432,0.002699269913136959,0.0024403829593211412,0.0024814242497086525,0.0024983477778732777,0.0023141794372349977,0.002569052390754223,0.0027667658869177103,0.003213999792933464,0.00374243943952024,0.004377980250865221,0.005132332909852266,0.005757739767432213,0.007652666885405779,0.009528026916086674,0.010275461710989475,0.012949202209711075,0.01767434924840927,0.021031498908996582,0.03011440299451351,0.03909789025783539,0.05866781249642372,0.10588029772043228,3.7982258796691895
181,0.0,0.010944487527012825,0.008097291924059391,0.00725401658564806,0.005647886078804731,0.003798652905970812,0.003231500741094351,0.003037990303710103,0.0029413532465696335,0.002950523514300585,0.0027789880987256765,0.0031983694061636925,0.0031724751461297274,0.00389925972558558,0.004428926855325699,0.004979564808309078,0.006253131665289402,0.006630870047956705,0.008460363373160362,0.010015594772994518,0.011563479900360107,0.013941842131316662,0.01827758550643921,0.02218179777264595,0.029707271605730057,0.040866669267416,0.06032164394855499,0.11332497745752335,3.9071552753448486
182,0.0,0.008799981325864792,0.00679499376565218,0.005937021691352129,0.004623941145837307,0.0031841518357396126,0.0026528779417276382,0.0025075040757656097,0.00251372205093503,0.0024474654346704483,0.002313777804374695,0.002531172474846244,0.002683076076209545,0.0031145503744482994,0.003664395771920681,0.00436551496386528,0.00508754700422287,0.005723149515688419,0.007369635161012411,0.009141061455011368,0.00979040190577507,0.012679040431976318,0.017271514981985092,0.021272975951433182,0.029604032635688782,0.03832714632153511,0.057773105800151825,0.09444788843393326,3.411332130432129
183,0.0,0.009503833949565887,0.0072152866050601006,0.006391101982444525,0.004880244378000498,0.00341023039072752,0.002865586895495653,0.002698503667488694,0.002593208337202668,0.002632500370964408,0.0024144193157553673,0.0026035176124423742,0.002829582430422306,0.0034382259473204613,0.004016174469143152,0.004757469519972801,0.0056015742011368275,0.00612342543900013,0.008009650744497776,0.010029585100710392,0.010757512412965298,0.013350225985050201,0.017148537561297417,0.02144569717347622,0.028997762128710747,0.03749586641788483,0.05735265463590622,0.10178192704916,3.5902011394500732
184,0.0,0.00939972698688507,0.0072365389205515385,0.00644651846960187,0.005047773942351341,0.0034208146389573812,0.002839350374415517,0.002765051554888487,0.00266264914534986,0.0025934046134352684,0.002350076101720333,0.002608212409541011,0.0028195390477776527,0.00333356368355453,0.0038888880517333746,0.004578419961035252,0.005546115338802338,0.006194008979946375,0.008565440773963928,0.009892798028886318,0.01057613454759121,0.012991579249501228,0.016703205183148384,0.020989282056689262,0.029927127063274384,0.03828108683228493,0.058571550995111465,0.10191326588392258,3.656528949737549
185,0.0,0.008217129856348038,0.006455176509916782,0.0057542757131159306,0.0044454107992351055,0.003069523023441434,0.002547127427533269,0.0024061277508735657,0.00237840274348855,0.0024773022159934044,0.0022500765044242144,0.002492830390110612,0.0026130173355340958,0.0030608121305704117,0.0035629349295049906,0.00415103230625391,0.005021515302360058,0.005677378736436367,0.0072104171849787235,0.008957951329648495,0.009823647327721119,0.012725049629807472,0.01722879521548748,0.02062458172440529,0.028723595663905144,0.03955322504043579,0.058029789477586746,0.10632666200399399,3.7599079608917236
186,0.0,0.011492239311337471,0.008628791198134422,0.007708316203206778,0.005945597775280476,0.00416342681273818,0.0034804188180714846,0.003219963749870658,0.0031380525324493647,0.0032543689012527466,0.0030191170517355204,0.003282418940216303,0.0034175182227045298,0.0039208680391311646,0.00463284133002162,0.0053069107234478,0.006595676299184561,0.0068951998837292194,0.008497489616274834,0.010215708054602146,0.011580156162381172,0.013839365914463997,0.01806148886680603,0.023003598675131798,0.03090483881533146,0.04272826388478279,0.06520231813192368,0.10941115021705627,3.8035471439361572
187,0.0,0.008379713632166386,0.006496246438473463,0.00572448642924428,0.004473297391086817,0.0031161161605268717,0.0026152427308261395,0.0025056221056729555,0.0024902154691517353,0.002373724477365613,0.002195049310103059,0.002499902853742242,0.002607303438708186,0.003118285443633795,0.003728920128196478,0.0042739068157970905,0.005320495925843716,0.006102999672293663,0.008269360288977623,0.009980952367186546,0.01093976479023695,0.013724411837756634,0.017605377361178398,0.021696260198950768,0.02926524169743061,0.03855558857321739,0.05735776200890541,0.10595633089542389,3.855695962905884
188,0.0,0.008238285779953003,0.006268064957112074,0.005684026516973972,0.004473723471164703,0.00311295036226511,0.002505057957023382,0.0022878539748489857,0.002325470559298992,0.0023857669439166784,0.0022189354058355093,0.002377470023930073,0.0025612954050302505,0.0030067674815654755,0.003573930822312832,0.004285622388124466,0.005052418913692236,0.005560235120356083,0.0071826814673841,0.008944768458604813,0.009876910597085953,0.013239020481705666,0.017887044697999954,0.022300321608781815,0.02867145650088787,0.03822999447584152,0.058139849454164505,0.11119057238101959,4.235816478729248
189,0.0,0.008753872476518154,0.00672125956043601,0.005988168530166149,0.004541101865470409,0.0031987465918064117,0.0026195768732577562,0.0024990139063447714,0.0025026737712323666,0.0024764505214989185,0.002288020448759198,0.00246968911960721,0.0026332284323871136,0.0030983786564320326,0.0036273866426199675,0.004274389240890741,0.0049643442034721375,0.005714891478419304,0.007380796130746603,0.009097692556679249,0.009898891672492027,0.01287675742059946,0.017226671800017357,0.020595040172338486,0.02961971051990986,0.03797731176018715,0.05710659921169281,0.0967932939529419,3.5152738094329834
190,0.0,0.009200609289109707,0.007208254188299179,0.006315766833722591,0.004783872980624437,0.003434114158153534,0.0028328553307801485,0.0026832909788936377,0.002623964799568057,0.0027189503889530897,0.002444999758154154,0.002593427896499634,0.00283474987372756,0.0033697704784572124,0.003965203184634447,0.004681964870542288,0.005489845760166645,0.006172554567456245,0.008308985270559788,0.01029010210186243,0.011193837970495224,0.013793788850307465,0.01779828406870365,0.0217623058706522,0.02967928722500801,0.038898713886737823,0.05866730958223343,0.10875914245843887,3.845186233520508
191,0.0,0.008720013312995434,0.006862454582005739,0.006020250264555216,0.004787084646522999,0.0033296719193458557,0.0027851001359522343,0.002597569487988949,0.0025949818082153797,0.0025052246637642384,0.0023601430002599955,0.002555467188358307,0.0027442905120551586,0.003113363403826952,0.0039010273758322,0.004573808051645756,0.005305662751197815,0.00592956505715847,0.0075692725367844105,0.009459593333303928,0.010340300388634205,0.013347079046070576,0.017127323895692825,0.02136334776878357,0.029762592166662216,0.039692848920822144,0.05891793221235275,0.10748743265867233,4.212471008300781
192,0.0,0.007466252893209457,0.005890220403671265,0.005299284588545561,0.004109098110347986,0.0028457753360271454,0.0022719972766935825,0.0021258844062685966,0.0021832671482115984,0.0021207293029874563,0.002025128109380603,0.0022152115125209093,0.002389627043157816,0.0027735955081880093,0.0033071134239435196,0.0039171637035906315,0.004755341913551092,0.005384296644479036,0.006705831736326218,0.008669545873999596,0.00967839639633894,0.012375270016491413,0.016555439680814743,0.02057708613574505,0.02833375334739685,0.037663016468286514,0.05497165769338608,0.09601067006587982,3.618253707885742
193,0.0,0.012461681850254536,0.009238521568477154,0.008168220520019531,0.006265619304031134,0.004268708638846874,0.003549722023308277,0.0033284788951277733,0.0031808644998818636,0.003392671002075076,0.003130041528493166,0.0034362354781478643,0.0035304760094732046,0.003913660068064928,0.004636889789253473,0.0054067461751401424,0.006262387614697218,0.00676778145134449,0.008746014907956123,0.009915285743772984,0.011765016242861748,0.01423712633550167,0.018382271751761436,0.02257656678557396,0.03289588913321495,0.04485408216714859,0.06885791569948196,0.15166400372982025,4.722862720489502
194,0.0,0.007751308847218752,0.006012669764459133,0.00525963120162487,0.004083446692675352,0.0028221148531883955,0.0023311129771173,0.002217084402218461,0.0022224162239581347,0.002315519843250513,0.0021206580568104982,0.0022871580440551043,0.0024992257822304964,0.002995764836668968,0.0034748937468975782,0.004116555210202932,0.004882125649601221,0.0056997062638401985,0.007578050252050161,0.009482973255217075,0.010044006630778313,0.013307004235684872,0.01782289519906044,0.021803993731737137,0.029450146481394768,0.038473840802907944,0.056461721658706665,0.09717301279306412,3.4500272274017334
195,0.0,0.009207376278936863,0.007200947031378746,0.006397936958819628,0.004930093884468079,0.003492636838927865,0.0028980423230677843,0.002804512158036232,0.0026887021958827972,0.002600261941552162,0.0024345533456653357,0.0027572400867938995,0.002774145221337676,0.003396455431357026,0.004008835181593895,0.004716666415333748,0.005713853053748608,0.006533865816891193,0.008323426358401775,0.009950054809451103,0.010976055637001991,0.013587089255452156,0.018832731992006302,0.021850235760211945,0.029563643038272858,0.03977968543767929,0.061363670974969864,0.10513737797737122,3.655808448791504
196,0.0,0.009251736104488373,0.007048499770462513,0.006119550205767155,0.004724458791315556,0.003343000542372465,0.0027302762027829885,0.0025681087281554937,0.00256478413939476,0.0024247129913419485,0.0023048860020935535,0.0025712985079735518,0.0027079139836132526,0.003252374706789851,0.0038745577912777662,0.00445915013551712,0.005392218474298716,0.005905207712203264,0.0075616976246237755,0.009393097832798958,0.010288569144904613,0.013508584350347519,0.016833260655403137,0.021134961396455765,0.028820203617215157,0.03892412781715393,0.05563674494624138,0.09574185311794281,3.285064458847046
197,0.0,0.010295802727341652,0.007668178062886,0.006964643485844135,0.005273227579891682,0.0036417057272046804,0.003025664249435067,0.0028080178890377283,0.0027585902716964483,0.0028414297848939896,0.002614788245409727,0.0029361082706600428,0.0030074650421738625,0.0035757478326559067,0.004188801161944866,0.0050353617407381535,0.005797899328172207,0.0065660662949085236,0.00816313736140728,0.009846342727541924,0.010527639649808407,0.013569683767855167,0.017904840409755707,0.021737726405262947,0.029236050322651863,0.04040537029504776,0.060545336455106735,0.09909164905548096,3.5666589736938477
198,0.0,0.00862354040145874,0.006736431736499071,0.00592331076040864,0.004645375534892082,0.003306877799332142,0.0028247248847037554,0.002665996551513672,0.0026193209923803806,0.002551790326833725,0.0023791533894836903,0.0026192856021225452,0.002814939711242914,0.003381338668987155,0.004033742472529411,0.004754714202135801,0.005735413637012243,0.006460214965045452,0.008311535231769085,0.01042859349399805,0.01146875973790884,0.013741997070610523,0.018336445093154907,0.02267717570066452,0.029541170224547386,0.0399557501077652,0.058676667511463165,0.11276726424694061,3.878453254699707
199,0.0,0.008953000418841839,0.007026717532426119,0.006048879120498896,0.004757773596793413,0.003317062510177493,0.0027539783623069525,0.002592352917417884,0.002560076303780079,0.0025447532534599304,0.0023334617726504803,0.0026163163129240274,0.0026537501253187656,0.0032452293671667576,0.003776103723794222,0.004512632731348276,0.005479664541780949,0.0059608155861496925,0.007725556846708059,0.009616316296160221,0.010324439033865929,0.013328074477612972,0.017129452899098396,0.02081666700541973,0.029860036447644234,0.0386836938560009,0.05809471383690834,0.10640418529510498,3.9586410522460938
200,0.0,0.008689001202583313,0.006743443664163351,0.0058960141614079475,0.004562506917864084,0.0032190934289246798,0.00263285543769598,0.002479949966073036,0.0024796929210424423,0.0023933229967951775,0.0022338167764246464,0.0024283977691084146,0.0026793316937983036,0.003105004783719778,0.0038151107728481293,0.0044775973074138165,0.0054624504409730434,0.006102934945374727,0.008180190809071064,0.009476056322455406,0.010382653214037418,0.012987930327653885,0.01742142252624035,0.021408721804618835,0.029141966253519058,0.03815213218331337,0.05686461925506592,0.10118909180164337,3.4223976135253906
201,0.0,0.008827379904687405,0.006665102206170559,0.0059433323331177235,0.004672254901379347,0.0032493709586560726,0.0026242313906550407,0.002433391287922859,0.002508704550564289,0.002509883837774396,0.002331295982003212,0.002556981286033988,0.0026345006190240383,0.003154373960569501,0.003699545981362462,0.0044018118642270565,0.005122642498463392,0.005782239604741335,0.007492137607187033,0.009046107530593872,0.010017191991209984,0.012672285549342632,0.016861869022250175,0.02003667503595352,0.02811044454574585,0.03821888193488121,0.057141419500112534,0.10809677839279175,3.966048240661621
202,0.0,0.010231235064566135,0.007688865996897221,0.006867700722068548,0.005184314213693142,0.003562221070751548,0.00302292313426733,0.002777719171717763,0.0027915698010474443,0.0027477233670651913,0.002510545775294304,0.0027866200543940067,0.002953591523692012,0.003543504513800144,0.004205300007015467,0.004710481967777014,0.0057846251875162125,0.006304810289293528,0.008174935355782509,0.009817215614020824,0.010492553934454918,0.013549326919019222,0.01789485290646553,0.021841086447238922,0.02917974814772606,0.03905106335878372,0.058391399681568146,0.10545235127210617,3.712360143661499
203,0.0,0.009967499412596226,0.007663214113563299,0.006836574990302324,0.0052878959104418755,0.00370984198525548,0.003073151456192136,0.0028820261359214783,0.0029078598599880934,0.0028155904728919268,0.00265888380818069,0.002954307245090604,0.0030772292520850897,0.003527943277731538,0.004270883277058601,0.005049003753811121,0.005937394220381975,0.006503267679363489,0.00832434557378292,0.009892791509628296,0.011036458425223827,0.013459431007504463,0.017989175394177437,0.021661454811692238,0.03008515015244484,0.0402994379401207,0.061299096792936325,0.10875919461250305,4.101639747619629
204,0.0,0.010490748099982738,0.008062434382736683,0.00712042348459363,0.005559342447668314,0.0038263483438640833,0.0032394558656960726,0.0029488259460777044,0.00287422607652843,0.002963823499158025,0.0027541592717170715,0.002982879290357232,0.003035424742847681,0.0036166803911328316,0.004465911071747541,0.005069270264357328,0.005837235599756241,0.006521506700664759,0.008682536892592907,0.00983649492263794,0.011156071908771992,0.013603346422314644,0.017682144418358803,0.021237988024950027,0.03009728156030178,0.039126262068748474,0.062021974474191666,0.10683708637952805,3.3890128135681152
205,0.0,0.008686981163918972,0.006878160405904055,0.006019383203238249,0.004720731638371944,0.0032902236562222242,0.0027572480030357838,0.002648708177730441,0.0025303612928837538,0.0025034500285983086,0.002383070532232523,0.002574670361354947,0.0027432783972471952,0.0033365727867931128,0.004064710810780525,0.004599962383508682,0.006037082057446241,0.006709870882332325,0.008931705728173256,0.010497950948774815,0.011629636399447918,0.014171444810926914,0.018935199826955795,0.022389505058526993,0.029905853793025017,0.04064100235700607,0.06055266782641411,0.11094857007265091,4.0511064529418945
206,0.0,0.009362103417515755,0.0073124417103827,0.006409884430468082,0.004967495799064636,0.003496225457638502,0.0029031794983893633,0.002733090193942189,0.002708258805796504,0.0025903896894305944,0.002434362657368183,0.002539160428568721,0.0028410388622432947,0.0032885156106203794,0.004013966768980026,0.004718568176031113,0.005770333576947451,0.006150996778160334,0.008221138268709183,0.009532392956316471,0.010515372268855572,0.013192576356232166,0.017677949741482735,0.021624717861413956,0.029473256319761276,0.03915952146053314,0.058957695960998535,0.10260274261236191,3.4221646785736084
207,0.0,0.008206367492675781,0.006447421386837959,0.005650356411933899,0.004488274920731783,0.0031174886971712112,0.002541548339650035,0.0024154402781277895,0.0024455715902149677,0.0024078928399831057,0.0022110219579190016,0.002430082531645894,0.00254334625788033,0.003075611311942339,0.003531921189278364,0.004257294815033674,0.0050876145251095295,0.005861918441951275,0.007634533103555441,0.00955189298838377,0.010568451136350632,0.013847321271896362,0.017821865156292915,0.02094781957566738,0.029219869524240494,0.0391467846930027,0.056468501687049866,0.10818466544151306,3.724431276321411
208,0.0,0.009566465392708778,0.0073478189297020435,0.006562072783708572,0.005092168226838112,0.003566586645320058,0.0029720659367740154,0.002762884134426713,0.002728845924139023,0.002620924962684512,0.0024444367736577988,0.002730154199525714,0.0028804566245526075,0.0034263015259057283,0.00401118490844965,0.004659797064960003,0.005431702826172113,0.006072963122278452,0.007671418134123087,0.009652271866798401,0.010190249420702457,0.0132448710501194,0.01723887026309967,0.02174888737499714,0.029317433014512062,0.0399605892598629,0.05843571573495865,0.10663306713104248,3.85038161277771
209,0.0,0.008419784717261791,0.006628560367971659,0.005848086439073086,0.004611311946064234,0.0031974364537745714,0.0026940498501062393,0.0025729467160999775,0.0024853062350302935,0.002469389233738184,0.0022600714582949877,0.002567044924944639,0.0026769305113703012,0.00322181754745543,0.003771267831325531,0.004407704342156649,0.005547724198549986,0.006154624279588461,0.00818395335227251,0.009505631402134895,0.010835803113877773,0.013759610243141651,0.017950017005205154,0.022048648446798325,0.02973855473101139,0.040817223489284515,0.05931655317544937,0.10446435958147049,3.5120689868927
210,0.0,0.009285797365009785,0.007116144988685846,0.006192988716065884,0.004773533903062344,0.003281963523477316,0.002746865851804614,0.002598061226308346,0.0025789598003029823,0.002552929101511836,0.00237570540048182,0.0026059518568217754,0.0026614610105752945,0.0032633335795253515,0.003922635689377785,0.004686237778514624,0.005757317878305912,0.006313582882285118,0.007839532569050789,0.009505048394203186,0.010637160390615463,0.013436471112072468,0.018019231036305428,0.021618276834487915,0.03003215603530407,0.039455827325582504,0.05714466795325279,0.11648134142160416,4.375868320465088
211,0.0,0.010086609981954098,0.0077028945088386536,0.006633483339101076,0.005152267403900623,0.003611980238929391,0.002992084249854088,0.002778357360512018,0.0028123357333242893,0.0027411843184381723,0.0025370274670422077,0.002706563798710704,0.0029291321989148855,0.003417376196011901,0.004122466314584017,0.004771282430738211,0.005488283466547728,0.006090905517339706,0.00767991878092289,0.009185127913951874,0.01034027524292469,0.012746304273605347,0.017241690307855606,0.021089069545269012,0.028592556715011597,0.039074692875146866,0.059048961848020554,0.10415446758270264,3.5064659118652344
212,0.0,0.009720941074192524,0.00735823018476367,0.00665343226864934,0.004999516531825066,0.0035430188290774822,0.0029403469525277615,0.0028308662585914135,0.0027601795736700296,0.0026837990153580904,0.002479047514498234,0.002724861027672887,0.00287532526999712,0.003320610150694847,0.003926987759768963,0.004635687917470932,0.005423565395176411,0.006092111114412546,0.008101575076580048,0.009403695352375507,0.010789116844534874,0.013226864859461784,0.017191067337989807,0.021299447864294052,0.028911469504237175,0.03694237768650055,0.05676169693470001,0.1009334921836853,3.6544783115386963
213,0.0,0.00852166023105383,0.006681602913886309,0.005767075810581446,0.0045589879155159,0.0032149795442819595,0.0026357199531048536,0.002495355671271682,0.002480819821357727,0.002490484854206443,0.0023005453404039145,0.0025720817502588034,0.0026779246982187033,0.0031701328698545694,0.003806059481576085,0.004516635090112686,0.005291834939271212,0.005989259108901024,0.007931994274258614,0.009619945660233498,0.010279216803610325,0.012928647920489311,0.017591988667845726,0.021276159211993217,0.029153207316994667,0.03875914216041565,0.05765056610107422,0.10727033019065857,3.8205015659332275
214,0.0,0.009674853645265102,0.007641073781996965,0.006778753828257322,0.005141424015164375,0.0036185786593705416,0.0029912067111581564,0.002836967585608363,0.002781009767204523,0.002734360285103321,0.002536618150770664,0.002740250900387764,0.0029083366971462965,0.0035475436598062515,0.004177588038146496,0.005032089538872242,0.005867535248398781,0.006445432081818581,0.008660431019961834,0.010141936130821705,0.01087569072842598,0.013712196610867977,0.01779063045978546,0.021674351766705513,0.029153354465961456,0.03790924325585365,0.059345126152038574,0.09732677787542343,3.5723822116851807
215,0.0,0.00956603791564703,0.0074136932380497456,0.00647504860535264,0.0050826845690608025,0.0035448793787509203,0.002983032027259469,0.0028174552135169506,0.002683329163119197,0.0027922915760427713,0.002508508274331689,0.002812130143865943,0.002842652378603816,0.003393125720322132,0.004090379923582077,0.004765678662806749,0.0058638001792132854,0.006365297827869654,0.00852906797081232,0.009927895851433277,0.01096686627715826,0.013834451325237751,0.0181190837174654,0.022307878360152245,0.03083665855228901,0.03974287956953049,0.05820218101143837,0.102967768907547,3.4149317741394043
216,0.0,0.010861396789550781,0.008122931234538555,0.007156684063374996,0.005577619653195143,0.0038479065988212824,0.0031226822175085545,0.0028524540830403566,0.0029096100479364395,0.002919408492743969,0.002660245168954134,0.0028148696292191744,0.003118322230875492,0.003572797169908881,0.004362690262496471,0.004996216855943203,0.005795145407319069,0.006499330047518015,0.008413780480623245,0.010003170929849148,0.010930579155683517,0.013241863809525967,0.01795027405023575,0.02172711305320263,0.030003899708390236,0.040567927062511444,0.06013151630759239,0.10478456318378448,3.7227602005004883
217,0.0,0.010014244355261326,0.007707425393164158,0.006895215250551701,0.005354282911866903,0.003694520564749837,0.003068039193749428,0.0027829569298774004,0.0028126502875238657,0.002820977009832859,0.0025408838409930468,0.0028532936703413725,0.0029312586411833763,0.0034944016952067614,0.004203992895781994,0.004790104925632477,0.0055800615809857845,0.006118864752352238,0.008125179447233677,0.009458792395889759,0.01093568280339241,0.013173645362257957,0.017609307542443275,0.021039098501205444,0.029796436429023743,0.039094530045986176,0.06197945773601532,0.11388037353754044,4.485225677490234
218,0.0,0.008302116766571999,0.006406218279153109,0.00577244209125638,0.004405819345265627,0.0030754890758544207,0.002604901324957609,0.002398652955889702,0.002410264452919364,0.0023727193474769592,0.002239441964775324,0.0024070213548839092,0.0025725828018039465,0.003048081649467349,0.003615765832364559,0.004287588410079479,0.004940484184771776,0.005601296667009592,0.007193698547780514,0.009097279980778694,0.009897098876535892,0.01325242966413498,0.017240559682250023,0.020995911210775375,0.028963739052414894,0.03910094499588013,0.05750727280974388,0.10400264710187912,3.5198423862457275
219,0.0,0.00980047695338726,0.0075532374903559685,0.006667200475931168,0.005080454982817173,0.003581207012757659,0.002957209013402462,0.0028417787980288267,0.0026556907687336206,0.0027168469969183207,0.0025445562787353992,0.0027286855038255453,0.002942010760307312,0.0035724113695323467,0.004227484110742807,0.004919343162328005,0.00584046496078372,0.006392137613147497,0.008528117090463638,0.010031481273472309,0.010815972462296486,0.013476978987455368,0.018205242231488228,0.022042322903871536,0.029230790212750435,0.039173584431409836,0.0602833554148674,0.10234203189611435,3.8869826793670654
220,0.0,0.01013418473303318,0.00768017815425992,0.006832046899944544,0.005263619590550661,0.0036865153815597296,0.003137085121124983,0.0027973304968327284,0.002781389281153679,0.002792272949591279,0.0025616479106247425,0.0028407240752130747,0.0029843999072909355,0.0034756476525217295,0.004158288240432739,0.004937304649502039,0.005786743480712175,0.006236020475625992,0.0085330531001091,0.009769011288881302,0.011301827616989613,0.013974371366202831,0.017946632578969002,0.021996356546878815,0.030176740139722824,0.03980940580368042,0.06043589860200882,0.10397505760192871,3.540231227874756
221,0.0,0.00964597798883915,0.007376445923000574,0.0066275265999138355,0.005189333576709032,0.0035857309121638536,0.0030144727788865566,0.0027695270255208015,0.0027511613443493843,0.002673112554475665,0.002456880174577236,0.0027459184639155865,0.002937835408374667,0.0035007926635444164,0.00414807815104723,0.00458635063841939,0.005664687138050795,0.006112829316407442,0.0077696205116808414,0.00937342457473278,0.01073841005563736,0.012852778658270836,0.01750616542994976,0.021319979801774025,0.029407387599349022,0.03981231153011322,0.06046101823449135,0.10542285442352295,4.113499641418457
222,0.0,0.009533686563372612,0.007265686057507992,0.006544922012835741,0.005081639625132084,0.0035480386577546597,0.002867150353267789,0.002744382480159402,0.00263202260248363,0.0025753008667379618,0.0024622357450425625,0.002656359225511551,0.0028266836889088154,0.003345788223668933,0.0039618955925107,0.004670395981520414,0.0053099519573152065,0.005998608656227589,0.007868153974413872,0.009905647486448288,0.01105563435703516,0.013335700146853924,0.017880773171782494,0.02182059735059738,0.029658474028110504,0.040583107620477676,0.06027214229106903,0.1028817892074585,3.3615479469299316
223,0.0,0.010452741757035255,0.007891793735325336,0.0072100358083844185,0.00545934122055769,0.003904924727976322,0.0032291077077388763,0.002971019595861435,0.0028633244801312685,0.002811071928590536,0.0025792093947529793,0.0029904295224696398,0.003006085054948926,0.0035210559144616127,0.004254797473549843,0.004843681585043669,0.006099788937717676,0.006643203087151051,0.008865122683346272,0.010180624201893806,0.01217007078230381,0.014233423396945,0.0183920506387949,0.022920828312635422,0.030425455421209335,0.04146720468997955,0.06171226128935814,0.10735230892896652,3.399662733078003
224,0.0,0.010283777490258217,0.007928697392344475,0.007204912602901459,0.0055123427882790565,0.0039294748567044735,0.0033375832717865705,0.003175323596224189,0.0030400454998016357,0.0029294453561306,0.002771714236587286,0.003084019757807255,0.003198290476575494,0.0036484706215560436,0.004521423950791359,0.005129209253937006,0.006080222316086292,0.006716596428304911,0.008730667643249035,0.010529580526053905,0.011510462500154972,0.01455720979720354,0.018675796687602997,0.021949511021375656,0.0306259673088789,0.04076747968792915,0.0629536509513855,0.10898878425359726,3.895979642868042
225,0.0,0.008482574485242367,0.006626625545322895,0.005776610691100359,0.004554866813123226,0.003236084710806608,0.0026977139059454203,0.0025215016212314367,0.0024755860213190317,0.0025409567169845104,0.0023266016505658627,0.002489345381036401,0.0027718860656023026,0.0033091921359300613,0.003959108144044876,0.004599160514771938,0.00576511025428772,0.0062506054528057575,0.00818664487451315,0.010328462347388268,0.011081376112997532,0.01409779954701662,0.01745397225022316,0.021933624520897865,0.030263951048254967,0.038864102214574814,0.05917471647262573,0.1013907790184021,3.555206775665283
226,0.0,0.009210797026753426,0.00729690957814455,0.006484727840870619,0.00502307852730155,0.003430633805692196,0.0028869567904621363,0.002692435635253787,0.0026352626737207174,0.0025287203025072813,0.0024022229481488466,0.0026334968861192465,0.0028402849566191435,0.003292960347607732,0.0039728665724396706,0.004802401177585125,0.005867973901331425,0.006390113849192858,0.008156005293130875,0.009868000634014606,0.010921361856162548,0.013648122549057007,0.01838841661810875,0.021299179643392563,0.03037361614406109,0.03915311396121979,0.05889001116156578,0.10438624769449234,3.5886433124542236
227,0.0,0.008789398707449436,0.006713613402098417,0.005924206227064133,0.004606352187693119,0.003237219527363777,0.002648119116201997,0.0025676123332232237,0.002572390716522932,0.002541228896006942,0.002277122111991048,0.002506034914404154,0.0026287343353033066,0.00320494850166142,0.003798617050051689,0.004343158099800348,0.005211702547967434,0.00604125065729022,0.008182142861187458,0.00976014044135809,0.010793514549732208,0.013423299416899681,0.017655160278081894,0.021803947165608406,0.028554415330290794,0.0390421487390995,0.058255527168512344,0.1070706844329834,3.6970348358154297
228,0.0,0.00949285738170147,0.007208997383713722,0.006445831153541803,0.004975529387593269,0.003431933932006359,0.0028579493518918753,0.0026366482488811016,0.002682310761883855,0.0026439400389790535,0.0025063471402972937,0.002718477277085185,0.0028475639410316944,0.0033484601881355047,0.004105487838387489,0.004781268071383238,0.005881397519260645,0.006293796934187412,0.008581127971410751,0.009804017841815948,0.011197459883987904,0.013935747556388378,0.018201755359768867,0.022486058995127678,0.02957943081855774,0.039820101112127304,0.06095404550433159,0.10945871472358704,3.785543918609619
229,0.0,0.007223732303828001,0.005720793269574642,0.004953352268785238,0.0038588910829275846,0.0027275821194052696,0.0022974954918026924,0.0021973520051687956,0.0022350121289491653,0.0022236891090869904,0.0020586010068655014,0.0022654368076473475,0.002485012635588646,0.0029095096979290247,0.0036040744744241238,0.0041168369352817535,0.005071843974292278,0.005792782176285982,0.007478998973965645,0.009501771070063114,0.010283156298100948,0.013207454234361649,0.01821027137339115,0.022506028413772583,0.02980491705238819,0.04056859761476517,0.05908362939953804,0.10293368250131607,3.818506956100464
230,0.0,0.009472129866480827,0.007238034624606371,0.006504368036985397,0.0050671338103711605,0.0035337358713150024,0.002978941658511758,0.002744276076555252,0.002737276488915086,0.0026321676559746265,0.0024168251547962427,0.002733767731115222,0.002862087916582823,0.003217462683096528,0.0038629272021353245,0.004647374618798494,0.005332014989107847,0.006097828038036823,0.007835294120013714,0.0092612998560071,0.010734044946730137,0.01343749463558197,0.017253825441002846,0.021407553926110268,0.028440069407224655,0.04017455130815506,0.05985831841826439,0.09717857837677002,3.1225361824035645
231,0.0,0.009179617278277874,0.006977725774049759,0.006111378315836191,0.004765111953020096,0.0033509451895952225,0.0027031563222408295,0.002488241298124194,0.0025153919123113155,0.0025796920526772738,0.0024138861335814,0.0026165673043578863,0.002717477036640048,0.003206830471754074,0.0038234684616327286,0.0043907780200243,0.005079013295471668,0.005647205747663975,0.007183253765106201,0.008945650421082973,0.009660107083618641,0.012354149483144283,0.0171156357973814,0.0209326334297657,0.02867971360683441,0.03716541454195976,0.05567282438278198,0.10824824869632721,4.4298930168151855
232,0.0,0.009307922795414925,0.007120458874851465,0.006250595673918724,0.004791146609932184,0.0033120710868388414,0.002716356422752142,0.002531839068979025,0.002544386312365532,0.002538538770750165,0.0023724243510514498,0.0025747069157660007,0.0027598540764302015,0.0032054707407951355,0.003906951751559973,0.00457034632563591,0.005564089864492416,0.006261780392378569,0.00791930966079235,0.009667894802987576,0.010082047432661057,0.013165127485990524,0.017531495541334152,0.02073744684457779,0.029002221301198006,0.037434469908475876,0.05734439194202423,0.11341726034879684,4.477630615234375
233,0.0,0.009968262165784836,0.0076161655597388744,0.00672639487311244,0.005147978663444519,0.003603331046178937,0.0028703114949166775,0.0027608892414718866,0.0027908298652619123,0.0027960946317762136,0.0025603787507861853,0.0027890631463378668,0.0028558329213410616,0.00344553729519248,0.004104987718164921,0.00487105967476964,0.005575188901275396,0.006254620850086212,0.007761993911117315,0.009619544260203838,0.0103475796058774,0.012896385975182056,0.01719450019299984,0.02095191739499569,0.028473354876041412,0.037120696157217026,0.05898047983646393,0.1016857847571373,3.3749144077301025
234,0.0,0.00925044808536768,0.007165802642703056,0.006299921311438084,0.004905203823000193,0.00342360557988286,0.0028975747991353273,0.0027144160121679306,0.0027199049945920706,0.0026580686680972576,0.002417018637061119,0.002722770208492875,0.0028349910862743855,0.0033008409664034843,0.003959654364734888,0.004848183132708073,0.005599979776889086,0.0061315796338021755,0.008207662962377071,0.009530186653137207,0.010914664715528488,0.013266539201140404,0.01738501526415348,0.021185776218771935,0.03005303628742695,0.03832429274916649,0.05809960141777992,0.11101804673671722,3.8652071952819824
235,0.0,0.0070772795006632805,0.005650967825204134,0.0049973465502262115,0.003914743196219206,0.0027439328841865063,0.002250569872558117,0.0021586392540484667,0.002151395659893751,0.0021383031271398067,0.002051916439086199,0.002269558608531952,0.0023998331744223833,0.002849917160347104,0.003393104299902916,0.003951907157897949,0.004741187207400799,0.005478029139339924,0.006870479788631201,0.009170095436275005,0.009889015927910805,0.012861198745667934,0.017921751365065575,0.02155703492462635,0.029628917574882507,0.03933125361800194,0.058330778032541275,0.10190758109092712,3.6343631744384766
