,layer_1,layer_2,layer_3,layer_4,layer_5,layer_6,layer_7,layer_8,layer_9,layer_10,layer_11,layer_12,layer_13,layer_14,layer_15,layer_16,layer_17,layer_18,layer_19,layer_20,layer_21,layer_22,layer_23,layer_24,layer_25,layer_26,layer_27,layer_28,layer_29
0,0.0,0.008492344990372658,0.006449711974710226,0.0057512796483933926,0.004422973841428757,0.0031091016717255116,0.002523590112105012,0.002443863544613123,0.0023884817492216825,0.002383372513577342,0.0022099397610872984,0.002429652726277709,0.002614328172057867,0.0030655853915959597,0.00357162207365036,0.004281376954168081,0.005276354495435953,0.00589520251378417,0.0075924512930214405,0.009512475691735744,0.010097435675561428,0.01340288296341896,0.017445232719182968,0.020840875804424286,0.029460802674293518,0.04090949520468712,0.0590900294482708,0.10001379996538162,3.8840200901031494
1,0.0,0.007695063017308712,0.006028853822499514,0.005494731478393078,0.00426491117104888,0.002993511501699686,0.0024699398782104254,0.0023592968937009573,0.002422524616122246,0.0023026084527373314,0.0021473001688718796,0.002372709335759282,0.002557747531682253,0.0030476991087198257,0.0036396768409758806,0.004194299224764109,0.005146585870534182,0.005764116533100605,0.0077719190157949924,0.009601234458386898,0.010484174825251102,0.01335546188056469,0.018166566267609596,0.021690750494599342,0.029856273904442787,0.039233606308698654,0.05931051820516586,0.11087294667959213,4.194003105163574
2,0.0,0.00944217573851347,0.007006727624684572,0.006207803264260292,0.004835898522287607,0.003375799162313342,0.0027206067461520433,0.0025810524821281433,0.0026119910180568695,0.00258342525921762,0.0024216354358941317,0.002536199754104018,0.002695942297577858,0.003163300221785903,0.003843732178211212,0.004569509066641331,0.005527666304260492,0.005945323500782251,0.007443570531904697,0.009197547100484371,0.009984997101128101,0.012820549309253693,0.01712081767618656,0.020855195820331573,0.028808729723095894,0.03843607380986214,0.055171746760606766,0.0970739871263504,3.6172847747802734
3,0.0,0.00929673295468092,0.007031544577330351,0.006112913601100445,0.004664936102926731,0.0032544024288654327,0.002639358164742589,0.0024736467748880386,0.0025465814396739006,0.0025116545148193836,0.0023071104660630226,0.0025515612214803696,0.00268696341663599,0.003228840883821249,0.003774428041651845,0.004356015473604202,0.004973147064447403,0.00574613269418478,0.007959598675370216,0.009297747164964676,0.010160856880247593,0.012555067427456379,0.017330845817923546,0.02037752978503704,0.028492363169789314,0.03721588850021362,0.05544186010956764,0.09462912380695343,3.2478137016296387
4,0.0,0.009886874817311764,0.007461809553205967,0.006527348887175322,0.005056541878730059,0.0035457906778901815,0.0029374759178608656,0.0027961668092757463,0.0027274207677692175,0.002713634632527828,0.0025116377510130405,0.002753019565716386,0.0029181065037846565,0.0034899746533483267,0.004004123620688915,0.004562558606266975,0.005353406071662903,0.006026408169418573,0.007579350844025612,0.008847523480653763,0.010006401687860489,0.012756617739796638,0.016996247693896294,0.020484261214733124,0.028715237975120544,0.03899642080068588,0.056608717888593674,0.10061447322368622,3.881293296813965
5,0.0,0.007375698536634445,0.005811425857245922,0.005147089250385761,0.004033996257930994,0.0028009088709950447,0.002343901200219989,0.002152640838176012,0.0022581107914447784,0.002296817023307085,0.00208582216873765,0.0023420611396431923,0.0025430377572774887,0.002890493255108595,0.003514362731948495,0.004073786549270153,0.0047929612919688225,0.005721208639442921,0.0072113084606826305,0.009104317985475063,0.010081661865115166,0.013038323260843754,0.01762431487441063,0.021712476387619972,0.02987201325595379,0.03958645090460777,0.0579046905040741,0.10123104602098465,3.5008585453033447
6,0.0,0.007884900085628033,0.006079234182834625,0.005311714485287666,0.004166116937994957,0.0029223186429589987,0.0023892188910394907,0.0022549545392394066,0.0023005057591944933,0.002314638812094927,0.002214978449046612,0.0024208438117057085,0.002578740706667304,0.00302168563939631,0.003628329373896122,0.0042866310104727745,0.005020682699978352,0.005614009220153093,0.007361467927694321,0.009147603996098042,0.010182769037783146,0.013956516981124878,0.01814388670027256,0.02168996073305607,0.029517924413084984,0.03901873901486397,0.058274589478969574,0.09835171699523926,3.621843099594116
7,0.0,0.009932122193276882,0.007635191548615694,0.006666755769401789,0.005155705846846104,0.0034990222193300724,0.002868488198146224,0.002689055632799864,0.0027243653312325478,0.0028269626200199127,0.0026018747594207525,0.002756210509687662,0.00299667427316308,0.0035165497101843357,0.003979409579187632,0.004656246397644281,0.005301457364112139,0.005960552021861076,0.007952979765832424,0.00927321519702673,0.010536286979913712,0.013008639216423035,0.017684457823634148,0.02147567830979824,0.029772726818919182,0.038541924208402634,0.05892627313733101,0.10351323336362839,3.390342950820923
8,0.0,0.010265707038342953,0.007616248447448015,0.006869218777865171,0.005238478071987629,0.0036401336546987295,0.0029828515835106373,0.0027577648870646954,0.0028271209448575974,0.0028805434703826904,0.0026198227424174547,0.002838678192347288,0.0029432177543640137,0.003518825164064765,0.004061923827975988,0.00471261003986001,0.005462076514959335,0.006137792952358723,0.007761490996927023,0.009407110512256622,0.01016414538025856,0.01306727435439825,0.016948018223047256,0.02113938331604004,0.029436688870191574,0.04014462232589722,0.0603141225874424,0.10879519581794739,4.152591228485107
9,0.0,0.009521076455712318,0.0072532715275883675,0.006445102859288454,0.00493085291236639,0.0034022743348032236,0.002805352210998535,0.0025946409441530704,0.0026134501677006483,0.002567389514297247,0.0023860165383666754,0.002567573916167021,0.0027356601785868406,0.0033260236959904432,0.003908159211277962,0.004651194903999567,0.0054647778160870075,0.005844871047884226,0.008009815588593483,0.009768362157046795,0.010294327512383461,0.013199727982282639,0.017792224884033203,0.020639648661017418,0.028398888185620308,0.038511790335178375,0.056724682450294495,0.10513585060834885,3.7868916988372803
10,0.0,0.0090456148609519,0.007095692679286003,0.006329928524792194,0.0048839314840734005,0.0034367740154266357,0.0028696299996227026,0.002673117443919182,0.002654863055795431,0.002598153194412589,0.0024807939771562815,0.0025684109423309565,0.0027520419098436832,0.0032326297368854284,0.003774056676775217,0.004510913044214249,0.005292982328683138,0.00600154884159565,0.007736518979072571,0.009325669147074223,0.010312594473361969,0.012497269548475742,0.016923096030950546,0.02034904435276985,0.02894400991499424,0.037122827023267746,0.05653396248817444,0.10260326415300369,3.62502384185791
11,0.0,0.009246605448424816,0.007378682494163513,0.0064779361709952354,0.005067790858447552,0.0035632906947284937,0.0029922788962721825,0.002710656262934208,0.0026617967523634434,0.0026264963671565056,0.002444403013214469,0.0026360920164734125,0.0028661764226853848,0.003357905661687255,0.003950883634388447,0.0045917583629488945,0.005752077326178551,0.00617593340575695,0.008310871198773384,0.009836861863732338,0.010593520477414131,0.013422541320323944,0.01807519607245922,0.021712971851229668,0.029488395899534225,0.038993801921606064,0.06048654392361641,0.10026567429304123,3.324702024459839
12,0.0,0.009235803969204426,0.007092573679983616,0.006408908404409885,0.004901827313005924,0.003419756656512618,0.002828568685799837,0.0026489687152206898,0.00256556854583323,0.0026320992037653923,0.002428108360618353,0.0026852537412196398,0.0029166715685278177,0.0033992601092904806,0.003949329722672701,0.004587559960782528,0.00564983393996954,0.006070761010050774,0.008134164847433567,0.009301548823714256,0.010417688637971878,0.012984327971935272,0.01755944825708866,0.021230539306998253,0.02889491803944111,0.038480836898088455,0.05897945165634155,0.09605921059846878,3.206263542175293
13,0.0,0.00947494711726904,0.007368570659309626,0.0065999748185276985,0.0051459926180541515,0.0035756146535277367,0.0030030279885977507,0.0029047245625406504,0.002747440943494439,0.0026998897083103657,0.002418618882074952,0.00276081427000463,0.0029463516548275948,0.0033401395194232464,0.004031010903418064,0.004704408813267946,0.005568170454353094,0.006103214342147112,0.007856152951717377,0.009781034663319588,0.01072889007627964,0.01346299983561039,0.017568038776516914,0.02079412154853344,0.0304048340767622,0.04035884141921997,0.06076696142554283,0.10279960930347443,3.6988062858581543
14,0.0,0.009940868243575096,0.0076437839306890965,0.0067611439153552055,0.0052788835018873215,0.003741248045116663,0.003099991474300623,0.002913988893851638,0.002831182209774852,0.0028568306006491184,0.0026281913742423058,0.002812689170241356,0.002980222925543785,0.0035560603719204664,0.004233770538121462,0.004977301228791475,0.005956384353339672,0.006330224685370922,0.00845928955823183,0.010131054557859898,0.011103034019470215,0.01362865325063467,0.018043946474790573,0.022471940144896507,0.030514348298311234,0.040413327515125275,0.05954477936029434,0.10545597970485687,3.7489664554595947
15,0.0,0.0102802449837327,0.007963309995830059,0.006950428243726492,0.0053546242415905,0.0037231543101370335,0.003185214241966605,0.0029475861229002476,0.0027946392074227333,0.0028521663043648005,0.002534709870815277,0.002929188311100006,0.0030157738365232944,0.003551264526322484,0.004183067940175533,0.004837478045374155,0.005550696514546871,0.006511415354907513,0.008191635832190514,0.009888513013720512,0.010621658526360989,0.013347970321774483,0.017070019617676735,0.021013660356402397,0.028583409264683723,0.040096793323755264,0.059565700590610504,0.11072758585214615,3.694080114364624
16,0.0,0.009645048528909683,0.007210643962025642,0.006410512141883373,0.0048983595333993435,0.003379334695637226,0.0027845692820847034,0.002630774397403002,0.0025642155669629574,0.0026693434920161963,0.0024439275730401278,0.0026100976392626762,0.002817681059241295,0.003289879532530904,0.0038472849410027266,0.004644331987947226,0.005520359147340059,0.006081435829401016,0.007848703302443027,0.009278330951929092,0.010344830341637135,0.012966552749276161,0.01704348437488079,0.020867718383669853,0.02873357944190502,0.03874663636088371,0.05620206519961357,0.10583430528640747,3.712717056274414
17,0.0,0.008133606053888798,0.006243112962692976,0.0054827188141644,0.004231322091072798,0.002939242869615555,0.0024221697822213173,0.0022739602718502283,0.0023156229872256517,0.0022970621939748526,0.0021109525114297867,0.002332537667825818,0.0025305896997451782,0.002965903375297785,0.003489819820970297,0.004117858596146107,0.005001558922231197,0.005658335983753204,0.007445730734616518,0.009365743957459927,0.010133775882422924,0.013034075498580933,0.01756664551794529,0.02155149169266224,0.029926801100373268,0.03968050703406334,0.057518549263477325,0.10397439450025558,3.9130520820617676
18,0.0,0.009244494140148163,0.006973662879317999,0.0061499252915382385,0.004779087379574776,0.0033190122339874506,0.00276180705986917,0.002505541080608964,0.0026046219281852245,0.0026721088215708733,0.0024285740219056606,0.002633853582665324,0.0028100330382585526,0.003322834149003029,0.003831545589491725,0.004340262617915869,0.005151320248842239,0.005650999024510384,0.007058958522975445,0.008946232497692108,0.01017765048891306,0.012974819168448448,0.016451166942715645,0.020682519301772118,0.029360484331846237,0.03742828220129013,0.059102412313222885,0.09158339351415634,3.2564308643341064
19,0.0,0.008890013210475445,0.0068707093596458435,0.005975458305329084,0.004726584535092115,0.003288004081696272,0.0027272317092865705,0.0025538562331348658,0.002551020821556449,0.002528766170144081,0.002373296767473221,0.002541567897424102,0.0027908277697861195,0.0031910527031868696,0.0038659635465592146,0.00447408203035593,0.005241948179900646,0.00587441585958004,0.007813147269189358,0.00935406144708395,0.010644945316016674,0.012936512939631939,0.017423879355192184,0.0212609451264143,0.029385417699813843,0.038453057408332825,0.05820513889193535,0.1025381088256836,3.8837735652923584
20,0.0,0.009523398242890835,0.007328812964260578,0.00632894691079855,0.004902462940663099,0.0034194046165794134,0.002831847872585058,0.002625553635880351,0.002632703399285674,0.0026676482520997524,0.0024541011080145836,0.0027221031486988068,0.002852764679118991,0.0033287685364484787,0.0037902628537267447,0.0044489954598248005,0.005212272517383099,0.005779759027063847,0.007631821092218161,0.009178228676319122,0.00969111081212759,0.01285302359610796,0.016991086304187775,0.020795464515686035,0.028918039053678513,0.038038261234760284,0.05735554173588753,0.10142852365970612,3.7268879413604736
21,0.0,0.01062832586467266,0.008145318366587162,0.007047142833471298,0.005404068157076836,0.003738939994946122,0.0031958390027284622,0.0029204986058175564,0.002905936911702156,0.002862769179046154,0.002666494809091091,0.002976743970066309,0.0030122005846351385,0.0035510400775820017,0.004309648647904396,0.00485949544236064,0.006036242004483938,0.006686786655336618,0.00889365654438734,0.010378671810030937,0.011056403629481792,0.013013491407036781,0.01747620478272438,0.0216313935816288,0.02974342182278633,0.03960299491882324,0.05946828052401543,0.10690540075302124,3.5298428535461426
22,0.0,0.009649813175201416,0.007354117929935455,0.006440038327127695,0.004939612466841936,0.0034102322533726692,0.0027436227537691593,0.002548013813793659,0.002547374228015542,0.002626565983518958,0.002387354848906398,0.0026097153313457966,0.0026757465675473213,0.003223495790734887,0.0037018852308392525,0.0043258629739284515,0.0051493216305971146,0.005730342119932175,0.007484604604542255,0.009201298467814922,0.010300712659955025,0.012686255387961864,0.016869165003299713,0.02041267417371273,0.028240041807293892,0.036915965378284454,0.0556335523724556,0.096947580575943,3.4169530868530273
23,0.0,0.010103882290422916,0.007764687296003103,0.006739574950188398,0.005191291216760874,0.0035733196418732405,0.002969512715935707,0.0028010266833007336,0.0028065971564501524,0.0028392025269567966,0.0025499588809907436,0.002803401555866003,0.003052189014852047,0.003406642936170101,0.0041650934144854546,0.004827302414923906,0.005812787916511297,0.006422149017453194,0.008435196243226528,0.010537299327552319,0.011285452172160149,0.013625845313072205,0.017291059717535973,0.02139686606824398,0.029712829738855362,0.04162011295557022,0.05955668166279793,0.10609355568885803,3.505632162094116
24,0.0,0.007579617202281952,0.005858397576957941,0.0052122147753834724,0.004085481632500887,0.002918495796620846,0.002385156461969018,0.002260870998725295,0.0022180252708494663,0.0021572953555732965,0.0020572436042129993,0.0023036450147628784,0.0024725852999836206,0.0028813062235713005,0.00346901617012918,0.004152611363679171,0.004955733194947243,0.005555428564548492,0.00744260661303997,0.00943010300397873,0.009975962340831757,0.013064423575997353,0.017424823716282845,0.02155158668756485,0.029117505997419357,0.038353510200977325,0.056072331964969635,0.10335002839565277,3.623795509338379
25,0.0,0.007343083620071411,0.0057640401646494865,0.00503698643296957,0.003988525364547968,0.0028014841955155134,0.0023049823939800262,0.002175971632823348,0.0021801977418363094,0.002195097738876939,0.002026028698310256,0.002218028763309121,0.0024041649885475636,0.00289924256503582,0.00335918040946126,0.003935692366212606,0.004740748554468155,0.005628382321447134,0.00703458720818162,0.00901719368994236,0.010366696864366531,0.013123602606356144,0.018161054700613022,0.021640310063958168,0.03053431399166584,0.03983616828918457,0.057382311671972275,0.10057609528303146,3.6927947998046875
26,0.0,0.011622367426753044,0.008689009584486485,0.0075363582000136375,0.005823096726089716,0.004081896971911192,0.003296657931059599,0.003024057485163212,0.003032887354493141,0.003289812244474888,0.0027775270864367485,0.003179628634825349,0.003309587249532342,0.0037788741756230593,0.004484254866838455,0.005402341950684786,0.006051228381693363,0.006565426010638475,0.007942545227706432,0.009555560536682606,0.01094242837280035,0.01348885241895914,0.018028469756245613,0.022206012159585953,0.03061848133802414,0.04061709716916084,0.06258577108383179,0.1106378361582756,4.237511157989502
27,0.0,0.009468048810958862,0.007212543860077858,0.006363361142575741,0.005106057971715927,0.0035909716971218586,0.0029215633403509855,0.0028305051382631063,0.002804818097501993,0.0027152758557349443,0.00249072746373713,0.0028163997922092676,0.002969366265460849,0.0034658415243029594,0.004138327203691006,0.004827012307941914,0.005944883916527033,0.006574193015694618,0.008444985374808311,0.009849173948168755,0.011064719408750534,0.01377842016518116,0.018117224797606468,0.021587640047073364,0.029615717008709908,0.04080600291490555,0.06244920566678047,0.10811155289411545,3.6899054050445557
28,0.0,0.010869229212403297,0.008181415498256683,0.007174193859100342,0.0055697341449558735,0.0038878442719578743,0.0032287007197737694,0.0029615513049066067,0.00291023263707757,0.0028864096384495497,0.0025935936719179153,0.00298301107250154,0.003009457839652896,0.003572486573830247,0.0041536204516887665,0.005065189674496651,0.005818328354507685,0.006368950009346008,0.008154183626174927,0.009649112820625305,0.01102194469422102,0.013307453133165836,0.017454804852604866,0.021876104176044464,0.029412763193249702,0.0384652353823185,0.05897209793329239,0.10448788851499557,3.596565008163452
29,0.0,0.009291613474488258,0.007070973515510559,0.006330315954983234,0.004984711296856403,0.003401716472581029,0.002831237856298685,0.0025904481299221516,0.00271551008336246,0.002648476278409362,0.002431711880490184,0.002733987057581544,0.002816193737089634,0.003390569007024169,0.00384502112865448,0.004611432086676359,0.005369913764297962,0.005950543098151684,0.0077593764290213585,0.00944932084530592,0.010415163822472095,0.01286159735172987,0.016694573685526848,0.021009309217333794,0.028770720586180687,0.039057184010744095,0.05780422315001488,0.09518235176801682,3.551754951477051
30,0.0,0.010283947922289371,0.007786471862345934,0.006984899751842022,0.005357235204428434,0.003774701850488782,0.0031883942428976297,0.0029561310075223446,0.0028646483551710844,0.0029137444216758013,0.0026007704436779022,0.002869335701689124,0.0029959750827401876,0.0035049612633883953,0.004331199452280998,0.005092296749353409,0.005778120830655098,0.006593206897377968,0.008175860159099102,0.009564262814819813,0.010839647613465786,0.012834801338613033,0.017502089962363243,0.021562164649367332,0.02890154719352722,0.03923635557293892,0.0586550347507,0.0976535826921463,3.6201462745666504
31,0.0,0.008310033939778805,0.006402668077498674,0.005576161202043295,0.004372048657387495,0.003070716978982091,0.002520795213058591,0.0023485657293349504,0.0023757454473525286,0.002332964912056923,0.0022310796193778515,0.002361713442951441,0.0025921780616045,0.0030314528848975897,0.0035387608222663403,0.004188984166830778,0.005084209144115448,0.005582929588854313,0.007310505490750074,0.008975664153695107,0.00997758936136961,0.012760265730321407,0.017307695001363754,0.020761048421263695,0.02956465631723404,0.03919053077697754,0.05787134915590286,0.10035520046949387,3.3861305713653564
32,0.0,0.010183287784457207,0.007618444040417671,0.0067918989807367325,0.005177601706236601,0.0036986495833843946,0.0029871193692088127,0.002849326701834798,0.0027118627913296223,0.0028615170158445835,0.002676266711205244,0.0028529935516417027,0.00308184209279716,0.0035748097579926252,0.004079487174749374,0.004722059704363346,0.005471792537719011,0.006314087193459272,0.00800993200391531,0.009754951111972332,0.010805643163621426,0.01301244180649519,0.01760132610797882,0.021374603733420372,0.02897094562649727,0.04092535749077797,0.05870740860700607,0.10287370532751083,3.660555124282837
33,0.0,0.010774821043014526,0.008105640299618244,0.007225596811622381,0.005568968132138252,0.0038248789496719837,0.003228412941098213,0.0030177682638168335,0.002949020592495799,0.0029300819151103497,0.0026704163756221533,0.0030287981498986483,0.003080911235883832,0.0037216423079371452,0.004370577167719603,0.005084716249257326,0.00613741809502244,0.0066511137410998344,0.008724341168999672,0.009893297217786312,0.010853688232600689,0.013263693079352379,0.017433395609259605,0.021565793082118034,0.029218923300504684,0.040270913392305374,0.06065236032009125,0.10817738622426987,3.5775535106658936
34,0.0,0.010565778240561485,0.008035521022975445,0.007097413297742605,0.005544147454202175,0.0038527552969753742,0.003321458585560322,0.0029718566220253706,0.002965786261484027,0.00294183730147779,0.002718346891924739,0.003010248066857457,0.0030317113269120455,0.003669410478323698,0.004250082653015852,0.005090823397040367,0.006048128474503756,0.006581580266356468,0.00840122252702713,0.010182655416429043,0.011141585186123848,0.014203179627656937,0.018496261909604073,0.02189233899116516,0.0303655993193388,0.04276905208826065,0.06118759512901306,0.1098763719201088,4.078286170959473
35,0.0,0.010479317978024483,0.0080672986805439,0.0071366629563272,0.005502593237906694,0.003840690478682518,0.00321991671808064,0.0029658477287739515,0.002953094197437167,0.0029679713770747185,0.002706987550482154,0.003045350778847933,0.0030934999231249094,0.0036730628926306963,0.004265624098479748,0.005122811533510685,0.006100744940340519,0.0066902912221848965,0.008610044606029987,0.00994663592427969,0.011509976349771023,0.013552580960094929,0.017958207055926323,0.021851949393749237,0.030266646295785904,0.040644921362400055,0.061534665524959564,0.11358945071697235,3.8422048091888428
36,0.0,0.011172299273312092,0.008450300432741642,0.0074919951148331165,0.005786914378404617,0.003982775378972292,0.003272917354479432,0.0029716293793171644,0.002994032111018896,0.0031165387481451035,0.0028554112650454044,0.003112353850156069,0.0032460999209433794,0.0038691642694175243,0.004619985353201628,0.005368377082049847,0.006096514407545328,0.006843692157417536,0.008381946943700314,0.010354098863899708,0.012007219716906548,0.013978474773466587,0.018787996843457222,0.023334061726927757,0.031041152775287628,0.041690561920404434,0.06435658037662506,0.1141616553068161,3.493454694747925
37,0.0,0.009644449688494205,0.007466941140592098,0.006424967665225267,0.005024825222790241,0.003485150635242462,0.002972933929413557,0.0027655435260385275,0.002702441532164812,0.0026829445268958807,0.0024594946298748255,0.0027554340194910765,0.002859446918591857,0.0033548909705132246,0.003999640233814716,0.004646523855626583,0.00541467871516943,0.0061261472292244434,0.00804390013217926,0.00927157886326313,0.010487397201359272,0.012890380807220936,0.017091065645217896,0.02168681100010872,0.029564110562205315,0.038371842354536057,0.060257311910390854,0.10845021158456802,3.882709503173828
38,0.0,0.008704270236194134,0.006624783854931593,0.005814481992274523,0.0045311469584703445,0.0031367535702884197,0.002564356429502368,0.002369555411860347,0.0023809883277863264,0.002366789849475026,0.0021951624657958746,0.0023716804571449757,0.0025221840478479862,0.0029622912406921387,0.0036141120363026857,0.004317476414144039,0.004954884294420481,0.005645161960273981,0.007494405377656221,0.009014156647026539,0.009987839497625828,0.012737044133245945,0.017003072425723076,0.020339420065283775,0.029837964102625847,0.03792635723948479,0.05568119138479233,0.10036806017160416,3.631155252456665
39,0.0,0.008376091718673706,0.0063911001197993755,0.005698824301362038,0.004386776126921177,0.0030332489404827356,0.0025070621632039547,0.002372124930843711,0.0023480579257011414,0.0022823242470622063,0.002140406286343932,0.0023732357658445835,0.0025019485037773848,0.002953446004539728,0.003508178750053048,0.004211088176816702,0.005180789157748222,0.005744589027017355,0.007455295417457819,0.009210709482431412,0.010107028298079967,0.012914629653096199,0.017598900943994522,0.021058643236756325,0.029593490064144135,0.038389477878808975,0.05707080289721489,0.1023242175579071,3.491652488708496
40,0.0,0.010144487954676151,0.0078020477667450905,0.007050712127238512,0.00539391441270709,0.0037931292317807674,0.0031994248274713755,0.0029429495334625244,0.0028565351385623217,0.002792227314785123,0.002609832910820842,0.002861633663997054,0.003025798825547099,0.003614128567278385,0.004312816075980663,0.005077415611594915,0.005956000182777643,0.0062362090684473515,0.00845526996999979,0.01000555045902729,0.010893660597503185,0.01393839716911316,0.0179497878998518,0.022081056609749794,0.030107222497463226,0.04030286520719528,0.0606241412460804,0.1072285994887352,4.166443347930908
41,0.0,0.008632978424429893,0.006777120288461447,0.005910526495426893,0.004617536906152964,0.003185771871358156,0.0026842444203794003,0.002465834841132164,0.0024789462331682444,0.0024716565385460854,0.0022826644126325846,0.0025144016835838556,0.0026702953036874533,0.00318573834374547,0.003919699694961309,0.0045292493887245655,0.005409443750977516,0.006113935727626085,0.008065230213105679,0.009570118971168995,0.010840928182005882,0.013092382811009884,0.017677845433354378,0.02220194973051548,0.029140129685401917,0.03868580982089043,0.05759938061237335,0.10630453377962112,3.776517152786255
42,0.0,0.009792789816856384,0.007571038324385881,0.00686779897660017,0.00538258021697402,0.003689871169626713,0.0030713279265910387,0.002924055326730013,0.0027488605119287968,0.0028676402289420366,0.002570932498201728,0.0028979063499718904,0.0029260613955557346,0.0036029722541570663,0.004112534690648317,0.004788649268448353,0.005617964547127485,0.006452842149883509,0.008360618725419044,0.00997549295425415,0.011161410249769688,0.013533067889511585,0.01745554804801941,0.021718459203839302,0.030127324163913727,0.03947695344686508,0.059839069843292236,0.10252474993467331,3.7108771800994873
43,0.0,0.010540462099015713,0.00805774237960577,0.007159821689128876,0.0054449778981506824,0.003770350245758891,0.0031458239536732435,0.0029514289926737547,0.00290568545460701,0.002887424547225237,0.0027436388190835714,0.0029906549025326967,0.003127477830275893,0.0036068230401724577,0.0042701284401118755,0.004925998859107494,0.005681859329342842,0.006347309332340956,0.008171179331839085,0.009784814901649952,0.010424173437058926,0.013596756383776665,0.017528146505355835,0.02154756337404251,0.02899344079196453,0.038025807589292526,0.05977560579776764,0.10944114625453949,4.045308589935303
44,0.0,0.009781586937606335,0.007390113081783056,0.006591759156435728,0.005147154442965984,0.0035172535572201014,0.0029634900856763124,0.0026875673793256283,0.002683354541659355,0.0027603590860962868,0.002463642740622163,0.0026931418105959892,0.002935228170827031,0.003424921305850148,0.0040452866815030575,0.004808816127479076,0.0057117026299238205,0.006329785566776991,0.00783497653901577,0.009509827010333538,0.010784700512886047,0.013440998271107674,0.01698251999914646,0.02100653201341629,0.02899659238755703,0.03975065052509308,0.05796195939183235,0.09584292024374008,3.3783483505249023
45,0.0,0.009689867496490479,0.007357187569141388,0.006426925305277109,0.004952265415340662,0.0033985020127147436,0.002785122487694025,0.0025666796136647463,0.0025205903220921755,0.002594445599243045,0.0023854714818298817,0.0026070529129356146,0.0028087978716939688,0.003262284444645047,0.003957639914005995,0.0045838081277906895,0.005303168669342995,0.005856406409293413,0.007573188282549381,0.009593973867595196,0.010335508733987808,0.013266216963529587,0.017228618264198303,0.021184438839554787,0.029978634789586067,0.039016127586364746,0.059201065450906754,0.1066795065999031,3.89019775390625
46,0.0,0.009803993627429008,0.0074621280655264854,0.006642083637416363,0.005065808538347483,0.0034395374823361635,0.002880988409742713,0.0027397642843425274,0.0026804455555975437,0.002702331403270364,0.002530624158680439,0.002782384632155299,0.002911216812208295,0.003453347599133849,0.004049359355121851,0.0048028272576630116,0.005553952418267727,0.006244233343750238,0.008135809563100338,0.009978958405554295,0.010539205744862556,0.013201597146689892,0.01713530160486698,0.02094993181526661,0.029836535453796387,0.038234785199165344,0.05821904167532921,0.1033283993601799,3.4508440494537354
47,0.0,0.008362265303730965,0.006512295454740524,0.005732940975576639,0.004512418061494827,0.0031531129498034716,0.002597037237137556,0.0024663947988301516,0.0024536196142435074,0.0024453159421682358,0.002196668181568384,0.0025340572465211153,0.002708109561353922,0.003168505849316716,0.0037077567540109158,0.004372247029095888,0.005318015813827515,0.005862674210220575,0.00792703777551651,0.009738078340888023,0.010724551044404507,0.013461410999298096,0.017945222556591034,0.02187536098062992,0.030360329896211624,0.0401458702981472,0.058768678456544876,0.10592793673276901,3.7442610263824463
48,0.0,0.008627341128885746,0.006760206539183855,0.005915794521570206,0.004579421132802963,0.003226988483220339,0.0027422208804637194,0.002627132460474968,0.0025542182847857475,0.0026094000786542892,0.002291517797857523,0.0025777562987059355,0.002725031226873398,0.0031897013541311026,0.003892811480909586,0.004375124350190163,0.005389613565057516,0.006043791770935059,0.007713908329606056,0.009386371821165085,0.010325797833502293,0.013265077956020832,0.01745724491775036,0.021421289071440697,0.029487531632184982,0.039772387593984604,0.05769435316324234,0.1039438471198082,3.6756529808044434
49,0.0,0.010486931540071964,0.008048641495406628,0.007076140493154526,0.0054761432111263275,0.0038143014535307884,0.003185192821547389,0.0029384216759353876,0.002966800704598427,0.0028694584034383297,0.0026297932490706444,0.002945385640487075,0.0030051032081246376,0.003503100946545601,0.004165823105722666,0.004873789846897125,0.005608553532510996,0.006090919021517038,0.007819819264113903,0.009468249045312405,0.010416155681014061,0.013318844139575958,0.017856551334261894,0.021660367026925087,0.02907624840736389,0.038684356957674026,0.055669013410806656,0.10320950299501419,3.460897207260132
50,0.0,0.007342883851379156,0.005684324540197849,0.0049644168466329575,0.0038851245772093534,0.0027253059670329094,0.002241324633359909,0.0021148992236703634,0.002172485925257206,0.0021252345759421587,0.0020280838944017887,0.0022644316777586937,0.002446858212351799,0.0028613258618861437,0.003461778862401843,0.003938391339033842,0.004754234571009874,0.005478573031723499,0.007010939065366983,0.008821859024465084,0.009560135193169117,0.012904663570225239,0.01703568361699581,0.0207620020955801,0.029047150164842606,0.038059454411268234,0.05469025671482086,0.09789364784955978,3.598518133163452
51,0.0,0.010205620899796486,0.007627798244357109,0.0068280682899057865,0.005289370659738779,0.0036469949409365654,0.0030526139307767153,0.00282431417144835,0.0027736874762922525,0.0028031596448272467,0.0025199539959430695,0.0028426474891602993,0.0029272499959915876,0.0035343158524483442,0.00413076626136899,0.004865698516368866,0.005695239175111055,0.006281496491283178,0.007935389876365662,0.009576892480254173,0.011113117448985577,0.013661754317581654,0.01746794395148754,0.021440578624606133,0.029343511909246445,0.03821451589465141,0.05937091261148453,0.10380927473306656,3.632297992706299
52,0.0,0.009380514733493328,0.0072782887145876884,0.006523863412439823,0.005039973184466362,0.003532127942889929,0.0030498625710606575,0.0028428537771105766,0.0027333064936101437,0.002680089557543397,0.002452183747664094,0.002719735726714134,0.002865443704649806,0.003361502895131707,0.004040082450956106,0.0047025540843605995,0.005908770486712456,0.006458365824073553,0.008586321957409382,0.010393095202744007,0.011246439069509506,0.013557709753513336,0.017507145181298256,0.022785315290093422,0.029918648302555084,0.040311142802238464,0.05790035426616669,0.1103661060333252,3.993873119354248
53,0.0,0.007852642796933651,0.006171048618853092,0.005387810058891773,0.004193729721009731,0.00297590927220881,0.002430967055261135,0.0023157938849180937,0.002287681447342038,0.002278719563037157,0.002147067105397582,0.0023541657719761133,0.002499416470527649,0.002938780002295971,0.0035568331368267536,0.004265195690095425,0.00505705876275897,0.005936976056545973,0.007596333045512438,0.009323185309767723,0.010024179704487324,0.013062674552202225,0.017590202391147614,0.021815480664372444,0.029621396213769913,0.04034240543842316,0.0573112890124321,0.10029521584510803,3.5719289779663086
54,0.0,0.011966516263782978,0.008932980708777905,0.008085156790912151,0.006209149491041899,0.004225288517773151,0.003540794597938657,0.0032138109672814608,0.0032169162295758724,0.003404957940801978,0.0030433288775384426,0.0034339220728725195,0.0035177445970475674,0.004025943111628294,0.004845891147851944,0.00581055274233222,0.0067270598374307156,0.007412042934447527,0.009721371345221996,0.011056222021579742,0.012195002287626266,0.014774809591472149,0.020032422617077827,0.023634206503629684,0.03340369835495949,0.04339921101927757,0.0684281438589096,0.12873895466327667,4.3118977546691895
55,0.0,0.010650744661688805,0.007972662337124348,0.007056878414005041,0.0054489485919475555,0.003841351717710495,0.003152842167764902,0.0029152403585612774,0.0028460368048399687,0.002873303135856986,0.002655116142705083,0.0029307985678315163,0.003028538776561618,0.0035950394812971354,0.004304150119423866,0.004976690746843815,0.005637002177536488,0.00620727613568306,0.007827761583030224,0.009345972910523415,0.010530849918723106,0.012851918116211891,0.016936425119638443,0.02063942700624466,0.028574902564287186,0.03862129524350166,0.06065063923597336,0.11142772436141968,3.6135599613189697
56,0.0,0.009743780829012394,0.00749616976827383,0.0066658444702625275,0.005203316453844309,0.003620833158493042,0.0030325495172291994,0.002951644128188491,0.0029088761657476425,0.002854921855032444,0.0025304353330284357,0.0028326341416686773,0.002956070937216282,0.0035158495884388685,0.004289447329938412,0.005129608791321516,0.005977908615022898,0.006535232532769442,0.00826169177889824,0.01020301878452301,0.011330092325806618,0.013700764626264572,0.017834117636084557,0.021825501695275307,0.029663488268852234,0.04195350781083107,0.06278002262115479,0.10559985786676407,3.6961963176727295
57,0.0,0.008753891102969646,0.006814923603087664,0.005963930394500494,0.004645244218409061,0.0032597787212580442,0.0026902176905423403,0.0025717378593981266,0.00252107554115355,0.0025464878417551517,0.0024124193005263805,0.002573335310444236,0.002763942815363407,0.0032953291665762663,0.003847968764603138,0.004555505234748125,0.005432307720184326,0.006156651768833399,0.007648496422916651,0.009607459418475628,0.010708724148571491,0.013449498452246189,0.01714625582098961,0.02156377211213112,0.02913418598473072,0.03893135115504265,0.05795510858297348,0.09889952838420868,3.545545816421509
58,0.0,0.00867550726979971,0.006718182936310768,0.005940304137766361,0.004757523536682129,0.0032866154797375202,0.002770362887531519,0.0026813868898898363,0.00254646223038435,0.002540084533393383,0.002323219319805503,0.00260132341645658,0.0027604696806520224,0.003224775427952409,0.0037820565048605204,0.004591422155499458,0.0054613868705928326,0.006247278302907944,0.007786498870700598,0.009270336478948593,0.010729901492595673,0.01332505326718092,0.017478108406066895,0.02155422605574131,0.02925957925617695,0.03960024565458298,0.05856282263994217,0.10782739520072937,3.6980295181274414
59,0.0,0.010396555997431278,0.007987270131707191,0.00710050854831934,0.005565841216593981,0.003886575810611248,0.0032443380914628506,0.003104126313701272,0.0029239351861178875,0.003036253619939089,0.002754115965217352,0.00299434713087976,0.0031277542002499104,0.0037939040921628475,0.004499730188399553,0.005236298311501741,0.006082576233893633,0.00660793436691165,0.008808838203549385,0.010317708365619183,0.01154885534197092,0.01373580563813448,0.018453093245625496,0.022607160732150078,0.0303287822753191,0.03977597877383232,0.06181541830301285,0.1034240797162056,3.329707622528076
60,0.0,0.009551218710839748,0.0072361477650702,0.00649286387488246,0.005013550166040659,0.003509403672069311,0.002852186793461442,0.002605886198580265,0.002628083573654294,0.002588994801044464,0.0023345763329416513,0.0025446813087910414,0.0027071619406342506,0.0032258641440421343,0.00369977462105453,0.004520626738667488,0.005401077680289745,0.005972813814878464,0.007644063327461481,0.009143427945673466,0.009862084873020649,0.013271771371364594,0.01699509471654892,0.020917531102895737,0.028743397444486618,0.03818166255950928,0.05702692270278931,0.11728328466415405,4.65688943862915
61,0.0,0.010656651109457016,0.008036423474550247,0.007131700869649649,0.00562881026417017,0.003965879790484905,0.003167317481711507,0.002904722932726145,0.00293609662912786,0.003053780645132065,0.0028612592723220587,0.003158740233629942,0.003111416008323431,0.003848262596875429,0.004643165972083807,0.0055707781575620174,0.006167570129036903,0.006687271408736706,0.008072977885603905,0.009941814467310905,0.011218474246561527,0.013858732767403126,0.018533427268266678,0.022113127633929253,0.030282866209745407,0.04112417623400688,0.06297057121992111,0.11065195500850677,3.626873016357422
62,0.0,0.009153192862868309,0.007155290339142084,0.00626426562666893,0.004937000572681427,0.0034209496807307005,0.0027883125003427267,0.0026699237059801817,0.0026586626190692186,0.002586996415629983,0.002462386852130294,0.0026826185639947653,0.0027599206659942865,0.0033324831165373325,0.00406777486205101,0.004700683988630772,0.005920058581978083,0.006339358631521463,0.008207347244024277,0.009795750491321087,0.010751619935035706,0.013584822416305542,0.018520696088671684,0.022066595032811165,0.030862119048833847,0.04053767770528793,0.06006470322608948,0.10854004323482513,3.8510472774505615
63,0.0,0.011822063475847244,0.008914398960769176,0.008060885593295097,0.006330257747322321,0.004387598019093275,0.0037054980639368296,0.003439501393586397,0.0033416501246392727,0.003283297410234809,0.0030654289294034243,0.0033622211776673794,0.0034388001076877117,0.004035465884953737,0.004755294416099787,0.005466763395816088,0.006334122270345688,0.006677198223769665,0.008796591311693192,0.010788877494633198,0.01175503060221672,0.014417280443012714,0.018536727875471115,0.022711191326379776,0.030299967154860497,0.04173809662461281,0.06460034847259521,0.12333500385284424,4.743045330047607
64,0.0,0.010850897058844566,0.00815250352025032,0.007187972776591778,0.005489203613251448,0.0038229557685554028,0.003200307721272111,0.002962396712973714,0.002904659602791071,0.0029380368068814278,0.002703005913645029,0.0029135490767657757,0.00311928428709507,0.0036716845352202654,0.004393338225781918,0.005077369976788759,0.006166132166981697,0.0070554097183048725,0.009181162342429161,0.010582777671515942,0.011539888568222523,0.01418592594563961,0.018840981647372246,0.022976689040660858,0.03048548474907875,0.04173801466822624,0.0647762194275856,0.11059406399726868,3.8291516304016113
65,0.0,0.00869507621973753,0.006678712088614702,0.006101695355027914,0.004742101766169071,0.003221041290089488,0.0026805007364600897,0.002521388465538621,0.0025408784858882427,0.0025166827253997326,0.0023152499925345182,0.002481273375451565,0.002659715013578534,0.0031175517942756414,0.003684215946123004,0.004365472588688135,0.005287667736411095,0.00580707099288702,0.007674776948988438,0.009089864790439606,0.010170609690248966,0.012835120782256126,0.017194492742419243,0.02086729183793068,0.028568357229232788,0.03819340094923973,0.05736728757619858,0.10674621909856796,4.053978443145752
66,0.0,0.009228212758898735,0.007266601547598839,0.006461236625909805,0.005038850475102663,0.0034760497510433197,0.002888705348595977,0.002725810743868351,0.0027118269354104996,0.0026072596665471792,0.0024239770136773586,0.002785206539556384,0.0028849109075963497,0.003306807018816471,0.004119818564504385,0.004555025603622198,0.005639387760311365,0.006126496475189924,0.007903163321316242,0.009695152752101421,0.010802499949932098,0.013639950193464756,0.01695846952497959,0.021279335021972656,0.02923772670328617,0.03952905163168907,0.06139853224158287,0.10269675403833389,3.909593105316162
67,0.0,0.007479232735931873,0.005959442351013422,0.005245894659310579,0.004037952516227961,0.002846166491508484,0.0023583336733281612,0.002247745869681239,0.0022905245423316956,0.002244408242404461,0.00212062313221395,0.002307694172486663,0.0024752039462327957,0.002921266248449683,0.00348512246273458,0.004113766830414534,0.004994542803615332,0.0057823085226118565,0.007437778636813164,0.009033712558448315,0.009830314666032791,0.013114498928189278,0.01782192662358284,0.022188257426023483,0.030099084600806236,0.03826319798827171,0.057447176426649094,0.10681670159101486,3.846675157546997
68,0.0,0.010123576037585735,0.007832271978259087,0.007014252245426178,0.005408430006355047,0.0036997732240706682,0.0031298173125833273,0.0029557906091213226,0.0029223987367004156,0.0028221500106155872,0.0026164797600358725,0.002879677340388298,0.002996769268065691,0.0036028302274644375,0.004233363084495068,0.004846988245844841,0.005677508190274239,0.0064354557543993,0.008235817775130272,0.009592920541763306,0.01147106010466814,0.013594462536275387,0.018153969198465347,0.022020248696208,0.029612310230731964,0.04049942269921303,0.06036820635199547,0.10593336820602417,3.8120899200439453
69,0.0,0.010404972359538078,0.00791168212890625,0.007156951818615198,0.005469950847327709,0.0037967951502650976,0.003124756971374154,0.0029823658987879753,0.002865558722987771,0.0029229603242129087,0.002644685795530677,0.0030081109143793583,0.0029896378982812166,0.003552302485331893,0.004284367896616459,0.004865524359047413,0.00574636971578002,0.0063681709580123425,0.008290529251098633,0.01002533920109272,0.010843119584023952,0.013681499287486076,0.01757366582751274,0.022094953805208206,0.029960274696350098,0.04005445912480354,0.059617556631565094,0.1074351891875267,3.5822155475616455
70,0.0,0.009448980912566185,0.007355999667197466,0.006386904511600733,0.004993705544620752,0.0034895814023911953,0.002863130997866392,0.0026353131979703903,0.002602303633466363,0.002659526653587818,0.0025411907117813826,0.002780960174277425,0.0028315784875303507,0.003438949352130294,0.003933764062821865,0.004657988902181387,0.005483489483594894,0.006245237309485674,0.007864443585276604,0.009273535571992397,0.010434332303702831,0.013099968433380127,0.017221100628376007,0.021950889378786087,0.02930210344493389,0.03839229792356491,0.05805383622646332,0.09801741689443588,3.372476816177368
71,0.0,0.009711233898997307,0.007514099590480328,0.00658751605078578,0.005246310029178858,0.0036846650764346123,0.003080564085394144,0.0028796286787837744,0.0026947699952870607,0.002690819324925542,0.002501826034858823,0.0027771040331572294,0.0028679557144641876,0.003480559913441539,0.004178597591817379,0.004981618840247393,0.005943939555436373,0.006505419034510851,0.008770426735281944,0.010513799265027046,0.01135046873241663,0.013960331678390503,0.018247323110699654,0.021845048293471336,0.03025057353079319,0.04064352437853813,0.06165114790201187,0.10142938792705536,3.1104609966278076
72,0.0,0.007705703377723694,0.0060966783203184605,0.005298394709825516,0.004142002202570438,0.002905365079641342,0.002357298042625189,0.0022124864626675844,0.002268441254273057,0.0023322298657149076,0.002216180320829153,0.002416045870631933,0.0024783837143331766,0.002919322345405817,0.0035259665455669165,0.0040404414758086205,0.0046792845241725445,0.005347575061023235,0.0065932986326515675,0.00829045195132494,0.00910191424190998,0.012191250920295715,0.01782420091331005,0.02119232341647148,0.02864929847419262,0.03847045451402664,0.05567954108119011,0.09951450675725937,3.626521110534668
73,0.0,0.008119070902466774,0.00626531383022666,0.005491537507623434,0.0042600976303219795,0.002989124972373247,0.0025129118002951145,0.0022938509937375784,0.002397244330495596,0.0023580703418701887,0.0021415811497718096,0.002370303263887763,0.002518041292205453,0.0029414512682706118,0.003600306576117873,0.0042132241651415825,0.004956820048391819,0.00568545563146472,0.007346495054662228,0.009347614832222462,0.010031643323600292,0.013031984679400921,0.017662163823843002,0.021349743008613586,0.02892647497355938,0.03803223744034767,0.05642757564783096,0.0987422838807106,3.579231023788452
74,0.0,0.009734568186104298,0.0074887629598379135,0.006455467082560062,0.005059963557869196,0.003463692730292678,0.0028814002871513367,0.002657598117366433,0.0026148511096835136,0.0026825156528502703,0.0024779029190540314,0.0026911927852779627,0.0028824391774833202,0.003335795598104596,0.004069065675139427,0.0047659543342888355,0.005538946483284235,0.00597864156588912,0.00777428550645709,0.009395584464073181,0.01034055557101965,0.013178875669836998,0.017352402210235596,0.021101003512740135,0.027545930817723274,0.03770675137639046,0.05738312751054764,0.09741774201393127,3.3977975845336914
75,0.0,0.00977211631834507,0.007550428621470928,0.006722323130816221,0.005230742506682873,0.0036446352023631334,0.003004301805049181,0.0028103701770305634,0.002811850281432271,0.002771873027086258,0.0025393078103661537,0.0028165713883936405,0.0029064456466585398,0.003484488697722554,0.004212442319840193,0.004909111652523279,0.0058033582754433155,0.006581699475646019,0.008558511734008789,0.0098801888525486,0.010979507118463516,0.013903572224080563,0.017980167642235756,0.022014610469341278,0.030091946944594383,0.04013201221823692,0.05981878191232681,0.11017005145549774,3.8304507732391357
76,0.0,0.012128183618187904,0.00882788933813572,0.007855450734496117,0.006227715406566858,0.0042662592604756355,0.0034152085427194834,0.003193127689883113,0.003172685392200947,0.003103655995801091,0.002891171956434846,0.003022614400833845,0.0032353640999644995,0.003689872333779931,0.004295725841075182,0.0054490272887051105,0.006113700568675995,0.006600888445973396,0.008141308091580868,0.0103918993845582,0.011588644236326218,0.015345948748290539,0.019343551248311996,0.024183224886655807,0.03277469053864479,0.044015925377607346,0.07174724340438843,0.12976694107055664,4.6263580322265625
77,0.0,0.010935133323073387,0.008148804306983948,0.007247837260365486,0.005603667348623276,0.003907343372702599,0.0032342036720365286,0.002986673964187503,0.0029918032232671976,0.0028821297455579042,0.002692338079214096,0.003016942646354437,0.0030369635205715895,0.0036927724722772837,0.00418701209127903,0.005050441715866327,0.005780435632914305,0.006308980286121368,0.008058199658989906,0.00936860777437687,0.01059249322861433,0.012918303720653057,0.016970433294773102,0.02111721597611904,0.028784094378352165,0.03875686973333359,0.058767009526491165,0.10902867466211319,4.047017574310303
78,0.0,0.013923965394496918,0.010080981068313122,0.009057413786649704,0.006636011879891157,0.004511346109211445,0.003937221597880125,0.0035700337029993534,0.0034621567465364933,0.0035626348108053207,0.0032950881868600845,0.003497693222016096,0.003635500092059374,0.004652927629649639,0.005611542612314224,0.006022049114108086,0.007274318486452103,0.007643365301191807,0.010421136394143105,0.011610958725214005,0.012530786916613579,0.015421398915350437,0.020156001672148705,0.02462829276919365,0.03305022418498993,0.042482584714889526,0.06443256139755249,0.13031649589538574,4.950850009918213
79,0.0,0.009303268976509571,0.007205443922430277,0.006353332661092281,0.004923074971884489,0.0034427966456860304,0.0028432446997612715,0.0027078846469521523,0.002672378672286868,0.0026259266305714846,0.0024515429977327585,0.0026244772598147392,0.0028338031843304634,0.003431641263887286,0.00400000624358654,0.004611409734934568,0.005817268043756485,0.0062987166456878185,0.0079819206148386,0.010046257637441158,0.010364457964897156,0.013235775753855705,0.017884857952594757,0.021846327930688858,0.02942400798201561,0.04019824042916298,0.056528620421886444,0.10714302211999893,3.8271424770355225
80,0.0,0.012592564336955547,0.00944457110017538,0.008824282325804234,0.006632629316300154,0.004569510463625193,0.0037205307744443417,0.0033816853538155556,0.003371098544448614,0.0034573334269225597,0.0032637659460306168,0.003662623232230544,0.0036219479516148567,0.004297965206205845,0.004937897436320782,0.0058077676221728325,0.006369658280164003,0.006505579221993685,0.00813389290124178,0.009988298639655113,0.011297855526208878,0.013835929334163666,0.018539071083068848,0.023252643644809723,0.031612154096364975,0.04272181913256645,0.06580894440412521,0.12501776218414307,4.6844868659973145
81,0.0,0.009358090348541737,0.0071363430470228195,0.006270128767937422,0.004850534722208977,0.003424345515668392,0.0027980580925941467,0.0025907442905008793,0.0025416838470846415,0.0024821532424539328,0.0023695193231105804,0.002533123828470707,0.002649803413078189,0.0031962196808308363,0.003668274963274598,0.0044032251462340355,0.005090308841317892,0.005787394009530544,0.007370584644377232,0.009065615944564342,0.009774689562618732,0.012324057519435883,0.01714254543185234,0.020820630714297295,0.028389686718583107,0.03718484193086624,0.0551607571542263,0.10361894965171814,4.210355758666992
82,0.0,0.008380619809031487,0.006460957694798708,0.005560752935707569,0.004341169260442257,0.003009513020515442,0.002475216519087553,0.002333620563149452,0.0022799563594162464,0.0023156553506851196,0.002104369690641761,0.0023476926144212484,0.002502730581909418,0.003024970181286335,0.0035579202231019735,0.004215948283672333,0.005019268486648798,0.005649627652019262,0.007670863531529903,0.009333759546279907,0.010517584159970284,0.01281388383358717,0.01761809177696705,0.020926060155034065,0.028823669999837875,0.03676072135567665,0.055633410811424255,0.09933166950941086,3.3019449710845947
83,0.0,0.008646129630506039,0.006693276576697826,0.005900504067540169,0.004589224234223366,0.0032416984904557467,0.0026905140839517117,0.002598153194412589,0.002566169947385788,0.0025091408751904964,0.0022743302397429943,0.0024878017138689756,0.002688563661649823,0.003171074902638793,0.0038119221571832895,0.004400239791721106,0.005440229550004005,0.006181292235851288,0.008083180524408817,0.010407752357423306,0.010965337045490742,0.013391058892011642,0.017834536731243134,0.021508654579520226,0.029787391424179077,0.04013679921627045,0.06018267571926117,0.10745201259851456,3.9878034591674805
84,0.0,0.009205467998981476,0.007059306371957064,0.006217205431312323,0.004892905242741108,0.0034421226009726524,0.0028607328422367573,0.0026124506257474422,0.002618861850351095,0.0026440024375915527,0.002471092389896512,0.002679416909813881,0.002821574918925762,0.0032564152497798204,0.003991889767348766,0.0047452873550355434,0.005536015145480633,0.006297445856034756,0.008167318068444729,0.009860451333224773,0.010669350624084473,0.013273842632770538,0.017923854291439056,0.021423691883683205,0.029715798795223236,0.03933761641383171,0.05777521803975105,0.10064174234867096,3.6847901344299316
85,0.0,0.00963952299207449,0.007399477530270815,0.006729724816977978,0.0052269683219492435,0.0036157385911792517,0.002999064512550831,0.002818979322910309,0.0028183171525597572,0.0027947116177529097,0.0025638346560299397,0.0029037543572485447,0.0030012293718755245,0.003523752558976412,0.004174941219389439,0.005036087241023779,0.005629274062812328,0.006317991763353348,0.008460834622383118,0.009692326188087463,0.010784375481307507,0.013313843868672848,0.01740580052137375,0.021476535126566887,0.02886664867401123,0.039686333388090134,0.05806206911802292,0.10464421659708023,3.5221261978149414
86,0.0,0.00866521243005991,0.0066240094602108,0.005848424043506384,0.004591913428157568,0.0031068697571754456,0.0025689969770610332,0.0023474812041968107,0.0024377021472901106,0.002539360197260976,0.0022864900529384613,0.002484457101672888,0.002616541925817728,0.003170351730659604,0.003697942243888974,0.004170182626694441,0.00501993577927351,0.0055840471759438515,0.007037576753646135,0.00864630937576294,0.009797919541597366,0.012839059345424175,0.01678021438419819,0.020486950874328613,0.028981495648622513,0.03819833695888519,0.0578729473054409,0.1056261658668518,4.066363334655762
87,0.0,0.012678483501076698,0.00934332050383091,0.00836099311709404,0.006318592466413975,0.004322899505496025,0.003724288195371628,0.0032573111820966005,0.0033038028050214052,0.003368950681760907,0.003025912446901202,0.0033012821804732084,0.003474086057394743,0.004336862359195948,0.005001787096261978,0.005528362467885017,0.0065409280359745026,0.007450060453265905,0.009080279618501663,0.010956211015582085,0.011878986842930317,0.014980246312916279,0.01907358318567276,0.02296382188796997,0.03064252994954586,0.039991993457078934,0.06241827830672264,0.1193336471915245,4.0816121101379395
88,0.0,0.009724882431328297,0.0074674510397017,0.006532127503305674,0.005028016399592161,0.0035144092980772257,0.0029242762830108404,0.002699676202610135,0.0026575152296572924,0.0026711442042142153,0.0024889952037483454,0.0027965260669589043,0.0028758393600583076,0.0033821079414337873,0.003995705861598253,0.004716167692095041,0.005695562344044447,0.006215062458068132,0.007792449090629816,0.009581776335835457,0.010148908942937851,0.012781585566699505,0.017494354397058487,0.020841019228100777,0.02822069078683853,0.03784266859292984,0.059505436569452286,0.09699153900146484,3.374481678009033
89,0.0,0.007380197755992413,0.00566112482920289,0.004992715548723936,0.003906327299773693,0.0026986279990524054,0.0021739942021667957,0.00205851998180151,0.002116585848852992,0.002088612876832485,0.0020005605183541775,0.0022442371118813753,0.0023304454516619444,0.002762455493211746,0.0033298556227236986,0.003979445435106754,0.004652306437492371,0.0055014099925756454,0.006921665742993355,0.009088434278964996,0.009761525318026543,0.013369409367442131,0.01712305098772049,0.021033259108662605,0.028890714049339294,0.037782687693834305,0.05555848032236099,0.10334040224552155,4.0227251052856445
90,0.0,0.009936144575476646,0.007735414896160364,0.007048686034977436,0.005407004617154598,0.003779603634029627,0.0031774446833878756,0.002972990507259965,0.0029342947527766228,0.002719455398619175,0.0025826022028923035,0.0029386254027485847,0.002960958518087864,0.003639173461124301,0.004318521823734045,0.005140015855431557,0.0059865969233214855,0.00676835048943758,0.00880865566432476,0.010238193906843662,0.011252913624048233,0.013807481154799461,0.018514519557356834,0.022381234914064407,0.03004017286002636,0.04007450118660927,0.06206953525543213,0.10256395488977432,3.331660270690918
91,0.0,0.009081005118787289,0.007190079893916845,0.006268355529755354,0.004989552311599255,0.0034865099005401134,0.002889755880460143,0.0027275884058326483,0.002691997680813074,0.002714635105803609,0.0025285794399678707,0.002790142083540559,0.0029278905130922794,0.003399231005460024,0.004024009685963392,0.0045856996439397335,0.005536324810236692,0.0060197231359779835,0.007910871878266335,0.009506571106612682,0.01014205813407898,0.01377765741199255,0.017906494438648224,0.022303221747279167,0.03048342652618885,0.03928321972489357,0.05895969644188881,0.10507436096668243,3.8331542015075684
92,0.0,0.009006195701658726,0.007040588650852442,0.00616901321336627,0.004870560951530933,0.0033101674634963274,0.0028394432738423347,0.0027033272199332714,0.0026608724147081375,0.0026142357382923365,0.002403596416115761,0.0026031879242509604,0.0028443464543670416,0.003323300974443555,0.004058968275785446,0.0047014020383358,0.0055406163446605206,0.006185811012983322,0.00810866430401802,0.009964648634195328,0.010875643230974674,0.013253778219223022,0.018067242577672005,0.022033240646123886,0.030228521674871445,0.039244718849658966,0.05810294672846794,0.1020432636141777,3.402878522872925
93,0.0,0.009828571230173111,0.007582376711070538,0.006820812355726957,0.005238709505647421,0.003605022095143795,0.003010632237419486,0.002831783378496766,0.0027727088890969753,0.0027943835593760014,0.0025172445457428694,0.0028461795300245285,0.003005308797582984,0.003445659065619111,0.004168398212641478,0.004908358678221703,0.005997920408844948,0.006467761006206274,0.008601070381700993,0.010026142932474613,0.010640393011271954,0.013288834132254124,0.017425645142793655,0.0215600673109293,0.028502432629466057,0.0405767597258091,0.060018040239810944,0.10692015290260315,4.113667964935303
94,0.0,0.009120691567659378,0.006962921004742384,0.006202775985002518,0.0048261648043990135,0.003349365433678031,0.0026976631488651037,0.0024952408857643604,0.0025307871401309967,0.0025993729941546917,0.002397457603365183,0.0025504922959953547,0.0026956729125231504,0.003231689101085067,0.0038367745000869036,0.00439396221190691,0.005456601269543171,0.006188726518303156,0.008604971691966057,0.010091960430145264,0.010735460557043552,0.012926914729177952,0.017753073945641518,0.021135136485099792,0.028958944603800774,0.03849055618047714,0.056870393455028534,0.11336251348257065,4.313564777374268
95,0.0,0.007896343246102333,0.006284505128860474,0.005499561782926321,0.004280710592865944,0.0029988959431648254,0.002475691493600607,0.00236106407828629,0.0023133698850870132,0.0023201482836157084,0.00212865904904902,0.002401121659204364,0.0026268241927027702,0.00304164900444448,0.003525350708514452,0.004107640590518713,0.004987949039787054,0.005667331628501415,0.0073796105571091175,0.009424326941370964,0.0102196354418993,0.012813764624297619,0.017373379319906235,0.020958157256245613,0.029247814789414406,0.03986303135752678,0.05723545327782631,0.09948207437992096,3.5483765602111816
96,0.0,0.010773026384413242,0.008185789920389652,0.007125400938093662,0.00565880723297596,0.0038165899459272623,0.0030993304681032896,0.0029182746075093746,0.0029324465431272984,0.002926385961472988,0.00269442331045866,0.002968369284644723,0.0031004881020635366,0.003740055952221155,0.00443003186956048,0.005308749619871378,0.006010867655277252,0.006637908983975649,0.008061469532549381,0.009525831788778305,0.011158299632370472,0.01381192822009325,0.017941784113645554,0.022228531539440155,0.03104652464389801,0.0426834337413311,0.06491134315729141,0.1110217273235321,3.5622618198394775
97,0.0,0.009440935216844082,0.007102877367287874,0.006289147771894932,0.004820672329515219,0.003375082742422819,0.0028563186060637236,0.002711953828111291,0.0026388270780444145,0.0026133509818464518,0.002450177213177085,0.002781646093353629,0.0028860503807663918,0.003340017981827259,0.004006753209978342,0.0046802605502307415,0.00558139244094491,0.006114786956459284,0.008078465238213539,0.009450085461139679,0.010675688274204731,0.013230818323791027,0.017446013167500496,0.020947810262441635,0.028731392696499825,0.039347123354673386,0.0608019083738327,0.10090037435293198,3.7616209983825684
98,0.0,0.00818206463009119,0.006246176082640886,0.005512172356247902,0.00433745002374053,0.0029644265305250883,0.00247185374610126,0.0023188148625195026,0.002363222884014249,0.0023834630846977234,0.002242040354758501,0.002466659527271986,0.0026118571404367685,0.003085861913859844,0.003628501668572426,0.0043224189430475235,0.0049581401981413364,0.005655199754983187,0.007326961029320955,0.008884781040251255,0.010240653529763222,0.012551634572446346,0.016540948301553726,0.020825425162911415,0.029032167047262192,0.0374646931886673,0.0547313429415226,0.09835497289896011,3.6744942665100098
99,0.0,0.009164787828922272,0.007006002590060234,0.006213820539414883,0.004766791593283415,0.0033261519856750965,0.0027742357924580574,0.002535907318815589,0.002534945961087942,0.0025741024874150753,0.002360875252634287,0.0025598269421607256,0.0027398078236728907,0.0031630625016987324,0.003701216774061322,0.004244472831487656,0.004952494520694017,0.005533262621611357,0.007191823795437813,0.008573637343943119,0.009692183695733547,0.012569785118103027,0.017366092652082443,0.020964156836271286,0.029252517968416214,0.03766048327088356,0.05682367831468582,0.09914392232894897,3.921481132507324
100,0.0,0.008960466831922531,0.006892068311572075,0.006057023070752621,0.004665849730372429,0.0032703836914151907,0.002728548599407077,0.002552571939304471,0.002556655090302229,0.002488522557541728,0.002315425081178546,0.0025867216754704714,0.002700035460293293,0.0031542149372398853,0.0036627098452299833,0.004366258624941111,0.005158497020602226,0.005890788044780493,0.007383068557828665,0.00902425218373537,0.010436980053782463,0.01269801426678896,0.016855858266353607,0.021577857434749603,0.028988566249608994,0.03968760371208191,0.058690425008535385,0.10150415450334549,3.966430425643921
101,0.0,0.00809138361364603,0.006232700776308775,0.005433880724012852,0.0042363908141851425,0.002953123999759555,0.0024397599045187235,0.0023201778531074524,0.002359881764277816,0.002413822803646326,0.002240616362541914,0.0023692171089351177,0.0025530001148581505,0.003057761350646615,0.0036447730381041765,0.004259695298969746,0.005108089651912451,0.0057679456658661366,0.0073411725461483,0.009186236187815666,0.01043624710291624,0.01320747472345829,0.01743815653026104,0.0212511345744133,0.029353661462664604,0.03946350887417793,0.05776236206293106,0.09817236661911011,3.5135786533355713
102,0.0,0.008774983696639538,0.006798983085900545,0.006016383413225412,0.004690090194344521,0.00325201079249382,0.002770086517557502,0.0026153181679546833,0.002567074028775096,0.002503356197848916,0.0023476905189454556,0.00265460554510355,0.0027134441770613194,0.0031153662130236626,0.0038487098645418882,0.004433064255863428,0.0050999741069972515,0.005866141524165869,0.007542234845459461,0.009019803255796432,0.01018479559570551,0.012922310270369053,0.01787739060819149,0.02159348502755165,0.029558271169662476,0.03902203217148781,0.05852515250444412,0.11098502576351166,4.024429798126221
103,0.0,0.008863681927323341,0.006676305551081896,0.00575797026976943,0.004486592020839453,0.003164218971505761,0.002549863653257489,0.0023891301825642586,0.002454046392813325,0.002377086319029331,0.0023212453816086054,0.0024750791490077972,0.0026961814146488905,0.0030872421339154243,0.0035567814484238625,0.004178076051175594,0.004889687988907099,0.005723301321268082,0.007395249325782061,0.008970029652118683,0.010060015134513378,0.012981134466826916,0.017265791073441505,0.02068975940346718,0.02881629765033722,0.038568273186683655,0.05799514427781105,0.09768553823232651,3.541696548461914
104,0.0,0.011430245824158192,0.008447056636214256,0.007470339071005583,0.005667529534548521,0.003875037422403693,0.0031720020342618227,0.002907705958932638,0.0028337647672742605,0.003018187591806054,0.0027547196950763464,0.003097290638834238,0.0031873176340013742,0.0038249685894697905,0.004385164938867092,0.005236804485321045,0.006033724639564753,0.006411145441234112,0.008229915983974934,0.009582948870956898,0.010635782033205032,0.013596931472420692,0.018373295664787292,0.021917786449193954,0.02941334806382656,0.03950975090265274,0.060049090534448624,0.11270831525325775,4.011011600494385
105,0.0,0.008558468893170357,0.006609298288822174,0.005913097411394119,0.004646774381399155,0.0032232908997684717,0.0027568002697080374,0.002632221207022667,0.0025331589858978987,0.0025333832018077374,0.00228829775005579,0.002589127980172634,0.0027363470289856195,0.0033134925179183483,0.0039256056770682335,0.004597087856382132,0.0057291691191494465,0.006272673606872559,0.007873289287090302,0.009471996687352657,0.010890023782849312,0.013508235104382038,0.01811537705361843,0.02278120629489422,0.02934105508029461,0.039637964218854904,0.05918015167117119,0.10133174806833267,3.5889813899993896
106,0.0,0.009713095612823963,0.0073925345204770565,0.006727190222591162,0.005138062406331301,0.0036088416818529367,0.0029540283139795065,0.0027971018571406603,0.00277772918343544,0.002907481277361512,0.002632253570482135,0.0028568413108587265,0.0030555997509509325,0.0035620671696960926,0.004336006473749876,0.00508204847574234,0.005979270674288273,0.0065282476134598255,0.008127598091959953,0.00960682425647974,0.01102709211409092,0.0136416619643569,0.018285082653164864,0.02247288078069687,0.030191488564014435,0.04164355620741844,0.06397761404514313,0.10708281397819519,3.4988067150115967
107,0.0,0.010540230199694633,0.00802159495651722,0.007127378601580858,0.005395992659032345,0.0037225924897938967,0.0030956226401031017,0.002970045432448387,0.002858982188627124,0.002780688228085637,0.0025779034476727247,0.0029182450380176306,0.0030874181538820267,0.0036947240587323904,0.004295174032449722,0.005063659977167845,0.005986310075968504,0.006414482370018959,0.008294100873172283,0.010019809938967228,0.011036884970963001,0.01343830768018961,0.01806819625198841,0.021926190704107285,0.030594924464821815,0.03959854319691658,0.060697924345731735,0.11068100482225418,3.724323034286499
108,0.0,0.009348984807729721,0.007313467562198639,0.0064066448248922825,0.005020942073315382,0.0034930026158690453,0.0029888860881328583,0.0028813949320465326,0.0026382426731288433,0.0026221524458378553,0.0024403859861195087,0.002800451358780265,0.002849429380148649,0.003368612378835678,0.004010781180113554,0.004776074551045895,0.00567002734169364,0.00639288080856204,0.008469372987747192,0.010005459189414978,0.01068932842463255,0.013633166439831257,0.017372898757457733,0.021034875884652138,0.029069991782307625,0.03944358229637146,0.05894586071372032,0.10054927319288254,3.4098007678985596
109,0.0,0.009828772395849228,0.007428829558193684,0.006573687307536602,0.00510143768042326,0.0034729731269180775,0.0028730081394314766,0.0026609518099576235,0.00263035180978477,0.0026982142589986324,0.002450664294883609,0.0026866986881941557,0.00289536127820611,0.0033658072352409363,0.004063429776579142,0.004877316299825907,0.005557768978178501,0.006288445554673672,0.007737308740615845,0.009376456029713154,0.010437386110424995,0.013187974691390991,0.017154473811388016,0.020839696750044823,0.028864312916994095,0.038395099341869354,0.058947302401065826,0.10251637548208237,3.460106134414673
110,0.0,0.008137458004057407,0.006232533138245344,0.00540131563320756,0.0041854348964989185,0.0028915167786180973,0.0023887301795184612,0.0021661214996129274,0.0022285261657088995,0.0022377735003829002,0.0021566401701420546,0.002301763975992799,0.002448606537654996,0.0028595714829862118,0.0034175366163253784,0.003950152546167374,0.0047235917299985886,0.005347362253814936,0.00676931394264102,0.008474729023873806,0.009319613687694073,0.012698893435299397,0.017679955810308456,0.020991036668419838,0.030364584177732468,0.03852267563343048,0.05799878388643265,0.10081174224615097,3.614741802215576
111,0.0,0.009492083452641964,0.007330437656491995,0.0065453131683170795,0.005146285519003868,0.0036432978231459856,0.0031216354109346867,0.0028513800352811813,0.002789577003568411,0.002712476532906294,0.002556219231337309,0.002841762499883771,0.0029990379698574543,0.003461394924670458,0.004161125514656305,0.004970215260982513,0.006086709443479776,0.00643365690484643,0.00796909537166357,0.010022450238466263,0.011007621884346008,0.013796636834740639,0.01730482652783394,0.021121511235833168,0.030480118468403816,0.03954852372407913,0.062169916927814484,0.10874120146036148,4.003483295440674
112,0.0,0.008700150065124035,0.006606582086533308,0.0059044621884822845,0.004554649814963341,0.0031659055966883898,0.002647637389600277,0.00240009231492877,0.002396095311269164,0.002361265243962407,0.0022161242086440325,0.002460989635437727,0.002595743862912059,0.003049973165616393,0.003658526111394167,0.0041731977835297585,0.00517817959189415,0.005934739951044321,0.0075487904250621796,0.00939465593546629,0.010415121912956238,0.012916824780404568,0.016843002289533615,0.021468069404363632,0.02737649902701378,0.037780772894620895,0.05686672404408455,0.09682481735944748,3.675384759902954
113,0.0,0.00912429392337799,0.006947532761842012,0.006091299932450056,0.004707971587777138,0.0032331838738173246,0.0026658079586923122,0.0024402490817010403,0.0024277432821691036,0.002590114250779152,0.00229827337898314,0.002490296494215727,0.0026686694473028183,0.0031193646136671305,0.003592323511838913,0.004366919863969088,0.005061775911599398,0.00563593627884984,0.007229679264128208,0.0086472537368536,0.009718676097691059,0.012555648572742939,0.016697991639375687,0.021186549216508865,0.027876771986484528,0.03851775452494621,0.05658222362399101,0.0997282937169075,3.7411489486694336
114,0.0,0.008462219499051571,0.00654055830091238,0.005733438301831484,0.004474051762372255,0.0030809175223112106,0.0025479879695922136,0.002356670331209898,0.0023615797981619835,0.0023522793781012297,0.0022473966237157583,0.0024179378524422646,0.002588246949017048,0.0029989457689225674,0.00364363263361156,0.004168814979493618,0.0049377609975636005,0.0056153847835958,0.007273560855537653,0.008953569456934929,0.010158654302358627,0.012688925489783287,0.01731247827410698,0.020984811708331108,0.029028603807091713,0.03796814754605293,0.05604281276464462,0.10454556345939636,3.9762790203094482
115,0.0,0.008510061539709568,0.006550858728587627,0.005741909611970186,0.004363127052783966,0.003069150960072875,0.0025080612394958735,0.002433770801872015,0.0024318674113601446,0.002366688335314393,0.002231874968856573,0.002461218275129795,0.002639937214553356,0.0031657724175602198,0.0037686950527131557,0.0044693900272250175,0.005160117521882057,0.005944787058979273,0.008218380622565746,0.009344768710434437,0.010331835597753525,0.013157852925360203,0.018014870584011078,0.02125820890069008,0.02993638440966606,0.03879043832421303,0.057643238455057144,0.10630892217159271,3.6858088970184326
116,0.0,0.007848101668059826,0.006041189655661583,0.005314220674335957,0.004106983542442322,0.0028341643046587706,0.002343268133699894,0.0021943426690995693,0.002278868807479739,0.0022500825580209494,0.0021450864151120186,0.0023892337922006845,0.002524768002331257,0.0029187065083533525,0.0034907262306660414,0.004074351396411657,0.004880151245743036,0.005575914867222309,0.007223227061331272,0.008906479924917221,0.009973905980587006,0.012650680728256702,0.017209641635417938,0.02074657566845417,0.03075230121612549,0.038748905062675476,0.0578402504324913,0.09751152992248535,3.427220582962036
117,0.0,0.009030689485371113,0.007087374106049538,0.006173015106469393,0.004784940741956234,0.0034031833056360483,0.0028108854312449694,0.002696090377867222,0.002656786935403943,0.0026037320494651794,0.0024223977234214544,0.0026785058435052633,0.0027249399572610855,0.0033394016791135073,0.004006900358945131,0.004735525697469711,0.005946212913841009,0.006371365860104561,0.008493157103657722,0.010044155642390251,0.011221268214285374,0.01369999349117279,0.0187224131077528,0.022193819284439087,0.029784323647618294,0.040913842618465424,0.059118032455444336,0.11159094423055649,3.780567169189453
118,0.0,0.008790403604507446,0.006856819149106741,0.006091491784900427,0.004742763936519623,0.003322332864627242,0.002805411582812667,0.0026341525372117758,0.0026057609356939793,0.002508392557501793,0.0023857345804572105,0.0026310940738767385,0.0028040199540555477,0.0032003396190702915,0.004140477627515793,0.004667545203119516,0.0055916644632816315,0.006433469243347645,0.008456038311123848,0.010045740753412247,0.010934317484498024,0.013986310921609402,0.018226275220513344,0.02245059423148632,0.030514180660247803,0.040231090039014816,0.05978633463382721,0.10779059678316116,3.8552935123443604
119,0.0,0.009031248278915882,0.006927951239049435,0.006110724527388811,0.004783773794770241,0.003277779556810856,0.002681116107851267,0.0025097394827753305,0.0025528462138026953,0.0025839509908109903,0.0023606764152646065,0.0026393551379442215,0.0027859883848577738,0.0032155439257621765,0.0037998452316969633,0.004482598509639502,0.00531274639070034,0.006017023231834173,0.0075902389362454414,0.009359121322631836,0.009954103268682957,0.01297633908689022,0.01696106418967247,0.02155913971364498,0.029307251796126366,0.038724545389413834,0.055663593113422394,0.0998111441731453,3.5096964836120605
120,0.0,0.009707814082503319,0.007331486325711012,0.006408990826457739,0.0050268517807126045,0.0034338943660259247,0.0028791790828108788,0.002671811729669571,0.002652922412380576,0.002633593278005719,0.0024437448009848595,0.002691730624064803,0.002866454655304551,0.003370384918525815,0.003955538850277662,0.004764255601912737,0.005670138169080019,0.006053891498595476,0.007838445715606213,0.009077192284166813,0.010431671515107155,0.01311176735907793,0.017132163047790527,0.02055194042623043,0.02891339547932148,0.03813466057181358,0.057368021458387375,0.10141092538833618,3.6111693382263184
121,0.0,0.009092288091778755,0.007114047650247812,0.006237010471522808,0.004877537023276091,0.0033290924038738012,0.002802147064357996,0.0025506983511149883,0.002625454682856798,0.002537394408136606,0.002328942995518446,0.0025480855256319046,0.0027180896140635014,0.0031820042058825493,0.003816385054960847,0.004430858884006739,0.005525813437998295,0.006082121282815933,0.007890588603913784,0.00974929891526699,0.010619756765663624,0.013631393201649189,0.01722734235227108,0.021186737343668938,0.028555897995829582,0.03882812708616257,0.05884644761681557,0.10646673291921616,3.8666131496429443
122,0.0,0.009935712441802025,0.00741161173209548,0.006633344106376171,0.005028933752328157,0.0034820286091417074,0.002957260701805353,0.0027954308316111565,0.0027585779316723347,0.0027290445286780596,0.0025239407550543547,0.0028003312181681395,0.002931060967966914,0.003400153247639537,0.004093934316188097,0.004790899343788624,0.005584120284765959,0.006286513525992632,0.007798836100846529,0.00952515471726656,0.010610532946884632,0.012821505777537823,0.017375823110342026,0.020712677389383316,0.029295526444911957,0.03715836629271507,0.057517122477293015,0.10287309437990189,3.465425968170166
123,0.0,0.009691284969449043,0.00734788179397583,0.006581645458936691,0.004992127884179354,0.003497171914204955,0.0028643151745200157,0.002663755789399147,0.0026740708854049444,0.0027187138330191374,0.002505660755559802,0.0027531571686267853,0.0028523667715489864,0.0033433714415878057,0.00394814508035779,0.00470855413004756,0.005411988589912653,0.005990301258862019,0.0077470471151173115,0.009826275520026684,0.011007488705217838,0.012874857522547245,0.017313823103904724,0.020710434764623642,0.028855951502919197,0.038816019892692566,0.060071613639593124,0.10610046982765198,3.6181631088256836
124,0.0,0.010129572823643684,0.007680600509047508,0.006767820566892624,0.005336903966963291,0.0037431088276207447,0.003077087923884392,0.002859021769836545,0.002837947104126215,0.002848204458132386,0.002606418216601014,0.00294476212002337,0.0031188661232590675,0.003506053239107132,0.004188869148492813,0.0047919172793626785,0.0057287695817649364,0.0063335224986076355,0.007905545644462109,0.009549572132527828,0.010505037382245064,0.013079567812383175,0.017276933416724205,0.02138298563659191,0.02996726706624031,0.03977980837225914,0.0603259913623333,0.10641434788703918,3.50070858001709
125,0.0,0.011699559167027473,0.008769802749156952,0.00782954040914774,0.006009500008076429,0.004158837255090475,0.0034792921505868435,0.003207555040717125,0.003206561552360654,0.003215381409972906,0.0029406649991869926,0.00327183585613966,0.0033014523796737194,0.003901915391907096,0.004587253555655479,0.005186860449612141,0.006068569608032703,0.0068862708285450935,0.00869473535567522,0.010558088310062885,0.012835112400352955,0.01505558006465435,0.019376961514353752,0.024355242028832436,0.03183148801326752,0.042842913419008255,0.06474899500608444,0.11184719204902649,3.862297773361206
126,0.0,0.007676111068576574,0.005896023008972406,0.005211962386965752,0.004015189129859209,0.002803731942549348,0.0022875338327139616,0.002135878661647439,0.002237562322989106,0.0021531793754547834,0.0020271700341254473,0.0023032687604427338,0.0024816046934574842,0.002882571890950203,0.003496377496048808,0.004092604853212833,0.0048472159542143345,0.005711381323635578,0.007269301917403936,0.00884973630309105,0.010025599971413612,0.013276205398142338,0.017620403319597244,0.02144949696958065,0.030081216245889664,0.03850357234477997,0.05699749290943146,0.09791897982358932,3.2331578731536865
127,0.0,0.012610136531293392,0.009317485615611076,0.008245442993938923,0.006495148409157991,0.004468274302780628,0.003688797587528825,0.003390580415725708,0.0033328672870993614,0.0034774462692439556,0.0031780297867953777,0.003435866441577673,0.003611939027905464,0.0041683693416416645,0.00489819934591651,0.006044588517397642,0.006409384775906801,0.007183494046330452,0.009523285552859306,0.01087133027613163,0.012378381565213203,0.014882666058838367,0.019752854481339455,0.023454442620277405,0.03158362954854965,0.04385410621762276,0.06406218558549881,0.12257690727710724,3.9717979431152344
128,0.0,0.011651456356048584,0.00860731489956379,0.007654273882508278,0.0059899999760091305,0.004179076757282019,0.0033750273287296295,0.003069647355005145,0.0031338545959442854,0.0032486238051205873,0.002844089874997735,0.003259004093706608,0.0033952186349779367,0.003923849668353796,0.004449659027159214,0.005210381932556629,0.005880588665604591,0.006774893030524254,0.008038186468183994,0.009759264998137951,0.01094035990536213,0.013860484585165977,0.01827290467917919,0.022363221272826195,0.03059622272849083,0.040810808539390564,0.06277255713939667,0.11014818400144577,3.9528844356536865
129,0.0,0.009162180125713348,0.007105018012225628,0.006265707314014435,0.004774724133312702,0.0033352260943502188,0.002768875565379858,0.002644026419147849,0.0025740880519151688,0.002534307539463043,0.0023499031085520983,0.00255966791883111,0.002847623312845826,0.0032842764630913734,0.003927167039364576,0.004717112518846989,0.005474943667650223,0.006123237777501345,0.007845140993595123,0.009267156012356281,0.010299697518348694,0.013192642480134964,0.017784206196665764,0.02086598239839077,0.029191365465521812,0.0385868102312088,0.05610298737883568,0.0985528901219368,3.32497501373291
130,0.0,0.009488447569310665,0.007295597344636917,0.0063705407083034515,0.004883341491222382,0.003407818265259266,0.0028223178815096617,0.0026804248336702585,0.0025517484173178673,0.0026325033977627754,0.002443275647237897,0.002717486349865794,0.0028033133130520582,0.0033299485221505165,0.003918561153113842,0.004627383779734373,0.005357184447348118,0.005890570115298033,0.007611213251948357,0.009341947734355927,0.009921236895024776,0.013034570962190628,0.01721009612083435,0.02087458409368992,0.029115410521626472,0.03820815309882164,0.05577535554766655,0.10019221901893616,3.9331352710723877
131,0.0,0.010007408447563648,0.007639623712748289,0.006654063705354929,0.0052076103165745735,0.00354089611209929,0.0029932139441370964,0.002691226778551936,0.0027587576769292355,0.0028767152689397335,0.0025979122146964073,0.0028474812861531973,0.003003425197675824,0.0035482607781887054,0.004267961718142033,0.004995916970074177,0.005759806372225285,0.006346195470541716,0.008077038452029228,0.00978014525026083,0.01046608667820692,0.012958469800651073,0.017616016790270805,0.021215591579675674,0.029043465852737427,0.03888101503252983,0.05914647504687309,0.10663314163684845,3.7680563926696777
132,0.0,0.008736961521208286,0.006909800227731466,0.006084247026592493,0.004801618866622448,0.0034099118784070015,0.002846543909981847,0.0026764054782688618,0.0025759495329111814,0.002548828022554517,0.0023658727295696735,0.002662812825292349,0.0028143119998276234,0.003214986762031913,0.003943819552659988,0.004628743510693312,0.005764899309724569,0.006058183964341879,0.007817200385034084,0.009778609499335289,0.010760468430817127,0.013374078087508678,0.01738416776061058,0.021679390221834183,0.029338708147406578,0.04047504439949989,0.06026763468980789,0.10402660071849823,3.804095506668091
133,0.0,0.014014875516295433,0.01036809105426073,0.009182276204228401,0.006775064393877983,0.0047274744138121605,0.003932004328817129,0.003589940955862403,0.003484112909063697,0.0035177357494831085,0.003261297708377242,0.0036690460983663797,0.0038518377114087343,0.004762659780681133,0.00562599441036582,0.006145983003079891,0.0071479566395282745,0.007854604162275791,0.010005098767578602,0.011940693482756615,0.012821453623473644,0.016173679381608963,0.021150600165128708,0.025760548189282417,0.0328264944255352,0.043085597455501556,0.06691090017557144,0.13147208094596863,4.892895698547363
134,0.0,0.01021468173712492,0.007708640303462744,0.006697243079543114,0.005143795162439346,0.0035420323256403208,0.002853592624887824,0.0026438257191330194,0.002661180915310979,0.002796298824250698,0.0025299210101366043,0.0027412683703005314,0.002876922255381942,0.003419176209717989,0.004020650405436754,0.004773829132318497,0.0055571431294083595,0.006066662259399891,0.00770062068477273,0.009496216662228107,0.010591728612780571,0.012690597213804722,0.016697803512215614,0.020887522026896477,0.030511057004332542,0.0404093861579895,0.058955393731594086,0.10428570955991745,3.5422098636627197
135,0.0,0.010534042492508888,0.00787271186709404,0.006796883884817362,0.00535240862518549,0.003638524329289794,0.0030530376825481653,0.0028364439494907856,0.0027536344714462757,0.002751618856564164,0.0025314136873930693,0.002842237241566181,0.003025513608008623,0.0034800779540091753,0.00415648240596056,0.00491989916190505,0.005784373730421066,0.006437770556658506,0.008108114823698997,0.009815831668674946,0.010809958912432194,0.013646059669554234,0.017803801223635674,0.021496545523405075,0.029810799285769463,0.03925503045320511,0.058088187128305435,0.10342726111412048,3.5977623462677
136,0.0,0.009356800466775894,0.0073015158995985985,0.006461014971137047,0.004968593828380108,0.0034986126702278852,0.00290020857937634,0.0027539492584764957,0.002718565985560417,0.002650032751262188,0.002464424353092909,0.002740535419434309,0.002900670049712062,0.003444771049544215,0.0040279473178088665,0.004760220646858215,0.005726199131458998,0.006340438965708017,0.008522287011146545,0.01023934967815876,0.010880020447075367,0.013568835332989693,0.018244950100779533,0.021825231611728668,0.029239343479275703,0.037942931056022644,0.05831238254904747,0.09906285256147385,3.2404327392578125
137,0.0,0.010470886714756489,0.007939156144857407,0.007095243316143751,0.005435551982372999,0.003710108809173107,0.003094127867370844,0.0029223505407571793,0.002791567472741008,0.002848585369065404,0.0026612344663590193,0.0028327335603535175,0.0030186770018190145,0.003558541415259242,0.004358242731541395,0.005048218183219433,0.0059218863025307655,0.00648576021194458,0.008193413726985455,0.009715601801872253,0.010729862377047539,0.013222300447523594,0.017322316765785217,0.02173973061144352,0.02826646715402603,0.03879609704017639,0.059119779616594315,0.11853368580341339,4.497929573059082
138,0.0,0.007209829520434141,0.00569902453571558,0.005096799228340387,0.003993532620370388,0.0027976594865322113,0.0022890358231961727,0.002130708424374461,0.002121709054335952,0.0021924637258052826,0.002031786600127816,0.002259633271023631,0.0024513443931937218,0.0029255824629217386,0.0033637078013271093,0.003941009286791086,0.004861863330006599,0.0056132059544324875,0.007194333244115114,0.009022297337651253,0.009902571327984333,0.013053668662905693,0.01805948093533516,0.021695666015148163,0.02945367991924286,0.0390816368162632,0.057674285024404526,0.0994115024805069,3.578573226928711
139,0.0,0.010237578302621841,0.007799400482326746,0.006961100734770298,0.005343535449355841,0.00379751343280077,0.003152887336909771,0.0029284788761287928,0.0029141020495444536,0.002828748896718025,0.0025733199436217546,0.0028627801220864058,0.0030290456488728523,0.003556658513844013,0.004126556683331728,0.004808858502656221,0.00601615384221077,0.006661298219114542,0.00912916287779808,0.010662353597581387,0.01188107393682003,0.01388934813439846,0.018425999209284782,0.022374199703335762,0.02987469546496868,0.04092760756611824,0.06079617142677307,0.10136067122220993,3.5210187435150146
140,0.0,0.009250051341950893,0.007308300118893385,0.006560926791280508,0.004991539288312197,0.003528569359332323,0.0029382454231381416,0.0026890479493886232,0.002781882882118225,0.0027157317381352186,0.0024730227887630463,0.002831855323165655,0.002938938094303012,0.0034843944013118744,0.0041166204027831554,0.004780067130923271,0.0054439641535282135,0.006039836909621954,0.007678391877561808,0.009277262724936008,0.01026317197829485,0.012890798039734364,0.017315849661827087,0.02100771851837635,0.029191941022872925,0.0397961400449276,0.05912744253873825,0.09984170645475388,3.4468095302581787
141,0.0,0.007925906218588352,0.0062431832775473595,0.0054318648763000965,0.004208333324640989,0.0030081949662417173,0.002470992039889097,0.0023830130230635405,0.002388136461377144,0.0023233210667967796,0.002192708430811763,0.0023672361858189106,0.0026249848306179047,0.0030890933703631163,0.00362917291931808,0.004253821447491646,0.005051871761679649,0.005941754672676325,0.007691111881285906,0.009693436324596405,0.01047415193170309,0.013312622904777527,0.017553895711898804,0.02186913602054119,0.029087858274579048,0.0396268330514431,0.05924820899963379,0.10328643023967743,3.499418020248413
142,0.0,0.008020149543881416,0.006174237467348576,0.005362231284379959,0.004185813013464212,0.0029334023129194975,0.0023421579971909523,0.002197891240939498,0.0023260002490133047,0.002300324384123087,0.002158509334549308,0.0023196188267320395,0.0025033571291714907,0.002931930124759674,0.003590025007724762,0.004274532198905945,0.005021863151341677,0.005495442543178797,0.007301256991922855,0.009023850783705711,0.010120688006281853,0.0129414526745677,0.01770869642496109,0.020928429439663887,0.029296865686774254,0.038413677364587784,0.057013340294361115,0.11072998493909836,3.9687368869781494
143,0.0,0.009977642446756363,0.007648173253983259,0.006700549274682999,0.005159843247383833,0.0035720746964216232,0.002976618241518736,0.002875319216400385,0.0028378909919410944,0.0027760325465351343,0.002592046046629548,0.002809241646900773,0.002934548771008849,0.0037263575941324234,0.004313191398978233,0.004996880888938904,0.006217390764504671,0.006796407978981733,0.008656931109726429,0.010419339872896671,0.011226920410990715,0.01370327454060316,0.018219320103526115,0.021858924999833107,0.03004562482237816,0.03976358473300934,0.05973444879055023,0.1026315987110138,3.4405593872070312
144,0.0,0.00787241943180561,0.006031131837517023,0.0053193410858511925,0.00412534736096859,0.0028513993602246046,0.0023655411787331104,0.00225672940723598,0.0022739411797374487,0.0022634274791926146,0.002091765170916915,0.002375759882852435,0.002512879902496934,0.0029139844700694084,0.003387145232409239,0.004105329513549805,0.004924579057842493,0.005524057429283857,0.007065498270094395,0.009022085927426815,0.009885057806968689,0.013516143895685673,0.017750218510627747,0.021591322496533394,0.031550370156764984,0.03910057246685028,0.059138376265764236,0.11709224432706833,4.425494194030762
145,0.0,0.008624263107776642,0.00664306478574872,0.0058410619385540485,0.004534712992608547,0.0031586792320013046,0.0026054831687361,0.002506145043298602,0.0025060351472347975,0.002448553219437599,0.002313207136467099,0.002496353816241026,0.00265007303096354,0.0032018928322941065,0.0037494045682251453,0.004403064958751202,0.005192647222429514,0.0057311467826366425,0.007497895509004593,0.0094698965549469,0.010502146556973457,0.013244617730379105,0.01746446080505848,0.020963089540600777,0.028555886819958687,0.03782328963279724,0.05772837996482849,0.10608435422182083,3.966352701187134
146,0.0,0.008361831307411194,0.006611997727304697,0.005839698947966099,0.004438108764588833,0.0030796369537711143,0.0026110433973371983,0.002462524687871337,0.0024861313868314028,0.002431903500109911,0.0022857366129755974,0.0025441290345042944,0.0026667495258152485,0.003156030084937811,0.0037078959867358208,0.004281032830476761,0.0051035829819738865,0.005868610460311174,0.007929366081953049,0.009686548262834549,0.010347622446715832,0.012576771900057793,0.017455263063311577,0.02083594910800457,0.029315048828721046,0.038968008011579514,0.05738312751054764,0.10354146361351013,3.4421234130859375
147,0.0,0.009588212706148624,0.007312599569559097,0.006509068422019482,0.00508665107190609,0.003522196551784873,0.002772335661575198,0.0026170765049755573,0.0026325390208512545,0.002695654518902302,0.002463665558025241,0.002746694954112172,0.0027916491962969303,0.003340862924233079,0.003936780616641045,0.004731344524770975,0.0054476880468428135,0.006002556066960096,0.007517433259636164,0.009138867259025574,0.010627652518451214,0.01253520417958498,0.01701047085225582,0.020701630041003227,0.02903352864086628,0.03785155713558197,0.05787680298089981,0.1040770411491394,3.564828395843506
148,0.0,0.008719061501324177,0.006890622433274984,0.006054959259927273,0.004746966529637575,0.003380359848961234,0.002859983127564192,0.002745002508163452,0.0026668382342904806,0.0025945163797587156,0.002351151779294014,0.0026703847106546164,0.0028254275675863028,0.0033718054182827473,0.004129454027861357,0.00484471907839179,0.006121497601270676,0.0063974689692258835,0.00826073158532381,0.009821143932640553,0.011194207705557346,0.014184013940393925,0.018694665282964706,0.022769909352064133,0.031078027561306953,0.04202290624380112,0.06070119887590408,0.11254509538412094,4.0162835121154785
149,0.0,0.011677275411784649,0.008890563622117043,0.008218648843467236,0.006244608201086521,0.004254393745213747,0.0035620061680674553,0.003236649790778756,0.003230472793802619,0.003038255264982581,0.0029235349502414465,0.0031988879200071096,0.0033228241372853518,0.003795128082856536,0.004566587507724762,0.005273073446005583,0.006065297871828079,0.006642804481089115,0.008372305892407894,0.010332256555557251,0.011079593561589718,0.01452450267970562,0.01836145855486393,0.02258014865219593,0.03062126412987709,0.04224908724427223,0.06902725994586945,0.15799814462661743,6.227411270141602
150,0.0,0.010409105569124222,0.007665205281227827,0.006840570829808712,0.0053422716446220875,0.0036168505903333426,0.0029290197417140007,0.002741575473919511,0.0027821469120681286,0.0027167387306690216,0.0025372353848069906,0.002764949342235923,0.0028651091270148754,0.0034674981143325567,0.00393659807741642,0.004985874053090811,0.005609416402876377,0.006199648138135672,0.007475666236132383,0.009461712092161179,0.010509205982089043,0.012583986856043339,0.017285427078604698,0.02062896266579628,0.028645474463701248,0.03703276440501213,0.0562993548810482,0.10110194236040115,3.688241958618164
151,0.0,0.00962425023317337,0.007465385366231203,0.0067004053853452206,0.005308624356985092,0.0036517935805022717,0.0030556044075638056,0.0028830156661570072,0.002753069158643484,0.002661829348653555,0.002520208014175296,0.0029250956140458584,0.0030283175874501467,0.0035165920853614807,0.004201989155262709,0.004835956729948521,0.006123463157564402,0.006583108566701412,0.008466852828860283,0.009889583103358746,0.010666584596037865,0.013447562232613564,0.017713647335767746,0.02132914401590824,0.03045826219022274,0.039495836943387985,0.060766734182834625,0.1035190150141716,3.6668033599853516
152,0.0,0.008856570348143578,0.006737931631505489,0.0059126378037035465,0.004581778775900602,0.00316474842838943,0.0026374831795692444,0.0024475990794599056,0.0024403263814747334,0.002413589507341385,0.0022759551648050547,0.0025332632940262556,0.002674640854820609,0.0031029379460960627,0.003711871337145567,0.0043405452743172646,0.005095620173960924,0.005700837355107069,0.007431603968143463,0.009459764696657658,0.010271829552948475,0.013212678954005241,0.01736856997013092,0.02063913643360138,0.028296826407313347,0.03780682757496834,0.05790320038795471,0.09755988419055939,3.7998619079589844
153,0.0,0.009021637961268425,0.006857119966298342,0.0060625234618783,0.00479500787332654,0.00329131493344903,0.0028063019271939993,0.0027022354770451784,0.002562357811257243,0.0025485889054834843,0.002442670986056328,0.0025987348053604364,0.002776590408757329,0.0033164245542138815,0.003965279087424278,0.004823609720915556,0.005688659846782684,0.006207211408764124,0.008098030462861061,0.009868954308331013,0.011393784545361996,0.013300103135406971,0.017512135207653046,0.021878981962800026,0.02879413403570652,0.03863935545086861,0.05908507853746414,0.09767311811447144,3.5447025299072266
154,0.0,0.01019540149718523,0.00784712191671133,0.007066153921186924,0.0054932557977736,0.0037764227017760277,0.0032344027422368526,0.0029922709800302982,0.0029713709373027086,0.0028064148500561714,0.002672478323802352,0.0028636236675083637,0.0030915846582502127,0.003603607416152954,0.0042196535505354404,0.005158910062164068,0.006134405732154846,0.0066854702308773994,0.008459576405584812,0.00994181726127863,0.011116220615804195,0.013395941816270351,0.017883313819766045,0.021245278418064117,0.02961025759577751,0.04083713889122009,0.06063124164938927,0.1068674847483635,3.819899320602417
155,0.0,0.009805984795093536,0.007514140103012323,0.006720247678458691,0.00519085768610239,0.0035820570774376392,0.00302995927631855,0.0028835933189839125,0.002803523326292634,0.0028358588460832834,0.002570215379819274,0.002917475299909711,0.0029985406436026096,0.0035987088922411203,0.004455875139683485,0.005264858715236187,0.006282277405261993,0.007215624209493399,0.009847696870565414,0.011146358214318752,0.012163280509412289,0.014636203646659851,0.01926325634121895,0.02297648973762989,0.03294914960861206,0.04223315790295601,0.06544580310583115,0.1062799021601677,3.347966194152832
156,0.0,0.015334767289459705,0.011191407218575478,0.010600707493722439,0.007877301424741745,0.005461730994284153,0.004624643363058567,0.004127776250243187,0.004247873090207577,0.004207434132695198,0.003930402919650078,0.0045879073441028595,0.004460612311959267,0.0052016242407262325,0.006310164928436279,0.007759451866149902,0.008897089399397373,0.00936270784586668,0.011298746801912785,0.013018873520195484,0.01368048507720232,0.01779893971979618,0.023557549342513084,0.028714889660477638,0.04032338783144951,0.0578133799135685,0.1056046187877655,0.19255995750427246,6.574680328369141
157,0.0,0.008331742137670517,0.0063830409198999405,0.005681494250893593,0.004440488293766975,0.003034805180504918,0.0024434716906398535,0.0022934256121516228,0.002334585413336754,0.0023354683071374893,0.0021993827540427446,0.0023763941135257483,0.002608512993901968,0.0030310116708278656,0.003614956047385931,0.004184383898973465,0.00493195652961731,0.005599624011665583,0.0072105275467038155,0.008487766608595848,0.009646645747125149,0.012196624651551247,0.016781197860836983,0.02002272754907608,0.02797694504261017,0.03649567812681198,0.05376244708895683,0.09447493404150009,3.328535795211792
158,0.0,0.012624123133718967,0.009483702480793,0.008390991948544979,0.006579911801964045,0.004527650773525238,0.0036925000604242086,0.003358366433531046,0.0032923079561442137,0.003556575858965516,0.003225433873012662,0.0036071231588721275,0.00356600945815444,0.004184080753475428,0.004970093257725239,0.00599763123318553,0.006565597839653492,0.006829205900430679,0.008376230485737324,0.010086294263601303,0.011618671007454395,0.01459838543087244,0.01806650124490261,0.022248733788728714,0.03114119917154312,0.04366757720708847,0.0702483206987381,0.17407622933387756,6.410984992980957
159,0.0,0.010337412357330322,0.007825606502592564,0.006946381647139788,0.0054754698649048805,0.0037618267815560102,0.0031277581583708525,0.0029372943099588156,0.002866313559934497,0.002938956255093217,0.002614664612337947,0.0029340768232941628,0.0029349285177886486,0.0035476337652653456,0.00430314801633358,0.0051029580645263195,0.005824689287692308,0.006472253706306219,0.008190921507775784,0.010036134161055088,0.0111164515838027,0.01385258138179779,0.01803714595735073,0.022225556895136833,0.030732961371541023,0.04029328376054764,0.06072545424103737,0.10412552952766418,3.9861178398132324
160,0.0,0.009934271685779095,0.007703708950430155,0.006962818559259176,0.00541159650310874,0.0037466189824044704,0.003223415231332183,0.003022388555109501,0.0029280870221555233,0.0028307661414146423,0.002621457213535905,0.0028857423458248377,0.0030498402193188667,0.0035293393302708864,0.0042082518339157104,0.0049779959954321384,0.005995613057166338,0.00657776789739728,0.008877938613295555,0.010554774664342403,0.010763515718281269,0.013482237234711647,0.018268892541527748,0.021995505318045616,0.029890846461057663,0.040328022092580795,0.05998935177922249,0.1063336506485939,3.6084718704223633
161,0.0,0.009541725739836693,0.007490361109375954,0.006422885227948427,0.0050621675327420235,0.003506934503093362,0.00297981477342546,0.002659077988937497,0.002640900667756796,0.002631148789077997,0.0024221562780439854,0.0027009407058358192,0.002779340837150812,0.003388516139239073,0.004105134401470423,0.00481508718803525,0.005721093621104956,0.006369052454829216,0.008543676696717739,0.010153261944651604,0.011135357432067394,0.01343606784939766,0.017515553161501884,0.02161337062716484,0.029172856360673904,0.038987159729003906,0.0591171532869339,0.10513653606176376,3.7102274894714355
162,0.0,0.012560450471937656,0.009649473242461681,0.008755023591220379,0.006587577518075705,0.00462175440043211,0.003929189871996641,0.0034646359272301197,0.0035811730194836855,0.003473949618637562,0.0031058313325047493,0.0036125951446592808,0.0036599880550056696,0.004281273111701012,0.0051100836135447025,0.006224189884960651,0.0071011693216860294,0.00768923107534647,0.009477111510932446,0.012159221805632114,0.012959016487002373,0.016173681244254112,0.020947255194187164,0.025391247123479843,0.03375772386789322,0.046762894839048386,0.07293223589658737,0.21473923325538635,7.614381790161133
163,0.0,0.010385196655988693,0.007891208864748478,0.006935351528227329,0.005368297919631004,0.0037078778259456158,0.0031460716854780912,0.0028924618382006884,0.002827506745234132,0.0028056357987225056,0.002596622332930565,0.0028945985250175,0.003035749075934291,0.0035677722189575434,0.0041136424988508224,0.004965655505657196,0.005692231468856335,0.006361772771924734,0.008060682564973831,0.00923349428921938,0.0105950478464365,0.012925993651151657,0.017497263848781586,0.021618729457259178,0.030309265479445457,0.039440687745809555,0.05996640399098396,0.10747727751731873,3.670677900314331
164,0.0,0.01019972376525402,0.007922056131064892,0.007024173624813557,0.005397782661020756,0.0037392640952020884,0.0031037924345582724,0.0029418040066957474,0.002844937378540635,0.002743845572695136,0.0026364021468907595,0.002845133887603879,0.0029995853547006845,0.0035639130510389805,0.004242429975420237,0.004931786563247442,0.005957321263849735,0.0065170940943062305,0.008715984411537647,0.010377133265137672,0.010951542295515537,0.013333974406123161,0.017579758539795876,0.02120654284954071,0.028794480487704277,0.037819646298885345,0.056748080998659134,0.10592244565486908,3.540579080581665
165,0.0,0.008934772573411465,0.006895036902278662,0.006239395588636398,0.004830216523259878,0.0034609558060765266,0.0027990066446363926,0.002661637496203184,0.002556769410148263,0.002536051906645298,0.0023949723690748215,0.0027306629344820976,0.002751384861767292,0.0033031359780579805,0.003933349158614874,0.004603884648531675,0.00570808257907629,0.006269007921218872,0.008202058263123035,0.009716621600091457,0.011155162937939167,0.013835429213941097,0.017644666135311127,0.021608253940939903,0.029705645516514778,0.03943561390042305,0.05668853595852852,0.1018972396850586,3.42638897895813
166,0.0,0.009578867815434933,0.0072810654528439045,0.006422249134629965,0.004961138125509024,0.0034661998506635427,0.0028660795651376247,0.0025898462627083063,0.002625672845169902,0.002553737722337246,0.002419089898467064,0.002692835871130228,0.0028826375491917133,0.0033270411659032106,0.003882029792293906,0.00458810618147254,0.0052027106285095215,0.005993220489472151,0.007817295379936695,0.009357000701129436,0.010347586125135422,0.012678115628659725,0.016363929957151413,0.020605312660336494,0.02961348183453083,0.03802371025085449,0.05744577944278717,0.09759743511676788,3.3567423820495605
167,0.0,0.010203413665294647,0.007765202783048153,0.0068423072807490826,0.005328413099050522,0.003701484063640237,0.0029752394184470177,0.0028576315380632877,0.002839533844962716,0.0028118379414081573,0.0025291526690125465,0.002885413821786642,0.0030214404687285423,0.0035075675696134567,0.004110494628548622,0.005027459468692541,0.0062080309726297855,0.006646821275353432,0.008591498248279095,0.009975384920835495,0.011256911791861057,0.014120975509285927,0.018003743141889572,0.022296762093901634,0.03005005046725273,0.04155922308564186,0.06393273919820786,0.10558796674013138,3.6428260803222656
168,0.0,0.009405426681041718,0.007134950719773769,0.006348730530589819,0.004965000785887241,0.003432138590142131,0.002841652138158679,0.0026628877967596054,0.0026824180968105793,0.002616763347759843,0.002518601715564728,0.0026546306908130646,0.00281909154728055,0.003341297386214137,0.003956271801143885,0.004550364799797535,0.005550611764192581,0.00604279525578022,0.007829507812857628,0.009832552634179592,0.010973481461405754,0.013200564309954643,0.017667576670646667,0.021770596504211426,0.02871636301279068,0.03978770971298218,0.057967524975538254,0.10292001813650131,3.6796724796295166
169,0.0,0.010178299620747566,0.0078738396987319,0.006879763677716255,0.0053469277918338776,0.0036929803900420666,0.003123096190392971,0.002906644018366933,0.002827730029821396,0.002885643858462572,0.002663868013769388,0.0029964640270918608,0.0030558020807802677,0.0035051931627094746,0.004205999430269003,0.004839468281716108,0.005752137396484613,0.006297978572547436,0.008088464848697186,0.009684187360107899,0.010487433522939682,0.012952238321304321,0.016793761402368546,0.02067657932639122,0.028123997151851654,0.03872841224074364,0.058700334280729294,0.10239772498607635,3.728985548019409
170,0.0,0.008102196268737316,0.006498456466943026,0.005692086648195982,0.004465634468942881,0.0031289260368794203,0.0026690654922276735,0.0025540231727063656,0.0024538917932659388,0.0023839063942432404,0.0022215554490685463,0.0024999482557177544,0.0027039898559451103,0.0031499615870416164,0.003735168604180217,0.004401598125696182,0.005397009197622538,0.006039533764123917,0.007868441753089428,0.009496670216321945,0.01076641958206892,0.013269991613924503,0.018026078119874,0.021731968969106674,0.029896855354309082,0.03906063362956047,0.058326274156570435,0.10823021084070206,3.9530446529388428
171,0.0,0.010284025222063065,0.00785045325756073,0.007035673595964909,0.005441271699965,0.003816034412011504,0.0031200468074530363,0.002814927836880088,0.002772654639557004,0.0029928740113973618,0.0026202958542853594,0.0029467588756233454,0.0030512751545757055,0.003614115295931697,0.0044579231180250645,0.005410520825535059,0.005894058384001255,0.006422447506338358,0.00802018865942955,0.009855112992227077,0.010991651564836502,0.013479036279022694,0.017582936212420464,0.022818420082330704,0.03118586540222168,0.041511811316013336,0.0650954619050026,0.10889952629804611,3.9184625148773193
172,0.0,0.00796225480735302,0.006159794982522726,0.005513988900929689,0.004270283970981836,0.0029891678132116795,0.0025445781648159027,0.0023516772780567408,0.0023582265712320805,0.0023520486429333687,0.0022127453703433275,0.002400512108579278,0.0026615841779857874,0.003071475075557828,0.0036370193120092154,0.004269538912922144,0.005045318976044655,0.005833053030073643,0.00733572244644165,0.009505907073616982,0.010543888434767723,0.013055220246315002,0.017686810344457626,0.021423466503620148,0.028617344796657562,0.04006163030862808,0.05789193511009216,0.1016363576054573,3.53224778175354
173,0.0,0.01007071789354086,0.007497919723391533,0.006677558179944754,0.0052229128777980804,0.0035358592867851257,0.003030021209269762,0.002767158206552267,0.002698195166885853,0.0026775426231324673,0.002509953221306205,0.0027542042080312967,0.0029363518115133047,0.0034052282571792603,0.00398773979395628,0.004845254588872194,0.005747642368078232,0.006436934694647789,0.008384443819522858,0.010375822894275188,0.011117965914309025,0.013158979825675488,0.018258757889270782,0.021677769720554352,0.030707165598869324,0.039155736565589905,0.0596533939242363,0.09989527612924576,3.2524871826171875
174,0.0,0.00786496140062809,0.0061597758904099464,0.005389155820012093,0.004253856837749481,0.0029595501255244017,0.002489682286977768,0.002348726149648428,0.0023802376817911863,0.0023466949351131916,0.0022139751818031073,0.002454272471368313,0.0025838816072791815,0.0030675269663333893,0.0036554180551320314,0.0041754404082894325,0.005079342983663082,0.005726331379264593,0.007373695727437735,0.00922032818198204,0.009847231209278107,0.013098198920488358,0.017360683530569077,0.021093880757689476,0.0296742282807827,0.03919808566570282,0.058189257979393005,0.09747807681560516,3.474550485610962
175,0.0,0.009544603526592255,0.007468540687114,0.006627699360251427,0.005148255731910467,0.003467555157840252,0.002894037403166294,0.0026679430156946182,0.0026385136879980564,0.002730112988501787,0.002520788460969925,0.0029165034648030996,0.002964162500575185,0.003543467726558447,0.004039692226797342,0.004642309620976448,0.005581554491072893,0.005902559030801058,0.007795743178576231,0.009811925701797009,0.010617263615131378,0.013421574607491493,0.01729735918343067,0.021251849830150604,0.0297382939606905,0.03895224258303642,0.06125616654753685,0.10583803057670593,3.9069406986236572
176,0.0,0.009439218789339066,0.007142627611756325,0.006400345358997583,0.004971206653863192,0.003473970340564847,0.00294052273966372,0.0027821618132293224,0.0026626645121723413,0.002664134604856372,0.002447179052978754,0.0027657062746584415,0.002832721918821335,0.0032934597693383694,0.003999770153313875,0.004634885583072901,0.005627912003546953,0.006204918492585421,0.008048832416534424,0.009869681671261787,0.01091739907860756,0.013209198601543903,0.017414338886737823,0.02090860903263092,0.02843206562101841,0.039818547666072845,0.05848362669348717,0.10367238521575928,4.060118198394775
177,0.0,0.009762166067957878,0.007486045826226473,0.006642770022153854,0.005190457683056593,0.0035884834360331297,0.0029804804362356663,0.002864458365365863,0.0027129885274916887,0.002699248492717743,0.002485907170921564,0.0027029630728065968,0.0028406225610524416,0.0034904112108051777,0.004042960703372955,0.004873510450124741,0.00568222114816308,0.006429318804293871,0.00867424812167883,0.010304140858352184,0.011091611348092556,0.013886217959225178,0.018195660784840584,0.022091824561357498,0.029382720589637756,0.03968583047389984,0.06127960607409477,0.10580553114414215,3.6052727699279785
178,0.0,0.009357885457575321,0.0072620403952896595,0.006429627537727356,0.004938365425914526,0.003492737654596567,0.0028531854040920734,0.0026589632034301758,0.00262537132948637,0.002539900364354253,0.0024241465143859386,0.0026906246785074472,0.002791413338854909,0.003325789701193571,0.003987459000200033,0.0048286993987858295,0.005686534568667412,0.006420684978365898,0.008481323719024658,0.01020109560340643,0.01078710611909628,0.013583933934569359,0.01772170327603817,0.021923482418060303,0.0286790169775486,0.039609428495168686,0.05940423905849457,0.10024891793727875,3.44309139251709
179,0.0,0.008100374601781368,0.006256565451622009,0.0056673688814044,0.00435751723125577,0.0030745842959731817,0.0025945995002985,0.0023489270824939013,0.002429584041237831,0.0024268117267638445,0.00218190741725266,0.002440864685922861,0.002654394367709756,0.0030507075134664774,0.003696412779390812,0.0042006936855614185,0.005251623224467039,0.005891523323953152,0.007781609892845154,0.009490260854363441,0.010578877292573452,0.012678430415689945,0.0174095518887043,0.021140368655323982,0.029693761840462685,0.03886495530605316,0.05817951261997223,0.10609965771436691,3.6785826683044434
180,0.0,0.008753973059356213,0.0067687733098864555,0.006018805783241987,0.004736974835395813,0.003252017544582486,0.0026926191058009863,0.0024888624902814627,0.0024631242267787457,0.002434888854622841,0.002315281191840768,0.0025834795087575912,0.002705334685742855,0.003245608415454626,0.003831123234704137,0.004468503408133984,0.005204080604016781,0.005693565588444471,0.0076429229229688644,0.009190475568175316,0.010301996022462845,0.013104763813316822,0.016955872997641563,0.021175943315029144,0.029230346903204918,0.0409163162112236,0.0571305938065052,0.10682915896177292,3.60422945022583
181,0.0,0.010884644463658333,0.008037795312702656,0.007274741306900978,0.0055642444640398026,0.0038309195078909397,0.003198525868356228,0.0030216542072594166,0.0030258980114012957,0.0029750149697065353,0.002787129720672965,0.0031953512225300074,0.0031502931378781796,0.003715421771630645,0.00441763224080205,0.005276344250887632,0.005925323814153671,0.006527394521981478,0.008153675124049187,0.009843039326369762,0.011191814206540585,0.01366401556879282,0.01839989610016346,0.02306250110268593,0.029549237340688705,0.04003283008933067,0.0625825822353363,0.11533545702695847,3.923764228820801
182,0.0,0.008855238556861877,0.006721938960254192,0.006020381115376949,0.004584053996950388,0.0032498256769031286,0.0026886779814958572,0.002489304170012474,0.002411559922620654,0.0025207544676959515,0.002286388073116541,0.0025167888961732388,0.0026879040524363518,0.0031270708423107862,0.0036312080919742584,0.004389298614114523,0.005096443463116884,0.00570575101301074,0.007482206914573908,0.008991550654172897,0.010053091682493687,0.012932301498949528,0.017866620793938637,0.020760875195264816,0.029165402054786682,0.03742046654224396,0.057009007781744,0.09159127622842789,3.406587600708008
183,0.0,0.009487351402640343,0.007192707620561123,0.00647338991984725,0.00494361249729991,0.003455264726653695,0.002826039446517825,0.0026760059408843517,0.002637828467413783,0.0025691997725516558,0.0023965267464518547,0.0026805801317095757,0.0029014868196099997,0.0033662784844636917,0.004065732005983591,0.0046552871353924274,0.005496098659932613,0.0061041368171572685,0.007991494610905647,0.009725334122776985,0.010706453584134579,0.01305022556334734,0.01679745875298977,0.02145945467054844,0.028283298015594482,0.03926492854952812,0.05677074193954468,0.0987100601196289,3.486015796661377
184,0.0,0.009332828223705292,0.00715162418782711,0.006402360275387764,0.0049040899612009525,0.0033724866807460785,0.0028675422072410583,0.0026899268850684166,0.0025822159368544817,0.0026286274660378695,0.002410273300483823,0.0026079637464135885,0.0028904620558023453,0.0033567401114851236,0.003986647818237543,0.004736082162708044,0.0056004030629992485,0.006101822014898062,0.008141067810356617,0.009632575325667858,0.010523775592446327,0.01317894272506237,0.017348449677228928,0.020484818145632744,0.028212571516633034,0.039090845733881,0.0575236901640892,0.10284774005413055,3.7830235958099365
185,0.0,0.008333069272339344,0.0065382844768464565,0.005722454283386469,0.004394541960209608,0.003123475471511483,0.0025516219902783632,0.0023566740565001965,0.002408214844763279,0.002375816460698843,0.0022105788812041283,0.002455833600834012,0.002600922016426921,0.003060463350266218,0.0036496324464678764,0.004294876474887133,0.0050801378674805164,0.00564314192160964,0.007284804247319698,0.008857455104589462,0.009877827018499374,0.01228413451462984,0.017100218683481216,0.021102508530020714,0.02835680916905403,0.03938041627407074,0.05775044485926628,0.10634021461009979,3.751283884048462
186,0.0,0.011440158821642399,0.008681093342602253,0.0077958423644304276,0.005956237204372883,0.00414663553237915,0.0034820721484720707,0.003089708974584937,0.003130299737676978,0.0032927629072219133,0.0029654311947524548,0.0032609181944280863,0.0034526612143963575,0.003806834341958165,0.004576489794999361,0.005659887567162514,0.006538126152008772,0.006969993468374014,0.008841507136821747,0.009933531284332275,0.010972777381539345,0.013592236675322056,0.01830972358584404,0.022357963025569916,0.030729765072464943,0.043114982545375824,0.06666276603937149,0.11421047896146774,3.827070951461792
187,0.0,0.008451185189187527,0.006527228746563196,0.00574725354090333,0.004502477124333382,0.0031391808297485113,0.0026012619491666555,0.0025028123054653406,0.0024545863270759583,0.0024438276886940002,0.0022379790898412466,0.002443663077428937,0.0026397763285785913,0.0031556731555610895,0.003764474531635642,0.004444102291017771,0.005220529157668352,0.006093166768550873,0.008213181048631668,0.009662269614636898,0.011155820451676846,0.013619757257401943,0.01765166036784649,0.022249190136790276,0.029843289405107498,0.039529163390398026,0.05711562931537628,0.10755739361047745,4.023678302764893
188,0.0,0.008259887807071209,0.006292168982326984,0.005686073563992977,0.004443279467523098,0.003086473559960723,0.0024597938172519207,0.002292198594659567,0.002348080277442932,0.002326831454411149,0.0021494626998901367,0.0024178063031286,0.0025295426603406668,0.0030135223641991615,0.0035870166029781103,0.004139825701713562,0.005000001285225153,0.005661149974912405,0.007367913611233234,0.009003836661577225,0.009915698319673538,0.01316340547055006,0.018532833084464073,0.02145403064787388,0.029526513069868088,0.04003193601965904,0.058482974767684937,0.11296512186527252,4.159314155578613
189,0.0,0.008778567425906658,0.00678704958409071,0.005999567918479443,0.004541144706308842,0.003175159217789769,0.002630434697493911,0.002468402497470379,0.0024546701461076736,0.002440318465232849,0.002309060888364911,0.0024987931828945875,0.0026863308157771826,0.00319239916279912,0.0036346297711133957,0.00432428065687418,0.005069584585726261,0.005698265042155981,0.0076331510208547115,0.009045630693435669,0.010110350325703621,0.01273629441857338,0.01699374057352543,0.02049902454018593,0.02932090498507023,0.039027635008096695,0.057327959686517715,0.0967063158750534,3.4623661041259766
190,0.0,0.00925969798117876,0.007158494554460049,0.006197630427777767,0.0048387194983661175,0.003417332423850894,0.0027678371407091618,0.0026821966748684645,0.002699645236134529,0.0026274453848600388,0.002467524027451873,0.0026434946339577436,0.00277915270999074,0.0033888984471559525,0.004063380416482687,0.004633818753063679,0.005545524880290031,0.006260926369577646,0.008247604593634605,0.009965206496417522,0.011287063360214233,0.013674296438694,0.017531972378492355,0.02185806818306446,0.02891605719923973,0.04035728797316551,0.05909699574112892,0.11092355102300644,3.7993125915527344
191,0.0,0.008858549408614635,0.006936125922948122,0.006080102175474167,0.004763834644109011,0.0033079262357205153,0.0027988238725811243,0.0026198565028607845,0.00257090013474226,0.0025238271337002516,0.0023465673439204693,0.002552647143602371,0.0027262824587523937,0.0032508184667676687,0.0038683353923261166,0.0044965981505811214,0.005441652610898018,0.0058877426199615,0.007496991660445929,0.009240181185305119,0.010637698695063591,0.013476169668138027,0.017052017152309418,0.02107647806406021,0.02931552566587925,0.0387006551027298,0.05923675745725632,0.11042344570159912,4.072680473327637
192,0.0,0.007583362050354481,0.005910207517445087,0.005278000142425299,0.004118376411497593,0.0028609458822757006,0.0022706405725330114,0.0021214522421360016,0.0021700782235711813,0.0021622581407427788,0.0020196193363517523,0.00221797707490623,0.0024100933223962784,0.0028056027367711067,0.003342274110764265,0.0038255436811596155,0.004523636773228645,0.005176234059035778,0.0066427625715732574,0.008613097481429577,0.009597189724445343,0.012320705689489841,0.01631995104253292,0.020299701020121574,0.02801373042166233,0.037241291254758835,0.05397481098771095,0.0925556868314743,3.5095982551574707
193,0.0,0.012539158575236797,0.009228675626218319,0.008271788246929646,0.006397786550223827,0.004305275157094002,0.0035568722523748875,0.003261591074988246,0.0031581083312630653,0.0032461602240800858,0.0031221918761730194,0.003438493935391307,0.0035054138861596584,0.003918350208550692,0.004789769183844328,0.005495426710695028,0.006100852508097887,0.0067963735200464725,0.00861669797450304,0.010435258969664574,0.011730360798537731,0.014009173028171062,0.018498895689845085,0.02366124466061592,0.03207264095544815,0.04358205571770668,0.06796469539403915,0.1509985774755478,4.59637975692749
194,0.0,0.007757895160466433,0.005997152533382177,0.005227524321526289,0.004053290467709303,0.002817176515236497,0.002368409186601639,0.002164877485483885,0.0022197021171450615,0.0022600458469241858,0.0021329252049326897,0.0023424422834068537,0.0025094638112932444,0.0028799434658139944,0.0034519152250140905,0.004082133062183857,0.00488238874822855,0.005755910184234381,0.0076740579679608345,0.009024695493280888,0.010188435204327106,0.01286480762064457,0.017786720767617226,0.021506844088435173,0.029283104464411736,0.03890605270862579,0.05648505315184593,0.09740670770406723,3.5113296508789062
195,0.0,0.009174589067697525,0.007122385315597057,0.006330365780740976,0.00499636959284544,0.0034358641132712364,0.002910038223490119,0.0026898528449237347,0.002653606468811631,0.0025964241940528154,0.0024135205894708633,0.0026328626554459333,0.002869758754968643,0.0034164730459451675,0.003972798585891724,0.0047405557706952095,0.005799138452857733,0.006367847323417664,0.008241415023803711,0.010233169421553612,0.01089335698634386,0.013454314321279526,0.017866745591163635,0.02182208187878132,0.029676886275410652,0.039896830916404724,0.06011061742901802,0.10230325907468796,3.4712934494018555
196,0.0,0.009196761064231396,0.006960001308470964,0.006106836721301079,0.004765997175127268,0.0033313361927866936,0.0027708876878023148,0.002556661842390895,0.0025053301360458136,0.0024689428973942995,0.0023009730502963066,0.00252524483948946,0.0026726950891315937,0.0032250594813376665,0.0038879672065377235,0.004517561290413141,0.005411158781498671,0.005993611644953489,0.007665038108825684,0.009411281906068325,0.010252861306071281,0.012997323647141457,0.01757124438881874,0.02148052677512169,0.02910482883453369,0.03733276575803757,0.056110646575689316,0.09799116104841232,3.275989532470703
197,0.0,0.010116955265402794,0.007762525230646133,0.006901753135025501,0.005284616257995367,0.003644567681476474,0.0030675698071718216,0.0028848748188465834,0.002831114223226905,0.0028061051853001118,0.002668175846338272,0.0030144983902573586,0.0030183913186192513,0.0035673773381859064,0.004357466008514166,0.004793926607817411,0.005828487686812878,0.006542358547449112,0.008511271327733994,0.009877635166049004,0.01094750128686428,0.013863131403923035,0.01787726767361164,0.022203411906957626,0.029923779889941216,0.03878718614578247,0.05913664773106575,0.10372720658779144,3.607356071472168
198,0.0,0.008740819059312344,0.00682847248390317,0.005988994613289833,0.004640405997633934,0.0033130270894616842,0.0027218901086598635,0.0026892235036939383,0.002567760646343231,0.002522049006074667,0.002378296572715044,0.0026558456011116505,0.0028132994193583727,0.0033812590409070253,0.004009509924799204,0.004739725962281227,0.005910907872021198,0.006356467492878437,0.008288857527077198,0.010418005287647247,0.011110967956483364,0.013556255958974361,0.018745286390185356,0.022596899420022964,0.030791673809289932,0.040961917489767075,0.06074270233511925,0.11045761406421661,3.8212223052978516
199,0.0,0.009005304425954819,0.006938731297850609,0.0061483015306293964,0.004740752279758453,0.003345952834933996,0.0027558384463191032,0.0025878369342535734,0.0025998693890869617,0.0024693752638995647,0.0023810062557458878,0.002548626158386469,0.0026886335108429193,0.0031850188970565796,0.003924192860722542,0.004649464972317219,0.005477346479892731,0.00616180244833231,0.00803281832486391,0.009714757092297077,0.010627169162034988,0.013151941820979118,0.017353903502225876,0.021594228222966194,0.028957990929484367,0.040413614362478256,0.05923852697014809,0.10051365941762924,3.7585368156433105
200,0.0,0.008694009855389595,0.006787371821701527,0.005802496336400509,0.004641535691916943,0.0032210343051701784,0.0026877715718001127,0.002526945900171995,0.00243553938344121,0.0024047347251325846,0.0022231964394450188,0.0024384167045354843,0.002621449064463377,0.0031262775883078575,0.0036961971782147884,0.004462339449673891,0.005480901803821325,0.005990327335894108,0.007834303192794323,0.009671315550804138,0.010663330554962158,0.013171806000173092,0.017264867201447487,0.02166653797030449,0.02955901436507702,0.03924225643277168,0.05838418006896973,0.10240257531404495,3.431089401245117
201,0.0,0.008748656138777733,0.006790218409150839,0.005915571469813585,0.00468783313408494,0.003219969803467393,0.0026256460696458817,0.002452397020533681,0.00250800559297204,0.0025050679687410593,0.002302831504493952,0.0025366584304720163,0.0026806374080479145,0.0031856901478022337,0.0037434741389006376,0.0043774740770459175,0.005199763458222151,0.005861716344952583,0.007287955842912197,0.008919422514736652,0.010095863603055477,0.01278875395655632,0.017000505700707436,0.020646579563617706,0.028039654716849327,0.03749886527657509,0.05707668513059616,0.10399685055017471,3.7302818298339844
202,0.0,0.010204979218542576,0.0077483439818024635,0.0068091233260929585,0.005197201855480671,0.0035975747741758823,0.0030634659342467785,0.0027939253486692905,0.002737273694947362,0.002758960472419858,0.002519779372960329,0.0028527844697237015,0.0029519095551222563,0.003499486716464162,0.004062609281390905,0.00486159510910511,0.005745855625718832,0.006348563823848963,0.00848380010575056,0.009888865984976292,0.010751326568424702,0.013545503839850426,0.017891086637973785,0.02135627157986164,0.03002358041703701,0.03978835418820381,0.0596352145075798,0.10375150293111801,3.6153321266174316
203,0.0,0.010079403407871723,0.007754357531666756,0.0068775201216340065,0.0052944389171898365,0.0037445351481437683,0.003102435963228345,0.002960696117952466,0.0028627491556108,0.002876295940950513,0.0026206376496702433,0.0029061948880553246,0.0030264973174780607,0.003609857289120555,0.004321213811635971,0.004986549261957407,0.005926176905632019,0.00655810022726655,0.00828038901090622,0.009864168241620064,0.010982914827764034,0.01383342407643795,0.017542744055390358,0.021293699741363525,0.02985355816781521,0.041013456881046295,0.0615069679915905,0.11170937120914459,4.101574897766113
204,0.0,0.010622215457260609,0.00802538450807333,0.007168108131736517,0.005546543747186661,0.0038659139536321163,0.0032265898771584034,0.0029830634593963623,0.002930542454123497,0.002982282778248191,0.0028080535121262074,0.0030288840644061565,0.003056503599509597,0.0037174292374402285,0.0044961413368582726,0.00520807271823287,0.005873469170182943,0.006436521653085947,0.008445652201771736,0.00985423382371664,0.010981974191963673,0.01340602245181799,0.01794079691171646,0.021454954519867897,0.030125819146633148,0.041255220770835876,0.06029192730784416,0.10792133212089539,3.495851993560791
205,0.0,0.008647055365145206,0.0068563730455935,0.00599951995536685,0.004725640639662743,0.0032929955050349236,0.002858922118321061,0.002568202093243599,0.0025194159243255854,0.002515441505238414,0.0023153156507760286,0.0025643850676715374,0.00274766911752522,0.003356833942234516,0.004048651549965143,0.0046249618753790855,0.005954415537416935,0.006582672242075205,0.009071620181202888,0.010622713714838028,0.011368976905941963,0.013995453715324402,0.01840035803616047,0.022033751010894775,0.029719654470682144,0.04150964692234993,0.05889388173818588,0.11620389670133591,3.8730669021606445
206,0.0,0.009359688498079777,0.007207687944173813,0.006451470777392387,0.004951829090714455,0.0034636061172932386,0.0028996351175010204,0.0027653509750962257,0.0027223029173910618,0.0026535021606832743,0.002417521784082055,0.0026959653478115797,0.002836348721757531,0.0033408054150640965,0.003984697628766298,0.004612424876540899,0.00578466197475791,0.006167506333440542,0.008080333471298218,0.009888033382594585,0.010809040628373623,0.013587988913059235,0.017294665798544884,0.020643683150410652,0.029504278674721718,0.040508609265089035,0.06039463356137276,0.10304054617881775,3.5266153812408447
207,0.0,0.00826883316040039,0.006417710334062576,0.005719298031181097,0.004511852748692036,0.0030800511594861746,0.002541556255891919,0.0023675428237766027,0.002411174587905407,0.0023678361903876066,0.0021602872293442488,0.0023812539875507355,0.0025375662371516228,0.0030016200616955757,0.0035570429172366858,0.004293307662010193,0.005211506970226765,0.005802839063107967,0.007875943556427956,0.009779107756912708,0.010647568851709366,0.013319134712219238,0.017290731891989708,0.02137841284275055,0.028733983635902405,0.037952203303575516,0.057082224637269974,0.1058812141418457,3.6091949939727783
208,0.0,0.009519243612885475,0.007303077261894941,0.0065425387583673,0.005073223263025284,0.003584903432056308,0.0029584337025880814,0.0027992455288767815,0.002704872749745846,0.002680346602573991,0.0025282891001552343,0.0027181177865713835,0.0028086190577596426,0.003348925383761525,0.004077415447682142,0.004632127936929464,0.005505505949258804,0.006019169464707375,0.007673927117139101,0.009455632418394089,0.010522234253585339,0.012674415484070778,0.017651859670877457,0.02131667360663414,0.029341239482164383,0.04029759019613266,0.05776827409863472,0.1048206239938736,3.714242696762085
209,0.0,0.0083700530230999,0.006570123601704836,0.005846834741532803,0.004575745202600956,0.003140816232189536,0.0027301970403641462,0.002539154142141342,0.002496379427611828,0.0023973428178578615,0.002287616254761815,0.0024978448636829853,0.0027387645095586777,0.003204535460099578,0.0038948075380176306,0.004550537094473839,0.005440199747681618,0.0062950835563242435,0.008077792823314667,0.009962930344045162,0.010863219387829304,0.013556450605392456,0.01797235757112503,0.022375866770744324,0.029738985002040863,0.038900285959243774,0.057735223323106766,0.10715645551681519,3.585143804550171
210,0.0,0.009197993203997612,0.007095645181834698,0.0062363650649785995,0.004802080802619457,0.003321206197142601,0.0027094054967164993,0.0025345077738165855,0.0026411826256662607,0.002591653959825635,0.0023466020356863737,0.002578605664893985,0.0027078234124928713,0.0033108647912740707,0.003883045632392168,0.004653641954064369,0.005587204359471798,0.0063210357911884785,0.007769929710775614,0.009463125839829445,0.010562394745647907,0.013051188550889492,0.017782799899578094,0.021003250032663345,0.028869688510894775,0.03916092589497566,0.05836867913603783,0.11380589753389359,4.07267427444458
211,0.0,0.010138027369976044,0.007753388490527868,0.006684331223368645,0.005295146256685257,0.003626968013122678,0.003000811906531453,0.0027525750920176506,0.0028302946593612432,0.002797946333885193,0.0025429106317460537,0.002780235605314374,0.0028742840513587,0.0034000545274466276,0.003950965590775013,0.004747016821056604,0.005489488132297993,0.006045119371265173,0.007662456948310137,0.009329264052212238,0.010681169107556343,0.012783799320459366,0.017709316685795784,0.021584607660770416,0.028767835348844528,0.03967782482504845,0.06063617393374443,0.10268005728721619,3.5102956295013428
212,0.0,0.009694683365523815,0.00742315873503685,0.006559861358255148,0.0050763036124408245,0.003564694197848439,0.0030140047892928123,0.0028297617100179195,0.0027628629468381405,0.002651966642588377,0.002454660600051284,0.002764932345598936,0.0028763976879417896,0.003291022265329957,0.003929794766008854,0.004669936373829842,0.005498363636434078,0.006279297173023224,0.007858880795538425,0.00951322726905346,0.01081239152699709,0.012835914269089699,0.017288144677877426,0.02074902504682541,0.028701772913336754,0.037685148417949677,0.05735994130373001,0.10306202620267868,3.7679591178894043
213,0.0,0.008502773940563202,0.006573864258825779,0.005762167274951935,0.004597618710249662,0.0031748381443321705,0.0027214069850742817,0.002508678240701556,0.002511309226974845,0.002536590676754713,0.002283815061673522,0.0025619592051953077,0.0027423822320997715,0.0032078600488603115,0.003878242103382945,0.004473306704312563,0.005344637669622898,0.005876580718904734,0.007977725937962532,0.009506063535809517,0.010738562792539597,0.013091196306049824,0.017729023471474648,0.021442634984850883,0.02938019670546055,0.039224810898303986,0.05784912779927254,0.10612761229276657,3.788159132003784
214,0.0,0.009848730638623238,0.007649884559214115,0.006829021032899618,0.005231435876339674,0.0036314884200692177,0.0030173524282872677,0.0028211732860654593,0.002744626486673951,0.0026649038773030043,0.0025892402045428753,0.0027489005587995052,0.0029482461977750063,0.0034553706645965576,0.004179353825747967,0.005005187820643187,0.005675224587321281,0.006508376449346542,0.008330026641488075,0.010263104923069477,0.011272918432950974,0.01342123094946146,0.017324985936284065,0.021792087703943253,0.028992967680096626,0.037791308015584946,0.057506635785102844,0.10065378248691559,3.4747042655944824
215,0.0,0.009451912716031075,0.007442336063832045,0.006499400828033686,0.005089535843580961,0.003509662812575698,0.0030248365364968777,0.0028181318193674088,0.0028046295046806335,0.0026721865870058537,0.002471483312547207,0.0028213772457093,0.0029632654041051865,0.003441520966589451,0.004109466914087534,0.0046871984377503395,0.00568039994686842,0.006396018899977207,0.008665083907544613,0.00981507170945406,0.010886183008551598,0.013901317492127419,0.018498966470360756,0.022220473736524582,0.03005552478134632,0.03921402990818024,0.057836905121803284,0.09909456223249435,3.5043654441833496
216,0.0,0.010846292600035667,0.008204297162592411,0.0072191939689219,0.005582354497164488,0.0037851491943001747,0.0031480579636991024,0.0028475546278059483,0.0028849351219832897,0.0028915517032146454,0.0026592102367430925,0.002905831905081868,0.0030944126192480326,0.003604487981647253,0.004300055559724569,0.004781961441040039,0.005844644736498594,0.006442123558372259,0.00816836766898632,0.010332375764846802,0.01102396845817566,0.013729937374591827,0.01752602308988571,0.021315958350896835,0.02984778769314289,0.03919217735528946,0.06088702008128166,0.10779329389333725,3.8545644283294678
217,0.0,0.01013842225074768,0.0077155232429504395,0.006847219541668892,0.005409308709204197,0.0037760669365525246,0.0030352158937603235,0.0028356791008263826,0.002752744359895587,0.0028157562483102083,0.002620103070512414,0.0028694970533251762,0.0029911454766988754,0.003429041476920247,0.004141760990023613,0.004881617147475481,0.005669214762747288,0.006355372257530689,0.00797336921095848,0.009688498452305794,0.010762135498225689,0.013319535180926323,0.017595911398530006,0.02104947529733181,0.029317425563931465,0.04037310183048248,0.05981237441301346,0.11622661352157593,4.33845853805542
218,0.0,0.008310487493872643,0.00633046543225646,0.005658337380737066,0.00443146051838994,0.0031020285096019506,0.002606545574963093,0.002422244753688574,0.002390932524576783,0.0023306196089833975,0.002175338799133897,0.002447898266837001,0.002572644269093871,0.002963217906653881,0.003519650548696518,0.004228436388075352,0.004808046855032444,0.005460040178149939,0.006967316847294569,0.008886459283530712,0.01026892103254795,0.012827198952436447,0.017094235867261887,0.021390492096543312,0.029103100299835205,0.03849003091454506,0.05718326196074486,0.10266918689012527,3.6569671630859375
219,0.0,0.009666236117482185,0.007492554374039173,0.006577116437256336,0.00508861942216754,0.0035059305373579264,0.00298455823212862,0.0028083203360438347,0.002728917170315981,0.002752195578068495,0.0025108004920184612,0.0027287034317851067,0.0028853497933596373,0.00357053498737514,0.004069405607879162,0.004902546294033527,0.006043287459760904,0.0062953573651611805,0.008266986347734928,0.010311020538210869,0.010640316642820835,0.013072386384010315,0.01828368566930294,0.02152903936803341,0.0296860933303833,0.03949160873889923,0.05921480059623718,0.10322622209787369,3.895796537399292
220,0.0,0.010121607221662998,0.007649495266377926,0.006869462318718433,0.005332336761057377,0.0036985157057642937,0.003107487689703703,0.00283557060174644,0.0027589183300733566,0.0027982909232378006,0.0025552031584084034,0.002893401775509119,0.002902028616517782,0.0035887015983462334,0.0043389624916017056,0.004989069886505604,0.00575305987149477,0.006136350799351931,0.008155390620231628,0.010009699501097202,0.011511003598570824,0.013789265416562557,0.01773075759410858,0.02208876609802246,0.029382135719060898,0.03944390267133713,0.06085766851902008,0.10083960741758347,3.6543381214141846
221,0.0,0.00960991345345974,0.007484278175979853,0.006647302303463221,0.0051716347225010395,0.003669511526823044,0.002959075616672635,0.0027183133643120527,0.002751016989350319,0.0026671693194657564,0.0024730656296014786,0.0028426824137568474,0.0029622791334986687,0.003359040943905711,0.004093882627785206,0.004737951792776585,0.005572909489274025,0.006005576346069574,0.007683889474719763,0.009306659922003746,0.010611586272716522,0.013061164878308773,0.01702687330543995,0.02116629108786583,0.029463166370987892,0.04060379043221474,0.05951394885778427,0.10301709920167923,3.9451847076416016
222,0.0,0.009512652643024921,0.007285776548087597,0.00653952918946743,0.005065029487013817,0.0035094376653432846,0.002844031900167465,0.002719108248129487,0.0026841654907912016,0.0027250447310507298,0.0024071522057056427,0.0027500672731548548,0.0028360215947031975,0.0035062257666140795,0.003965619020164013,0.004759321920573711,0.005423621740192175,0.006089603528380394,0.007862412370741367,0.009883281774818897,0.010604185983538628,0.013030599802732468,0.017906157299876213,0.021726880222558975,0.030070370063185692,0.04059530794620514,0.06255555152893066,0.10001115500926971,3.483949899673462
223,0.0,0.010524215176701546,0.008102982304990292,0.007225089240819216,0.005508953705430031,0.003902111202478409,0.0032471613958477974,0.0029010132420808077,0.00288041727617383,0.002750653773546219,0.0026182658039033413,0.0029474860057234764,0.0029280807357281446,0.0035955747589468956,0.004252937156707048,0.004898491315543652,0.005896069575101137,0.006599183660000563,0.0087115578353405,0.01038786768913269,0.011652548797428608,0.01448722556233406,0.018442142754793167,0.022426337003707886,0.03171338513493538,0.04030232131481171,0.0619165301322937,0.107432059943676,3.4760899543762207
224,0.0,0.010397015139460564,0.007983990013599396,0.0070812515914440155,0.0055681681260466576,0.00385247147642076,0.0033219398465007544,0.003127755830064416,0.003050100989639759,0.0028741927817463875,0.002666340209543705,0.0030290591530501842,0.0032046502456068993,0.0037458946462720633,0.004392673261463642,0.00531126419082284,0.006074908655136824,0.006694215349853039,0.00880225095897913,0.010487604886293411,0.011445805430412292,0.013910841196775436,0.0184139683842659,0.022601120173931122,0.031044399365782738,0.04226505756378174,0.0640941932797432,0.11012773960828781,3.780653238296509
225,0.0,0.008483078330755234,0.006640546955168247,0.005839850753545761,0.004638278391212225,0.0032251044176518917,0.0026348019018769264,0.002509541343897581,0.0025251240003854036,0.0025344553869217634,0.0023376618046313524,0.002521632006391883,0.002678612945601344,0.0032658351119607687,0.0038740693125873804,0.004523660056293011,0.005715921986848116,0.006284814327955246,0.008483159355819225,0.00991321075707674,0.011035858653485775,0.013757136650383472,0.01828748546540737,0.022059837356209755,0.031197430565953255,0.03980178385972977,0.05997726693749428,0.1029910296201706,3.3105103969573975
226,0.0,0.009191394783556461,0.007256355602294207,0.0064303032122552395,0.005020005628466606,0.0034730888437479734,0.0028622476384043694,0.002713823923841119,0.002669441280886531,0.0025527598336338997,0.0023882470559328794,0.002687451895326376,0.002844731556251645,0.003301911521703005,0.003943155054003,0.004896304104477167,0.005854521878063679,0.0065143355168402195,0.008432921022176743,0.010094508528709412,0.011133507825434208,0.013637377880513668,0.018202081322669983,0.02215508371591568,0.02914329059422016,0.039460740983486176,0.06010787561535835,0.10312540084123611,3.556595802307129
227,0.0,0.00890568271279335,0.006623527500778437,0.005899861454963684,0.0045857918448746204,0.0032301312312483788,0.002639208920300007,0.0025807053316384554,0.002510025631636381,0.002505078911781311,0.0023246353957802057,0.002424149075523019,0.0026826972607523203,0.0032017237972468138,0.0037930579856038094,0.004342447035014629,0.005138469859957695,0.005870511755347252,0.00811014324426651,0.009953581728041172,0.010489902459084988,0.013201446272432804,0.017672639340162277,0.021729135885834694,0.03000984899699688,0.039723917841911316,0.05809157341718674,0.10216119885444641,3.930915117263794
228,0.0,0.009466392919421196,0.007245651446282864,0.00638838205486536,0.004915272817015648,0.003452249802649021,0.002864848356693983,0.0026621147990226746,0.0026594011578708887,0.002641461556777358,0.0024205935187637806,0.002741725416854024,0.0029188606422394514,0.0034037218429148197,0.004173398017883301,0.004684836603701115,0.005820034071803093,0.0064466288313269615,0.008482414297759533,0.009918760508298874,0.010964371263980865,0.013860712759196758,0.01873478665947914,0.021844109520316124,0.030092129483819008,0.039535876363515854,0.06150641292333603,0.10546017438173294,3.7680695056915283
229,0.0,0.007256845943629742,0.005655150860548019,0.004985540173947811,0.0038685055915266275,0.0027366261929273605,0.0022859012242406607,0.0021874504163861275,0.002176885027438402,0.0021863870788365602,0.00205131433904171,0.0022587934508919716,0.002532375045120716,0.002946313936263323,0.003472110955044627,0.004090330563485622,0.005071197170764208,0.0057511236518621445,0.0075113289058208466,0.009362652897834778,0.010064992122352123,0.013369669206440449,0.017961064353585243,0.021552404388785362,0.02983218804001808,0.03995735943317413,0.05782865360379219,0.10099977254867554,3.8083415031433105
230,0.0,0.009409315884113312,0.007282620761543512,0.006497951690107584,0.0050621675327420235,0.0035457750782370567,0.002915577497333288,0.0027331504970788956,0.002660490805283189,0.002666722983121872,0.002453484572470188,0.0026508099399507046,0.0028725038282573223,0.0032746936194598675,0.003967715427279472,0.004624916240572929,0.0052863601595163345,0.005992184393107891,0.0079836156219244,0.00927591323852539,0.010503081604838371,0.013286694884300232,0.017545316368341446,0.020933521911501884,0.028706341981887817,0.03971918299794197,0.05912865325808525,0.09576535224914551,3.0760602951049805
231,0.0,0.009184645488858223,0.006966760382056236,0.006182163022458553,0.0047400943003594875,0.003301931545138359,0.0027564798947423697,0.0025148564018309116,0.0024299463257193565,0.00253110658377409,0.0024136134888976812,0.002544634509831667,0.0027186614461243153,0.0032370013650506735,0.0037741686683148146,0.004525597207248211,0.004948880523443222,0.0056895180605351925,0.007364426273852587,0.00877375528216362,0.009619729593396187,0.012520897202193737,0.017172127962112427,0.020610207691788673,0.028222527354955673,0.038399528712034225,0.05653783306479454,0.11522119492292404,4.279811859130859
232,0.0,0.009445971809327602,0.00714615685865283,0.006252808962017298,0.004745589569211006,0.0033020025584846735,0.002703788224607706,0.0025911808479577303,0.0025330698117613792,0.0025609140284359455,0.0023608298506587744,0.0025484224315732718,0.0028053841087967157,0.003230839967727661,0.003923752810806036,0.004534924868494272,0.00546463904902339,0.005954825785011053,0.007986951619386673,0.009475775063037872,0.010237365961074829,0.012649656273424625,0.017569875344634056,0.020996468141674995,0.029138917103409767,0.039706040173769,0.056463129818439484,0.10995817929506302,4.263903617858887
233,0.0,0.01003692951053381,0.007650574203580618,0.006679954007267952,0.005119601264595985,0.0035695135593414307,0.002913558157160878,0.0027379002422094345,0.002852510428056121,0.0027307486161589622,0.002585741225630045,0.002731726737692952,0.002925155684351921,0.003502890933305025,0.004131721798330545,0.004720014054328203,0.005585086066275835,0.006216537673026323,0.008086848072707653,0.009611248038709164,0.010337200947105885,0.012602508999407291,0.016724305227398872,0.020395981147885323,0.028016816824674606,0.038042102009058,0.05546851456165314,0.0966288223862648,3.4523277282714844
234,0.0,0.009309355169534683,0.007129458710551262,0.006315216887742281,0.004924124106764793,0.003434473881497979,0.0028852312825620174,0.0026805212255567312,0.002678663469851017,0.0026570986956357956,0.0025024835485965014,0.002680606907233596,0.0029082000255584717,0.003327135695144534,0.004067354369908571,0.004655030556023121,0.0054438430815935135,0.006029743701219559,0.00811781920492649,0.009716974571347237,0.010697513818740845,0.012913001701235771,0.017285672947764397,0.021938549354672432,0.029523756355047226,0.03974055126309395,0.05757388472557068,0.11051053553819656,3.991212844848633
235,0.0,0.007199072279036045,0.005704989656805992,0.004981811158359051,0.0038720923475921154,0.002718638861551881,0.002238607034087181,0.0021334828343242407,0.0021694477181881666,0.002200497779995203,0.0020166635513305664,0.0022216723300516605,0.002451685955747962,0.002841377630829811,0.0034000826999545097,0.004004572052508593,0.00480433227494359,0.005432964768260717,0.006866516545414925,0.008897058665752411,0.009719855152070522,0.013102387078106403,0.017309017479419708,0.021695543080568314,0.029155805706977844,0.03993333503603935,0.056997500360012054,0.09974413365125656,3.7848124504089355
