,layer_1,layer_2,layer_3,layer_4,layer_5,layer_6,layer_7,layer_8,layer_9,layer_10,layer_11,layer_12,layer_13,layer_14,layer_15,layer_16,layer_17,layer_18,layer_19,layer_20,layer_21,layer_22,layer_23,layer_24,layer_25,layer_26,layer_27,layer_28,layer_29
0,0.0,10.646538734436035,13.833389282226562,9.928678512573242,7.8578104972839355,4.803370475769043,3.445856809616089,3.1622958183288574,2.669769525527954,2.549164295196533,2.111076831817627,1.7402342557907104,1.6700338125228882,1.9445799589157104,2.3562369346618652,2.268003463745117,2.529218912124634,2.2541213035583496,2.833150625228882,3.123272657394409,3.5086827278137207,3.880110263824463,5.8606696128845215,8.460517883300781,12.067859649658203,13.858628273010254,33.601680755615234,162.6961669921875,13201.794921875
1,0.0,8.3651762008667,10.283652305603027,8.760658264160156,6.137142181396484,4.25199031829834,2.723226308822632,2.5415332317352295,2.125206708908081,2.211881399154663,1.7324258089065552,1.5361639261245728,1.5383845567703247,1.719342589378357,1.9803112745285034,2.030043840408325,2.072826385498047,2.0436363220214844,2.250441551208496,2.667355537414551,3.123969793319702,3.4552066326141357,5.37601900100708,7.5336503982543945,10.21021556854248,11.446477890014648,26.935277938842773,134.4639129638672,11478.390625
2,0.0,11.851970672607422,14.642748832702637,10.952360153198242,7.812379360198975,5.10765266418457,3.7258691787719727,3.843198537826538,2.9102416038513184,2.844709634780884,2.2460498809814453,1.9983618259429932,1.8298492431640625,1.9726272821426392,2.580706834793091,2.6591031551361084,2.456498861312866,2.432802438735962,2.9154365062713623,3.244462013244629,3.72526216506958,3.9016292095184326,5.777194499969482,8.56131649017334,11.18942928314209,14.255528450012207,36.47626495361328,162.70079040527344,13696.873046875
3,0.0,12.492871284484863,14.825813293457031,11.950287818908691,8.524686813354492,5.401620388031006,3.7313380241394043,3.7273993492126465,3.0597083568573,3.1502256393432617,2.1974475383758545,2.1122970581054688,1.8370176553726196,2.104494333267212,2.48117733001709,2.5912365913391113,2.779223918914795,2.561617374420166,3.039548873901367,3.469761371612549,3.6405844688415527,4.193074703216553,6.579418182373047,9.349918365478516,13.523801803588867,14.899831771850586,37.49202346801758,178.1931610107422,16975.9375
4,0.0,15.082090377807617,18.7989444732666,12.668054580688477,9.786900520324707,6.432349681854248,4.6764445304870605,4.140549659729004,3.294644594192505,3.2651374340057373,2.602304697036743,2.2594332695007324,2.268916130065918,2.3138813972473145,2.8382482528686523,2.87253999710083,2.9210257530212402,2.9318947792053223,3.3453657627105713,3.5427961349487305,4.275365352630615,4.73310661315918,7.252418518066406,10.615148544311523,13.384830474853516,17.51126480102539,42.00528335571289,217.21397399902344,18306.474609375
5,0.0,8.45207691192627,10.503737449645996,8.115029335021973,5.237227916717529,3.5547544956207275,2.3154218196868896,2.335949659347534,2.0213565826416016,2.1584839820861816,1.6509897708892822,1.5226656198501587,1.4757012128829956,1.6571507453918457,1.9379844665527344,2.021015167236328,2.061424493789673,2.0677573680877686,2.527517795562744,2.734417676925659,3.000819683074951,3.5292305946350098,5.437216281890869,7.180943012237549,10.09933853149414,12.218472480773926,27.94198989868164,136.39634704589844,12080.9990234375
6,0.0,8.910232543945312,11.996939659118652,8.94083309173584,6.488813877105713,4.463469982147217,2.9683892726898193,2.618741750717163,2.204202175140381,2.3393590450286865,1.711830973625183,1.6825381517410278,1.6570591926574707,1.7205311059951782,1.979392409324646,2.232422351837158,2.188728094100952,2.0910050868988037,2.510288715362549,2.844393491744995,2.964714765548706,3.6180975437164307,5.4357590675354,7.254585266113281,9.866521835327148,12.090065956115723,29.74183464050293,132.7754364013672,12334.8916015625
7,0.0,14.804651260375977,18.536277770996094,14.205155372619629,9.546947479248047,6.655190944671631,4.394944190979004,4.531373023986816,3.606771945953369,3.7473864555358887,2.923276901245117,2.7460289001464844,2.4875710010528564,2.704852819442749,3.4393253326416016,3.4421491622924805,3.3350107669830322,3.234004497528076,3.528512954711914,4.027321815490723,4.626502513885498,5.4170918464660645,8.249457359313965,11.653696060180664,16.329055786132812,18.869070053100586,44.975276947021484,224.16954040527344,19048.205078125
8,0.0,14.874367713928223,19.41748046875,15.353742599487305,10.554763793945312,7.1514105796813965,5.063902378082275,4.322181701660156,3.7462265491485596,3.835658311843872,2.9784371852874756,2.511535406112671,2.6661245822906494,2.889932155609131,3.8221969604492188,3.626098394393921,3.821157932281494,3.66611647605896,4.105224132537842,4.620590686798096,5.437545299530029,5.949521541595459,9.438387870788574,12.64883041381836,15.590770721435547,21.4747371673584,49.99433898925781,245.19187927246094,22261.640625
9,0.0,12.262225151062012,15.439807891845703,10.754916191101074,8.053695678710938,5.383036136627197,3.4675679206848145,3.6274921894073486,2.907864809036255,2.8555002212524414,2.138062000274658,2.0053584575653076,1.9270005226135254,2.1495184898376465,2.439561367034912,2.37959361076355,2.4302403926849365,2.28366756439209,2.878660202026367,2.9440581798553467,3.6332647800445557,3.9102423191070557,6.2102813720703125,8.407256126403809,11.372212409973145,15.07292652130127,33.4664306640625,153.387939453125,14763.53515625
10,0.0,10.979188919067383,15.880903244018555,10.793244361877441,8.669425964355469,5.558062553405762,4.0370354652404785,3.501828670501709,2.957566738128662,2.7659850120544434,2.363054037094116,2.0974302291870117,1.8954544067382812,1.9924077987670898,2.580167531967163,2.6093063354492188,2.4889605045318604,2.5278351306915283,2.830826997756958,3.396454334259033,3.642540693283081,4.12244176864624,6.4638495445251465,8.797161102294922,12.196948051452637,13.812965393066406,34.073089599609375,178.86134338378906,14051.7451171875
11,0.0,12.103110313415527,17.17382049560547,11.913107872009277,9.514904975891113,6.2239532470703125,4.1329755783081055,3.826446533203125,3.1046109199523926,2.9053866863250732,2.530518054962158,2.1001853942871094,1.9974098205566406,2.4521291255950928,2.701472759246826,2.7321417331695557,2.859849691390991,2.5288736820220947,3.1362009048461914,3.5574231147766113,3.931368350982666,4.531618595123291,7.2720112800598145,9.614352226257324,13.039155006408691,16.311241149902344,40.153072357177734,196.68209838867188,15200.2578125
12,0.0,12.251482963562012,15.521655082702637,12.022252082824707,9.08800983428955,5.38460111618042,3.9406208992004395,3.5891482830047607,2.8879411220550537,3.0279176235198975,2.3491477966308594,2.0086123943328857,2.0079731941223145,2.2509171962738037,2.695617198944092,2.868779420852661,2.8499906063079834,2.6881957054138184,3.1945621967315674,3.631892681121826,4.049236297607422,4.6790032386779785,7.095980644226074,9.4934663772583,14.137174606323242,16.2163028717041,39.03688049316406,185.73316955566406,15941.5703125
13,0.0,13.714102745056152,17.746416091918945,12.535282135009766,9.651534080505371,6.368801593780518,4.157989501953125,3.9740254878997803,3.1817100048065186,2.914449453353882,2.322746992111206,2.161659002304077,1.999001383781433,2.157351493835449,2.495145082473755,2.633965253829956,2.889429807662964,2.736051559448242,3.2092936038970947,3.488971471786499,3.9686083793640137,4.580946445465088,6.896463871002197,9.878660202026367,13.674323081970215,15.980395317077637,37.223026275634766,183.3125762939453,16573.748046875
14,0.0,15.990998268127441,18.551637649536133,15.474727630615234,9.864328384399414,7.24613618850708,4.849005222320557,4.444957256317139,3.4523589611053467,3.4107744693756104,2.627915859222412,2.332228183746338,2.3533170223236084,2.4527735710144043,3.1383020877838135,3.1877095699310303,3.14233660697937,3.057084798812866,3.9178404808044434,4.083632469177246,4.5373382568359375,5.179072856903076,8.185203552246094,10.754701614379883,15.844986915588379,18.511075973510742,45.79773712158203,212.03672790527344,16554.185546875
15,0.0,16.611812591552734,19.449644088745117,14.344832420349121,11.491049766540527,7.336339473724365,5.187347888946533,4.908651828765869,3.5718462467193604,3.6147286891937256,2.754707098007202,2.471346855163574,2.488274574279785,2.7937164306640625,3.241140365600586,3.568793535232544,3.6523799896240234,3.234618663787842,3.6985206604003906,4.471174240112305,4.780801773071289,5.481903076171875,8.466104507446289,11.659107208251953,15.88621997833252,18.74179458618164,45.766422271728516,228.6404571533203,18576.384765625
16,0.0,12.90534496307373,15.829276084899902,12.921364784240723,8.494922637939453,5.780401706695557,3.7827250957489014,3.719146251678467,3.2293601036071777,3.1088273525238037,2.3641583919525146,2.2243432998657227,2.0564634799957275,2.433372735977173,2.706493377685547,3.0070436000823975,2.8721280097961426,2.795259952545166,3.15409255027771,3.674553632736206,3.9340715408325195,4.360152721405029,6.995992183685303,9.499482154846191,13.38460636138916,16.268041610717773,37.363399505615234,182.68553161621094,15508.884765625
17,0.0,8.939000129699707,11.183429718017578,8.868375778198242,6.237711429595947,4.131814002990723,2.7898712158203125,2.6645870208740234,2.257139205932617,2.092806100845337,1.7120410203933716,1.6684751510620117,1.410599708557129,1.5998982191085815,2.1117849349975586,2.0799155235290527,2.2314436435699463,2.065803289413452,2.518676996231079,2.5829546451568604,3.0729832649230957,3.5039260387420654,4.857122421264648,7.064153671264648,9.535696029663086,11.788939476013184,26.854429244995117,136.4891357421875,11561.162109375
18,0.0,13.598380088806152,14.436697959899902,12.774938583374023,8.44748306274414,6.032471179962158,3.7973599433898926,3.516335964202881,3.298739194869995,3.2095789909362793,2.46539306640625,2.3445489406585693,2.1139473915100098,2.269705057144165,2.6565303802490234,2.9523849487304688,2.889042377471924,2.778592824935913,3.4210729598999023,3.8104097843170166,4.330689430236816,4.894646644592285,7.121110916137695,10.755141258239746,13.816146850585938,16.085453033447266,39.73117446899414,182.51937866210938,16342.8525390625
19,0.0,12.20280933380127,14.12444019317627,11.40799331665039,8.000481605529785,5.555415630340576,3.761369228363037,3.5793707370758057,2.8871347904205322,2.9077584743499756,2.1739964485168457,2.0811548233032227,1.8580352067947388,2.1670665740966797,2.6631181240081787,2.81201434135437,2.710819959640503,2.740623712539673,3.164327383041382,3.4188451766967773,3.9308457374572754,4.281713962554932,6.698999404907227,10.034623146057129,12.80431079864502,14.351688385009766,37.90427780151367,182.62791442871094,16457.91796875
20,0.0,12.989559173583984,16.625905990600586,12.621603965759277,8.622495651245117,5.65844202041626,4.392672538757324,3.8502955436706543,3.098642349243164,3.3218653202056885,2.4507784843444824,2.2737081050872803,2.0739505290985107,2.2686593532562256,2.754653215408325,2.779381513595581,2.962963581085205,2.8416595458984375,3.2690820693969727,3.9074008464813232,4.065481662750244,4.698398590087891,6.976984024047852,10.467740058898926,13.218289375305176,15.415742874145508,42.45834732055664,185.8509979248047,15919.798828125
21,0.0,15.771318435668945,21.009519577026367,16.382055282592773,11.998539924621582,7.806377410888672,5.274226665496826,4.759606838226318,3.850243330001831,3.785522699356079,3.201207160949707,2.6590700149536133,2.6178536415100098,2.8583452701568604,3.6362555027008057,3.751999616622925,3.5824949741363525,3.2338075637817383,4.086856842041016,4.419204235076904,4.591786861419678,5.88290548324585,8.785400390625,12.39670181274414,16.452892303466797,21.028501510620117,49.61487579345703,251.36474609375,21405.171875
22,0.0,12.692779541015625,15.44931411743164,12.478106498718262,8.78051471710205,5.2726006507873535,3.964186668395996,3.4489102363586426,2.955037832260132,2.879816770553589,2.3332607746124268,2.2067818641662598,1.9967767000198364,2.178131580352783,2.787022113800049,2.814783811569214,2.7143990993499756,2.7295074462890625,2.9670329093933105,3.544851303100586,3.7381856441497803,4.492814540863037,7.011721611022949,9.537318229675293,13.331608772277832,16.340362548828125,40.742835998535156,173.13880920410156,14676.638671875
23,0.0,13.826906204223633,17.911529541015625,13.774553298950195,9.900494575500488,6.607136249542236,4.505852699279785,4.250852108001709,3.433042287826538,3.516122817993164,2.6231696605682373,2.3100128173828125,2.205641508102417,2.586271286010742,2.9888949394226074,2.990309715270996,3.2138311862945557,3.0032241344451904,3.3557653427124023,4.121266841888428,4.424530029296875,4.946718215942383,7.444070816040039,11.877930641174316,15.325319290161133,19.309804916381836,45.296165466308594,200.5861358642578,17034.9921875
24,0.0,8.504181861877441,10.549497604370117,8.1397123336792,5.817730903625488,3.9443519115448,2.7632803916931152,2.4703707695007324,1.9398674964904785,2.0545601844787598,1.7182273864746094,1.5077202320098877,1.4716187715530396,1.6452932357788086,1.8566951751708984,1.9335459470748901,1.9397125244140625,1.88479745388031,2.316035270690918,2.569810152053833,2.89030385017395,3.2516837120056152,4.988389015197754,6.295170307159424,9.160503387451172,11.287260055541992,25.827985763549805,125.39315032958984,10989.2861328125
25,0.0,7.522860050201416,9.983809471130371,6.997960090637207,5.253784656524658,3.3133115768432617,2.388390302658081,2.35565447807312,1.8807754516601562,1.9445120096206665,1.5429168939590454,1.3202725648880005,1.3181748390197754,1.4808045625686646,1.736101746559143,1.8137342929840088,1.9479148387908936,1.7676241397857666,2.2802131175994873,2.4369688034057617,2.739408254623413,3.262071371078491,4.840054035186768,6.511081695556641,9.077261924743652,10.795577049255371,26.757333755493164,118.48385620117188,9551.681640625
26,0.0,18.117685317993164,21.528728485107422,16.660722732543945,11.747172355651855,8.592373847961426,5.885024070739746,5.377501010894775,4.022144794464111,4.356902599334717,3.172989845275879,2.8900625705718994,2.6566779613494873,2.882565975189209,3.4589180946350098,3.9110822677612305,4.067829132080078,3.416581153869629,4.280093193054199,5.124570369720459,5.134201526641846,6.059906482696533,9.744397163391113,14.077336311340332,19.331098556518555,23.797109603881836,54.8294563293457,263.20330810546875,22834.193359375
27,0.0,13.43443489074707,15.268754959106445,13.097557067871094,9.39333438873291,7.036070346832275,4.413211822509766,4.369607448577881,3.2094531059265137,3.2469565868377686,2.4270665645599365,2.1457788944244385,2.21034574508667,2.3471906185150146,2.6864867210388184,2.9290080070495605,3.2491257190704346,3.0667190551757812,3.385972499847412,3.873971939086914,4.130314826965332,4.5883097648620605,7.696876049041748,10.86303424835205,14.604536056518555,16.487327575683594,39.57722091674805,202.7749786376953,17521.83203125
28,0.0,17.384626388549805,20.362857818603516,15.389081954956055,12.08044719696045,7.185105323791504,4.932581424713135,4.905537128448486,3.9342472553253174,4.1512603759765625,3.171595573425293,2.7830557823181152,2.6730055809020996,2.6997745037078857,3.508861541748047,3.810696840286255,3.6416239738464355,3.8146274089813232,3.9976656436920166,4.846002101898193,5.1947150230407715,6.218489646911621,8.873785972595215,12.829203605651855,19.28120231628418,23.21526527404785,52.66658020019531,227.38491821289062,20561.818359375
29,0.0,12.694711685180664,17.251033782958984,11.941451072692871,8.896657943725586,5.783504009246826,3.58068585395813,3.6904494762420654,2.934988021850586,2.971700429916382,2.3420464992523193,2.050124406814575,2.1724162101745605,2.314443588256836,2.8501296043395996,2.845555543899536,3.201430320739746,2.796795129776001,3.2870545387268066,3.565340757369995,4.376593112945557,4.675743103027344,7.3589959144592285,9.852072715759277,12.94416618347168,16.80154037475586,37.677406311035156,180.25262451171875,15688.1435546875
30,0.0,14.708635330200195,20.831531524658203,14.8056001663208,9.833223342895508,6.941961288452148,4.768111228942871,4.887056827545166,3.453394651412964,3.4436612129211426,2.7373456954956055,2.594688892364502,2.464527130126953,2.6017158031463623,3.136645555496216,3.401521682739258,3.459416627883911,3.226271867752075,3.82334041595459,4.205099105834961,4.6815185546875,5.336780548095703,8.242533683776855,11.147024154663086,15.87407112121582,18.778287887573242,45.610862731933594,219.06517028808594,20019.93359375
31,0.0,9.366654396057129,12.723966598510742,8.543747901916504,6.9409990310668945,4.340822696685791,3.318342924118042,2.987913131713867,2.3981587886810303,2.23710560798645,1.8313113451004028,1.6721601486206055,1.5893038511276245,1.7511749267578125,2.133676767349243,2.0654995441436768,2.1244077682495117,2.1122498512268066,2.421706438064575,2.7720696926116943,3.0355639457702637,3.5168752670288086,5.690774917602539,7.047780513763428,9.958346366882324,12.572535514831543,31.17840576171875,134.22789001464844,11159.2265625
32,0.0,15.359879493713379,18.782255172729492,13.831851959228516,10.99660587310791,7.187207221984863,4.757166862487793,4.599689483642578,3.3628430366516113,3.598677396774292,2.6405699253082275,2.5070929527282715,2.507995128631592,2.842297077178955,3.0090601444244385,3.319373607635498,3.3788607120513916,2.9864675998687744,3.5629591941833496,4.18727445602417,4.462250709533691,5.046080589294434,8.012992858886719,11.545883178710938,14.58860969543457,18.51851463317871,45.14883804321289,216.18032836914062,20386.537109375
33,0.0,15.365060806274414,19.807239532470703,15.914024353027344,10.92178726196289,6.8691935539245605,5.198379039764404,4.591023921966553,3.7214584350585938,3.8029720783233643,2.8142526149749756,2.92085862159729,2.4924421310424805,2.789494037628174,3.3816380500793457,3.6410861015319824,3.6781604290008545,3.1956729888916016,4.065593719482422,4.217884540557861,4.621240139007568,5.623213768005371,7.828210830688477,11.425437927246094,14.987565040588379,19.326765060424805,47.60276794433594,227.92929077148438,21682.90625
34,0.0,16.618480682373047,19.267532348632812,15.854633331298828,10.9846830368042,7.569700241088867,5.469841957092285,5.093184947967529,3.8555617332458496,3.890216588973999,2.768030881881714,2.4873805046081543,2.5567243099212646,2.948711633682251,3.4135940074920654,3.6765153408050537,3.7877438068389893,3.36588978767395,3.935115337371826,4.426824569702148,5.101226806640625,6.224768161773682,8.76801872253418,12.836451530456543,16.72899627685547,22.113872528076172,50.600303649902344,238.8281707763672,19149.08984375
35,0.0,17.8607177734375,21.7147159576416,16.10490608215332,10.624744415283203,8.101051330566406,5.545019626617432,4.929800510406494,3.8183305263519287,3.8431849479675293,2.7780892848968506,2.8051629066467285,2.492586851119995,2.7191569805145264,3.460358142852783,3.442167043685913,3.6402575969696045,3.535543441772461,3.974033832550049,4.652227401733398,5.1192216873168945,6.1315598487854,9.328008651733398,12.205353736877441,17.9737491607666,20.806791305541992,52.3554801940918,228.62879943847656,22832.60546875
36,0.0,20.287996292114258,23.25148582458496,17.41419219970703,13.099715232849121,8.32070541381836,5.67191743850708,5.592867851257324,3.976386547088623,4.711841106414795,3.331233263015747,2.9454336166381836,2.8699469566345215,3.0764641761779785,3.8225059509277344,3.932518720626831,4.134052753448486,3.5581531524658203,4.391610145568848,4.897790431976318,5.853897571563721,6.351675033569336,10.051915168762207,13.925915718078613,18.431119918823242,22.893260955810547,58.740379333496094,245.85830688476562,20887.923828125
37,0.0,13.528647422790527,15.71041202545166,11.717277526855469,8.595253944396973,6.312985420227051,3.9900691509246826,3.6782913208007812,3.103785753250122,3.2347302436828613,2.421394109725952,2.1682310104370117,2.11378812789917,2.3943865299224854,3.035600185394287,3.1242482662200928,3.268791675567627,2.9133477210998535,3.638537883758545,3.763016700744629,4.227531909942627,4.911598205566406,7.510706424713135,9.940996170043945,14.61839771270752,16.56377410888672,43.359642028808594,183.69017028808594,16813.255859375
38,0.0,10.144767761230469,12.498335838317871,9.646500587463379,6.799019813537598,4.373558044433594,3.2464723587036133,2.8932507038116455,2.577439546585083,2.549180507659912,1.8807339668273926,1.7026396989822388,1.7333943843841553,1.9895555973052979,2.1944777965545654,2.2999794483184814,2.404895305633545,2.3333029747009277,2.7711973190307617,2.918645143508911,3.3074753284454346,3.5849015712738037,5.58480978012085,7.8107171058654785,11.194134712219238,12.756206512451172,28.780410766601562,144.0424041748047,12432.017578125
39,0.0,9.56853199005127,12.120908737182617,10.038966178894043,7.13199520111084,4.435973644256592,3.3607354164123535,3.099003791809082,2.3971097469329834,2.48293137550354,2.05722713470459,1.7885098457336426,1.8113775253295898,1.8131810426712036,2.3710777759552,2.3459858894348145,2.6073157787323,2.427992820739746,2.8523569107055664,3.074526071548462,3.2552552223205566,3.9373068809509277,5.960751056671143,8.219042778015137,10.503732681274414,13.75931167602539,31.256580352783203,144.50169372558594,13130.71484375
40,0.0,15.938655853271484,19.757875442504883,14.352137565612793,10.428680419921875,7.079503536224365,4.67529821395874,4.442497253417969,3.356947422027588,3.252164602279663,2.645392656326294,2.6227428913116455,2.386038064956665,2.663982391357422,3.296025514602661,3.389371633529663,3.3389861583709717,3.01347017288208,3.7017345428466797,4.157718181610107,4.602712631225586,5.396834373474121,8.162858009338379,11.95559024810791,15.995387077331543,19.777481079101562,45.025611877441406,234.7896728515625,21595.484375
41,0.0,10.755941390991211,14.147500038146973,10.763801574707031,7.668569087982178,5.53281307220459,3.5447237491607666,3.129878282546997,2.5544087886810303,2.5956852436065674,2.0308010578155518,1.8674720525741577,1.8305655717849731,2.0334372520446777,2.369267702102661,2.527939558029175,2.5855445861816406,2.4346981048583984,2.7228751182556152,3.061530351638794,3.5056750774383545,4.3621368408203125,6.248723983764648,8.461121559143066,11.693815231323242,14.730303764343262,33.182533264160156,152.84422302246094,13606.0146484375
42,0.0,15.331242561340332,17.78350830078125,14.688740730285645,10.234074592590332,6.815673828125,4.83224630355835,4.62140417098999,3.4661407470703125,3.655043601989746,2.6517367362976074,2.584495782852173,2.1917364597320557,2.469371795654297,3.0799367427825928,3.1153769493103027,3.3350231647491455,3.2101540565490723,3.598630428314209,4.237793445587158,4.4561028480529785,5.045285701751709,7.648346424102783,10.886683464050293,15.486346244812012,18.145238876342773,43.217750549316406,213.1573486328125,20024.5
43,0.0,14.884828567504883,20.340057373046875,15.179159164428711,10.628371238708496,7.449744701385498,5.47539758682251,4.693838596343994,3.953033447265625,3.7995121479034424,2.9881246089935303,2.7606265544891357,2.4280734062194824,2.7704615592956543,3.2791569232940674,3.478875160217285,3.3592774868011475,3.338329792022705,3.951014280319214,4.193190574645996,4.911916255950928,6.035012722015381,8.271183967590332,11.657159805297852,15.837935447692871,19.078996658325195,44.81414794921875,225.08126831054688,20032.853515625
44,0.0,12.815190315246582,18.103660583496094,13.64354133605957,9.175414085388184,6.178966045379639,4.506649017333984,4.097858428955078,3.3256351947784424,3.37977933883667,2.435056209564209,2.3335626125335693,2.1948652267456055,2.5012474060058594,3.083775758743286,2.9439094066619873,3.094790458679199,3.003815174102783,3.5915162563323975,4.147698402404785,4.437343120574951,4.973464012145996,7.748612880706787,10.708488464355469,15.416366577148438,18.035308837890625,44.86588668823242,194.9365234375,18378.8984375
45,0.0,13.759817123413086,17.646923065185547,14.28373908996582,9.720584869384766,6.857246398925781,4.293263912200928,4.345330238342285,3.540862560272217,3.5073883533477783,2.6557531356811523,2.4989013671875,2.273775339126587,2.571904420852661,2.8439435958862305,3.1866722106933594,3.1781105995178223,2.9398422241210938,3.359501838684082,3.966317892074585,4.588428020477295,5.184099197387695,8.074134826660156,11.535255432128906,15.249046325683594,17.78369140625,47.55050277709961,215.13087463378906,18687.55859375
46,0.0,15.356377601623535,17.43752098083496,13.417596817016602,9.905282020568848,6.398570537567139,4.856577396392822,4.109499454498291,3.121143102645874,3.1928751468658447,2.5361196994781494,2.3301339149475098,2.2138283252716064,2.324007987976074,2.8909263610839844,3.096724271774292,3.2074859142303467,2.837993860244751,3.442171812057495,3.9101834297180176,4.377526760101318,5.318307876586914,7.82647705078125,10.760701179504395,14.653629302978516,16.984636306762695,43.3038444519043,205.23362731933594,17987.3046875
47,0.0,10.850852966308594,13.404210090637207,9.774521827697754,8.093070030212402,5.371742248535156,3.0758585929870605,3.0647153854370117,2.4948534965515137,2.323350667953491,1.9366440773010254,1.7562288045883179,1.7381904125213623,1.8741470575332642,2.435462474822998,2.3971705436706543,2.555889844894409,2.4437880516052246,2.97304105758667,3.1065211296081543,3.590083122253418,4.258572578430176,6.164373397827148,8.592973709106445,12.26608657836914,14.649742126464844,36.97240447998047,148.48928833007812,13161.7392578125
48,0.0,11.565299034118652,14.921849250793457,10.667729377746582,8.183463096618652,5.116276741027832,3.8480138778686523,3.3684751987457275,2.8556387424468994,2.829547166824341,2.008401870727539,2.0246968269348145,1.8446857929229736,2.2187447547912598,2.570683240890503,2.6070079803466797,2.7215709686279297,2.4605565071105957,2.901175022125244,3.082613706588745,3.5589797496795654,4.031138896942139,6.162891387939453,9.661087989807129,12.307635307312012,15.920608520507812,35.8643798828125,193.8606414794922,14001.412109375
49,0.0,15.414231300354004,20.6935977935791,14.600613594055176,11.214446067810059,7.529390811920166,5.249911308288574,5.076292037963867,3.7172462940216064,3.6562702655792236,2.816312551498413,2.654637575149536,2.375396966934204,2.7565367221832275,3.385082721710205,3.4049088954925537,3.6048364639282227,3.238776445388794,3.7964842319488525,4.302751541137695,4.594196319580078,5.419314384460449,8.311416625976562,11.056195259094238,15.404439926147461,18.141490936279297,46.2265739440918,216.097412109375,19225.1953125
50,0.0,7.663893699645996,9.416812896728516,7.186967372894287,5.269586086273193,3.6213667392730713,2.507457971572876,2.130183219909668,1.9745784997940063,1.8672484159469604,1.5531587600708008,1.5916706323623657,1.372402310371399,1.4931968450546265,1.671143651008606,1.8851008415222168,1.8598695993423462,1.7341774702072144,2.002394199371338,2.4748663902282715,2.479135036468506,3.088134527206421,4.574041366577148,6.524735450744629,7.703960418701172,10.173887252807617,23.268213272094727,104.05241394042969,9284.55859375
51,0.0,16.10079574584961,19.323102951049805,15.026674270629883,10.982527732849121,6.923630714416504,4.768003463745117,4.296291351318359,3.618177652359009,3.615215539932251,2.814302921295166,2.681335687637329,2.371934175491333,2.7768807411193848,3.3757808208465576,3.5960240364074707,3.44960880279541,3.2947986125946045,3.949009895324707,4.186059474945068,4.912772178649902,5.662356853485107,8.292828559875488,12.140948295593262,15.146269798278809,20.852724075317383,53.941532135009766,228.27438354492188,19533.248046875
52,0.0,12.380413055419922,15.690691947937012,12.301492691040039,8.818876266479492,5.837083339691162,4.253066062927246,3.885268211364746,3.00677227973938,3.0569405555725098,2.293612241744995,2.1391942501068115,2.0439066886901855,2.330268621444702,2.656538248062134,2.860318899154663,2.8214058876037598,2.7184391021728516,3.0799643993377686,3.3380208015441895,4.083433151245117,4.523839950561523,6.980008125305176,9.014605522155762,12.08027172088623,16.19290542602539,36.738094329833984,194.94544982910156,15533.330078125
53,0.0,9.565977096557617,11.339828491210938,8.573238372802734,7.171102046966553,4.1129889488220215,2.906418561935425,2.5825114250183105,2.2245523929595947,2.266817808151245,1.808391809463501,1.583033800125122,1.5351892709732056,1.7050440311431885,1.878800868988037,1.8543307781219482,2.0776236057281494,2.0712082386016846,2.2940077781677246,2.5400466918945312,2.856423854827881,3.255925416946411,5.115139007568359,7.121964931488037,9.99352741241455,10.95938491821289,28.93502426147461,131.89463806152344,11435.41015625
54,0.0,21.77962303161621,26.03544044494629,20.846126556396484,14.26131534576416,9.708520889282227,6.3205413818359375,6.200598239898682,4.518940448760986,5.135860919952393,3.3234922885894775,3.1585192680358887,3.1910228729248047,3.483426332473755,4.190968990325928,4.551966190338135,4.536212921142578,4.198564052581787,4.786223411560059,6.189169406890869,6.2097039222717285,7.017897605895996,10.903403282165527,15.44742202758789,22.235212326049805,27.578218460083008,60.49094009399414,315.7599182128906,29108.048828125
55,0.0,16.83286476135254,20.262025833129883,15.858880043029785,11.287312507629395,7.628057956695557,4.870362758636475,4.449834823608398,3.86442494392395,4.151991844177246,3.0184903144836426,2.6828439235687256,2.447087049484253,2.8433165550231934,3.1474812030792236,3.368443250656128,3.5578064918518066,3.3018786907196045,3.6620230674743652,4.539211273193359,4.644059658050537,5.699768543243408,8.54667854309082,12.106038093566895,15.152154922485352,20.186779022216797,46.98937225341797,225.19451904296875,19912.310546875
56,0.0,15.281476020812988,19.825443267822266,14.276712417602539,10.166897773742676,7.200848579406738,4.7847795486450195,4.657009124755859,3.6994729042053223,3.273650646209717,2.618239402770996,2.425511360168457,2.2330591678619385,2.4885001182556152,2.977592945098877,3.4142868518829346,3.284411668777466,2.9840707778930664,3.7157297134399414,4.280069828033447,4.317787170410156,5.239476203918457,8.242158889770508,11.373252868652344,13.278863906860352,18.283172607421875,43.69655227661133,214.1210479736328,17892.50390625
57,0.0,11.354575157165527,13.592616081237793,11.207222938537598,8.114575386047363,5.6017842292785645,3.450263738632202,3.37835955619812,2.5971500873565674,2.7918269634246826,2.1627893447875977,1.9492989778518677,1.7811064720153809,2.088350772857666,2.529358148574829,2.62089467048645,2.6539769172668457,2.549525499343872,2.773747205734253,3.2747554779052734,3.7018439769744873,4.038775444030762,6.058868408203125,8.252901077270508,11.332690238952637,14.289637565612793,33.68738555908203,157.2795867919922,13705.51953125
58,0.0,11.760029792785645,14.445350646972656,11.730544090270996,7.93585205078125,5.426468849182129,3.7185542583465576,3.360506534576416,2.7409439086914062,2.5985264778137207,2.020289421081543,1.9887326955795288,1.7477493286132812,2.0622994899749756,2.502129316329956,2.7237110137939453,2.6466312408447266,2.404285192489624,2.6586828231811523,3.0490734577178955,3.4370014667510986,3.9309778213500977,6.348729133605957,8.596346855163574,11.743014335632324,14.60581111907959,33.282081604003906,165.97718811035156,14718.0849609375
59,0.0,18.09540557861328,21.304227828979492,16.461149215698242,11.788393020629883,7.859048366546631,5.35475492477417,4.881370544433594,4.24661922454834,4.0558953285217285,2.834928274154663,2.8001456260681152,2.5671274662017822,2.768514394760132,3.6327035427093506,3.4328014850616455,3.6832234859466553,3.535646438598633,3.898510217666626,4.642999649047852,5.303548336029053,6.382415294647217,9.205951690673828,12.485718727111816,16.65790557861328,21.966379165649414,50.220149993896484,259.5511474609375,22314.8515625
60,0.0,11.831976890563965,15.390937805175781,10.983603477478027,7.833039283752441,5.360044479370117,3.7735226154327393,3.5313973426818848,2.984086036682129,2.82246732711792,2.276775598526001,1.9905281066894531,1.8029000759124756,2.087716817855835,2.6206982135772705,2.6560556888580322,2.553363084793091,2.5700113773345947,2.906012773513794,3.331451892852783,3.5492360591888428,3.871695041656494,6.071684837341309,8.215031623840332,11.532661437988281,14.27637004852295,31.13389015197754,161.9433135986328,14245.8447265625
61,0.0,17.692977905273438,20.86503791809082,16.206178665161133,11.820829391479492,8.360164642333984,5.2472453117370605,5.080921173095703,4.231935977935791,4.569329261779785,3.2856855392456055,2.915151596069336,2.5542609691619873,3.0034632682800293,3.7953755855560303,3.7229955196380615,3.932091474533081,3.43472957611084,3.906780242919922,4.612322807312012,5.158288478851318,5.626347064971924,8.79539680480957,13.591096878051758,16.886226654052734,22.9801025390625,52.1608772277832,252.82772827148438,23603.384765625
62,0.0,11.992751121520996,14.141288757324219,11.17715835571289,8.707505226135254,5.2064714431762695,3.6075620651245117,3.3980207443237305,3.096849203109741,2.952554702758789,2.041388750076294,1.9056893587112427,1.818957805633545,2.067631483078003,2.377253532409668,2.747558116912842,2.6400036811828613,2.377596855163574,2.8230910301208496,3.345209836959839,3.636148691177368,4.265323638916016,6.8205695152282715,9.170242309570312,11.640318870544434,14.589921951293945,34.43806838989258,177.2886962890625,14022.46484375
63,0.0,22.495220184326172,25.01924705505371,20.034208297729492,14.50327205657959,10.23281478881836,6.615758895874023,5.817984104156494,4.6175642013549805,4.615736961364746,3.6034908294677734,3.2364277839660645,2.9894816875457764,3.393150568008423,3.9546148777008057,4.297386169433594,4.0455451011657715,4.083638668060303,4.5133867263793945,5.125192165374756,5.770518779754639,6.552452564239502,10.21665096282959,13.714149475097656,19.279586791992188,24.088748931884766,54.09963607788086,293.5080261230469,25409.3125
64,0.0,16.26877212524414,20.790498733520508,15.100825309753418,11.463193893432617,7.67879056930542,5.282115459442139,4.773046016693115,3.5897438526153564,3.721113443374634,2.901428461074829,2.5042946338653564,2.439246654510498,2.6808619499206543,3.311729907989502,3.576503038406372,3.4764654636383057,3.3804450035095215,3.624258518218994,4.374577522277832,4.812948703765869,5.7079386711120605,8.409369468688965,11.933540344238281,15.335893630981445,18.62849998474121,45.00491714477539,237.46408081054688,19493.173828125
65,0.0,10.887006759643555,12.069602012634277,10.827848434448242,7.013596057891846,4.704185962677002,3.4789841175079346,3.0207600593566895,2.5775368213653564,2.5571703910827637,2.1246631145477295,1.7824915647506714,1.8954424858093262,2.0428667068481445,2.1553335189819336,2.3747408390045166,2.429861545562744,2.3092904090881348,2.652615547180176,3.067546844482422,3.477686882019043,4.120354652404785,5.909924030303955,7.7306389808654785,10.643953323364258,13.229512214660645,32.5479736328125,147.39634704589844,12806.5048828125
66,0.0,13.679017066955566,17.424381256103516,13.024447441101074,9.731900215148926,6.377364158630371,4.445874214172363,3.955106496810913,3.132532835006714,3.241361141204834,2.425928831100464,2.295964002609253,2.1627869606018066,2.3374905586242676,2.670006275177002,3.001389741897583,2.9306368827819824,2.8901660442352295,3.357680559158325,3.6861679553985596,4.3368988037109375,4.7515692710876465,7.498832702636719,9.874861717224121,14.432414054870605,16.765703201293945,41.25864791870117,195.29678344726562,15663.6708984375
67,0.0,8.53449535369873,10.997973442077637,8.388766288757324,5.829481601715088,3.8524727821350098,2.932316780090332,2.4127438068389893,2.098613739013672,2.24629282951355,1.693138837814331,1.8609886169433594,1.5600155591964722,1.8031389713287354,2.0489423274993896,2.13992977142334,2.2632548809051514,2.1770787239074707,2.702223300933838,2.922477960586548,2.9542627334594727,3.8780786991119385,5.4150166511535645,7.952448844909668,9.919010162353516,13.029040336608887,29.409618377685547,137.67469787597656,11884.9404296875
68,0.0,15.508946418762207,20.381364822387695,14.002908706665039,10.966570854187012,7.406548023223877,4.646727561950684,4.775052070617676,3.8835880756378174,3.6958250999450684,2.7432003021240234,2.700753688812256,2.370089530944824,2.7968504428863525,3.4166646003723145,3.282472848892212,3.5076558589935303,3.0706698894500732,3.7921080589294434,4.3871049880981445,5.2446136474609375,5.691260814666748,8.412141799926758,11.770318031311035,16.64982032775879,21.302204132080078,50.15611267089844,224.59837341308594,21735.828125
69,0.0,17.106372833251953,21.327266693115234,16.747295379638672,10.812026023864746,7.510432720184326,5.532497406005859,4.881747245788574,3.7944045066833496,4.015313625335693,2.983816146850586,2.793090581893921,2.469600200653076,2.7901358604431152,3.494513750076294,3.5929689407348633,3.597898006439209,3.3556058406829834,3.987497329711914,4.725647449493408,5.053488731384277,5.728195667266846,8.989410400390625,12.752185821533203,16.743099212646484,19.81295394897461,47.044410705566406,248.66383361816406,19557.80078125
70,0.0,13.501606941223145,16.00448226928711,11.9640531539917,9.361013412475586,6.431373119354248,3.899047613143921,3.6352899074554443,3.0209033489227295,3.110944986343384,2.3458497524261475,2.280205726623535,2.1463711261749268,2.331700563430786,2.9258790016174316,2.973418951034546,2.948863983154297,2.756762981414795,3.197242259979248,3.7113096714019775,4.368720054626465,4.987229824066162,8.267559051513672,10.770231246948242,14.646820068359375,16.564056396484375,44.4302864074707,206.3101806640625,16281.552734375
71,0.0,13.774700164794922,17.40339469909668,13.964056968688965,9.141927719116211,6.239272117614746,4.69101095199585,3.9154794216156006,3.1236207485198975,3.1935739517211914,2.3815793991088867,2.2381138801574707,2.073843002319336,2.2419397830963135,2.602693557739258,3.0396785736083984,3.1168737411499023,2.9277124404907227,3.1712002754211426,3.697481155395508,4.004812717437744,4.85474967956543,7.306286811828613,10.54810619354248,13.923624038696289,17.195714950561523,41.566287994384766,197.81539916992188,15974.2216796875
72,0.0,9.404007911682129,12.449642181396484,9.388940811157227,6.38681173324585,4.054371356964111,3.0271623134613037,2.737359046936035,2.339930772781372,2.3960938453674316,1.906124472618103,1.8379780054092407,1.656456708908081,1.8341134786605835,2.2769522666931152,2.2726709842681885,2.2044942378997803,2.068056344985962,2.603163719177246,2.822309970855713,3.059474468231201,3.666779041290283,5.514485836029053,8.137178421020508,10.843547821044922,12.737257957458496,30.17247772216797,133.91519165039062,12805.6962890625
73,0.0,9.599536895751953,12.03850269317627,8.949174880981445,6.597161293029785,4.4053168296813965,2.5199170112609863,2.665463447570801,2.183120012283325,2.2588419914245605,1.6770706176757812,1.5711171627044678,1.5750582218170166,1.7208714485168457,2.2147200107574463,2.091038703918457,2.3253512382507324,2.187176465988159,2.561887264251709,2.9807708263397217,3.316220760345459,3.5928282737731934,5.6553497314453125,7.292079448699951,10.490973472595215,12.342612266540527,28.197734832763672,138.03506469726562,11709.31640625
74,0.0,13.352633476257324,17.026281356811523,13.622441291809082,10.125527381896973,5.762075424194336,4.039399147033691,4.023031711578369,2.9941461086273193,2.999030351638794,2.3790371417999268,2.147874116897583,2.1067426204681396,2.4488003253936768,2.9130122661590576,3.161900758743286,2.8984856605529785,2.814051389694214,3.2716305255889893,3.9472434520721436,4.014453411102295,4.707939624786377,7.117837905883789,9.685275077819824,12.818039894104004,15.852602005004883,37.737247467041016,195.68531799316406,16840.9921875
75,0.0,14.190356254577637,18.442930221557617,13.790959358215332,9.529091835021973,6.670047283172607,4.522403717041016,4.291473388671875,3.395634174346924,3.255964994430542,2.448237419128418,2.2622127532958984,2.1955699920654297,2.4359657764434814,3.084491491317749,3.099421977996826,3.2044453620910645,2.9040908813476562,3.3334014415740967,4.0480146408081055,4.014251232147217,4.715286731719971,7.272509574890137,10.541088104248047,14.749889373779297,17.20496940612793,46.22035598754883,211.53509521484375,17510.640625
76,0.0,16.21466064453125,20.338546752929688,16.18297576904297,11.235391616821289,7.266132354736328,5.001004695892334,4.590843200683594,4.3125715255737305,4.005528450012207,3.112999677658081,2.805443525314331,2.494462251663208,2.8018605709075928,3.6265270709991455,3.6706089973449707,3.671013832092285,3.5676794052124023,4.326229572296143,4.742944717407227,5.144858360290527,6.059164524078369,8.698663711547852,10.975545883178711,15.50306510925293,19.990419387817383,47.67710494995117,200.15090942382812,22201.921875
77,0.0,16.596561431884766,20.90608787536621,15.47879695892334,10.974505424499512,7.335306167602539,5.148106575012207,5.137753009796143,3.8026208877563477,3.8819494247436523,2.792090654373169,2.8203301429748535,2.4616706371307373,2.7243335247039795,3.0878818035125732,3.589059829711914,3.591801404953003,3.258626699447632,3.81022572517395,4.599791526794434,5.123310565948486,5.973139762878418,8.408541679382324,12.153040885925293,15.70584487915039,19.590316772460938,48.31547164916992,231.91639709472656,19460.05078125
78,0.0,20.217411041259766,25.027250289916992,19.399372100830078,13.082019805908203,9.03032112121582,6.125221252441406,6.014254093170166,4.695217132568359,4.628058910369873,3.7739686965942383,3.6438140869140625,3.144777297973633,3.711662769317627,4.445718288421631,4.875420093536377,5.219735622406006,4.750060558319092,5.444990634918213,6.013585090637207,6.70663595199585,7.236385822296143,11.514491081237793,14.327258110046387,19.179460525512695,23.686365127563477,56.86268615722656,270.2746887207031,27453.40625
79,0.0,11.843443870544434,15.84121036529541,12.61518669128418,8.562360763549805,6.0474629402160645,3.9141340255737305,3.828274965286255,3.0574681758880615,2.9526655673980713,2.398912191390991,2.0237104892730713,2.050058603286743,2.2597427368164062,2.828315258026123,2.742898941040039,2.648176431655884,2.7044806480407715,2.8538272380828857,3.4128754138946533,3.660512685775757,4.5333099365234375,7.129448413848877,8.950860023498535,14.29226303100586,15.427397727966309,39.71287155151367,204.1710968017578,17153.58984375
80,0.0,24.423364639282227,27.183046340942383,21.76603126525879,15.468008041381836,9.94590950012207,6.859861850738525,6.752545356750488,5.011652946472168,4.88911771774292,3.3597919940948486,3.4345664978027344,3.173466205596924,3.5600156784057617,4.118161201477051,4.336191654205322,4.4346537590026855,4.1307477951049805,4.922919273376465,5.444350719451904,6.001926422119141,6.822476863861084,10.258990287780762,15.229538917541504,19.972763061523438,24.675861358642578,61.88930892944336,285.3395080566406,28866.205078125
81,0.0,11.925336837768555,14.474366188049316,11.289005279541016,8.041122436523438,5.341672897338867,3.6327457427978516,3.6138975620269775,2.8991215229034424,3.108603000640869,2.245816707611084,2.1718084812164307,2.0434041023254395,2.2612242698669434,2.628695011138916,2.9228882789611816,2.678689956665039,2.5773391723632812,3.161470413208008,3.3189384937286377,3.762192726135254,4.610548973083496,7.02736759185791,8.920924186706543,13.070984840393066,15.346409797668457,35.39918899536133,177.93922424316406,16072.236328125
82,0.0,9.308732986450195,12.324380874633789,9.01754379272461,6.888248443603516,4.320619583129883,2.9053452014923096,2.8284108638763428,2.2368083000183105,2.2397115230560303,1.7261406183242798,1.6763135194778442,1.5080476999282837,1.7461917400360107,2.0807406902313232,2.1702382564544678,2.157447338104248,2.009880781173706,2.4017138481140137,2.6318531036376953,3.2411930561065674,3.5643279552459717,5.28135871887207,7.335567951202393,9.801854133605957,11.70110034942627,28.892621994018555,136.1696014404297,12910.0361328125
83,0.0,11.299610137939453,13.395885467529297,9.976250648498535,6.7872633934021,5.401169776916504,3.3428094387054443,3.471468448638916,2.6359689235687256,2.6344034671783447,2.1227400302886963,2.012796640396118,1.9192205667495728,2.161041498184204,2.5118937492370605,2.733793020248413,2.467299699783325,2.637134313583374,3.0373620986938477,3.4103288650512695,3.7954587936401367,4.076806545257568,6.406104564666748,8.897221565246582,12.068731307983398,15.646332740783691,37.53269577026367,177.74673461914062,14079.6826171875
84,0.0,13.124995231628418,16.142751693725586,12.606719970703125,9.358328819274902,5.9536662101745605,3.929630756378174,3.584355592727661,3.032282590866089,3.0859458446502686,2.336150884628296,2.169416666030884,1.935859203338623,2.2502048015594482,2.59512996673584,2.7997350692749023,2.712207555770874,2.5973737239837646,3.190609931945801,3.485337495803833,3.8654532432556152,4.505094051361084,6.62394380569458,9.562887191772461,12.614603996276855,15.695026397705078,38.61759567260742,199.6322021484375,15146.8330078125
85,0.0,15.218698501586914,20.743024826049805,14.167991638183594,10.72080135345459,6.6296820640563965,4.568850994110107,4.4061760902404785,3.3467049598693848,3.468388319015503,2.6887218952178955,2.5947232246398926,2.2837464809417725,2.7175395488739014,3.178781509399414,3.5100553035736084,3.1884655952453613,3.2210874557495117,3.50343918800354,3.995835542678833,4.73950719833374,5.385902404785156,7.959523677825928,11.528910636901855,15.54622745513916,19.20587921142578,46.30997848510742,215.67063903808594,18450.1328125
86,0.0,10.84814739227295,13.8951416015625,10.161151885986328,7.4145097732543945,4.983843803405762,3.25001859664917,3.16249418258667,2.722653388977051,2.6904220581054688,1.930130958557129,1.9512594938278198,1.8026914596557617,2.027524948120117,2.370649576187134,2.350902557373047,2.3935065269470215,2.2798681259155273,2.7508323192596436,3.1519508361816406,3.5234978199005127,4.034661769866943,6.463099956512451,8.30930233001709,12.218530654907227,14.06994342803955,33.98672103881836,164.3657684326172,15727.552734375
87,0.0,20.991567611694336,23.82038116455078,18.604372024536133,13.97708797454834,8.727713584899902,6.119280815124512,5.8682355880737305,4.209664344787598,4.4790802001953125,3.5350699424743652,3.1874213218688965,2.9522244930267334,3.426815986633301,4.169440746307373,4.615233421325684,4.741011142730713,4.335875034332275,4.955722808837891,5.333695411682129,5.931560516357422,6.784336090087891,10.450423240661621,13.956512451171875,19.237699508666992,25.52289581298828,55.86876678466797,292.3805236816406,26046.037109375
88,0.0,15.921343803405762,18.019805908203125,13.675047874450684,10.139676094055176,6.464046955108643,4.832512855529785,4.3787055015563965,3.4665846824645996,3.71913743019104,2.5928072929382324,2.541245698928833,2.4107627868652344,2.571587085723877,3.00813889503479,3.464859962463379,3.201746702194214,3.1202552318573,3.6484639644622803,3.987920045852661,4.362907886505127,5.02695369720459,8.042317390441895,11.317086219787598,15.728005409240723,17.7154541015625,45.70573425292969,214.61289978027344,19640.455078125
89,0.0,6.979429721832275,9.16802978515625,6.690484046936035,4.56464958190918,3.1631150245666504,2.1339712142944336,2.0661346912384033,1.8498016595840454,1.756295084953308,1.482386589050293,1.3235899209976196,1.2485857009887695,1.4718282222747803,1.8588106632232666,1.7607499361038208,1.7698193788528442,1.6751137971878052,2.050457239151001,2.3730199337005615,2.5127627849578857,3.180046796798706,4.535305500030518,6.007734775543213,8.148797035217285,9.830389022827148,19.889554977416992,104.8396987915039,8230.4453125
90,0.0,15.082561492919922,18.778589248657227,14.504432678222656,10.477054595947266,7.253476619720459,4.978215217590332,4.384066581726074,3.6782634258270264,3.4580719470977783,2.49772572517395,2.4372315406799316,2.234351396560669,2.4347984790802,3.1235029697418213,3.318930149078369,3.3033928871154785,2.9415128231048584,3.5221049785614014,4.08137845993042,4.390112400054932,5.029987335205078,7.96368408203125,10.608293533325195,14.182713508605957,18.971826553344727,45.2822380065918,216.3139190673828,17601.015625
91,0.0,11.96113109588623,16.567909240722656,12.242276191711426,9.156150817871094,6.152141094207764,4.478826522827148,3.963857650756836,3.3028531074523926,3.2628321647644043,2.3174185752868652,2.221379041671753,2.2279536724090576,2.4987599849700928,2.973881959915161,2.984739303588867,3.123518943786621,3.0433194637298584,3.4790072441101074,3.8107197284698486,4.056437015533447,4.900214195251465,7.386068344116211,10.602481842041016,13.407889366149902,17.550758361816406,41.545753479003906,198.04251098632812,16493.6328125
92,0.0,12.849967002868652,15.936199188232422,12.05647087097168,9.117097854614258,5.998069763183594,4.081350803375244,3.6169254779815674,2.7856712341308594,3.0618770122528076,2.309415817260742,2.216581106185913,2.0064785480499268,2.2373316287994385,2.7422847747802734,2.9105427265167236,2.782984495162964,2.750361919403076,3.1125943660736084,3.607816696166992,4.166945934295654,4.490322589874268,6.6077728271484375,9.177620887756348,12.721268653869629,16.960607528686523,36.0375862121582,184.16322326660156,15831.8369140625
93,0.0,15.8510160446167,17.96047019958496,13.863917350769043,10.11655330657959,6.1019368171691895,4.446413993835449,4.116724967956543,3.5091099739074707,3.335883378982544,2.8409459590911865,2.4256694316864014,2.2814624309539795,2.6280901432037354,2.9755470752716064,3.3218302726745605,3.4734554290771484,3.0439298152923584,3.4224157333374023,4.3932108879089355,4.292455196380615,5.069281578063965,7.789194583892822,10.668732643127441,14.763167381286621,18.129711151123047,45.31769561767578,206.07615661621094,19092.48046875
94,0.0,11.40282154083252,13.774422645568848,10.84479808807373,7.687626838684082,4.860051155090332,3.7177205085754395,3.1534767150878906,2.5513322353363037,2.848111152648926,2.1230413913726807,1.9450757503509521,1.7916969060897827,2.0754432678222656,2.3917696475982666,2.6014108657836914,2.538404941558838,2.422330141067505,2.7897350788116455,3.1847434043884277,3.6084532737731934,4.137957572937012,5.669455528259277,8.046772956848145,12.05329704284668,14.67971134185791,33.523193359375,152.77406311035156,13998.5322265625
95,0.0,9.725411415100098,12.918163299560547,9.258315086364746,6.753735065460205,4.669159412384033,3.132328987121582,2.8439111709594727,2.083041191101074,2.4598727226257324,1.8179206848144531,1.7168749570846558,1.5501140356063843,1.8123172521591187,2.2362520694732666,2.271374464035034,2.447068214416504,2.2760889530181885,2.577948808670044,3.1264238357543945,3.3587453365325928,4.19095516204834,5.952577590942383,8.29145336151123,11.660558700561523,14.736998558044434,31.12867546081543,150.959228515625,12706.2783203125
96,0.0,17.67578125,22.05100440979004,17.0199031829834,12.656352043151855,8.537824630737305,5.93656063079834,5.0610809326171875,4.160325527191162,4.204489231109619,3.128693103790283,2.9418082237243652,2.716299057006836,2.951226234436035,3.7677674293518066,3.7764904499053955,3.8047823905944824,3.4867780208587646,4.128554821014404,4.8634796142578125,5.565556049346924,6.312566757202148,9.76883602142334,12.94548511505127,19.343231201171875,23.477113723754883,52.3077507019043,276.97625732421875,23797.201171875
97,0.0,12.690740585327148,14.218729972839355,12.589794158935547,8.736001968383789,5.782285213470459,4.080951690673828,3.6609325408935547,3.004565954208374,2.8685176372528076,2.153923988342285,2.123911142349243,2.088371992111206,2.378979206085205,2.747462034225464,2.8066465854644775,2.909240484237671,2.762601613998413,3.2702813148498535,3.5020384788513184,3.90824031829834,4.617307186126709,6.838220119476318,9.684289932250977,12.706316947937012,14.792824745178223,37.85178756713867,173.1796875,16421.615234375
98,0.0,9.525077819824219,13.26147174835205,9.430460929870605,6.4205474853515625,4.202763080596924,2.981536388397217,2.6707839965820312,2.4940686225891113,2.2604429721832275,1.833409309387207,1.7079380750656128,1.6753445863723755,1.7893528938293457,2.191636085510254,2.0046262741088867,2.1266703605651855,2.1637380123138428,2.4603703022003174,2.9268083572387695,3.0970354080200195,3.491882801055908,5.624403476715088,7.932827949523926,10.51458740234375,13.110376358032227,29.242549896240234,145.3686981201172,11619.138671875
99,0.0,12.014915466308594,14.362414360046387,10.999571800231934,8.269736289978027,5.187955856323242,3.849702835083008,3.342313051223755,2.8579635620117188,2.8462681770324707,2.251622200012207,2.1278345584869385,1.8852012157440186,2.2164058685302734,2.465590476989746,2.6450283527374268,2.6540000438690186,2.46614408493042,2.9607861042022705,3.353332996368408,3.6937193870544434,4.3751420974731445,6.044923305511475,8.669503211975098,12.361117362976074,14.7544527053833,34.893272399902344,177.1357879638672,15039.9951171875
100,0.0,11.167174339294434,14.18692684173584,10.939507484436035,8.298245429992676,5.138571262359619,3.885368585586548,3.3731861114501953,2.611778974533081,2.6100714206695557,2.0415854454040527,1.976563572883606,1.8199516534805298,2.0518639087677,2.3757059574127197,2.6679649353027344,2.537667989730835,2.471398115158081,2.797086477279663,3.0765843391418457,3.482555389404297,4.138327121734619,6.306804656982422,8.461244583129883,11.206002235412598,13.479545593261719,35.10171890258789,162.10450744628906,15037.140625
101,0.0,8.947386741638184,11.188440322875977,9.82320499420166,6.618574619293213,4.865388870239258,3.0504064559936523,2.8928933143615723,2.302370309829712,2.3378143310546875,1.8423339128494263,1.7413972616195679,1.627259373664856,1.7086584568023682,2.10760498046875,2.2367537021636963,2.210265636444092,2.0727453231811523,2.397326707839966,2.7499170303344727,3.172981023788452,3.66005539894104,5.726990222930908,7.2287492752075195,11.116415977478027,13.046706199645996,29.83848762512207,138.4628448486328,12409.1220703125
102,0.0,10.859519958496094,15.659798622131348,11.44877815246582,7.83225679397583,5.436525821685791,3.8151419162750244,3.639192581176758,3.0381405353546143,3.034891366958618,2.3044488430023193,1.9532909393310547,2.0229830741882324,2.0948472023010254,2.831944227218628,2.6290438175201416,2.5792574882507324,2.5013601779937744,2.799912214279175,3.2125861644744873,3.7899813652038574,4.1940412521362305,6.11105489730835,8.608707427978516,11.380016326904297,15.700121879577637,36.710479736328125,172.3495635986328,16172.783203125
103,0.0,11.134525299072266,14.272363662719727,9.959552764892578,7.781470775604248,4.738746166229248,3.4063045978546143,2.9517099857330322,2.55354642868042,2.554997444152832,2.007129192352295,1.8900728225708008,1.6895112991333008,2.007267475128174,2.3776497840881348,2.4897119998931885,2.631730556488037,2.481377124786377,2.9094412326812744,3.189006805419922,3.6804115772247314,4.2531585693359375,5.986761569976807,9.191985130310059,12.526690483093262,14.146838188171387,34.545223236083984,146.4384765625,13937.8447265625
104,0.0,17.596294403076172,22.037906646728516,15.767393112182617,12.411784172058105,7.456451416015625,5.348660469055176,5.035378456115723,4.06879186630249,4.106821060180664,3.01865291595459,3.1791841983795166,2.745359420776367,3.0971264839172363,3.652219295501709,3.9473538398742676,3.9605813026428223,3.504437208175659,4.212240695953369,4.849222660064697,5.307415008544922,5.8445024490356445,9.20993423461914,12.434087753295898,17.344318389892578,21.903484344482422,50.765525817871094,254.6215057373047,21373.025390625
105,0.0,11.354713439941406,13.615429878234863,10.89780330657959,7.947194576263428,5.26837158203125,3.7469639778137207,3.3073220252990723,2.5298638343811035,2.6268858909606934,1.9699571132659912,1.9715337753295898,1.8813036680221558,2.088697910308838,2.608367681503296,2.6307373046875,2.4806859493255615,2.4082159996032715,2.9751088619232178,3.3578884601593018,3.483654022216797,4.351558685302734,6.459249496459961,8.411935806274414,12.798835754394531,14.288139343261719,37.829345703125,166.23297119140625,14033.626953125
106,0.0,14.399616241455078,18.551958084106445,13.645172119140625,10.838038444519043,6.8986616134643555,4.531101226806641,3.947338819503784,3.6025261878967285,3.7551794052124023,2.5991437435150146,2.4304354190826416,2.175703525543213,2.454721689224243,3.0852210521698,3.189830780029297,3.308112859725952,2.906411647796631,3.4208734035491943,3.942638397216797,4.262446403503418,5.3512067794799805,7.938753128051758,11.073955535888672,15.935673713684082,18.495403289794922,45.52267074584961,229.1371612548828,19874.453125
107,0.0,16.884750366210938,21.895965576171875,16.587541580200195,12.547823905944824,7.891406536102295,5.847179889678955,4.658848285675049,4.152033805847168,3.853520631790161,3.046128988265991,2.82669997215271,2.7181930541992188,2.8487021923065186,3.345031976699829,3.4073474407196045,3.574047088623047,3.426661491394043,3.998764753341675,4.714909553527832,5.525645732879639,5.6706461906433105,9.426572799682617,12.950770378112793,17.653200149536133,20.773876190185547,53.52186965942383,244.95928955078125,22004.833984375
108,0.0,12.246773719787598,14.865015983581543,13.350447654724121,9.074735641479492,6.327787399291992,4.103036403656006,3.9790456295013428,3.1194167137145996,3.1748101711273193,2.4571313858032227,2.246166944503784,1.9805828332901,2.3976597785949707,2.837669849395752,2.8950178623199463,2.991105079650879,2.8820831775665283,3.5586998462677,3.56459641456604,4.114136219024658,4.659290790557861,6.990451812744141,10.202278137207031,13.596354484558105,16.66954803466797,40.07902526855469,186.94259643554688,16170.734375
109,0.0,14.362505912780762,17.823453903198242,13.102691650390625,9.331451416015625,6.383105278015137,4.588784694671631,4.211992263793945,3.5285353660583496,3.4161624908447266,2.7393405437469482,2.3491263389587402,2.260831594467163,2.46795654296875,2.880399465560913,3.2409372329711914,3.159592628479004,3.1777310371398926,3.473525047302246,3.9937422275543213,4.346759796142578,4.963201999664307,7.98761510848999,10.362391471862793,14.591071128845215,18.525529861450195,41.550689697265625,221.9608917236328,17017.08984375
110,0.0,8.628229141235352,10.582368850708008,8.827424049377441,6.156137943267822,4.058694839477539,2.8854806423187256,2.6765036582946777,2.435525894165039,2.3949990272521973,1.8236336708068848,1.7394658327102661,1.6396105289459229,1.802755355834961,2.0566704273223877,2.208040714263916,2.232858657836914,2.1791019439697266,2.647670269012451,2.799187660217285,3.1067280769348145,3.5635225772857666,5.565375328063965,8.187724113464355,10.621391296386719,12.52016830444336,30.664173126220703,141.97073364257812,12853.5576171875
111,0.0,14.002994537353516,15.486221313476562,14.547574996948242,9.108330726623535,5.974911212921143,4.500665187835693,4.3197150230407715,3.0046708583831787,3.2961525917053223,2.25429105758667,2.4034335613250732,2.1295487880706787,2.541099786758423,3.0090434551239014,3.0393123626708984,2.949206590652466,2.8887038230895996,3.5868771076202393,3.6484882831573486,4.358731746673584,5.307301044464111,7.818930149078369,10.573308944702148,13.893272399902344,16.914934158325195,40.08637237548828,215.54287719726562,15224.130859375
112,0.0,9.51959228515625,11.89598274230957,9.508976936340332,6.664556980133057,4.470523834228516,3.0027525424957275,2.809445858001709,2.216982364654541,2.3611299991607666,1.8906906843185425,1.6549019813537598,1.5062410831451416,1.7500803470611572,2.2719032764434814,2.2200558185577393,2.237351179122925,2.228667974472046,2.614000082015991,3.1885924339294434,3.145219326019287,3.8730270862579346,5.911405563354492,8.08576488494873,10.592348098754883,12.404362678527832,31.534460067749023,142.6778564453125,11109.572265625
113,0.0,12.095966339111328,14.386329650878906,12.036369323730469,8.053987503051758,5.519210338592529,3.5274088382720947,3.4615631103515625,2.7592647075653076,2.742360830307007,2.4010767936706543,2.173516273498535,2.107377052307129,2.2184786796569824,2.7208092212677,2.7668185234069824,2.9989497661590576,2.5692923069000244,3.0290751457214355,3.6101632118225098,3.8756930828094482,4.501745223999023,6.730672359466553,9.748810768127441,13.343613624572754,16.104318618774414,38.466453552246094,180.8007354736328,17244.041015625
114,0.0,9.845449447631836,13.912291526794434,9.910562515258789,6.904540538787842,4.665903568267822,3.377155303955078,2.907608985900879,2.3980214595794678,2.648348093032837,2.2037417888641357,1.9329952001571655,1.7331315279006958,2.0587921142578125,2.476628303527832,2.340853691101074,2.496373176574707,2.530942916870117,2.879795789718628,3.0828962326049805,3.6347901821136475,4.310298919677734,5.990444660186768,8.275230407714844,11.722381591796875,14.782303810119629,34.09624481201172,168.51329040527344,14714.6494140625
115,0.0,10.6798734664917,14.344347953796387,9.598767280578613,7.894006252288818,5.06452751159668,3.1070289611816406,3.0341897010803223,2.5285372734069824,2.5429811477661133,1.9901727437973022,1.9421566724777222,1.875211238861084,2.083780288696289,2.472020387649536,2.4158647060394287,2.5264532566070557,2.481825828552246,2.953458070755005,3.2141659259796143,3.6588053703308105,4.2660088539123535,5.99791145324707,8.236759185791016,12.567119598388672,14.478982925415039,37.380001068115234,183.15309143066406,13572.474609375
116,0.0,8.939925193786621,11.706174850463867,8.097647666931152,6.41633939743042,3.9646806716918945,2.7796285152435303,2.7511534690856934,2.2403805255889893,2.2929177284240723,1.656089186668396,1.5648823976516724,1.5325361490249634,1.6984734535217285,2.1132216453552246,2.128082513809204,2.208831548690796,2.131659507751465,2.4303746223449707,2.6273157596588135,3.2828688621520996,3.6264455318450928,5.322014808654785,7.207993030548096,9.275138854980469,12.02806282043457,29.094560623168945,132.76068115234375,12240.7294921875
117,0.0,11.363021850585938,15.12394905090332,11.829082489013672,8.717318534851074,5.426235675811768,3.9952633380889893,3.5665009021759033,2.7814271450042725,2.9066827297210693,2.0095701217651367,2.1113626956939697,1.907475471496582,2.144453287124634,2.7278668880462646,2.674985408782959,2.8087143898010254,2.6829445362091064,3.0539767742156982,3.3233659267425537,3.58636212348938,4.367985725402832,6.6265482902526855,9.940574645996094,12.211703300476074,15.35649299621582,37.01171112060547,192.07603454589844,14491.90625
118,0.0,11.658221244812012,15.006525039672852,11.444369316101074,7.522663593292236,5.052208423614502,3.644697904586792,3.520824909210205,2.492924451828003,2.7517340183258057,1.9977483749389648,1.9281177520751953,1.8930892944335938,2.027494430541992,2.5483267307281494,2.5190255641937256,2.5974228382110596,2.49940824508667,2.9251272678375244,3.3969385623931885,3.695082664489746,4.294223785400391,6.093057155609131,8.415254592895508,11.735748291015625,14.579407691955566,36.86445236206055,160.20260620117188,13848.9150390625
119,0.0,11.785750389099121,14.734663009643555,11.686064720153809,8.125551223754883,5.9400177001953125,3.8464677333831787,3.429842948913574,2.805082082748413,2.856045722961426,2.152766466140747,2.1046910285949707,1.8694795370101929,2.044111728668213,2.4937758445739746,2.550938606262207,2.7400217056274414,2.4802114963531494,3.2393014430999756,3.2616467475891113,4.111486434936523,4.279839038848877,6.4015655517578125,8.611443519592285,12.432881355285645,14.492584228515625,35.394798278808594,161.52098083496094,13949.3310546875
120,0.0,13.25403118133545,17.605262756347656,12.86906623840332,10.773810386657715,6.399805068969727,4.3673529624938965,4.201600551605225,3.2875523567199707,3.1511926651000977,2.4900012016296387,2.219614028930664,2.179368495941162,2.3457632064819336,2.9024689197540283,3.095942974090576,3.1652228832244873,2.702009439468384,3.7032315731048584,3.743009328842163,4.286322116851807,4.931672096252441,7.1602463722229,11.541861534118652,14.672159194946289,17.85487174987793,42.12132263183594,186.10617065429688,18697.677734375
121,0.0,12.221613883972168,15.874570846557617,10.854752540588379,8.396402359008789,5.651279449462891,3.739108085632324,4.073805809020996,2.713308334350586,2.795938014984131,2.305812120437622,2.0445733070373535,2.005556583404541,1.9804433584213257,2.4663326740264893,2.731398820877075,2.7009634971618652,2.567894697189331,2.929429769515991,3.310213088989258,3.868795156478882,4.192109107971191,6.372228622436523,8.47074031829834,12.317988395690918,14.184327125549316,34.56085205078125,165.31527709960938,14909.421875
122,0.0,14.036495208740234,18.24531364440918,13.476012229919434,9.330714225769043,6.443823337554932,4.44279146194458,3.8150811195373535,3.3992679119110107,3.385387659072876,2.6635327339172363,2.381981372833252,2.2609035968780518,2.6278536319732666,2.893622875213623,3.1534903049468994,3.0819389820098877,3.020030975341797,3.4551784992218018,3.807161331176758,4.615390777587891,4.651579856872559,7.987450122833252,10.86595630645752,14.444611549377441,17.172306060791016,44.07025909423828,214.4010772705078,17728.3671875
123,0.0,15.282952308654785,17.26449966430664,12.681672096252441,9.926233291625977,6.775811672210693,4.814702987670898,4.285247325897217,3.45238995552063,3.1796326637268066,2.68730092048645,2.4502832889556885,2.2362568378448486,2.5655016899108887,2.681138753890991,3.024641513824463,3.254970073699951,2.881645679473877,3.5177886486053467,3.808506488800049,4.069674491882324,4.71032190322876,6.718440532684326,10.000299453735352,13.84559440612793,16.983312606811523,42.50830841064453,188.32615661621094,17952.017578125
124,0.0,14.855951309204102,18.803442001342773,12.959683418273926,10.427444458007812,6.139915466308594,4.342126846313477,4.348578453063965,3.2933478355407715,3.3798625469207764,2.6630709171295166,2.401731014251709,2.146249532699585,2.529121160507202,3.0263261795043945,3.182882070541382,3.383496046066284,3.0696592330932617,3.6051363945007324,4.050638198852539,4.586343765258789,5.236616611480713,7.794266700744629,11.27920913696289,14.455718994140625,18.24069595336914,44.593536376953125,199.83236694335938,17599.375
125,0.0,20.38552474975586,23.368865966796875,20.658977508544922,13.893576622009277,8.963547706604004,5.978635787963867,5.120389938354492,4.799491882324219,4.247998237609863,3.137342929840088,3.0368075370788574,2.7378947734832764,3.180340051651001,3.7518205642700195,3.997502565383911,4.228215217590332,3.9101626873016357,4.225612163543701,5.036952018737793,5.954611778259277,6.335172176361084,9.663727760314941,14.402427673339844,19.412939071655273,24.025436401367188,57.7099609375,269.18280029296875,25365.26953125
126,0.0,8.376352310180664,12.237831115722656,7.774747848510742,5.969952583312988,3.920226812362671,2.569606304168701,2.3382441997528076,2.2188029289245605,2.258086919784546,1.5876137018203735,1.5509151220321655,1.513840913772583,1.6578577756881714,1.8683263063430786,1.9777874946594238,2.087665557861328,2.017916679382324,2.3310353755950928,2.571861505508423,3.087735176086426,3.4955241680145264,5.214392185211182,7.23897123336792,9.45522689819336,11.44091796875,29.496370315551758,120.38270568847656,10072.3017578125
127,0.0,23.837926864624023,28.239349365234375,20.07001304626465,15.091720581054688,9.749088287353516,7.4431047439575195,6.786069869995117,5.066596984863281,4.907711982727051,4.000828266143799,3.700695514678955,3.1643431186676025,3.713195323944092,4.394610404968262,4.5691914558410645,4.673433303833008,4.544009685516357,5.196134567260742,5.824009895324707,6.760652542114258,7.157930850982666,11.181709289550781,15.529022216796875,20.652856826782227,23.977590560913086,61.321083068847656,313.17291259765625,25222.419921875
128,0.0,18.86823272705078,27.61640739440918,20.571147918701172,13.944518089294434,9.871039390563965,5.914906024932861,6.061181545257568,4.9467949867248535,4.835940837860107,3.725487470626831,3.436749219894409,3.3648502826690674,3.5021605491638184,4.28299617767334,4.467709064483643,4.64896821975708,4.2502851486206055,4.931923866271973,5.748790264129639,6.442271709442139,7.12857723236084,10.494440078735352,14.050213813781738,22.11347198486328,27.561553955078125,61.81703567504883,288.6475524902344,27658.330078125
129,0.0,11.986555099487305,16.0269775390625,11.380969047546387,8.627349853515625,5.673602104187012,3.791370391845703,3.7192018032073975,2.8960280418395996,2.956428289413452,2.1372854709625244,2.1192896366119385,1.995680809020996,2.2912447452545166,2.6940231323242188,2.679377555847168,2.763472318649292,2.633248805999756,3.1091721057891846,3.5290040969848633,3.8228869438171387,4.431382179260254,7.120330810546875,9.418702125549316,12.456122398376465,16.48236083984375,35.974571228027344,185.2691650390625,14788.2421875
130,0.0,12.85920524597168,15.82033634185791,12.871166229248047,9.298611640930176,5.99943208694458,4.328587532043457,3.4374442100524902,3.198808431625366,3.045529842376709,2.423088788986206,2.330137252807617,1.9847618341445923,2.2640726566314697,2.8471174240112305,2.894197940826416,2.92503023147583,2.7426764965057373,3.1291251182556152,3.819650888442993,4.085635185241699,4.700999736785889,7.154677391052246,9.498478889465332,13.865724563598633,16.85498046875,41.10580825805664,183.9685821533203,15774.123046875
131,0.0,15.326452255249023,19.234683990478516,13.97179889678955,9.69238567352295,6.649744510650635,4.505185127258301,4.317570686340332,3.2193827629089355,3.326462984085083,2.4247090816497803,2.3315603733062744,2.3189854621887207,2.407745838165283,3.127058744430542,3.3741726875305176,3.253969430923462,3.049743175506592,3.459033727645874,3.8796889781951904,4.497547149658203,4.973334312438965,7.623423099517822,10.73426342010498,14.062877655029297,17.535194396972656,43.93708801269531,192.78878784179688,17385.50390625
132,0.0,11.772358894348145,13.461647033691406,10.750839233398438,8.581968307495117,5.643194198608398,3.824930429458618,3.471278667449951,2.844057083129883,2.850996732711792,2.0755934715270996,1.9905394315719604,1.9076720476150513,2.08420991897583,2.310840368270874,2.6567583084106445,2.7937705516815186,2.521550416946411,3.1025230884552,3.4766955375671387,3.714752674102783,4.457482814788818,6.5522260665893555,8.919873237609863,12.77774715423584,15.47429084777832,34.122886657714844,171.41017150878906,13161.0458984375
133,0.0,23.698938369750977,26.341856002807617,19.192182540893555,14.660056114196777,9.965654373168945,6.282400608062744,6.349338054656982,5.391480922698975,5.088218688964844,3.7330899238586426,3.38486909866333,3.3011107444763184,3.657146692276001,4.434175968170166,4.847960948944092,4.9526824951171875,4.815115451812744,5.66192102432251,5.968478679656982,6.848517894744873,8.04135513305664,12.560139656066895,15.2438383102417,21.350603103637695,27.30573081970215,63.018402099609375,309.3992614746094,30263.4140625
134,0.0,14.86983871459961,16.962867736816406,13.659937858581543,10.308466911315918,6.820201396942139,4.369287490844727,4.191054344177246,3.1028006076812744,3.5288870334625244,2.741053342819214,2.604473352432251,2.194894552230835,2.6578590869903564,3.1331706047058105,3.346252679824829,3.2452876567840576,3.087660789489746,3.544200897216797,3.9520037174224854,4.354813575744629,5.015262126922607,7.282273292541504,10.621789932250977,16.067951202392578,19.25271224975586,46.5124397277832,220.2332305908203,21419.4296875
135,0.0,15.555227279663086,19.840774536132812,13.960722923278809,10.75610637664795,6.890153884887695,5.099684715270996,4.353114604949951,3.539490222930908,3.566251039505005,2.8046441078186035,2.499393939971924,2.193892240524292,2.552783250808716,2.8866279125213623,3.145185708999634,3.112077236175537,3.0191211700439453,3.5962934494018555,4.1424760818481445,4.776627063751221,5.313297271728516,8.176183700561523,11.070395469665527,14.927977561950684,18.488372802734375,47.92992401123047,226.72308349609375,18961.0625
136,0.0,13.475074768066406,17.99515724182129,12.01705265045166,9.340044975280762,6.366022109985352,4.079626560211182,4.147493362426758,3.1066036224365234,3.2139623165130615,2.4379262924194336,2.145822763442993,2.107192277908325,2.3764352798461914,2.719327211380005,2.8830924034118652,3.0885274410247803,2.7513725757598877,3.215865135192871,3.7230474948883057,4.071579456329346,4.978216648101807,7.191929817199707,10.06132698059082,13.664033889770508,16.85104751586914,38.588157653808594,204.1185760498047,17184.513671875
137,0.0,15.062572479248047,18.055418014526367,14.904439926147461,10.714604377746582,7.2636799812316895,4.969857692718506,4.816708564758301,3.4752511978149414,3.410977602005005,3.0347042083740234,2.5878233909606934,2.4493942260742188,2.780146837234497,3.2766060829162598,3.4847681522369385,3.6752727031707764,3.374882936477661,3.986591100692749,4.556666851043701,4.834746360778809,5.314463138580322,8.346858978271484,11.607039451599121,16.40516471862793,19.214731216430664,45.72132873535156,208.81478881835938,19585.95703125
138,0.0,6.8376593589782715,9.73658561706543,7.097677230834961,5.045658588409424,3.2208330631256104,2.4167726039886475,2.1301450729370117,1.7107278108596802,1.7874939441680908,1.484330177307129,1.333811640739441,1.2387769222259521,1.5300010442733765,1.8899173736572266,1.7764726877212524,1.8228696584701538,1.7493396997451782,2.046903133392334,2.4903206825256348,2.6837849617004395,3.059116840362549,4.616779327392578,6.411966800689697,8.308131217956543,9.943421363830566,25.18794059753418,116.16431427001953,9451.966796875
139,0.0,15.53978157043457,18.747407913208008,14.154753684997559,11.145452499389648,7.245604038238525,4.900094032287598,4.434383869171143,3.631577491760254,3.5437824726104736,2.697746515274048,2.5728728771209717,2.2612528800964355,2.5984947681427,3.22647762298584,3.106616258621216,3.2474029064178467,3.2284231185913086,3.4901914596557617,3.9748599529266357,4.626779079437256,4.920612812042236,7.825839996337891,10.419641494750977,14.527850151062012,18.26605796813965,42.99142074584961,191.46531677246094,17460.984375
140,0.0,13.757473945617676,17.049108505249023,12.053215026855469,9.301012992858887,6.175078392028809,4.597051620483398,3.913236141204834,3.257230520248413,3.2078657150268555,2.4092159271240234,2.3454277515411377,2.109302043914795,2.5162129402160645,2.8428454399108887,2.9415323734283447,3.0481784343719482,2.80995512008667,3.4698336124420166,4.009800910949707,4.4499192237854,4.9088454246521,7.472039222717285,11.131625175476074,15.359329223632812,17.621028900146484,39.10761260986328,207.620849609375,16985.8203125
141,0.0,10.213225364685059,11.825860977172852,9.537442207336426,6.934693813323975,4.912545204162598,3.2357969284057617,3.0627570152282715,2.5038042068481445,2.5593268871307373,1.8200560808181763,1.7178537845611572,1.6724375486373901,1.8175479173660278,2.146350622177124,2.1524317264556885,2.3247125148773193,2.1066319942474365,2.424861431121826,2.8972597122192383,3.13118052482605,3.816488265991211,5.7789835929870605,7.741724967956543,11.164138793945312,13.316852569580078,33.40306091308594,152.6812286376953,13705.490234375
142,0.0,8.720779418945312,11.211758613586426,8.623113632202148,6.011180400848389,3.8370978832244873,2.648742914199829,2.6679883003234863,2.1446354389190674,2.14326810836792,1.6976158618927002,1.6244720220565796,1.5384864807128906,1.589120626449585,2.0067694187164307,1.8666436672210693,2.085834503173828,1.9303399324417114,2.2355239391326904,2.670691967010498,2.975400924682617,3.37532639503479,5.142332077026367,7.49603271484375,10.251269340515137,11.940065383911133,26.91596221923828,132.88722229003906,10248.466796875
143,0.0,15.035737991333008,18.488536834716797,13.703499794006348,10.29377269744873,7.314658164978027,4.712535381317139,4.382843017578125,3.643684148788452,3.559899091720581,2.6239712238311768,2.564783811569214,2.573991537094116,2.650233745574951,3.296849489212036,3.638786792755127,3.735081911087036,3.229387044906616,3.8567512035369873,4.464963436126709,4.850632190704346,5.431306838989258,8.27822494506836,11.394949913024902,16.392221450805664,18.917583465576172,47.58858871459961,218.97476196289062,20109.1953125
144,0.0,8.826627731323242,10.599284172058105,8.676581382751465,5.966497421264648,3.7062389850616455,2.5246596336364746,2.415836811065674,2.1166794300079346,2.0802059173583984,1.6590896844863892,1.5231889486312866,1.379379391670227,1.6151301860809326,1.8735865354537964,1.8860872983932495,1.8090516328811646,1.8218677043914795,2.2406647205352783,2.463228225708008,2.8108115196228027,3.312448024749756,4.71472692489624,7.018083572387695,8.743871688842773,11.519892692565918,26.161630630493164,116.1573486328125,9452.6708984375
145,0.0,10.578329086303711,13.4630708694458,9.855186462402344,7.593392848968506,5.356563568115234,3.7091760635375977,3.2194371223449707,2.792647123336792,2.5574982166290283,1.899052381515503,1.7989013195037842,1.699648141860962,1.9537525177001953,2.4129552841186523,2.393044948577881,2.4677443504333496,2.3176040649414062,2.8338770866394043,2.987090587615967,3.575995683670044,3.816556215286255,5.699014663696289,8.245367050170898,11.01605224609375,14.902728080749512,32.306304931640625,170.32191467285156,15236.3046875
146,0.0,10.6671724319458,13.370055198669434,10.313447952270508,7.702464580535889,4.806887149810791,3.3680548667907715,2.9843201637268066,2.271641731262207,2.4494879245758057,1.9353113174438477,1.7815641164779663,1.752368688583374,2.0174171924591064,2.3183321952819824,2.4723236560821533,2.464568614959717,2.371464729309082,2.9112062454223633,3.1780896186828613,3.521221876144409,3.9734842777252197,5.812169551849365,7.781132698059082,11.594789505004883,14.080805778503418,36.10540771484375,155.97000122070312,12721.7158203125
147,0.0,13.216517448425293,16.085063934326172,12.061415672302246,9.12901782989502,5.63324499130249,4.4709978103637695,3.927799940109253,3.134402275085449,3.2748477458953857,2.2840497493743896,2.05448317527771,2.024493455886841,2.2996408939361572,2.7419521808624268,2.817244291305542,2.850245237350464,2.7768561840057373,3.1977741718292236,3.4370949268341064,4.027385711669922,4.375952243804932,7.1673970222473145,9.848725318908691,13.296934127807617,16.63755989074707,40.81028366088867,190.91622924804688,17431.224609375
148,0.0,11.358026504516602,13.722539901733398,11.668035507202148,8.503570556640625,5.7822723388671875,3.7390084266662598,3.6399405002593994,2.7159245014190674,2.839355230331421,1.968538522720337,1.9262772798538208,1.9087647199630737,2.0533714294433594,2.6135811805725098,2.5951693058013916,2.588017702102661,2.6230406761169434,2.9112579822540283,3.45894455909729,3.790681838989258,4.370927810668945,6.690154552459717,9.02426815032959,12.71673583984375,15.358643531799316,38.07196807861328,194.2965087890625,14122.4326171875
149,0.0,18.712135314941406,22.836793899536133,16.352964401245117,12.588135719299316,7.997657775878906,5.382693290710449,5.129590034484863,4.011322498321533,4.1064863204956055,3.2063722610473633,2.9808385372161865,2.620737314224243,3.034548044204712,3.6834557056427,3.8726186752319336,3.714872360229492,3.535797119140625,3.938053607940674,4.45635986328125,5.043749809265137,5.292932987213135,8.676522254943848,11.119573593139648,17.25828742980957,20.259607315063477,46.64649963378906,235.35032653808594,20741.033203125
150,0.0,16.308231353759766,18.279136657714844,14.128754615783691,10.562305450439453,7.130665302276611,4.741940021514893,4.450767993927002,3.6017184257507324,3.3735032081604004,2.8138937950134277,2.6049094200134277,2.3678877353668213,2.5951225757598877,3.128434181213379,3.2396926879882812,3.1704843044281006,3.1361005306243896,3.430419921875,4.033548831939697,4.517202377319336,4.916375637054443,7.30098295211792,10.74868392944336,13.932689666748047,17.69199562072754,40.38121795654297,188.2176055908203,20217.359375
151,0.0,14.847198486328125,16.117538452148438,13.32917594909668,10.106449127197266,5.988066673278809,4.569787502288818,4.034058570861816,3.3734846115112305,3.4027040004730225,2.6423985958099365,2.4603569507598877,2.2608819007873535,2.389965534210205,2.7962520122528076,3.0141022205352783,3.056729793548584,2.976304292678833,3.239729166030884,3.779204845428467,4.282973766326904,4.90673303604126,7.0845513343811035,10.446700096130371,13.641080856323242,17.374242782592773,42.61217498779297,209.4283905029297,16539.078125
152,0.0,11.17242431640625,15.393922805786133,9.891390800476074,7.5938029289245605,4.898628234863281,3.523085355758667,2.927516222000122,2.793840169906616,2.5227596759796143,1.924595594406128,1.851878046989441,1.8327724933624268,2.149195432662964,2.399862289428711,2.4505064487457275,2.502439498901367,2.425266742706299,2.646070957183838,3.0642735958099365,3.494184732437134,4.150448799133301,6.186217308044434,8.061799049377441,11.207303047180176,13.926209449768066,36.53828048706055,158.97518920898438,13702.8046875
153,0.0,12.050227165222168,15.506991386413574,12.46101188659668,8.188185691833496,5.425529479980469,3.7880144119262695,3.768650531768799,2.903688907623291,2.9243364334106445,2.30314564704895,2.217510461807251,2.0653722286224365,2.1079466342926025,2.698774814605713,2.606746196746826,2.6880264282226562,2.678645133972168,3.033860445022583,3.3559651374816895,3.8205065727233887,4.531524181365967,6.5566840171813965,8.823009490966797,12.063077926635742,15.211356163024902,37.509368896484375,176.93406677246094,15300.7109375
154,0.0,16.5684814453125,19.24383544921875,15.820272445678711,11.229353904724121,7.255788326263428,5.132851600646973,4.324128150939941,3.721430540084839,3.63686203956604,2.8279221057891846,2.401364326477051,2.3175137042999268,2.392761707305908,3.2301957607269287,3.3439626693725586,3.287405252456665,3.0831234455108643,3.8786590099334717,4.265964984893799,4.917903423309326,5.136299133300781,7.99282169342041,11.011720657348633,14.902682304382324,18.191179275512695,46.65080642700195,221.38873291015625,18467.20703125
155,0.0,14.572674751281738,18.12128257751465,13.881752014160156,10.116339683532715,6.995828151702881,4.584261417388916,4.333235740661621,3.815049886703491,3.2410032749176025,2.613987445831299,2.5030221939086914,2.2859444618225098,2.671323776245117,3.160172939300537,3.368147134780884,3.3052070140838623,3.2541441917419434,3.742607355117798,4.201269626617432,4.648711204528809,5.627631187438965,8.683518409729004,11.050864219665527,15.296065330505371,18.65200424194336,43.789676666259766,220.63088989257812,19462.509765625
156,0.0,38.447486877441406,48.6475944519043,38.513465881347656,24.66663932800293,16.958961486816406,12.668803215026855,10.974164009094238,8.61707878112793,9.26704216003418,6.410445690155029,6.122211456298828,5.414219856262207,6.281367301940918,7.127933025360107,8.902302742004395,8.22301197052002,8.016814231872559,9.32367992401123,11.008642196655273,12.887218475341797,13.475187301635742,22.90852928161621,30.4752140045166,41.95636749267578,52.83775329589844,118.83683013916016,568.9572143554688,57095.6171875
157,0.0,9.743038177490234,11.862674713134766,8.813324928283691,6.92794942855835,4.231203556060791,3.3121626377105713,2.7610135078430176,2.5234122276306152,2.5938103199005127,1.7440522909164429,1.7776994705200195,1.57565438747406,1.8093934059143066,2.225539207458496,2.1351540088653564,2.3096776008605957,2.174424409866333,2.611833095550537,2.642609119415283,3.1848044395446777,3.6382248401641846,5.443843841552734,7.76843786239624,10.438637733459473,13.231678009033203,31.958621978759766,155.984130859375,13182.7421875
158,0.0,23.693466186523438,29.230728149414062,22.031591415405273,16.80179214477539,10.31260871887207,8.177423477172852,6.7126593589782715,5.174510955810547,5.352480411529541,4.479284286499023,3.6283442974090576,3.5759975910186768,4.257143974304199,4.721312522888184,5.300093173980713,4.965970039367676,4.78761625289917,5.239899635314941,6.233125686645508,7.252188682556152,7.373341083526611,12.079180717468262,18.17906951904297,24.60411262512207,28.540504455566406,69.48290252685547,320.6825256347656,32437.625
159,0.0,15.00479507446289,18.94171142578125,14.303560256958008,9.910574913024902,6.563827037811279,4.7678985595703125,4.5699615478515625,3.9371583461761475,3.6173346042633057,2.8101091384887695,2.439527750015259,2.2172305583953857,2.3881869316101074,3.0721678733825684,3.0119473934173584,3.209106206893921,2.777568817138672,3.2634527683258057,3.625213861465454,4.368715763092041,4.986753940582275,7.632169246673584,10.556541442871094,14.814165115356445,17.576751708984375,43.306114196777344,222.14796447753906,18609.916015625
160,0.0,14.350902557373047,17.719297409057617,13.797123908996582,10.501864433288574,6.598968029022217,4.578977584838867,4.571789264678955,3.5755198001861572,3.342677593231201,2.5397369861602783,2.3371422290802,2.326728105545044,2.5270466804504395,2.930712938308716,3.0656518936157227,3.429471731185913,2.8415825366973877,3.6205108165740967,3.942124128341675,4.143742561340332,4.7911200523376465,7.5459513664245605,10.6582612991333,13.123400688171387,17.36471176147461,43.64934539794922,189.009033203125,18346.525390625
161,0.0,13.950467109680176,15.527353286743164,12.398633003234863,9.2864351272583,6.158204078674316,4.257435321807861,3.8380954265594482,2.9039626121520996,3.1195688247680664,2.490713357925415,2.258622169494629,2.0746912956237793,2.359562397003174,2.8704488277435303,2.8544363975524902,3.052241325378418,2.7833447456359863,3.2910797595977783,3.882331609725952,4.342363357543945,4.916926860809326,7.8177947998046875,9.739997863769531,13.763995170593262,17.26824188232422,45.26646423339844,196.01889038085938,16913.60546875
162,0.0,23.608875274658203,31.359546661376953,22.9310359954834,15.497906684875488,10.25748348236084,7.902412414550781,7.3622212409973145,5.257936954498291,5.363579273223877,3.9844207763671875,3.693488597869873,3.2948877811431885,4.17625617980957,5.03850793838501,4.954360485076904,5.158632278442383,5.063672065734863,5.987805366516113,6.43652868270874,6.787769794464111,8.032781600952148,11.530924797058105,15.730027198791504,20.263229370117188,26.99368667602539,64.48296356201172,277.99969482421875,27780.333984375
163,0.0,15.014312744140625,18.8997745513916,14.178603172302246,11.118703842163086,6.910062313079834,5.31386137008667,4.784791946411133,3.6026458740234375,3.9107227325439453,2.7255303859710693,2.599799871444702,2.3786089420318604,2.725486993789673,3.4372682571411133,3.465181350708008,3.9092416763305664,3.2987165451049805,3.6412978172302246,4.460239887237549,4.884439468383789,5.584845542907715,8.642970085144043,12.478434562683105,16.406522750854492,20.896629333496094,51.17173767089844,213.53543090820312,22721.501953125
164,0.0,14.719001770019531,18.290420532226562,15.310039520263672,9.980684280395508,7.475881576538086,4.5589518547058105,4.569258213043213,3.6309380531311035,3.7228407859802246,2.6805012226104736,2.534665584564209,2.3975517749786377,2.7923386096954346,3.265216112136841,3.384007215499878,3.2895469665527344,3.2366349697113037,3.7854349613189697,3.9467225074768066,4.673972129821777,5.521045207977295,8.256390571594238,11.184685707092285,14.928329467773438,19.562641143798828,46.12846374511719,220.22361755371094,19091.23828125
165,0.0,11.589930534362793,16.22250747680664,11.116924285888672,9.321028709411621,5.942342758178711,4.1738128662109375,3.6264638900756836,2.7219879627227783,3.1623449325561523,2.2922606468200684,1.9684094190597534,1.9936397075653076,2.294654130935669,2.5391042232513428,2.6094717979431152,2.671290636062622,2.795581817626953,3.266488552093506,3.5161447525024414,3.934338092803955,4.641424655914307,6.598150253295898,9.853676795959473,13.229920387268066,15.423598289489746,40.94441604614258,183.6361083984375,15634.12890625
166,0.0,13.841184616088867,15.578787803649902,12.81573486328125,9.110794067382812,5.460322380065918,4.179836750030518,4.052753448486328,3.2276694774627686,3.036452293395996,2.377923011779785,2.156059741973877,2.054117202758789,2.2799057960510254,2.8050410747528076,2.826529026031494,2.941072702407837,2.8019347190856934,3.1203606128692627,3.464733362197876,3.7042436599731445,4.4907636642456055,6.965456008911133,9.43380355834961,13.173070907592773,16.88909149169922,38.98550033569336,184.4202423095703,16400.435546875
167,0.0,14.651599884033203,17.961069107055664,13.676017761230469,10.164438247680664,6.947136878967285,4.82763671875,4.450224876403809,3.4083638191223145,3.413600206375122,2.567681312561035,2.6278915405273438,2.3304340839385986,2.459909439086914,2.8439078330993652,3.139874219894409,3.3644790649414062,2.9261929988861084,3.518315315246582,3.887091636657715,4.405725955963135,5.385010719299316,7.663251876831055,10.495353698730469,13.733885765075684,17.66385269165039,43.89066696166992,207.38446044921875,17947.744140625
168,0.0,13.173262596130371,15.988039016723633,13.014029502868652,9.276812553405762,5.732064723968506,4.039802074432373,3.8429923057556152,3.1029670238494873,3.160956621170044,2.364832639694214,1.9909164905548096,2.0057647228240967,2.1476192474365234,2.676884412765503,2.67106294631958,2.729799509048462,2.486103057861328,3.0022125244140625,3.68526554107666,3.962984323501587,4.628700256347656,6.753584384918213,9.268048286437988,12.601157188415527,15.725631713867188,38.918766021728516,184.82614135742188,15437.2626953125
169,0.0,15.270732879638672,18.502803802490234,13.583877563476562,10.900009155273438,7.1905517578125,4.911442279815674,4.393829345703125,3.4044342041015625,3.6355841159820557,2.615180730819702,2.5399274826049805,2.3396689891815186,2.709486246109009,3.006345272064209,3.3730857372283936,3.0620388984680176,3.218620777130127,3.6013827323913574,3.9650232791900635,4.7125773429870605,5.084804058074951,7.791110038757324,10.940352439880371,15.245474815368652,19.769887924194336,45.63365936279297,205.93988037109375,16845.06640625
170,0.0,10.613651275634766,12.575092315673828,10.59604549407959,7.310511112213135,4.934451580047607,3.388823986053467,3.1220767498016357,2.455467462539673,2.5023415088653564,1.8193209171295166,1.755570650100708,1.6911786794662476,1.8031936883926392,2.262885808944702,2.4465982913970947,2.582616090774536,2.28312349319458,3.016545534133911,3.0242443084716797,3.483912706375122,4.00881814956665,6.603733539581299,8.654974937438965,11.234862327575684,14.035445213317871,32.81269836425781,172.65536499023438,12562.171875
171,0.0,16.998735427856445,20.919239044189453,15.513972282409668,11.36690902709961,7.636028289794922,5.323144435882568,4.926237106323242,3.6516828536987305,3.977277994155884,2.894744873046875,2.92022705078125,2.765230655670166,3.1102311611175537,3.727308750152588,3.860743522644043,3.7075998783111572,3.545337200164795,4.305955410003662,4.77392053604126,5.420206546783447,6.210607528686523,10.267126083374023,13.682107925415039,18.382949829101562,23.914852142333984,48.908294677734375,248.42481994628906,23785.435546875
172,0.0,9.362324714660645,11.095246315002441,8.995726585388184,6.892460823059082,4.107416152954102,2.9112887382507324,2.639207601547241,2.2006216049194336,2.209923505783081,1.598215937614441,1.631406307220459,1.4683160781860352,1.784924864768982,2.054724931716919,2.099989891052246,2.3250250816345215,2.0242395401000977,2.4311745166778564,2.8646888732910156,3.059079647064209,3.5584068298339844,5.66294527053833,7.709325790405273,10.367330551147461,12.915451049804688,27.567089080810547,126.2900161743164,10791.29296875
173,0.0,13.677202224731445,17.787364959716797,12.730719566345215,9.571599006652832,6.583695888519287,4.292054653167725,4.036214351654053,3.1245241165161133,3.307467460632324,2.4996631145477295,2.311781406402588,2.133502721786499,2.4055137634277344,2.932192325592041,2.9990577697753906,2.9966957569122314,2.8097126483917236,3.281589984893799,3.5192887783050537,4.062049865722656,4.740631103515625,7.275938034057617,10.360730171203613,14.017461776733398,16.507492065429688,43.055721282958984,218.44723510742188,17802.228515625
174,0.0,8.945981979370117,12.815544128417969,9.327110290527344,6.828934192657471,4.376938819885254,3.1690406799316406,2.8326199054718018,2.3942506313323975,2.2416534423828125,1.8029847145080566,1.8031885623931885,1.657238245010376,1.8633373975753784,2.1046266555786133,2.3583569526672363,2.4304466247558594,2.195427417755127,2.5467827320098877,3.011120319366455,3.365811824798584,3.827279567718506,5.735501289367676,8.111509323120117,10.091768264770508,13.64002513885498,33.824337005615234,143.74368286132812,12586.6083984375
175,0.0,13.627403259277344,17.281234741210938,13.493550300598145,10.334858894348145,6.522329330444336,4.406879425048828,4.098865509033203,3.445674419403076,3.5246684551239014,2.809839963912964,2.382117509841919,2.312138795852661,2.456653594970703,3.1741909980773926,3.1414785385131836,3.0842862129211426,3.0325379371643066,3.612699508666992,4.354587554931641,5.001184940338135,5.239230155944824,8.383382797241211,11.562545776367188,16.174955368041992,19.892765045166016,44.30101013183594,208.883056640625,19605.71875
176,0.0,13.176095962524414,15.513954162597656,12.998618125915527,9.706287384033203,6.153862476348877,3.976512908935547,4.295997142791748,2.86163592338562,3.4247331619262695,2.3261539936065674,2.218858003616333,2.159489154815674,2.2902586460113525,2.753260374069214,2.9316656589508057,3.079334020614624,3.0264177322387695,3.3553662300109863,3.65643572807312,4.4010539054870605,4.804391860961914,7.666574478149414,10.96357250213623,13.219287872314453,16.87674331665039,40.171722412109375,187.04505920410156,17210.3203125
177,0.0,13.599325180053711,17.721437454223633,14.625722885131836,10.491107940673828,7.099098205566406,4.847809791564941,4.153745174407959,3.6114680767059326,3.5904488563537598,2.57240629196167,2.325316905975342,2.418677806854248,2.671452760696411,2.9549834728240967,3.062074661254883,3.21745228767395,2.819526433944702,3.245042562484741,3.9435842037200928,4.828514099121094,5.356594562530518,8.083846092224121,11.220965385437012,14.970834732055664,17.747098922729492,42.75868225097656,212.98692321777344,17461.8359375
178,0.0,13.719905853271484,16.530351638793945,11.853877067565918,9.807543754577637,6.408390998840332,4.230360507965088,3.948967933654785,3.1072428226470947,3.0191001892089844,2.1995954513549805,2.21284818649292,2.077544927597046,2.2287116050720215,2.7398605346679688,2.898587465286255,2.683372974395752,2.7531321048736572,3.206444025039673,3.6821072101593018,3.9759254455566406,4.665425777435303,6.978118896484375,9.608358383178711,12.972404479980469,16.084043502807617,39.25477600097656,198.26055908203125,15359.4365234375
179,0.0,9.032581329345703,11.649723052978516,8.831446647644043,6.395651817321777,4.439778804779053,3.0657432079315186,2.759652614593506,2.2830216884613037,2.138932943344116,1.8194607496261597,1.636193871498108,1.519283652305603,1.7487629652023315,2.075115919113159,2.2944586277008057,2.228631019592285,2.2047946453094482,2.482828140258789,2.778980255126953,3.1065752506256104,3.5764191150665283,5.220057487487793,6.642120361328125,10.130599975585938,12.720670700073242,30.542211532592773,148.73716735839844,12768.3408203125
180,0.0,10.909204483032227,14.44372272491455,11.481552124023438,7.903380393981934,5.059412956237793,3.3866477012634277,3.032200813293457,2.686258554458618,2.6048643589019775,2.027574062347412,1.8431024551391602,1.7527415752410889,2.0421502590179443,2.319262742996216,2.303636312484741,2.445936918258667,2.3791451454162598,2.895355224609375,2.9118926525115967,3.3632559776306152,3.969313383102417,5.786046981811523,7.853723049163818,11.094998359680176,14.192840576171875,35.004581451416016,160.4980010986328,13583.85546875
181,0.0,18.769567489624023,22.13129425048828,16.574289321899414,12.929759979248047,8.307153701782227,5.883869647979736,5.650018692016602,4.063586235046387,4.289087295532227,3.152104616165161,2.979598045349121,2.784498691558838,3.169487476348877,3.8176515102386475,4.050837993621826,3.9504308700561523,3.995598793029785,4.6183953285217285,5.081613540649414,5.550553321838379,6.2011332511901855,10.483043670654297,13.540797233581543,19.71448516845703,23.70810317993164,61.001220703125,259.6201477050781,23186.673828125
182,0.0,10.792887687683105,13.39950180053711,10.682204246520996,7.691312789916992,5.1485915184021,3.5216026306152344,3.147874116897583,2.625418186187744,2.81113862991333,2.207178831100464,1.9711941480636597,1.918968677520752,2.215073347091675,2.4864039421081543,2.6689884662628174,2.636340856552124,2.4797754287719727,2.998521089553833,3.6002564430236816,3.7764880657196045,4.459637641906738,6.525844573974609,8.6206636428833,12.05782413482666,15.33517074584961,37.17437744140625,171.2811279296875,15746.228515625
183,0.0,12.995560646057129,17.146568298339844,13.069186210632324,9.88221549987793,6.480937957763672,4.4210710525512695,4.233334064483643,2.9949190616607666,3.180074453353882,2.3229947090148926,2.140662431716919,2.1545281410217285,2.2703051567077637,2.7378029823303223,2.7489206790924072,3.129145860671997,2.758922815322876,3.167598247528076,3.661210298538208,4.1541008949279785,4.33978271484375,6.948346138000488,10.107150077819824,13.52881145477295,17.226659774780273,41.928524017333984,202.12583923339844,17430.353515625
184,0.0,13.763856887817383,16.44589614868164,13.510246276855469,9.361100196838379,6.516561985015869,4.48561429977417,3.8449864387512207,3.2880470752716064,3.240976095199585,2.39243221282959,2.4027111530303955,2.1840665340423584,2.4134953022003174,2.9982547760009766,3.0182483196258545,2.9666507244110107,2.9350762367248535,3.188028573989868,3.9823224544525146,4.175127983093262,4.53123140335083,7.200601577758789,9.298129081726074,12.611099243164062,14.97929859161377,39.99396896362305,212.17010498046875,16360.349609375
185,0.0,10.241680145263672,13.963147163391113,9.947529792785645,7.052060127258301,4.733111381530762,3.5790345668792725,3.0493507385253906,2.5137877464294434,2.73435115814209,1.9570671319961548,1.8641939163208008,1.6008720397949219,1.9145015478134155,2.1676905155181885,2.385735273361206,2.447916030883789,2.1480631828308105,2.765413522720337,2.938117027282715,3.31988787651062,4.09207820892334,5.605550289154053,7.993063926696777,10.362058639526367,13.582629203796387,32.74973678588867,145.47738647460938,11672.6142578125
186,0.0,19.411645889282227,23.754959106445312,18.456863403320312,13.111371040344238,8.677844047546387,6.118015766143799,4.880626201629639,4.163869380950928,4.513738632202148,3.1501309871673584,2.9116764068603516,2.796307325363159,3.088271141052246,3.8332908153533936,4.138157367706299,4.301941394805908,4.024141311645508,4.398782730102539,4.939288139343262,5.694131851196289,6.418868541717529,9.489068984985352,13.413469314575195,17.80816078186035,20.585208892822266,51.95707321166992,241.43206787109375,22451.669921875
187,0.0,11.583135604858398,13.433022499084473,10.993833541870117,7.688265800476074,4.971166133880615,3.500135660171509,2.9853923320770264,2.5148370265960693,2.5677497386932373,1.9624439477920532,2.0129408836364746,1.7842016220092773,1.9838769435882568,2.433029890060425,2.4951398372650146,2.722094774246216,2.487664222717285,2.729656457901001,3.1150646209716797,3.594456195831299,4.2234344482421875,6.059915542602539,9.064652442932129,12.387993812561035,14.449286460876465,33.930118560791016,167.31764221191406,15142.9111328125
188,0.0,7.886345863342285,10.101261138916016,7.353009223937988,5.178596019744873,3.5639419555664062,2.317294120788574,2.205437183380127,2.026428461074829,2.0910956859588623,1.4625911712646484,1.4519095420837402,1.3859407901763916,1.6144359111785889,1.8859564065933228,1.876395344734192,1.9791063070297241,1.7678996324539185,2.127209186553955,2.388662815093994,2.548643112182617,2.948723793029785,4.682132244110107,5.883883953094482,7.93187952041626,10.0155611038208,21.278884887695312,107.43936920166016,9733.400390625
189,0.0,10.10244083404541,13.5787992477417,10.116494178771973,7.505559921264648,5.133578777313232,3.214614152908325,3.020230293273926,2.680290699005127,2.6255905628204346,2.0427539348602295,1.7844369411468506,1.6907039880752563,1.9306946992874146,2.263819694519043,2.3440933227539062,2.4539098739624023,2.110610008239746,2.7687389850616455,2.999431848526001,3.5332541465759277,3.71570086479187,5.982672691345215,8.525032043457031,11.538564682006836,14.094327926635742,33.08251190185547,154.3586883544922,13976.4111328125
190,0.0,13.55571460723877,16.43023109436035,12.86958122253418,8.949164390563965,5.990095138549805,4.4690399169921875,3.7114410400390625,3.164609432220459,3.0876402854919434,2.2973761558532715,2.508209705352783,2.1411519050598145,2.4347457885742188,2.9435875415802,3.0061323642730713,3.154454231262207,2.981674909591675,3.6129581928253174,3.8932478427886963,4.274955749511719,4.920822620391846,7.497844696044922,9.699641227722168,13.680838584899902,16.65082550048828,40.22368240356445,199.42074584960938,17629.34375
191,0.0,11.252262115478516,14.558184623718262,11.210427284240723,8.448878288269043,5.867372512817383,3.704155445098877,3.3830513954162598,2.62599515914917,2.6246237754821777,1.991938829421997,1.8203445672988892,1.7263787984848022,1.9403424263000488,2.564380645751953,2.4512672424316406,2.524906635284424,2.245994806289673,2.7093937397003174,3.261654853820801,3.499386787414551,4.034952163696289,6.035086631774902,7.877355098724365,10.919159889221191,14.053739547729492,38.129554748535156,163.7123565673828,13877.533203125
192,0.0,8.39498519897461,9.777257919311523,7.11020565032959,5.85778284072876,3.7803421020507812,2.4914255142211914,2.4011874198913574,2.0084712505340576,2.138554096221924,1.4944790601730347,1.4466516971588135,1.3433496952056885,1.5054274797439575,1.9174821376800537,1.8607237339019775,1.9518831968307495,1.8203401565551758,2.267850160598755,2.2961554527282715,2.6914188861846924,2.919398307800293,4.654115200042725,6.315280914306641,8.378087997436523,10.803683280944824,27.267860412597656,113.20587921142578,10752.7998046875
193,0.0,21.335094451904297,26.815799713134766,20.90963363647461,15.248178482055664,10.621149063110352,7.081813812255859,6.14333963394165,4.860505104064941,5.405524253845215,3.880598783493042,3.721160411834717,3.3366551399230957,3.728428363800049,4.5931010246276855,5.1264328956604,4.939918041229248,4.494912147521973,5.411579608917236,6.5185770988464355,7.463616847991943,7.92266321182251,12.410947799682617,18.562786102294922,24.843849182128906,30.32585334777832,75.32128143310547,345.80926513671875,36267.37890625
194,0.0,8.816703796386719,11.861054420471191,8.492315292358398,5.8551740646362305,4.011483192443848,2.6378862857818604,2.542534351348877,2.2272770404815674,2.289583683013916,1.6419776678085327,1.7019985914230347,1.494840383529663,1.7280430793762207,2.1266448497772217,2.2211155891418457,2.28354549407959,2.1828548908233643,2.5496954917907715,2.90997052192688,2.8486030101776123,3.3502390384674072,5.369542598724365,7.5114240646362305,10.600531578063965,11.764362335205078,30.04755210876465,124.93278503417969,11522.40625
195,0.0,13.497323036193848,16.6966609954834,13.174920082092285,9.793622016906738,6.573354721069336,4.36152458190918,3.6415011882781982,3.062896251678467,3.453206777572632,2.3002002239227295,2.2425899505615234,2.049405574798584,2.3507158756256104,2.9900617599487305,3.005507230758667,3.0709893703460693,2.730009078979492,3.3336567878723145,3.8009445667266846,3.8906373977661133,5.1415791511535645,6.858166217803955,10.058706283569336,13.880532264709473,16.220067977905273,37.92826461791992,192.3683319091797,16846.41796875
196,0.0,12.844505310058594,14.756987571716309,11.45092487335205,9.705262184143066,5.292184829711914,3.747269630432129,3.6627628803253174,2.791471242904663,2.867649555206299,2.0816967487335205,1.9718372821807861,1.9934000968933105,2.120364189147949,2.7697272300720215,2.7349133491516113,2.6518311500549316,2.4718902111053467,2.8846919536590576,3.15964674949646,3.929903984069824,4.333630084991455,6.366774082183838,9.071137428283691,12.168035507202148,16.056116104125977,38.782470703125,175.4957275390625,14862.9658203125
197,0.0,15.413692474365234,19.811872482299805,15.731751441955566,10.63919448852539,6.735624313354492,4.8895463943481445,4.052028179168701,3.5091562271118164,3.5615389347076416,2.6587910652160645,2.454022169113159,2.4086053371429443,2.7265119552612305,3.335829496383667,3.401580810546875,3.6572530269622803,3.207676887512207,3.7469756603240967,4.1418585777282715,4.83472204208374,5.455630779266357,8.57412052154541,11.444928169250488,14.589592933654785,19.44806671142578,47.127986907958984,232.58047485351562,17994.533203125
198,0.0,11.906352996826172,14.369475364685059,11.673568725585938,8.207818031311035,5.363669395446777,3.758955955505371,3.61694598197937,2.7654144763946533,2.781341791152954,2.0802109241485596,1.9504773616790771,1.7926414012908936,1.9570181369781494,2.499213457107544,2.483898162841797,2.5661661624908447,2.4883179664611816,2.8494338989257812,3.266145706176758,3.8436336517333984,4.219876289367676,6.546777248382568,9.028326988220215,11.726530075073242,14.918192863464355,37.689666748046875,169.90660095214844,13677.1806640625
199,0.0,12.020576477050781,15.679325103759766,11.161100387573242,8.632146835327148,5.36978816986084,3.825427770614624,3.379899501800537,2.9137179851531982,2.8212056159973145,2.197779893875122,1.951601266860962,1.8959969282150269,2.0200347900390625,2.5597047805786133,2.4840002059936523,2.52504301071167,2.4081974029541016,2.8374547958374023,3.2006337642669678,3.566730260848999,4.224491596221924,6.525141716003418,8.92337703704834,11.883322715759277,14.225092887878418,34.49091339111328,179.33587646484375,14854.3896484375
200,0.0,10.292962074279785,12.722159385681152,10.795430183410645,7.536950588226318,5.270620822906494,3.349825859069824,3.1242470741271973,2.603104591369629,2.4713566303253174,1.9758727550506592,1.8205153942108154,1.6952693462371826,1.9651758670806885,2.420417308807373,2.42825984954834,2.491396188735962,2.3364577293395996,2.5584497451782227,3.0055859088897705,3.4077556133270264,3.6586809158325195,5.705294132232666,7.941178321838379,11.410018920898438,13.632527351379395,33.24247741699219,163.25225830078125,13926.0654296875
201,0.0,11.240509033203125,14.244781494140625,10.540066719055176,7.873694896697998,5.232410430908203,3.6343650817871094,3.2796807289123535,2.5968148708343506,2.7643282413482666,2.0722227096557617,2.095555305480957,1.8049436807632446,2.014765977859497,2.2753512859344482,2.3963429927825928,2.5716536045074463,2.292219400405884,2.8631691932678223,3.0558979511260986,3.3667285442352295,3.6876628398895264,5.616396903991699,8.23117446899414,11.120321273803711,13.508461952209473,31.287899017333984,149.98365783691406,14635.9404296875
202,0.0,14.431719779968262,16.48591423034668,13.242219924926758,9.526573181152344,6.4937825202941895,3.864790916442871,4.207934856414795,3.3473639488220215,3.426769256591797,2.646493673324585,2.2163448333740234,2.1990997791290283,2.509911298751831,3.2394001483917236,3.079149007797241,3.266186237335205,3.0984668731689453,3.5374512672424316,3.982461929321289,4.2344279289245605,4.812188148498535,7.598456382751465,10.351195335388184,14.163651466369629,17.337148666381836,40.89225769042969,190.26353454589844,16036.1767578125
203,0.0,16.1527042388916,19.28160285949707,16.17145538330078,10.599320411682129,7.299577713012695,4.74484395980835,4.706496238708496,3.746375560760498,3.576716899871826,2.7184019088745117,2.5200417041778564,2.3246843814849854,2.627368211746216,3.1021552085876465,3.311075448989868,3.2882862091064453,3.0998244285583496,3.6864781379699707,4.345172882080078,4.609610557556152,5.258304595947266,8.014283180236816,11.095993995666504,16.448402404785156,19.265094757080078,45.13607406616211,238.13546752929688,19480.373046875
204,0.0,15.907689094543457,19.252792358398438,15.677267074584961,10.869420051574707,7.8854241371154785,5.113668441772461,5.28782844543457,3.8308427333831787,3.7594830989837646,3.090174436569214,2.8836190700531006,2.5281455516815186,2.838528871536255,3.534837484359741,3.7131032943725586,3.740591526031494,3.5402095317840576,3.902196168899536,4.623068809509277,5.456573486328125,5.568115711212158,8.539313316345215,11.913613319396973,16.220706939697266,19.168548583984375,45.4951286315918,236.4771728515625,21201.291015625
205,0.0,10.866546630859375,13.99935531616211,10.832073211669922,7.646749496459961,5.458512783050537,3.6948773860931396,3.1532480716705322,2.565964698791504,2.7844088077545166,2.087946891784668,1.9143640995025635,1.828866720199585,2.1129961013793945,2.359916925430298,2.4981138706207275,2.536848783493042,2.521867513656616,2.8959732055664062,3.2491655349731445,3.5769097805023193,4.058485984802246,5.932986736297607,8.67218017578125,10.783275604248047,14.0330810546875,32.982181549072266,151.92198181152344,13451.1787109375
206,0.0,12.981735229492188,17.182445526123047,12.058215141296387,8.854331016540527,6.350337028503418,4.343648433685303,3.7447662353515625,3.087695360183716,3.296189546585083,2.1545238494873047,2.2993550300598145,1.9902058839797974,2.2702770233154297,2.8444221019744873,2.899834156036377,2.829779863357544,2.6391220092773438,3.163910388946533,3.574688673019409,4.089985370635986,4.665536403656006,7.423765182495117,10.52746868133545,13.905186653137207,16.863872528076172,37.49399948120117,193.09300231933594,16767.34375
207,0.0,9.627066612243652,12.133512496948242,9.582390785217285,7.041696548461914,4.654956340789795,3.268707275390625,2.815953016281128,2.4113361835479736,2.3983027935028076,1.9822397232055664,1.789077639579773,1.6389364004135132,1.8047542572021484,2.0845608711242676,2.101602792739868,2.3811824321746826,2.1625447273254395,2.630911350250244,2.8242101669311523,3.011331081390381,3.647111415863037,5.68511438369751,7.065903663635254,10.790254592895508,12.38985824584961,31.297481536865234,143.19509887695312,13407.806640625
208,0.0,13.287497520446777,17.465351104736328,14.515061378479004,10.211597442626953,6.038916110992432,4.297243118286133,3.899411678314209,3.263486385345459,3.2048888206481934,2.40358304977417,2.1931841373443604,2.179858446121216,2.490579843521118,2.900034189224243,2.95180606842041,3.0684235095977783,3.1429286003112793,3.604616165161133,3.8456337451934814,4.313653469085693,5.343478679656982,7.66842794418335,10.274615287780762,14.703487396240234,18.57456398010254,42.970848083496094,197.5729522705078,17227.65234375
209,0.0,9.922096252441406,13.320554733276367,9.775962829589844,7.168827533721924,4.918358325958252,3.3933942317962646,3.0803825855255127,2.549743175506592,2.6347851753234863,1.9535585641860962,1.9115610122680664,1.7777074575424194,2.086494207382202,2.2616658210754395,2.499103307723999,2.5804879665374756,2.3672447204589844,3.1056525707244873,3.276982545852661,3.393704652786255,4.0525407791137695,6.074639797210693,8.169456481933594,11.971240043640137,12.552958488464355,35.20269775390625,146.07015991210938,12767.2216796875
210,0.0,12.523092269897461,15.063444137573242,11.274489402770996,8.618663787841797,5.5340495109558105,3.7412936687469482,3.5262537002563477,2.754310131072998,3.1501965522766113,2.0498249530792236,2.0564322471618652,1.897645354270935,2.0726020336151123,2.7116031646728516,2.7021865844726562,2.6962392330169678,2.530343770980835,2.9495837688446045,3.268439769744873,3.716735601425171,4.365572929382324,6.781915664672852,9.668600082397461,11.822145462036133,15.290070533752441,35.233055114746094,180.09475708007812,15338.6435546875
211,0.0,15.30929946899414,18.513029098510742,14.42937183380127,10.279324531555176,6.696970462799072,5.163259506225586,4.438305854797363,3.5670838356018066,3.533687114715576,2.6117117404937744,2.341158390045166,2.199108123779297,2.463543653488159,3.052762269973755,3.270427942276001,3.0535643100738525,3.0249977111816406,3.6417393684387207,3.626192092895508,4.568483829498291,4.8999714851379395,7.4488420486450195,10.686718940734863,13.969935417175293,17.937541961669922,44.27486038208008,201.86785888671875,17945.75390625
212,0.0,14.345553398132324,18.24579429626465,12.746957778930664,8.914957046508789,6.09939432144165,4.472040176391602,3.9516408443450928,3.1352157592773438,3.246316909790039,2.3425917625427246,2.32898211479187,2.0583746433258057,2.351712465286255,2.9382686614990234,3.0703463554382324,2.912729501724243,2.9407026767730713,3.3533291816711426,3.707156181335449,4.526745319366455,5.254112720489502,7.411977767944336,10.551369667053223,14.352107048034668,17.168739318847656,44.22665023803711,203.67701721191406,17357.9296875
213,0.0,12.393869400024414,13.52993106842041,11.396693229675293,8.533242225646973,5.477993965148926,3.9429128170013428,3.4485044479370117,2.849008321762085,2.891167163848877,2.067413091659546,1.9685335159301758,1.8556748628616333,2.093187093734741,2.381828784942627,2.5443193912506104,2.431853771209717,2.431042194366455,2.791133165359497,3.2614424228668213,3.398750066757202,3.943567991256714,6.113770961761475,8.234641075134277,12.243704795837402,14.09255313873291,36.46070098876953,162.93377685546875,13831.974609375
214,0.0,13.241556167602539,18.898895263671875,12.829740524291992,9.793869972229004,6.853492736816406,4.520673751831055,4.193938255310059,3.265254259109497,3.3769824504852295,2.5733489990234375,2.4016480445861816,2.183805227279663,2.6457273960113525,3.0816853046417236,3.1564230918884277,3.1962943077087402,3.147289752960205,3.839592933654785,4.079269886016846,4.411633014678955,5.191275596618652,8.015390396118164,10.974764823913574,14.704158782958984,18.503171920776367,44.54692459106445,204.8297882080078,19398.189453125
215,0.0,12.721453666687012,15.886186599731445,13.244430541992188,9.969562530517578,6.678539276123047,4.399980545043945,4.116978645324707,2.9601504802703857,3.1404967308044434,2.4674293994903564,2.28908109664917,2.114511251449585,2.516435384750366,3.0795350074768066,3.14262318611145,3.4073448181152344,2.983717918395996,3.4478156566619873,3.926222562789917,4.0315260887146,4.851834774017334,7.266765117645264,10.245744705200195,14.352279663085938,17.467350006103516,42.33142852783203,206.23524475097656,18709.31640625
216,0.0,15.421154975891113,22.698974609375,14.886899948120117,10.934544563293457,7.744423866271973,5.060389041900635,5.0512590408325195,4.041843891143799,3.8597583770751953,2.956526517868042,2.7123796939849854,2.640596389770508,2.8001527786254883,3.401744842529297,3.4295578002929688,3.5537326335906982,3.336887836456299,3.8741848468780518,4.518658638000488,4.603693008422852,5.689984321594238,8.10103988647461,12.214221954345703,16.458221435546875,19.907447814941406,47.1817512512207,214.86917114257812,18839.08984375
217,0.0,15.061800003051758,18.7858829498291,14.613533020019531,10.160773277282715,6.849277496337891,4.807343006134033,4.095420837402344,3.282028913497925,3.416067123413086,2.5572521686553955,2.5397586822509766,2.3403658866882324,2.605858087539673,3.160163402557373,3.174731969833374,3.297635793685913,3.0430877208709717,3.5536022186279297,4.085505485534668,4.454211235046387,5.329507827758789,7.426581382751465,10.235828399658203,14.357768058776855,17.163930892944336,43.47577667236328,210.791259765625,18565.697265625
218,0.0,9.805344581604004,11.930706024169922,8.767644882202148,6.688297271728516,4.428463935852051,3.2269554138183594,2.9230146408081055,2.2313432693481445,2.3241944313049316,1.8147212266921997,1.8379783630371094,1.6060876846313477,1.8974814414978027,2.050401210784912,2.3977463245391846,2.2207956314086914,2.0344760417938232,2.333951234817505,2.949253559112549,3.029114007949829,3.5008230209350586,5.1875481605529785,7.654741287231445,10.322147369384766,12.33652114868164,33.70813751220703,139.78326416015625,12167.4892578125
219,0.0,13.350584030151367,16.814668655395508,12.64393138885498,9.46185302734375,6.796133041381836,4.592089653015137,4.2131171226501465,3.1347384452819824,3.2254605293273926,2.6584439277648926,2.362856149673462,2.2549855709075928,2.3917551040649414,3.029327869415283,3.176083564758301,3.1439738273620605,2.8207662105560303,3.5644805431365967,3.6869540214538574,4.204874515533447,4.622387886047363,7.057736873626709,10.016725540161133,13.484834671020508,16.778461456298828,40.60729217529297,210.7380828857422,18419.6640625
220,0.0,13.368414878845215,16.52887725830078,13.768046379089355,10.0247802734375,6.620822429656982,4.23607063293457,4.465159893035889,3.2802317142486572,3.285428762435913,2.519198417663574,2.4561281204223633,2.279956579208374,2.620190143585205,3.163144111633301,2.994750499725342,3.2144761085510254,3.0328564643859863,3.73593807220459,3.9621729850769043,4.379082202911377,5.152845859527588,7.392221927642822,11.633414268493652,14.332443237304688,19.75243377685547,46.27790832519531,217.57925415039062,16266.5224609375
221,0.0,14.116143226623535,17.434825897216797,13.660262107849121,10.011592864990234,6.62070894241333,4.400840759277344,4.344756126403809,3.3812179565429688,3.4829955101013184,2.5780043601989746,2.3553504943847656,2.244877576828003,2.4345028400421143,2.870023488998413,3.093900203704834,3.221468687057495,2.929185152053833,3.473428249359131,3.73423171043396,4.626167297363281,4.803785800933838,7.828673362731934,10.585150718688965,14.242497444152832,17.75273323059082,43.945716857910156,206.69992065429688,17368.412109375
222,0.0,13.836373329162598,17.59325408935547,13.940132141113281,9.805071830749512,6.389662265777588,4.558974742889404,4.068358421325684,3.3988890647888184,3.36181640625,2.3632256984710693,2.33202862739563,2.121002435684204,2.416520118713379,2.7438652515411377,2.9288034439086914,2.978949785232544,2.696275472640991,3.3118896484375,3.8150229454040527,4.156773567199707,4.739605903625488,7.392204284667969,11.006940841674805,13.967392921447754,17.66751480102539,38.409751892089844,204.58795166015625,18527.025390625
223,0.0,16.471715927124023,22.210508346557617,15.917902946472168,12.851984977722168,7.627145767211914,5.601342678070068,4.886667728424072,3.9366207122802734,3.9227986335754395,2.9167110919952393,2.715625286102295,2.771085262298584,2.826408624649048,3.62427020072937,3.702130079269409,4.03085994720459,3.4927315711975098,4.059737205505371,4.40993595123291,5.24314022064209,6.36613130569458,8.94469165802002,12.531590461730957,17.22904396057129,20.42069435119629,49.39785385131836,250.3188934326172,22298.19140625
224,0.0,17.182781219482422,20.889678955078125,16.745887756347656,12.037311553955078,8.0816068649292,5.300546646118164,5.1012043952941895,3.915112018585205,3.8918514251708984,2.775773048400879,2.588911294937134,2.5361032485961914,2.902674913406372,3.271054267883301,3.4937164783477783,3.6440789699554443,3.3494908809661865,3.808058977127075,4.342947006225586,5.026228904724121,5.445814609527588,8.555244445800781,12.52987003326416,15.283491134643555,20.25941276550293,49.23725891113281,237.42112731933594,19416.861328125
225,0.0,11.441985130310059,14.086516380310059,10.516094207763672,7.740046977996826,5.371213436126709,3.712524175643921,3.276299238204956,2.795780897140503,2.7118310928344727,2.0140533447265625,1.906846523284912,1.8142149448394775,1.972366452217102,2.3970251083374023,2.532228708267212,2.3638923168182373,2.384751558303833,2.869171142578125,3.424217462539673,3.5152177810668945,3.9411027431488037,6.183789253234863,8.736050605773926,12.277395248413086,13.589906692504883,37.42812728881836,171.70452880859375,13837.765625
226,0.0,13.541715621948242,16.118701934814453,12.1737699508667,8.853346824645996,6.4774627685546875,4.337399482727051,3.8110647201538086,3.176297426223755,2.9989728927612305,2.226698160171509,2.1216020584106445,2.074772596359253,2.342816114425659,2.979328155517578,3.176936149597168,2.941923141479492,2.755751132965088,3.439492702484131,3.875123977661133,4.231187343597412,4.929197788238525,6.99392032623291,9.712907791137695,14.669645309448242,16.33384132385254,38.945220947265625,187.41969299316406,17395.927734375
227,0.0,10.981358528137207,13.237494468688965,9.936077117919922,7.151604175567627,4.7242112159729,3.3565714359283447,3.176259994506836,2.712726593017578,2.5291645526885986,2.117262363433838,1.9036458730697632,1.630062460899353,1.8781282901763916,2.2989091873168945,2.3219728469848633,2.4138712882995605,2.188904285430908,2.66756534576416,2.971889019012451,3.1222708225250244,3.9733309745788574,6.036210536956787,7.888538360595703,10.474748611450195,13.713912963867188,31.860641479492188,160.2319793701172,14261.9501953125
228,0.0,13.186604499816895,17.516368865966797,12.994826316833496,10.061959266662598,6.449897766113281,4.502758979797363,4.4142327308654785,3.4235410690307617,3.277601718902588,2.535466432571411,2.373485803604126,2.1471612453460693,2.445450782775879,2.607015371322632,2.9943137168884277,2.9092204570770264,2.684772491455078,3.142003059387207,3.6575729846954346,3.8650224208831787,4.168752193450928,7.384681701660156,9.128425598144531,12.708043098449707,16.653736114501953,43.92228317260742,200.14097595214844,18086.15625
229,0.0,7.317867755889893,9.319889068603516,7.224948406219482,5.311480522155762,3.531209707260132,2.166194200515747,2.1173014640808105,1.8080074787139893,1.8993425369262695,1.4827896356582642,1.4752986431121826,1.265156865119934,1.419761061668396,1.707792043685913,1.7795330286026,1.9440842866897583,1.7996329069137573,2.245638370513916,2.4711875915527344,2.6648738384246826,3.0778756141662598,4.847614288330078,6.665002346038818,8.764415740966797,10.903759956359863,24.047697067260742,114.5438461303711,8953.0107421875
230,0.0,13.995742797851562,15.783498764038086,12.644477844238281,9.63083553314209,5.907482624053955,4.215490341186523,3.510958671569824,3.1343791484832764,3.235363721847534,2.3404135704040527,2.339611530303955,1.9765230417251587,2.2517294883728027,2.6847147941589355,2.8478009700775146,2.9008941650390625,2.640533685684204,3.4179811477661133,3.7423341274261475,4.311544418334961,4.68520450592041,7.304129600524902,9.717543601989746,12.839375495910645,17.211559295654297,42.50471115112305,192.82199096679688,14930.04296875
231,0.0,11.787088394165039,15.436816215515137,12.805879592895508,8.602431297302246,5.402558326721191,4.107260704040527,3.4716341495513916,2.800123453140259,3.079758405685425,2.3739099502563477,2.186661720275879,1.9894776344299316,2.399350166320801,2.7054126262664795,2.835503101348877,2.876443386077881,2.66640567779541,3.3400723934173584,3.2700841426849365,4.001159191131592,4.146728992462158,6.709311008453369,9.494317054748535,12.574847221374512,15.50063705444336,38.21137619018555,202.9702606201172,17281.845703125
232,0.0,12.190567016601562,14.035812377929688,10.57140827178955,7.901817798614502,5.243393421173096,3.7651705741882324,3.4897584915161133,2.696148157119751,3.028167724609375,2.1057231426239014,2.077977180480957,1.9630982875823975,2.2707910537719727,2.4942071437835693,2.6938042640686035,2.768080472946167,2.600295066833496,2.970125675201416,3.6731419563293457,3.494061231613159,4.153842449188232,6.4965972900390625,8.746474266052246,12.948469161987305,15.225627899169922,37.08303451538086,157.6070098876953,14423.2109375
233,0.0,14.869636535644531,17.341642379760742,14.624846458435059,10.233612060546875,6.720402717590332,4.695565700531006,4.002541542053223,3.5551583766937256,3.5337061882019043,2.5254693031311035,2.5618700981140137,2.3388819694519043,2.527949810028076,2.978165626525879,3.1018149852752686,3.2274420261383057,2.9166953563690186,3.5020079612731934,3.822174072265625,4.5186448097229,5.320770263671875,7.511183738708496,10.267457962036133,13.664924621582031,17.690710067749023,45.01158142089844,192.50843811035156,16255.068359375
234,0.0,13.179007530212402,15.650343894958496,11.820982933044434,8.747759819030762,5.447091102600098,3.9900972843170166,3.670055389404297,2.8969039916992188,3.1444342136383057,2.3749547004699707,2.123361349105835,1.9004807472229004,2.1625001430511475,2.572990655899048,2.3401830196380615,2.610643148422241,2.622933864593506,2.9204912185668945,3.333850860595703,3.923190116882324,4.155043125152588,6.484001636505127,9.420160293579102,12.429047584533691,14.345672607421875,36.522735595703125,190.33587646484375,16385.296875
235,0.0,7.801729679107666,9.781779289245605,6.80978536605835,4.703891754150391,3.4081857204437256,2.433509349822998,2.217735528945923,1.6520055532455444,1.7083975076675415,1.4315190315246582,1.4072411060333252,1.2640224695205688,1.4483681917190552,1.7343428134918213,1.7466140985488892,1.8174916505813599,1.7291358709335327,1.960905909538269,2.271049737930298,2.449272394180298,2.9218590259552,4.44816255569458,5.8563456535339355,8.449371337890625,10.189762115478516,23.328060150146484,107.49446105957031,9172.681640625
