,layer_1,layer_2,layer_3,layer_4,layer_5,layer_6,layer_7,layer_8,layer_9,layer_10,layer_11,layer_12,layer_13,layer_14,layer_15,layer_16,layer_17,layer_18,layer_19,layer_20,layer_21,layer_22,layer_23,layer_24,layer_25,layer_26,layer_27,layer_28,layer_29
0,0.0,0.008725933730602264,0.006527136079967022,0.005887290462851524,0.004618895705789328,0.003285221289843321,0.0026896593626588583,0.002498181536793709,0.00234202784486115,0.002232286147773266,0.002096377545967698,0.002486312994733453,0.002653338946402073,0.003070015460252762,0.003890817053616047,0.004637478850781918,0.005405360367149115,0.006335703190416098,0.008111296221613884,0.009605568833649158,0.011050514876842499,0.013410563580691814,0.018102142959833145,0.021702712401747704,0.030850470066070557,0.04178346320986748,0.0661608949303627,0.16375315189361572,7.080663204193115
1,0.0,0.007496247999370098,0.0059624104760587215,0.0054944404400885105,0.004427767358720303,0.003178728511556983,0.002753979293629527,0.0025366260670125484,0.0023881772067397833,0.002237176289781928,0.002081769984215498,0.002562305424362421,0.002708521205931902,0.00307678896933794,0.003957838285714388,0.00450926786288619,0.0053720129653811455,0.006224320735782385,0.008132782764732838,0.010148143395781517,0.011418760754168034,0.013783528469502926,0.01850256882607937,0.022628813982009888,0.03326749429106712,0.04366099834442139,0.06662389636039734,0.1684103161096573,7.531553745269775
2,0.0,0.009035106748342514,0.006890110205858946,0.006260608788579702,0.005086931400001049,0.0036283039953559637,0.00295280572026968,0.0028047882951796055,0.0026487084105610847,0.0024740539956837893,0.0022647723089903593,0.0026406366378068924,0.002803911454975605,0.0031437210272997618,0.004198696464300156,0.004628586117178202,0.005475958343595266,0.006464221514761448,0.008218844421207905,0.009810137562453747,0.010352670215070248,0.0136405685916543,0.017647553235292435,0.02144378423690796,0.030237846076488495,0.039488211274147034,0.06097737327218056,0.1301574558019638,5.622314453125
3,0.0,0.009113735519349575,0.006979447789490223,0.006283876486122608,0.004954851698130369,0.003505066968500614,0.002883404027670622,0.0026383872609585524,0.002496524481102824,0.0024130521342158318,0.0022033085115253925,0.002477632137015462,0.002715426729992032,0.0031620704103261232,0.003949423786252737,0.0046503180637955666,0.005639203824102879,0.006549435202032328,0.008281832560896873,0.009848360903561115,0.010836513713002205,0.014027762226760387,0.018424229696393013,0.02273281291127205,0.03237266466021538,0.0433926060795784,0.07072550058364868,0.13742166757583618,6.208415508270264
4,0.0,0.00974329188466072,0.007505293935537338,0.006687958259135485,0.00533528346568346,0.0038136246148496866,0.0031335854437202215,0.0028436367865651846,0.002693004673346877,0.002482049632817507,0.002310370095074177,0.0026719397865235806,0.002836784813553095,0.0032780382316559553,0.00391586497426033,0.004676069598644972,0.005451215896755457,0.00636603869497776,0.00820348970592022,0.010101272724568844,0.011085034348070621,0.013842439278960228,0.018150916323065758,0.02158946730196476,0.031216904520988464,0.03956751525402069,0.06528069823980331,0.12837515771389008,5.467207431793213
5,0.0,0.007429840043187141,0.00575444707646966,0.0052222395315766335,0.004213217180222273,0.002982782432809472,0.0024992271792143583,0.0023975702933967113,0.002286657691001892,0.002122590783983469,0.0019833026453852654,0.0025231605395674706,0.002640298567712307,0.003114177379757166,0.0038754648994654417,0.004652775824069977,0.005392805673182011,0.006747135426849127,0.008219542913138866,0.01025593001395464,0.01121867448091507,0.014108076691627502,0.018705010414123535,0.022791413590312004,0.03408082574605942,0.043482232838869095,0.07034311443567276,0.1534689962863922,7.950774192810059
6,0.0,0.007367599755525589,0.005812825169414282,0.005291964393109083,0.004168972373008728,0.0029726463835686445,0.0025648183654993773,0.0024635745212435722,0.0023544069845229387,0.0021916076075285673,0.002025172347202897,0.0025262085255235434,0.0026236458215862513,0.003063277341425419,0.0038556414656341076,0.004552727099508047,0.005272838287055492,0.006361921783536673,0.007807939313352108,0.00996031891554594,0.01085619069635868,0.01425784919410944,0.018924737349152565,0.022582588717341423,0.03182389959692955,0.0431554839015007,0.06820821017026901,0.1498517543077469,7.053420543670654
7,0.0,0.009887165389955044,0.007515874691307545,0.006630050949752331,0.005293130874633789,0.003793228417634964,0.0032442533411085606,0.002987055340781808,0.002865722868591547,0.0027004664298146963,0.0024006024468690157,0.0026812974829226732,0.0029080749955028296,0.003330061212182045,0.004176045767962933,0.00471904780715704,0.005727795884013176,0.006477390415966511,0.00828574225306511,0.010142693296074867,0.011178644374012947,0.013819966465234756,0.01816963218152523,0.02221684344112873,0.03128978610038757,0.04016905277967453,0.06244500353932381,0.11967922747135162,6.199193477630615
8,0.0,0.009951065294444561,0.007638988085091114,0.006872061174362898,0.005481545347720385,0.0039265877567231655,0.0032011279836297035,0.002872203243896365,0.0027568680234253407,0.002653532661497593,0.0023469487205147743,0.0026480872184038162,0.0028454437851905823,0.0032313186675310135,0.004054815974086523,0.004688629414886236,0.005801181774586439,0.006961475592106581,0.008351466618478298,0.010097871534526348,0.011823533102869987,0.014525463804602623,0.019638584926724434,0.02460087276995182,0.032707132399082184,0.043275248259305954,0.06780644506216049,0.15087758004665375,6.75021505355835
9,0.0,0.009438025765120983,0.007134770043194294,0.006462767254561186,0.005178526975214481,0.0036841670516878366,0.0030224844813346863,0.002793236868456006,0.002703654346987605,0.0024058723356574774,0.0022301524877548218,0.00259296759031713,0.00280414754524827,0.0031628275755792856,0.004066708032041788,0.004698568489402533,0.005442442372441292,0.006538239773362875,0.00792143028229475,0.009876131080091,0.010840502567589283,0.013565314933657646,0.01794412173330784,0.020699283108115196,0.030213505029678345,0.04113636910915375,0.061459433287382126,0.12543612718582153,5.26395320892334
10,0.0,0.008960348553955555,0.0068913050927221775,0.006298606283962727,0.005114777013659477,0.0036673129070550203,0.0030676652677357197,0.002825454343110323,0.002621039981022477,0.002449504565447569,0.0022207710426300764,0.0026038424111902714,0.002801506547257304,0.0031438139267265797,0.004057551268488169,0.004588231444358826,0.005384120624512434,0.006299219559878111,0.008265071548521519,0.010087233036756516,0.01091760490089655,0.013385877013206482,0.017379947006702423,0.02133665792644024,0.029591171070933342,0.040805406868457794,0.05987093597650528,0.11760829389095306,5.104755878448486
11,0.0,0.008951856754720211,0.006971977651119232,0.0063731614500284195,0.005133984610438347,0.003560068318620324,0.002935773227363825,0.002685168059542775,0.0025779653806239367,0.0023568354081362486,0.002173907356336713,0.0025576192419975996,0.0027000061236321926,0.003159938147291541,0.0038505929987877607,0.004547370132058859,0.005477292463183403,0.006671720650047064,0.008213652297854424,0.010003890842199326,0.010766458697617054,0.014133656397461891,0.01855495199561119,0.022600596770644188,0.03109307959675789,0.04034729301929474,0.062045518308877945,0.11376138776540756,4.759602069854736
12,0.0,0.008582092821598053,0.006865974050015211,0.006103867199271917,0.004973845090717077,0.0035660150460898876,0.002947151893749833,0.0027755338232964277,0.0026404638774693012,0.00244190264493227,0.002193411346524954,0.0026780718471854925,0.002771311439573765,0.003221993101760745,0.0040513318963348866,0.0047586578875780106,0.00553607102483511,0.0065435804426670074,0.008236091583967209,0.009906735271215439,0.011075432412326336,0.01377060916274786,0.0176206286996603,0.021987000480294228,0.030457578599452972,0.0408913679420948,0.06211848929524422,0.11287956684827805,5.032650470733643
13,0.0,0.0092956917360425,0.0071335528045892715,0.0065554785542190075,0.005242862738668919,0.003680795431137085,0.0030002854764461517,0.00271824118681252,0.00256983726285398,0.002391782822087407,0.00219151983037591,0.0025713208597153425,0.0027184663340449333,0.0030862274579703808,0.003878268413245678,0.004638846963644028,0.005628232844173908,0.006352185737341642,0.008186547085642815,0.010118321515619755,0.011108999140560627,0.013408415019512177,0.01897037960588932,0.022197872400283813,0.03277277573943138,0.0430251844227314,0.06456466019153595,0.12958493828773499,5.693483829498291
14,0.0,0.0092527586966753,0.007281953934580088,0.006542766932398081,0.005235380493104458,0.003742392174899578,0.0030294894240796566,0.002860122360289097,0.0027377577498555183,0.002505195327103138,0.002301793312653899,0.0025744049344211817,0.0027322163805365562,0.003263292135670781,0.004072490148246288,0.004654731135815382,0.005413931794464588,0.0065019517205655575,0.008399248123168945,0.009901179000735283,0.010786774568259716,0.013993704691529274,0.0193556547164917,0.023184169083833694,0.03311728686094284,0.04301920905709267,0.0659681186079979,0.1289922297000885,5.466101169586182
15,0.0,0.009650474414229393,0.007599194534122944,0.00671232258901,0.005453824531286955,0.003837347263470292,0.003074117936193943,0.0029067504219710827,0.0026902600657194853,0.0025432549882680178,0.002293531782925129,0.002649698406457901,0.0028134752064943314,0.00326597411185503,0.004056334495544434,0.004696181509643793,0.005591153632849455,0.006615981459617615,0.008497374132275581,0.010318745858967304,0.011004322208464146,0.014139738865196705,0.01911693625152111,0.02318735420703888,0.03261466324329376,0.04273878037929535,0.065520741045475,0.11913655698299408,4.639866352081299
16,0.0,0.009169981814920902,0.007125235162675381,0.006440648343414068,0.005079510156065226,0.0035704176407307386,0.0030755186453461647,0.0027963288594037294,0.0026508194860070944,0.002454685280099511,0.0021937231067568064,0.0025322306901216507,0.0027591323014348745,0.003178377402946353,0.003994554281234741,0.004510244354605675,0.005333627108484507,0.006394466385245323,0.008011469617486,0.009698139503598213,0.01085114385932684,0.013599621132016182,0.018086344003677368,0.021904954686760902,0.032751332968473434,0.041993096470832825,0.0672096312046051,0.13321585953235626,7.348839282989502
17,0.0,0.007850470952689648,0.006205442361533642,0.005546616856008768,0.0044129714369773865,0.0031105135567486286,0.0026502779219299555,0.0024949442595243454,0.0023365889210253954,0.002166781574487686,0.002007000148296356,0.0023950329050421715,0.002628002781420946,0.0030316361226141453,0.003902626456692815,0.004506468772888184,0.005513100419193506,0.006685435771942139,0.007978890091180801,0.009828672744333744,0.011096506379544735,0.013677548617124557,0.018697435036301613,0.02159196138381958,0.03340388089418411,0.0434318482875824,0.0715603232383728,0.1594901829957962,7.384382247924805
18,0.0,0.009197884239256382,0.0069631305523216724,0.006318931933492422,0.005077952053397894,0.0035966970026493073,0.003097240347415209,0.0028109170962125063,0.002726511796936393,0.0025227812584489584,0.002316283993422985,0.0026734620332717896,0.0027617441955953836,0.0031856452114880085,0.004076596349477768,0.004711059387773275,0.005298048257827759,0.006115714553743601,0.007844693027436733,0.00995605532079935,0.010911602526903152,0.01331732701510191,0.017352409660816193,0.021717291325330734,0.0304841510951519,0.04257496818900108,0.06840705871582031,0.1525358408689499,7.669077396392822
19,0.0,0.008639407344162464,0.0065709673799574375,0.00596180185675621,0.004735245835036039,0.003374182153493166,0.002915080403909087,0.0026530663017183542,0.002585721667855978,0.002385592320933938,0.0021384607534855604,0.002523135393857956,0.002713485388085246,0.0031717992387712,0.004067192319780588,0.004725249949842691,0.005483856424689293,0.006405723746865988,0.008060134947299957,0.009629780426621437,0.01063695177435875,0.013504407368600368,0.017108799889683723,0.021591925993561745,0.02988368086516857,0.03997047618031502,0.06477726995944977,0.13760904967784882,7.20346736907959
20,0.0,0.008993127383291721,0.006871640682220459,0.006270932499319315,0.004974557552486658,0.0035135571379214525,0.002926244866102934,0.0027691232971847057,0.0026520818937569857,0.002476559253409505,0.002258045831695199,0.002655445598065853,0.0027610035613179207,0.0032843744847923517,0.004201903473585844,0.004793119616806507,0.005497424863278866,0.006418548058718443,0.00807821936905384,0.010153011418879032,0.010514828376471996,0.013608851470053196,0.01813315786421299,0.02228047326207161,0.03160536289215088,0.04106507450342178,0.06336922943592072,0.12039549648761749,5.585524559020996
21,0.0,0.010037578642368317,0.0076620010659098625,0.006977658718824387,0.005566742736846209,0.003943517338484526,0.0032868615817278624,0.002932537579908967,0.0027346157003194094,0.0026391230057924986,0.0023697959259152412,0.0026979614049196243,0.0028599968645721674,0.003312333719804883,0.004091357346624136,0.004867807496339083,0.006509725004434586,0.007540108170360327,0.009790920652449131,0.011274098418653011,0.012336746789515018,0.016601165756583214,0.023478372022509575,0.02900787815451622,0.03726944327354431,0.0501735582947731,0.07627475261688232,0.13244004547595978,4.431074142456055
22,0.0,0.009398279711604118,0.007269271183758974,0.006488646846264601,0.005270903464406729,0.003791862167418003,0.003171727992594242,0.002902434440329671,0.0028468293603509665,0.002570033771917224,0.002303248969838023,0.002645077183842659,0.0028210515156388283,0.0031673742923885584,0.004042892251163721,0.004632266238331795,0.005430452525615692,0.0063795605674386024,0.007716191466897726,0.009227081201970577,0.01102827675640583,0.013504330068826675,0.017881950363516808,0.021134423092007637,0.02982695773243904,0.039880234748125076,0.062395356595516205,0.14045365154743195,6.478831768035889
23,0.0,0.00969816092401743,0.007455830927938223,0.006673012860119343,0.005202607251703739,0.0037199838552623987,0.0031125314999371767,0.0029047413263469934,0.002829596633091569,0.0025908055249601603,0.002304559340700507,0.0025427662767469883,0.0027518770657479763,0.0031986453104764223,0.004143700003623962,0.0047417934983968735,0.005558716133236885,0.006515650078654289,0.008214431814849377,0.009890561923384666,0.010395040735602379,0.013610581867396832,0.018058916553854942,0.023349005728960037,0.03178173303604126,0.041838496923446655,0.06330432742834091,0.12484453618526459,5.115056037902832
24,0.0,0.0074621704407036304,0.005829202476888895,0.005373761523514986,0.0042806933633983135,0.003092055907472968,0.0025495863519608974,0.0023933080956339836,0.0022778636775910854,0.0020862699020653963,0.0019658273085951805,0.0023872910533100367,0.002563284244388342,0.00307833356782794,0.004034170415252447,0.004664596635848284,0.005519313272088766,0.006454371381551027,0.008208406157791615,0.010300792753696442,0.011371278204023838,0.014244873076677322,0.018772762268781662,0.021906664595007896,0.031891580671072006,0.04212724417448044,0.0669383853673935,0.14707928895950317,6.606825351715088
25,0.0,0.0069187539629638195,0.005474851932376623,0.005031619220972061,0.004020949825644493,0.0028642574325203896,0.0024355589412152767,0.002348086563870311,0.002314158948138356,0.0020795695018023252,0.00196694303303957,0.0025463758502155542,0.0026203300803899765,0.003096129512414336,0.004084323067218065,0.0046764700673520565,0.00535289291292429,0.006497446447610855,0.008161438629031181,0.01048237830400467,0.011325857602059841,0.013825601898133755,0.0188378244638443,0.022344514727592468,0.03385324031114578,0.04438129812479019,0.06709897518157959,0.1516411006450653,7.507405757904053
26,0.0,0.010508987121284008,0.008106083609163761,0.007334258407354355,0.005781355779618025,0.004072676878422499,0.003581345546990633,0.0033271366264671087,0.0030531873926520348,0.0027674511075019836,0.0024483606684952974,0.0029359997715801,0.003022093791514635,0.0034538391046226025,0.004291845485568047,0.004867699928581715,0.00586734339594841,0.006671545095741749,0.008313006721436977,0.010003036819398403,0.011406637728214264,0.014025360345840454,0.018549149855971336,0.023092258721590042,0.03252601623535156,0.044292788952589035,0.07843352854251862,0.16375431418418884,8.171504974365234
27,0.0,0.008756309747695923,0.006924376357346773,0.006258279085159302,0.005051815882325172,0.003609219565987587,0.0030146026983857155,0.0028081105556339025,0.002729110885411501,0.0025098270270973444,0.0022357546258717775,0.0026470704469829798,0.002744424156844616,0.0032065892592072487,0.004062087275087833,0.004687061533331871,0.005738574545830488,0.006447469815611839,0.008224007673561573,0.010042201727628708,0.011140814051032066,0.014549687504768372,0.018564602360129356,0.022258616983890533,0.032380394637584686,0.04175322875380516,0.0652068629860878,0.14276355504989624,6.826556205749512
28,0.0,0.010666129179298878,0.008191094733774662,0.007268729619681835,0.005747538059949875,0.004061474464833736,0.0033293606247752905,0.0031191506423056126,0.0028851826209574938,0.002654943149536848,0.0024057584814727306,0.0027777310460805893,0.0029351513367146254,0.003369762096554041,0.004201286472380161,0.004868803080171347,0.005804773420095444,0.006714436691254377,0.008543836884200573,0.009877171367406845,0.011218338273465633,0.014371544122695923,0.019370712339878082,0.02309649996459484,0.03158702701330185,0.04239419847726822,0.0650816559791565,0.11678864061832428,5.138735771179199
29,0.0,0.009340692311525345,0.007134013343602419,0.006454569287598133,0.005215011537075043,0.0037081323098391294,0.0030159440357238054,0.002750858897343278,0.002672238042578101,0.0024083128664642572,0.00222200620919466,0.0026317350566387177,0.002728960243985057,0.003219440346583724,0.0041220588609576225,0.004744133446365595,0.00553859630599618,0.006290857680141926,0.008281867951154709,0.009636257775127888,0.010773135349154472,0.013053011149168015,0.017184937372803688,0.021277250722050667,0.02977251634001732,0.03943426534533501,0.06111852824687958,0.13624714314937592,6.295323371887207
30,0.0,0.00959865190088749,0.007497465703636408,0.006799253635108471,0.00541576836258173,0.003897987073287368,0.00317395175807178,0.0029952966142445803,0.002765947487205267,0.00258288299664855,0.0022838974837213755,0.0026443898677825928,0.0027709011919796467,0.003232228569686413,0.00407335115596652,0.004575964063405991,0.0056076450273394585,0.006599896587431431,0.008400234393775463,0.009707184508442879,0.010560482740402222,0.013190964236855507,0.017728161066770554,0.020920082926750183,0.030047951266169548,0.041052669286727905,0.06284091621637344,0.12479964643716812,5.507627964019775
31,0.0,0.008525329641997814,0.006569604389369488,0.005845930427312851,0.004696119111031294,0.0033380070235580206,0.0027883490547537804,0.002528389682993293,0.0024136111605912447,0.0022519489284604788,0.0020793015137314796,0.0024841297417879105,0.002676719333976507,0.0031023966148495674,0.0038751065731048584,0.004444071091711521,0.005339804571121931,0.006233274471014738,0.008279681205749512,0.009921485558152199,0.011102360673248768,0.013973473571240902,0.01783568225800991,0.02126086875796318,0.031289950013160706,0.040888287127017975,0.06389385461807251,0.14084486663341522,6.113393783569336
32,0.0,0.009783622808754444,0.007589372806251049,0.006883975584059954,0.00546493474394083,0.003875339636579156,0.0031580880749970675,0.0028915570583194494,0.002693118993192911,0.0024763087276369333,0.002314862795174122,0.0026226097252219915,0.0027981121093034744,0.0031988942064344883,0.003966988530009985,0.004656248260289431,0.005719494074583054,0.006678209640085697,0.008322875946760178,0.01013854332268238,0.010739332996308804,0.01408547442406416,0.018428711220622063,0.022796455770730972,0.032470982521772385,0.04276628419756889,0.06600479781627655,0.1251886636018753,5.3412299156188965
33,0.0,0.01020298432558775,0.007992698810994625,0.007095783017575741,0.00565157737582922,0.004051187075674534,0.0032607712782919407,0.002975843846797943,0.0028765080496668816,0.002598700113594532,0.0023779713083058596,0.002743435325101018,0.002868407405912876,0.003250137437134981,0.0042035640217363834,0.004936819430440664,0.006228949408978224,0.007209448609501123,0.009630379267036915,0.010613622143864632,0.011502302251756191,0.014855999499559402,0.019667938351631165,0.024031780660152435,0.03250230476260185,0.0439995676279068,0.06641760468482971,0.126885324716568,4.717060089111328
34,0.0,0.010368391871452332,0.007888272404670715,0.007153339684009552,0.00569260073825717,0.003977468702942133,0.003276797942817211,0.00297594559378922,0.002810412086546421,0.0025917235761880875,0.0023554039653390646,0.002680004807189107,0.002831357065588236,0.0032542480621486902,0.004025060683488846,0.004790193401277065,0.005806304980069399,0.006742640398442745,0.008691218681633472,0.010470228269696236,0.011334080249071121,0.015359913930296898,0.021488243713974953,0.02582288719713688,0.0359409935772419,0.045542147010564804,0.07014431804418564,0.12437911331653595,5.306669235229492
35,0.0,0.010108262300491333,0.007842008955776691,0.0071119689382612705,0.0056185428984463215,0.003975885920226574,0.003221535589545965,0.0030422466807067394,0.002804327057674527,0.002572846133261919,0.002386178122833371,0.0026756988372653723,0.0028589877765625715,0.0033100114669650793,0.004036115948110819,0.004792587365955114,0.005686732474714518,0.006936302408576012,0.00849169585853815,0.009678377769887447,0.011059099808335304,0.013985134661197662,0.018765456974506378,0.02270263433456421,0.031758882105350494,0.041684143245220184,0.06576181948184967,0.13625437021255493,6.229294300079346
36,0.0,0.010982678271830082,0.00865878351032734,0.0076836515218019485,0.006123953033238649,0.004263735841959715,0.0035048620775341988,0.0033218027092516422,0.0030490467324852943,0.0027895704843103886,0.0025427646469324827,0.0028328089974820614,0.0030339276418089867,0.003518475219607353,0.004353098105639219,0.005156203638762236,0.006064291577786207,0.006916878279298544,0.008895349688827991,0.010491239838302135,0.011826708912849426,0.014149600639939308,0.019722703844308853,0.023999497294425964,0.03281468525528908,0.043465789407491684,0.06565658748149872,0.1198665127158165,5.203907489776611
37,0.0,0.00927197840064764,0.00720575638115406,0.006420784164220095,0.00514324801042676,0.0036337878555059433,0.003017962444573641,0.0028748302720487118,0.00265726400539279,0.0024595281574875116,0.0022610712330788374,0.0026347648818045855,0.002774433698505163,0.0032653785310685635,0.004063401371240616,0.004804583732038736,0.005667239427566528,0.006599011830985546,0.00846786331385374,0.010023456998169422,0.010965054854750633,0.013873878866434097,0.017933906987309456,0.022306956350803375,0.032010264694690704,0.04289312660694122,0.0658242255449295,0.1373284012079239,6.418392658233643
38,0.0,0.008995025418698788,0.006909842137247324,0.006215530913323164,0.004996711853891611,0.003493787720799446,0.0028217777144163847,0.002591222058981657,0.0025010830722749233,0.0023012871388345957,0.0021584010683000088,0.0026108212769031525,0.002782027702778578,0.003111079568043351,0.003950169309973717,0.004599256440997124,0.005343705415725708,0.006165407598018646,0.008040708489716053,0.009962404146790504,0.010665214620530605,0.013700533658266068,0.018076395615935326,0.02177923172712326,0.0311556626111269,0.04259500280022621,0.06434977799654007,0.14793889224529266,6.677530765533447
39,0.0,0.008312451653182507,0.006412907969206572,0.0057583400048315525,0.004633017349988222,0.0033210718538612127,0.002697418909519911,0.002534430706873536,0.0024818568490445614,0.0022468778770416975,0.002088185865432024,0.002500587608665228,0.0026539580430835485,0.003090418642386794,0.003980360925197601,0.004779796581715345,0.005606666672974825,0.0066985334269702435,0.0085892453789711,0.010336607694625854,0.010964597575366497,0.0140010304749012,0.018419822677969933,0.02254275418817997,0.03421780467033386,0.043086517602205276,0.06372440606355667,0.1379278302192688,6.2204742431640625
40,0.0,0.00970790721476078,0.007672883104532957,0.007002556696534157,0.005551863461732864,0.003981389105319977,0.0031701219268143177,0.0028598911594599485,0.002705089282244444,0.002530617406591773,0.0023000517394393682,0.0026157700922340155,0.0027523329481482506,0.003211467294022441,0.00415995717048645,0.004718337673693895,0.006000402383506298,0.006678891368210316,0.008477798663079739,0.010193542577326298,0.011204264126718044,0.014096255414187908,0.01922154426574707,0.023433944210410118,0.03234296664595604,0.04382995888590813,0.0651135966181755,0.1235087439417839,5.228233814239502
41,0.0,0.007915131747722626,0.006316388491541147,0.005701227113604546,0.004536288324743509,0.003263329854235053,0.0027087286580353975,0.0025972193107008934,0.0024473320227116346,0.002226367127150297,0.002055210992693901,0.0024293633177876472,0.002585875103250146,0.0030467782635241747,0.0038886419497430325,0.0046382322907447815,0.005335332825779915,0.006317215971648693,0.008187925443053246,0.009368089959025383,0.010956771671772003,0.013034893199801445,0.017851661890745163,0.021266473457217216,0.029978113248944283,0.04010448604822159,0.06081659719347954,0.13190273940563202,5.770254611968994
42,0.0,0.009464205242693424,0.007332164328545332,0.006757393479347229,0.005436991807073355,0.003905319143086672,0.003229294903576374,0.0028478980530053377,0.0028221486136317253,0.002624679123982787,0.0023606219328939915,0.002635744633153081,0.002787090837955475,0.003223613603040576,0.0040756636299192905,0.004697040654718876,0.0056955101899802685,0.006607328541576862,0.008318672887980938,0.010002861730754375,0.011360171250998974,0.014474604278802872,0.019089538604021072,0.02338193543255329,0.032681144773960114,0.042137566953897476,0.06676292419433594,0.1293645054101944,5.997828483581543
43,0.0,0.010117880068719387,0.0078122541308403015,0.007140198722481728,0.005527053494006395,0.003960330504924059,0.003214301774278283,0.002951614325866103,0.0028283006977289915,0.002621722873300314,0.0023856835905462503,0.0026995516382157803,0.0028446398209780455,0.0032559640239924192,0.004155774135142565,0.0047729285433888435,0.005741229746490717,0.0068705095909535885,0.008186518214643002,0.010174157097935677,0.01111387275159359,0.013651122339069843,0.018510818481445312,0.022680988535284996,0.0310759749263525,0.04270312935113907,0.06377380341291428,0.1204652488231659,4.985644340515137
44,0.0,0.009655378758907318,0.007387326564639807,0.006628896575421095,0.00533785717561841,0.003789386944845319,0.003088668454438448,0.0028316269163042307,0.0027032208163291216,0.002479959512129426,0.0022533265873789787,0.0026076394133269787,0.0028069084510207176,0.003239220241084695,0.004147627856582403,0.004744827281683683,0.005782564170658588,0.0067135849967598915,0.008332846686244011,0.009984743781387806,0.011022008955478668,0.01381535641849041,0.0185370072722435,0.022645747289061546,0.03196302801370621,0.041456110775470734,0.06293416023254395,0.12092275172472,5.009346008300781
45,0.0,0.009302327409386635,0.007171229925006628,0.006473219953477383,0.005207211710512638,0.0037055700086057186,0.003011514665558934,0.002784882439300418,0.0026564861182123423,0.0024969002697616816,0.002213430590927601,0.0026115141808986664,0.0027584603521972895,0.0032017044723033905,0.004194566514343023,0.004595188423991203,0.005364203825592995,0.0062789046205580235,0.007777589373290539,0.009750625118613243,0.010614363476634026,0.01404751930385828,0.01819980889558792,0.022712593898177147,0.03228882700204849,0.041765496134757996,0.06722564995288849,0.1398547887802124,6.892899036407471
46,0.0,0.00939904060214758,0.007117631379514933,0.006486915983259678,0.005108669865876436,0.0036670865956693888,0.003070386126637459,0.002899216953665018,0.0026807875838130713,0.00248934468254447,0.0022710987832397223,0.0025951287243515253,0.0027314431499689817,0.0031926759984344244,0.0039694407023489475,0.004702103789895773,0.0056104776449501514,0.0066283587366342545,0.008064033463597298,0.009859316051006317,0.01063945796340704,0.01333529595285654,0.01744273491203785,0.021939784288406372,0.031130030751228333,0.040532488375902176,0.06175985187292099,0.12947995960712433,5.743715286254883
47,0.0,0.007822331972420216,0.006215671077370644,0.005674028769135475,0.004537879955023527,0.003249475732445717,0.002712470479309559,0.0025473767891526222,0.002486064564436674,0.002295242389664054,0.0020637952256947756,0.002466965699568391,0.0026190183125436306,0.0031588654965162277,0.003866482526063919,0.004500348586589098,0.00549863139167428,0.006496029905974865,0.008103717118501663,0.010123608633875847,0.010919968597590923,0.013735349290072918,0.01812109537422657,0.022226201370358467,0.031791556626558304,0.04228540137410164,0.06474597752094269,0.13177190721035004,6.507716655731201
48,0.0,0.007931012660264969,0.006263358984142542,0.005736218299716711,0.004555845633149147,0.0032139273826032877,0.002675830852240324,0.0025340658612549305,0.002380987862125039,0.0022429823875427246,0.002078393939882517,0.0024824514985084534,0.002650004578754306,0.003142350586131215,0.00397031893953681,0.004490317776799202,0.005465335678309202,0.006265079602599144,0.008208751678466797,0.009730078279972076,0.010921142995357513,0.01323931384831667,0.017495613545179367,0.02157488279044628,0.031067632138729095,0.04127988591790199,0.06334564834833145,0.13181515038013458,6.798009872436523
49,0.0,0.009795485064387321,0.0075253271497786045,0.006891017314046621,0.0054800487123429775,0.003906770143657923,0.003196942387148738,0.0029486562125384808,0.0027836652006953955,0.002605951391160488,0.0023544973228126764,0.0026651141233742237,0.0027866351883858442,0.003335195127874613,0.004209316335618496,0.004702888894826174,0.0057862503454089165,0.006586510222405195,0.00852851290255785,0.009822404943406582,0.011055460199713707,0.013668978586792946,0.01763433963060379,0.021685322746634483,0.031538862735033035,0.040545377880334854,0.06377412378787994,0.12294496595859528,5.144383430480957
50,0.0,0.007284261751919985,0.005639930721372366,0.0050623491406440735,0.004093249794095755,0.002930723363533616,0.0024239246267825365,0.0023079749662429094,0.002227375516667962,0.0020262589678168297,0.001932237995788455,0.0023565373849123716,0.0025624800473451614,0.0030529170762747526,0.004049915354698896,0.0044776336289942265,0.0052399178966879845,0.006611484102904797,0.008398658595979214,0.009983902797102928,0.011639270931482315,0.013756567612290382,0.018096983432769775,0.021535778418183327,0.031533628702163696,0.03997603803873062,0.06258588284254074,0.13847751915454865,6.130200386047363
51,0.0,0.00971657782793045,0.0073904357850551605,0.006668911315500736,0.00533183291554451,0.003805963322520256,0.0031109291594475508,0.002964472398161888,0.0027778497897088528,0.0025077974423766136,0.0023221296723932028,0.0026455207262188196,0.0027956732083112,0.0032593244686722755,0.0040924521163105965,0.00472068740054965,0.005714270751923323,0.00650702603161335,0.008193319663405418,0.009727595373988152,0.010585627518594265,0.01351918838918209,0.018064461648464203,0.022255731746554375,0.030997304245829582,0.042729105800390244,0.06402681022882462,0.12763310968875885,5.343496322631836
52,0.0,0.009004699997603893,0.006963561289012432,0.006455013528466225,0.005119990091770887,0.0035583097487688065,0.002934506395831704,0.0027093144599348307,0.002516514854505658,0.0022762687876820564,0.002142952522262931,0.0025279237888753414,0.0026848046109080315,0.0031019658781588078,0.003921262454241514,0.004506628029048443,0.005581875331699848,0.006380719598382711,0.008196373470127583,0.009953032247722149,0.011225736699998379,0.013390280306339264,0.01841970533132553,0.022461168467998505,0.031090669333934784,0.040417809039354324,0.06281134486198425,0.13382284343242645,6.302143096923828
53,0.0,0.007578560616821051,0.00580044137313962,0.005336489994078875,0.0042907497845590115,0.0030745340045541525,0.0025761257857084274,0.0024178139865398407,0.002285092370584607,0.002101395046338439,0.001996706472709775,0.002447252394631505,0.002575294114649296,0.0030471940990537405,0.003954374697059393,0.00440041720867157,0.005415594205260277,0.006562794558703899,0.008146421983838081,0.01021286565810442,0.011100376956164837,0.014763406477868557,0.018999040126800537,0.022272123023867607,0.03285595029592514,0.04298851639032364,0.06722139567136765,0.1501920223236084,7.704139709472656
54,0.0,0.011354885064065456,0.008717523887753487,0.008113297633826733,0.006389163434505463,0.004569890908896923,0.0037500399630516768,0.0034475040156394243,0.0037140375934541225,0.003394902450963855,0.002787345554679632,0.003054575761780143,0.003111544530838728,0.0035802284255623817,0.004413221497088671,0.005258823279291391,0.006147570908069611,0.006898744031786919,0.008777241222560406,0.010927623137831688,0.012200495228171349,0.015336899086833,0.021414265036582947,0.02719675377011299,0.03561031445860863,0.05094504728913307,0.08070225268602371,0.1514534056186676,6.5598907470703125
55,0.0,0.010349120944738388,0.007912342436611652,0.007133517414331436,0.005630346480756998,0.004043735563755035,0.003281355369836092,0.0030183985363692045,0.0028510165866464376,0.002684993203729391,0.002458290895447135,0.002753256820142269,0.002888643881306052,0.0032794582657516003,0.004081595689058304,0.004735713358968496,0.005823001265525818,0.00672668544575572,0.008921375498175621,0.009908130392432213,0.011297116056084633,0.013867632485926151,0.017840692773461342,0.02264053001999855,0.03152154013514519,0.04276220127940178,0.06650091707706451,0.12062974274158478,5.319026470184326
56,0.0,0.008978632278740406,0.007018081843852997,0.0064589218236505985,0.005157884210348129,0.003696597181260586,0.003067163983359933,0.0029156566597521305,0.00277775339782238,0.002518127206712961,0.002354517113417387,0.0026431467849761248,0.0028953934088349342,0.0032992789056152105,0.0041906642727553844,0.004794311709702015,0.005708617623895407,0.006802900228649378,0.008440698496997356,0.01014337595552206,0.011532139033079147,0.013797644525766373,0.018543679267168045,0.022222615778446198,0.03223626688122749,0.042211536318063736,0.062352947890758514,0.12387830018997192,5.205219745635986
57,0.0,0.008555193431675434,0.006596106104552746,0.006035626865923405,0.004794857930392027,0.0034401104785501957,0.002848699688911438,0.0026964612770825624,0.0025648605078458786,0.0023453733883798122,0.0021789020393043756,0.0025117213372141123,0.002725840313360095,0.0031831481028348207,0.004038136452436447,0.004702417645603418,0.005574919283390045,0.006621823646128178,0.008178861811757088,0.00992562621831894,0.011231332086026669,0.014166359789669514,0.017753252759575844,0.022118445485830307,0.03145357221364975,0.04132049158215523,0.06127416342496872,0.12005903571844101,5.678617477416992
58,0.0,0.008281498216092587,0.0064341225661337376,0.005900501739233732,0.004646089393645525,0.00327109033241868,0.002716145245358348,0.00261814147233963,0.0024823632556945086,0.002306124661117792,0.002095366595312953,0.002529316581785679,0.00263808062300086,0.003151995362713933,0.0040373909287154675,0.004616818390786648,0.005430967081338167,0.006461452692747116,0.00806447397917509,0.009966648183763027,0.01107569970190525,0.013352313078939915,0.01755482889711857,0.022632881999015808,0.03120744414627552,0.04138297587633133,0.061250247061252594,0.14073343575000763,6.519618511199951
59,0.0,0.010270384140312672,0.0077974190935492516,0.007091651204973459,0.005575629882514477,0.004110021982342005,0.0033219000324606895,0.0029748689848929644,0.0028682968113571405,0.002663131570443511,0.002398719312623143,0.0026669278740882874,0.002869259798899293,0.0033681823406368494,0.004014082718640566,0.004764568526297808,0.0060307723470032215,0.0068693337962031364,0.008727295324206352,0.010496051982045174,0.011913090012967587,0.01515760738402605,0.020823752507567406,0.026314934715628624,0.035667624324560165,0.047099027782678604,0.07270802557468414,0.13624513149261475,5.343902587890625
60,0.0,0.009828701615333557,0.007499334868043661,0.006959675345569849,0.005608329549431801,0.004022960085421801,0.0033477169927209616,0.0030402857810258865,0.0029078987427055836,0.002630285918712616,0.0023568368051201105,0.002740120515227318,0.0028945922385901213,0.0032844331581145525,0.00407713558524847,0.0046613398008048534,0.005388259422034025,0.0062817977741360664,0.00772003224119544,0.00936541985720396,0.010728147812187672,0.013389499858021736,0.017575351521372795,0.020792700350284576,0.030619019642472267,0.04167989641427994,0.06380186229944229,0.1677493304014206,7.471954345703125
61,0.0,0.010610132478177547,0.007956165820360184,0.007227172609418631,0.005820566322654486,0.004150300286710262,0.003425829578191042,0.003011491149663925,0.002902183448895812,0.0027160518802702427,0.002513112733140588,0.0028401257004588842,0.003029132727533579,0.0034763391595333815,0.004193162079900503,0.004975344520062208,0.005676363129168749,0.0066831656731665134,0.008309921249747276,0.0104661351069808,0.010978550650179386,0.014486361294984818,0.018490441143512726,0.0227484330534935,0.03191637992858887,0.041335154324769974,0.06698153913021088,0.12697263062000275,5.638524532318115
62,0.0,0.008665728382766247,0.006764994002878666,0.006114003248512745,0.004847052972763777,0.003466433845460415,0.002818301785737276,0.002594166435301304,0.002479391638189554,0.0023273807018995285,0.0021230648271739483,0.0025125250685960054,0.0026746471412479877,0.0030808199662715197,0.003933964297175407,0.004477049224078655,0.005479315761476755,0.006443833466619253,0.008301161229610443,0.009970412589609623,0.011347430758178234,0.014042914845049381,0.018207447603344917,0.0226663276553154,0.03187261149287224,0.041635069996118546,0.06745894253253937,0.16955411434173584,8.114243507385254
63,0.0,0.011689684353768826,0.00908232107758522,0.008299414068460464,0.006752978544682264,0.004917768761515617,0.003985204268246889,0.0035724423360079527,0.0033114133402705193,0.0029934155754745007,0.0027472712099552155,0.003067558165639639,0.0031919495668262243,0.0035914313048124313,0.00456143356859684,0.005188786890357733,0.0062898085452616215,0.007512208539992571,0.009153959341347218,0.010704685002565384,0.011835228651762009,0.015471555292606354,0.02135583944618702,0.02500196546316147,0.03433113172650337,0.04529861733317375,0.07436131685972214,0.18871182203292847,10.556938171386719
64,0.0,0.010036849416792393,0.007729666773229837,0.007001875434070826,0.005592983681708574,0.004003241192549467,0.003221877384930849,0.0029776045121252537,0.002914524869993329,0.002664566272869706,0.0023798441980034113,0.002739701885730028,0.00286938832141459,0.0033690163400024176,0.004051565192639828,0.004739340394735336,0.005686750169843435,0.006592890713363886,0.008277569897472858,0.010084160603582859,0.011027484200894833,0.014081008732318878,0.018792657181620598,0.023972008377313614,0.03353346139192581,0.047093745321035385,0.07561401277780533,0.1367844194173813,4.992162704467773
65,0.0,0.008346854709088802,0.006563222035765648,0.005961940158158541,0.004836054053157568,0.0034558139741420746,0.0028935587033629417,0.002631323877722025,0.002527126343920827,0.0023877497296780348,0.0021845607552677393,0.0026360591873526573,0.002766279736533761,0.0031901211477816105,0.004057650920003653,0.004716895520687103,0.005518162623047829,0.006437014788389206,0.00826956331729889,0.01038571260869503,0.010715242475271225,0.013627734035253525,0.018369166180491447,0.02163083292543888,0.03228001669049263,0.04274563118815422,0.06469178199768066,0.14593060314655304,6.439238548278809
66,0.0,0.008629673160612583,0.006701810285449028,0.006154582370072603,0.004934636410325766,0.0034749037586152554,0.0029572683852165937,0.0027476667892187834,0.0025975785683840513,0.0023970550391823053,0.0022005182690918446,0.002493531908839941,0.002707816194742918,0.003150614909827709,0.004030018113553524,0.004746728111058474,0.005607196595519781,0.006467733066529036,0.008073638193309307,0.010041971690952778,0.010899769142270088,0.01375444047152996,0.018107250332832336,0.022053444758057594,0.0310601145029068,0.04208962246775627,0.06434332579374313,0.1361323595046997,6.106426239013672
67,0.0,0.007332836277782917,0.0056731319054961205,0.005085950251668692,0.004101246129721403,0.0029104314744472504,0.0024244848173111677,0.0023209997452795506,0.0022382016759365797,0.002043474232777953,0.0019502717768773437,0.002442204626277089,0.002592402743175626,0.0030643742065876722,0.0038084599655121565,0.004517301917076111,0.005412465892732143,0.006562667433172464,0.00852827075868845,0.010269172489643097,0.011488699354231358,0.014096732251346111,0.01821601577103138,0.021928658708930016,0.03203286975622177,0.04154403507709503,0.0659850612282753,0.15547272562980652,7.627236366271973
68,0.0,0.009819885715842247,0.007443483918905258,0.0067297774367034435,0.00541788199916482,0.0038333237171173096,0.0031427242793142796,0.002846921095624566,0.0027369502931833267,0.0025523407384753227,0.002387686399742961,0.002676872769370675,0.002802656264975667,0.003220307407900691,0.004077246878296137,0.004767244681715965,0.005757037550210953,0.00664868438616395,0.008495147339999676,0.009974273853003979,0.011664338409900665,0.01496795006096363,0.019707955420017242,0.024762695655226707,0.03362060710787773,0.04558735713362694,0.0652414858341217,0.14818505942821503,7.629697799682617
69,0.0,0.010138769634068012,0.00787471141666174,0.007091186475008726,0.00569009967148304,0.004106217995285988,0.0033032160717993975,0.003025650279596448,0.002966378815472126,0.002689982997253537,0.0024591912515461445,0.0028142272494733334,0.0028692216146737337,0.003280513919889927,0.00423201872035861,0.004764613229781389,0.005641351919621229,0.006441131699830294,0.008467352017760277,0.009824213571846485,0.010866816155612469,0.013051590882241726,0.01781087927520275,0.022226596251130104,0.03097062185406685,0.0410725362598896,0.06541962921619415,0.12278235703706741,5.753969192504883
70,0.0,0.00890179444104433,0.006894857622683048,0.0062113478779792786,0.004937256686389446,0.003559037344530225,0.0029720808379352093,0.0027558442670851946,0.0026703483890742064,0.0023983679711818695,0.0022484471555799246,0.00261518731713295,0.002780905459076166,0.003218028461560607,0.004070714116096497,0.004620680119842291,0.0052729113958776,0.006661850493401289,0.008205654099583626,0.009704113006591797,0.010847564786672592,0.013725035823881626,0.017758352681994438,0.022098137065768242,0.03164144977927208,0.04154577851295471,0.06525081396102905,0.12421143054962158,5.774536609649658
71,0.0,0.009295799769461155,0.007148039061576128,0.0065319049172103405,0.0051973420195281506,0.0037710596807301044,0.003062294330447912,0.002816645661368966,0.002693244256079197,0.0024782135151326656,0.002252381993457675,0.0026157053653150797,0.002851334633305669,0.003265153616666794,0.00400151452049613,0.004724619910120964,0.005872833076864481,0.0069527761079370975,0.00934657920151949,0.011509716510772705,0.012051189318299294,0.015563257969915867,0.02008676715195179,0.02534295991063118,0.03417155146598816,0.04702703282237053,0.07066728174686432,0.12220818549394608,5.209665298461914
72,0.0,0.007726107258349657,0.00586728984490037,0.005350262857973576,0.004296797327697277,0.003041683929041028,0.002530305180698633,0.0023872407618910074,0.0023185082245618105,0.0021600283216685057,0.002053327625617385,0.0025989862624555826,0.002706194296479225,0.0030741230584681034,0.003928051795810461,0.004457034170627594,0.005348685663193464,0.0062838271260261536,0.00762454979121685,0.009681422263383865,0.01021895743906498,0.013219982385635376,0.017332591116428375,0.02112189494073391,0.0317770279943943,0.04376884177327156,0.06926301121711731,0.14717961847782135,7.322641849517822
73,0.0,0.007710134144872427,0.006064427550882101,0.005436106584966183,0.004401284269988537,0.003217787714675069,0.0026488443836569786,0.00243798503652215,0.0023595986422151327,0.002154884859919548,0.0020338031463325024,0.0024222214706242085,0.0026159039698541164,0.002995916875079274,0.0038907513953745365,0.004621982108801603,0.005251694470643997,0.006367961876094341,0.00831655878573656,0.009985647164285183,0.011470968835055828,0.01398790255188942,0.01854276843369007,0.02216818369925022,0.03280172869563103,0.0415986143052578,0.0641113817691803,0.14023752510547638,6.308948040008545
74,0.0,0.00919965747743845,0.0070630027912557125,0.0063776373863220215,0.00512926047667861,0.003604150377213955,0.0029648810159415007,0.0026659092400223017,0.0025783455930650234,0.0023700520396232605,0.0022495209705084562,0.002587159164249897,0.002756562316790223,0.003239576704800129,0.0039716013707220554,0.004737331066280603,0.005611023399978876,0.006613853387534618,0.008695855736732483,0.010189518332481384,0.011120912618935108,0.014352784492075443,0.01931600458920002,0.023076944053173065,0.030706139281392097,0.04074200242757797,0.06389214098453522,0.1140177994966507,4.402987480163574
75,0.0,0.00940245483070612,0.007235758006572723,0.0066705550998449326,0.005278623662889004,0.0037111102137714624,0.003074903506785631,0.0028149490244686604,0.0026678864378482103,0.002429497428238392,0.0022686084266752005,0.0025558604393154383,0.0027546945493668318,0.0031772367656230927,0.004009240306913853,0.0046656010672450066,0.005589551758021116,0.00643443688750267,0.008216461166739464,0.01003307942301035,0.010632894933223724,0.014069274999201298,0.018919864669442177,0.023243872448801994,0.032417815178632736,0.0441228523850441,0.06707857549190521,0.1286008656024933,5.8735833168029785
76,0.0,0.012506956234574318,0.009589130990207195,0.008695723488926888,0.0069614131934940815,0.0049966746009886265,0.004052907694131136,0.0035233546514064074,0.0034732429776340723,0.0031149431597441435,0.0028117336332798004,0.0031083524227142334,0.0033038861583918333,0.0037501270417124033,0.005341504234820604,0.006243078503757715,0.007195199374109507,0.007683077827095985,0.009794645942747593,0.012904854491353035,0.013255051337182522,0.016500188037753105,0.021714704111218452,0.027207370847463608,0.03944942355155945,0.05726507678627968,0.10498510301113129,0.2801518738269806,13.582178115844727
77,0.0,0.010202128440141678,0.00793215911835432,0.0072024669498205185,0.005677738226950169,0.00405830517411232,0.0033123947214335203,0.0030048461630940437,0.002863073255866766,0.0026680773589760065,0.002409563632681966,0.002751206513494253,0.0029061282984912395,0.0033146676141768694,0.004205705597996712,0.00478365458548069,0.005684062372893095,0.006868570111691952,0.008660356514155865,0.010142828337848186,0.011051390320062637,0.01393093541264534,0.01844426803290844,0.02320772223174572,0.030755124986171722,0.04219100624322891,0.0645308867096901,0.12173517793416977,5.367112159729004
78,0.0,0.01343826949596405,0.010351876728236675,0.009297629818320274,0.007425248622894287,0.005205241963267326,0.004323981236666441,0.0038345062639564276,0.003470536321401596,0.0032605950254946947,0.0028356206603348255,0.0031467063818126917,0.0033751155715435743,0.0038777701556682587,0.004846357274800539,0.0054917242377996445,0.00684039993211627,0.008215532638132572,0.00985286571085453,0.011497614905238152,0.012105396017432213,0.016410034149885178,0.023963551968336105,0.02937125228345394,0.0391462966799736,0.053664080798625946,0.08903737366199493,0.17599163949489594,5.9109787940979
79,0.0,0.008641747757792473,0.006612135097384453,0.006091995630413294,0.004785661119967699,0.0033985725603997707,0.0028444204945117235,0.0026848476845771074,0.00251517235301435,0.0023831406142562628,0.0021691368892788887,0.0025654162745922804,0.0028075382579118013,0.0031983526423573494,0.004027325659990311,0.0046707214787602425,0.005555447656661272,0.006554866209626198,0.008332001976668835,0.009904002770781517,0.010868060402572155,0.013735401444137096,0.018391281366348267,0.022535227239131927,0.030735528096556664,0.04140651598572731,0.06436404585838318,0.12759865820407867,5.6277055740356445
80,0.0,0.012966811656951904,0.009917227551341057,0.008949439972639084,0.007031409069895744,0.005514352582395077,0.004522678442299366,0.004008823540061712,0.003887375583872199,0.0034046892542392015,0.002926558256149292,0.003251290414482355,0.0033662552013993263,0.0037914374843239784,0.0048890854232013226,0.0055351536720991135,0.006366819608956575,0.007321456912904978,0.008664680644869804,0.010466678999364376,0.011347945779561996,0.01467058528214693,0.020412316545844078,0.024711117148399353,0.03314803168177605,0.04750286415219307,0.07392755895853043,0.1350930631160736,6.089856147766113
81,0.0,0.008969646878540516,0.006945014465600252,0.0062705352902412415,0.005066987127065659,0.003589702770113945,0.0029922635294497013,0.0027518216520547867,0.002592042088508606,0.002457984257489443,0.002214368898421526,0.0026043232064694166,0.002763675060123205,0.0032196796964854,0.003939972724765539,0.004606177564710379,0.005311258602887392,0.006341400556266308,0.008304556831717491,0.00976568553596735,0.010865380056202412,0.014240006916224957,0.018835030496120453,0.023094426840543747,0.031115025281906128,0.04159225523471832,0.0646761953830719,0.12736546993255615,5.700806140899658
82,0.0,0.008284983225166798,0.006372673436999321,0.005746935028582811,0.004539246670901775,0.0032835218589752913,0.0027350226882845163,0.0024882021825760603,0.00238669547252357,0.0021924988832324743,0.0020268955267965794,0.002422093413770199,0.002550834324210882,0.0030186555813997984,0.0038575809448957443,0.004516540095210075,0.005215274170041084,0.006314508616924286,0.007855473086237907,0.009783890098333359,0.010114435106515884,0.013012567535042763,0.017500359565019608,0.020575815811753273,0.02973349206149578,0.03974059224128723,0.06106216832995415,0.1383787840604782,6.53915548324585
83,0.0,0.008246761746704578,0.006329596973955631,0.00574920792132616,0.004578727763146162,0.0032676802948117256,0.00272782682441175,0.002544447546824813,0.0024924338795244694,0.0023239993024617434,0.002096316544339061,0.0024701787624508142,0.0026066130958497524,0.003120457287877798,0.00388654344715178,0.004521491937339306,0.005444264505058527,0.0062761930748820305,0.008145355619490147,0.00988574605435133,0.010693267919123173,0.013346285559237003,0.017871055752038956,0.021564336493611336,0.03024919703602791,0.040880437940359116,0.061863601207733154,0.15524210035800934,7.502815246582031
84,0.0,0.008900505490601063,0.006780907977372408,0.00609844084829092,0.004827543627470732,0.003404302289709449,0.0028516813181340694,0.002614678116515279,0.0024603144265711308,0.0023025451228022575,0.0021334090270102024,0.0025517866015434265,0.0026869175489991903,0.0031204367987811565,0.003962891176342964,0.0045238216407597065,0.005379706621170044,0.006470489781349897,0.00807986781001091,0.009389816783368587,0.0104287751019001,0.013176033273339272,0.017612958326935768,0.022258250042796135,0.03188297525048256,0.040288545191287994,0.0642535537481308,0.1301725208759308,5.553952217102051
85,0.0,0.009386700578033924,0.007265408057719469,0.006593778263777494,0.005188456736505032,0.0037048375234007835,0.003152570454403758,0.0029377052560448647,0.0027429601177573204,0.0025131236761808395,0.0023285066708922386,0.0026594502851366997,0.002874721074476838,0.0033008898608386517,0.0042527904734015465,0.004997466690838337,0.005783031228929758,0.0066073304042220116,0.007985216565430164,0.009781585074961185,0.010701899416744709,0.013346808962523937,0.018092500045895576,0.022116441279649734,0.03143231198191643,0.041056208312511444,0.06347708404064178,0.13025957345962524,5.28470516204834
86,0.0,0.008403417654335499,0.006367394234985113,0.0058155544102191925,0.004635087680071592,0.0032431045547127724,0.002760725561529398,0.002639652928337455,0.0026599043048918247,0.0023711936082690954,0.0021876490209251642,0.0025638591032475233,0.0027376937214285135,0.0031582359224557877,0.00404763501137495,0.00473881047219038,0.005349057260900736,0.006661347579210997,0.0076635233126580715,0.009658651426434517,0.010456136427819729,0.013553855009377003,0.01716461591422558,0.022253382951021194,0.032587625086307526,0.043282534927129745,0.07047383487224579,0.1598251312971115,8.268179893493652
87,0.0,0.012551371939480305,0.009358800947666168,0.008508509024977684,0.006965534761548042,0.004826926626265049,0.004016572143882513,0.003616608213633299,0.0033084603492170572,0.0030708129052072763,0.002666449174284935,0.0029942234978079796,0.003167511196807027,0.0037428061477839947,0.004665067885071039,0.005375035107135773,0.006983194034546614,0.008364371955394745,0.010339224711060524,0.011765485629439354,0.01285993680357933,0.017046434804797173,0.02343687042593956,0.02785932645201683,0.03915512561798096,0.049366891384124756,0.07966861873865128,0.15325869619846344,5.4169230461120605
88,0.0,0.008881442248821259,0.006897096987813711,0.006301481276750565,0.005012813024222851,0.0035592238418757915,0.0029859328642487526,0.002825960284098983,0.0027227618265897036,0.002523446688428521,0.0022926293313503265,0.00255351304076612,0.0027960326988250017,0.0032779222819954157,0.003950587473809719,0.00464820209890604,0.0056836893782019615,0.006926337722688913,0.008766517043113708,0.010116487741470337,0.010918867774307728,0.013863337226212025,0.018383866176009178,0.02361704409122467,0.030976930633187294,0.0418831892311573,0.06331467628479004,0.12240501493215561,5.001636028289795
89,0.0,0.007363671902567148,0.005808611866086721,0.005249165464192629,0.004257361404597759,0.003088027937337756,0.002499247668311,0.0024415140505880117,0.0022796031553298235,0.0020816370379179716,0.0019698927644640207,0.0024690718855708838,0.002688077511265874,0.0030733528546988964,0.004004080779850483,0.00460355868563056,0.005432159174233675,0.006239838898181915,0.008128469809889793,0.010481433011591434,0.012150060385465622,0.01492366660386324,0.01936449483036995,0.023192254826426506,0.03574157878756523,0.04529789835214615,0.07044018059968948,0.1644265502691269,7.848048210144043
90,0.0,0.00953255221247673,0.0074464441277086735,0.006898487918078899,0.005447483621537685,0.003866748418658972,0.0031188742723315954,0.002911290852352977,0.0027521701995283365,0.0025137905031442642,0.0023550863843411207,0.0026426503900438547,0.002812431426718831,0.0032319112215191126,0.004173991270363331,0.004663003608584404,0.005876776296645403,0.006770502310246229,0.008721833117306232,0.010462954640388489,0.011578655801713467,0.01426120288670063,0.019311433658003807,0.02299836464226246,0.0320390947163105,0.04331640154123306,0.06588499993085861,0.12300751358270645,5.067481994628906
91,0.0,0.008637682534754276,0.006792666856199503,0.00611700676381588,0.004938625730574131,0.0034679409582167864,0.0028260836843401194,0.002662819344550371,0.002520772162824869,0.0023435086477547884,0.00216961489059031,0.0025157351046800613,0.0027107668574899435,0.0031682783737778664,0.0039670332334935665,0.0044768257066607475,0.005544715560972691,0.006586994510143995,0.008279150351881981,0.00987886544317007,0.01083444431424141,0.014073919504880905,0.018355190753936768,0.02242368832230568,0.03082381933927536,0.041689518839120865,0.06326042115688324,0.12436461448669434,5.1432905197143555
92,0.0,0.008589012548327446,0.0067098019644618034,0.0060147736221551895,0.0047731054946780205,0.003348798491060734,0.002782347146421671,0.0026836853940039873,0.002631271257996559,0.0023819548077881336,0.002183654811233282,0.002508707344532013,0.002720282645896077,0.0031405314803123474,0.004199230577796698,0.004641348030418158,0.005650483537465334,0.006450967397540808,0.008331455290317535,0.010325751267373562,0.011023977771401405,0.013889175839722157,0.01820264384150505,0.022711053490638733,0.032915469259023666,0.04358266666531563,0.07167503982782364,0.14216601848602295,7.7926740646362305
93,0.0,0.00941338762640953,0.007236900273710489,0.006757189519703388,0.005320261232554913,0.0038327625952661037,0.0030357767827808857,0.0027978764846920967,0.002683327067643404,0.0024540626909583807,0.0022854700218886137,0.002608219161629677,0.002735272515565157,0.00318806990981102,0.004102449864149094,0.004798268433660269,0.005670404061675072,0.006552769802510738,0.00810258835554123,0.010291632264852524,0.010895718820393085,0.013578059151768684,0.018668463453650475,0.022233810275793076,0.03074057586491108,0.0420103557407856,0.06321168690919876,0.12983942031860352,5.398870944976807
94,0.0,0.008927370421588421,0.0070419530384242535,0.0064351181499660015,0.005167495924979448,0.003639621427282691,0.0030923273880034685,0.0028285488951951265,0.002708431798964739,0.002462293254211545,0.0022155505139380693,0.0026442590169608593,0.0027278168126940727,0.0030869822949171066,0.004150178749114275,0.004645193926990032,0.005357278045266867,0.006271800026297569,0.00810305867344141,0.010108967311680317,0.010581744834780693,0.013631639070808887,0.018004292622208595,0.021562587469816208,0.030575506389141083,0.04033979773521423,0.06439954042434692,0.13617871701717377,6.937880516052246
95,0.0,0.007730704732239246,0.005998860578984022,0.005443901289254427,0.0044567883014678955,0.0031373652163892984,0.0026883373502641916,0.0025156517513096333,0.00240087672136724,0.0021537241991609335,0.002039295854046941,0.0024306660052388906,0.0026205640751868486,0.0031013209372758865,0.004055572673678398,0.004648568574339151,0.005508059170097113,0.0064148325473070145,0.008316057734191418,0.010130229406058788,0.010872856713831425,0.013852264732122421,0.01822769083082676,0.022798584774136543,0.031220147386193275,0.04150216653943062,0.0649530366063118,0.1388833373785019,6.630285739898682
96,0.0,0.010422073304653168,0.007900666445493698,0.007228046655654907,0.005733098369091749,0.004071225877851248,0.0033835407812148333,0.0030804574489593506,0.0028796193655580282,0.0027008941397070885,0.002484808675944805,0.002747565507888794,0.0029195828828960657,0.0034205710981041193,0.004184662830084562,0.0047482517547905445,0.005814111791551113,0.0066945962607860565,0.00829974003136158,0.010106254369020462,0.011113448068499565,0.014082565903663635,0.018707498908042908,0.02319241315126419,0.03224307298660278,0.04304031282663345,0.07031918317079544,0.12614035606384277,5.842381954193115
97,0.0,0.008705275133252144,0.006758555769920349,0.006125863175839186,0.004881048575043678,0.003442610614001751,0.0028262282721698284,0.002604880603030324,0.0025898453313857317,0.002342900261282921,0.002144727623090148,0.0025031056720763445,0.0026897843927145004,0.0030642778147011995,0.004010717384517193,0.004490322899073362,0.005511472932994366,0.006472182460129261,0.00810458604246378,0.01036550011485815,0.010798887349665165,0.013473305851221085,0.018254365772008896,0.022007187828421593,0.0320790559053421,0.04289231449365616,0.06527131795883179,0.13252003490924835,6.48698091506958
98,0.0,0.00789023656398058,0.006196646019816399,0.005511145107448101,0.004428477957844734,0.0032002637162804604,0.0026745412033051252,0.0024539376609027386,0.002381907543167472,0.0022403630428016186,0.0020705112256109715,0.0024803848937153816,0.002601600019261241,0.0030522991437464952,0.003884238423779607,0.00449720211327076,0.005537515040487051,0.006581861991435289,0.00826162751764059,0.010097837075591087,0.011142833158373833,0.013893717899918556,0.01792696863412857,0.021868133917450905,0.030625341460108757,0.04142066836357117,0.06372716277837753,0.15225589275360107,7.0392608642578125
99,0.0,0.008773268200457096,0.006848827004432678,0.006206497084349394,0.004970733076334,0.003532077418640256,0.0029078873340040445,0.002736737485975027,0.002561206230893731,0.002381484257057309,0.0021930155344307423,0.0025477854069322348,0.002729537198320031,0.0031858468428254128,0.003933832049369812,0.004573377780616283,0.0053464313969016075,0.006343199405819178,0.008016396313905716,0.00951631460338831,0.010687313042581081,0.013599444180727005,0.017355360090732574,0.020870929583907127,0.03041067346930504,0.04141698777675629,0.06404272466897964,0.13945432007312775,6.588752269744873
100,0.0,0.008661111816763878,0.006593056954443455,0.0059755719266831875,0.004783625714480877,0.0033147367648780346,0.0027423417195677757,0.002585772192105651,0.0024503751192241907,0.0022591128945350647,0.0020944548305124044,0.002457351190969348,0.0026182730216532946,0.0030638149473816156,0.003996664192527533,0.004452785477042198,0.005488046444952488,0.006472381763160229,0.008132106624543667,0.01009324099868536,0.010608549229800701,0.013103513978421688,0.017962172627449036,0.021905308589339256,0.03052675351500511,0.04046599566936493,0.06131596863269806,0.12888510525226593,6.028019905090332
101,0.0,0.007908112369477749,0.005982196889817715,0.005422704387456179,0.004375462420284748,0.0031208007130771875,0.002617883961647749,0.0025268408935517073,0.0024205781519412994,0.002214739564806223,0.002055047545582056,0.002496803645044565,0.002722174394875765,0.003136331681162119,0.004081850405782461,0.004752380773425102,0.005564249120652676,0.006621939595788717,0.008085306733846664,0.010101829655468464,0.011076519265770912,0.01451182086020708,0.019417164847254753,0.02246890962123871,0.03327317163348198,0.04328741505742073,0.06824371963739395,0.15427905321121216,8.203991889953613
102,0.0,0.008396290242671967,0.006489282473921776,0.005949750076979399,0.004770979750901461,0.003342702751979232,0.002832801081240177,0.002575905993580818,0.002529935911297798,0.0023736923467367887,0.0021735629998147488,0.0026350747793912888,0.0028264541178941727,0.003226493950933218,0.003973780665546656,0.004740361589938402,0.005455537233501673,0.006343820132315159,0.008142064325511456,0.009733734652400017,0.010693014599382877,0.013522537425160408,0.017928151413798332,0.021844811737537384,0.031804196536540985,0.0429062582552433,0.06681089848279953,0.16995716094970703,7.819102764129639
103,0.0,0.008875236846506596,0.00672580860555172,0.006083875894546509,0.004792818799614906,0.0034691484179347754,0.0028152759186923504,0.0025731504429131746,0.002502328483387828,0.0022737104445695877,0.00209642737172544,0.002523299539461732,0.002695811213925481,0.0031096534803509712,0.003945468459278345,0.004447410814464092,0.0052997879683971405,0.0063044484704732895,0.007906288839876652,0.00950111448764801,0.010776182636618614,0.013592169620096684,0.017396725714206696,0.02149965427815914,0.030512409284710884,0.04049234837293625,0.06557218730449677,0.14805200695991516,6.941249370574951
104,0.0,0.010862567462027073,0.008374991826713085,0.007383056916296482,0.005958018358796835,0.004172706510871649,0.0035206859465688467,0.0031813117675483227,0.0030439705587923527,0.0027970338705927134,0.002503962256014347,0.0027467887848615646,0.0029676221311092377,0.0033752562012523413,0.004137934185564518,0.004913204349577427,0.005695556756108999,0.006767114624381065,0.008538221940398216,0.010139483027160168,0.011813395656645298,0.014946012757718563,0.019806815311312675,0.024336256086826324,0.03357156366109848,0.04453783854842186,0.06895523518323898,0.12367293238639832,4.816866397857666
105,0.0,0.007826185785233974,0.0061871325597167015,0.005554000847041607,0.004429864697158337,0.0030689644627273083,0.002602765103802085,0.0024874696973711252,0.0024465112946927547,0.002240012167021632,0.0020712544210255146,0.0024770512245595455,0.002640885068103671,0.0031269111204892397,0.003927767276763916,0.004670299589633942,0.005593837704509497,0.006578637287020683,0.00858796015381813,0.01028820313513279,0.011424635536968708,0.013966681435704231,0.018931515514850616,0.022037789225578308,0.031230255961418152,0.04112616181373596,0.06407788395881653,0.12896080315113068,6.173961162567139
106,0.0,0.00932465773075819,0.007191024255007505,0.006473993416875601,0.005129330791532993,0.0035727391950786114,0.0029247070197016,0.0027721154037863016,0.002741029020398855,0.002581222215667367,0.002274706494063139,0.0026207196060568094,0.0028716104570776224,0.003307236824184656,0.004164562560617924,0.004925388377159834,0.006068016868084669,0.006946675479412079,0.008766639977693558,0.010558858513832092,0.011428482830524445,0.014093749225139618,0.018932681530714035,0.022370746359229088,0.03180021420121193,0.042585019022226334,0.06566280126571655,0.12614630162715912,5.664766311645508
107,0.0,0.010024691000580788,0.007637719623744488,0.006833057850599289,0.005336645059287548,0.0038437608163803816,0.003166010370478034,0.0029347320087254047,0.002807036740705371,0.0026726343203336,0.002375204348936677,0.0027357202488929033,0.002944005187600851,0.0033207444939762354,0.004190397448837757,0.004917938262224197,0.00583800720050931,0.007083321921527386,0.00916347373276949,0.010506897233426571,0.011489072814583778,0.014391167089343071,0.01971631869673729,0.02271699719130993,0.031577832996845245,0.04249681904911995,0.06354299932718277,0.11708072572946548,5.332422256469727
108,0.0,0.008857821114361286,0.006907225586473942,0.006249236408621073,0.004981029778718948,0.0035642096772789955,0.002935595577582717,0.002678589429706335,0.00257441820576787,0.002352101495489478,0.0021835111547261477,0.0024978485889732838,0.002657970180734992,0.003109024604782462,0.0038677160628139973,0.004482842981815338,0.005417268257588148,0.006554304622113705,0.008737381547689438,0.009990076534450054,0.010787327773869038,0.013667329214513302,0.018514949828386307,0.022985272109508514,0.031374964863061905,0.04204462096095085,0.06302858144044876,0.11358492821455002,4.666192054748535
109,0.0,0.009693327359855175,0.007548711262643337,0.006755793001502752,0.0052523138001561165,0.0037424953188747168,0.003090146230533719,0.0028578622732311487,0.0028494226280599833,0.002598158083856106,0.0023255906999111176,0.0026979432441294193,0.0028382164891809225,0.003346620127558708,0.0040877824649214745,0.004717801231890917,0.005569221917539835,0.006374076008796692,0.008300667628645897,0.009685124270617962,0.010801702737808228,0.013903372921049595,0.019114933907985687,0.02238239161670208,0.031261689960956573,0.041560929268598557,0.06653394550085068,0.13359588384628296,6.375055313110352
110,0.0,0.007928639650344849,0.00620080204680562,0.005651175044476986,0.004510174505412579,0.003212236799299717,0.0026977325323969126,0.002578727900981903,0.002430288353934884,0.0022622235119342804,0.0020770414266735315,0.002527591772377491,0.0026991870254278183,0.003162746550515294,0.004039573948830366,0.004625342320650816,0.005257053300738335,0.0063844951801002026,0.007894489914178848,0.01013635192066431,0.010734528303146362,0.013255417346954346,0.01770293153822422,0.022392332553863525,0.033628445118665695,0.04509250819683075,0.07314848899841309,0.16770625114440918,8.788553237915039
111,0.0,0.008752510882914066,0.0069725424982607365,0.00637399684637785,0.005080061033368111,0.003571147099137306,0.002918655052781105,0.0027214165311306715,0.0026637280825525522,0.0024342606775462627,0.0022234986536204815,0.0025567070115357637,0.002735561691224575,0.0031614466570317745,0.004080388229340315,0.004675323609262705,0.005737325642257929,0.006790620740503073,0.008297653868794441,0.0104307159781456,0.011743130162358284,0.01392375398427248,0.018767526373267174,0.02239408902823925,0.03222791850566864,0.04155512899160385,0.06503154337406158,0.13439220190048218,6.074130535125732
112,0.0,0.008483256213366985,0.006709069944918156,0.006066327448934317,0.0048632253892719746,0.0034602792002260685,0.002836998086422682,0.002640106715261936,0.002505837008357048,0.002297301311045885,0.0021114812698215246,0.0025813423562794924,0.0027601616457104683,0.003160842228680849,0.0041429270058870316,0.004671938251703978,0.005626602564007044,0.006578909233212471,0.008337917737662792,0.010098217986524105,0.011430731043219566,0.014066754840314388,0.018642522394657135,0.02242576703429222,0.032542094588279724,0.041762977838516235,0.06434838473796844,0.1438017636537552,6.160717010498047
113,0.0,0.009022673591971397,0.00691878842189908,0.0062034279108047485,0.004989589098840952,0.003521414939314127,0.0028916792944073677,0.002681403188034892,0.002544676885008812,0.002417774638161063,0.0021814315114170313,0.002567141782492399,0.0027602668851614,0.0031740728300064802,0.00403088703751564,0.004665724001824856,0.0052784522995352745,0.006334662903100252,0.007855442352592945,0.009551950730383396,0.01082880049943924,0.013400925323367119,0.017634889110922813,0.022078366950154305,0.031020497903227806,0.04066361486911774,0.06475061923265457,0.141156405210495,6.910152435302734
114,0.0,0.008146381005644798,0.006207178346812725,0.0057018958032131195,0.00458852993324399,0.0031924997456371784,0.0026546332519501448,0.0024526226334273815,0.002324595581740141,0.002195981564000249,0.0020366532262414694,0.002497026463970542,0.0026148685719817877,0.0031242119148373604,0.0038855383172631264,0.004536834079772234,0.005427353084087372,0.006303888745605946,0.00807996653020382,0.010033239610493183,0.010888481512665749,0.014266934245824814,0.01846134662628174,0.022397972643375397,0.03240813687443733,0.04280902072787285,0.0655614361166954,0.16454410552978516,7.607386589050293
115,0.0,0.007799894083291292,0.006047022063285112,0.0054180072620511055,0.004329255782067776,0.0030454513616859913,0.002597515005618334,0.002464285818859935,0.002356700599193573,0.002207016572356224,0.002039574319496751,0.0024294371251016855,0.002619657199829817,0.0030295897740870714,0.0038951984606683254,0.004523139912635088,0.005479919258505106,0.00688595324754715,0.008517309091985226,0.009903989732265472,0.010761444456875324,0.013862616382539272,0.017843205481767654,0.021981872618198395,0.03188328444957733,0.04162776097655296,0.07007572054862976,0.15136951208114624,8.462689399719238
116,0.0,0.007626902777701616,0.005936180707067251,0.005316501948982477,0.004226405173540115,0.003012276953086257,0.0025211889296770096,0.0023549951147288084,0.0023385570384562016,0.0021821751724928617,0.002015632577240467,0.0024162379559129477,0.0026947837322950363,0.003047070698812604,0.004071405623108149,0.004539929796010256,0.005331325810402632,0.006365381181240082,0.008051881566643715,0.009690304286777973,0.011193506419658661,0.013611559756100178,0.01814456284046173,0.021742507815361023,0.03285782039165497,0.041801173239946365,0.06687015295028687,0.15539057552814484,7.64457368850708
117,0.0,0.008459399454295635,0.006675340235233307,0.006041488144546747,0.0048191845417022705,0.003369970479980111,0.0028594217728823423,0.0027535269036889076,0.002622076077386737,0.002357296645641327,0.002139467280358076,0.0025146501138806343,0.002643713727593422,0.003093431703746319,0.003973427694290876,0.0046429503709077835,0.005580828059464693,0.006470068357884884,0.008355415426194668,0.010021161288022995,0.010990647599101067,0.013798556290566921,0.018215425312519073,0.022839020937681198,0.03138027712702751,0.04210474342107773,0.0634751170873642,0.13865551352500916,6.840324401855469
118,0.0,0.008513315580785275,0.006686261855065823,0.006064917892217636,0.0047774347476661205,0.0033810073509812355,0.0028322641737759113,0.0026020705699920654,0.0025373550597578287,0.0022603548131883144,0.002101865829899907,0.0025088931433856487,0.0026616211980581284,0.0030718459747731686,0.003937772940844297,0.004532420542091131,0.005495208781212568,0.006554097402840853,0.00818442553281784,0.010099521838128567,0.011138019151985645,0.013794743455946445,0.0185801163315773,0.022738205268979073,0.031837791204452515,0.04187411069869995,0.0657668188214302,0.13389654457569122,6.330667495727539
119,0.0,0.008794907480478287,0.0068053146824240685,0.0061671980656683445,0.004917952697724104,0.003422378795221448,0.0028778472915291786,0.0026204714085906744,0.002623068168759346,0.002366188447922468,0.0021889922209084034,0.002550221746787429,0.0027418038807809353,0.003079224145039916,0.004018966108560562,0.004549565725028515,0.0054565975442528725,0.00634746951982379,0.007903269492089748,0.009731068275868893,0.010929292999207973,0.013516804203391075,0.017665917053818703,0.02145431376993656,0.031404487788677216,0.040774282068014145,0.06384161114692688,0.14191259443759918,6.904675006866455
120,0.0,0.009335496462881565,0.007265795953571796,0.006490930449217558,0.005136450286954641,0.0036686433013528585,0.0029927173163741827,0.002747697988525033,0.002599017694592476,0.0024003246799111366,0.002175245899707079,0.0025847377255558968,0.002714096335694194,0.003074285574257374,0.0038451673462986946,0.004579596687108278,0.00552673265337944,0.006411656271666288,0.008099495433270931,0.009827975183725357,0.010965927504003048,0.013934070244431496,0.01866067945957184,0.022791901603341103,0.03217902407050133,0.042876627296209335,0.06601998209953308,0.13044290244579315,6.330547332763672
121,0.0,0.00876891054213047,0.006801339332014322,0.006078759673982859,0.004907768685370684,0.0034644671250134706,0.0028499432373791933,0.002671134192496538,0.0024978057481348515,0.002308785915374756,0.0021549572702497244,0.0025171590968966484,0.0027156437281519175,0.003083032788708806,0.00392916239798069,0.004649179056286812,0.005369144957512617,0.006487878039479256,0.008234484121203423,0.009918191470205784,0.010674948804080486,0.013251311145722866,0.01802850514650345,0.021365992724895477,0.031153226271271706,0.04090384021401405,0.06526146084070206,0.13301627337932587,6.168750762939453
122,0.0,0.009062918834388256,0.007134975865483284,0.006371556781232357,0.00507529778406024,0.003546417923644185,0.0028987284749746323,0.00267998268827796,0.002578606829047203,0.002429760992527008,0.0021937501151114702,0.0025606933049857616,0.0027166695799678564,0.003155200742185116,0.003959584049880505,0.004534946754574776,0.005373903084546328,0.006348048336803913,0.00803111121058464,0.009558276273310184,0.010792631655931473,0.01375480554997921,0.01819445751607418,0.021482670679688454,0.02990645356476307,0.03997531160712242,0.06426951289176941,0.12103980034589767,5.2636799812316895
123,0.0,0.009246772155165672,0.007073237560689449,0.006435030605643988,0.005183493718504906,0.0037712696939706802,0.0030964906327426434,0.0028205877169966698,0.002676550531759858,0.0024539786390960217,0.0022643895354121923,0.0026582246646285057,0.002818661741912365,0.003268683096393943,0.004072672221809626,0.004657374694943428,0.005519332364201546,0.006547673139721155,0.008173806592822075,0.010110563598573208,0.010936630889773369,0.013851003721356392,0.018994595855474472,0.022869132459163666,0.031158307567238808,0.04263387620449066,0.06374619156122208,0.1295384019613266,5.889186859130859
124,0.0,0.009849497117102146,0.007538686040788889,0.0067715514451265335,0.005429837387055159,0.003948997240513563,0.0033341615926474333,0.003162410808727145,0.0029878350906074047,0.0027652098797261715,0.002414294285699725,0.0029819330666214228,0.0029761011246591806,0.003451310796663165,0.004478067625313997,0.004899353254586458,0.0057071903720498085,0.006578619126230478,0.008327137678861618,0.010174608789384365,0.01125690620392561,0.014992259442806244,0.018391327932476997,0.02229047194123268,0.03209458291530609,0.04394418001174927,0.0695040300488472,0.14119528234004974,6.934475898742676
125,0.0,0.011258568614721298,0.008674847893416882,0.007859215140342712,0.0063722808845341206,0.004599092528223991,0.0036672858987003565,0.003246345091611147,0.0031243721023201942,0.0028057219460606575,0.0025773325469344854,0.0028852690011262894,0.003076637629419565,0.0035397103056311607,0.00439468864351511,0.0050386288203299046,0.006016693543642759,0.006755269598215818,0.008502542041242123,0.009958750568330288,0.011775464750826359,0.014782239682972431,0.020098716020584106,0.02641032077372074,0.03443032130599022,0.04989629611372948,0.07423219829797745,0.13364869356155396,5.379743576049805
126,0.0,0.007471152581274509,0.005943442229181528,0.005343867931514978,0.004294785670936108,0.0030803156550973654,0.0026759980246424675,0.002472200198099017,0.002441202523186803,0.0021664078813046217,0.0020556889940053225,0.002580419182777405,0.0026356251910328865,0.003089319448918104,0.004074488300830126,0.004690091125667095,0.005500428378582001,0.006674367468804121,0.008129380643367767,0.009990197606384754,0.011417149566113949,0.014385807327926159,0.01871403492987156,0.022568967193365097,0.03379718214273453,0.04384496435523033,0.06759480386972427,0.14464899897575378,7.065078258514404
127,0.0,0.012311731465160847,0.009424271062016487,0.008619286119937897,0.006749643478542566,0.0050286161713302135,0.004155267495661974,0.003809114918112755,0.0036782880779355764,0.0033846308942884207,0.002946290886029601,0.003456010250374675,0.0033585992641747,0.0037151272408664227,0.004647854249924421,0.005276462994515896,0.0063228970393538475,0.007098990026861429,0.008735750801861286,0.010386417619884014,0.011512035503983498,0.014554985798895359,0.019411569461226463,0.024390602484345436,0.03331615403294563,0.04509180784225464,0.0710214301943779,0.12921957671642303,5.173102378845215
128,0.0,0.011167962104082108,0.008575020357966423,0.007757110055536032,0.006174033507704735,0.004576229024678469,0.003745479043573141,0.0033135616686195135,0.0030996643472462893,0.002971603535115719,0.0027193897403776646,0.003077950095757842,0.00321631645783782,0.0036148063372820616,0.004475143272429705,0.005088362377136946,0.005912142805755138,0.006684024352580309,0.008406877517700195,0.01005982980132103,0.011718624271452427,0.01418555062264204,0.019408123567700386,0.023464147001504898,0.032290734350681305,0.044579364359378815,0.07068375498056412,0.16568368673324585,8.456989288330078
129,0.0,0.008701646700501442,0.006828624755144119,0.006148079410195351,0.004902465734630823,0.003523675026372075,0.0028850543312728405,0.002750719664618373,0.0025578795466572046,0.0023617343977093697,0.0021731024608016014,0.0025141946971416473,0.0027122641913592815,0.0032042807433754206,0.003849920118227601,0.00460788095369935,0.00546793919056654,0.006607756484299898,0.008425045758485794,0.0096628088504076,0.011003279127180576,0.013709251768887043,0.018120422959327698,0.021371087059378624,0.03135370463132858,0.04106646776199341,0.0621415451169014,0.1178879365324974,5.367062568664551
130,0.0,0.008824145421385765,0.006853644270449877,0.006228282116353512,0.00493165897205472,0.0034960575867444277,0.0029824809171259403,0.002763258060440421,0.002716977847740054,0.002450009575113654,0.002250980120152235,0.002554585225880146,0.0027946680784225464,0.003191477619111538,0.004023185931146145,0.004604339599609375,0.005405171774327755,0.006248941645026207,0.007912568747997284,0.00983677338808775,0.010833000764250755,0.013712731190025806,0.018332060426473618,0.021755188703536987,0.032184284180402756,0.042780861258506775,0.07063473761081696,0.15874628722667694,7.699930667877197
131,0.0,0.009628464467823505,0.00742396991699934,0.006661377381533384,0.005313302855938673,0.003750098869204521,0.00312127941288054,0.002917550504207611,0.0027972005773335695,0.0025805046316236258,0.00233477889560163,0.002690718276426196,0.0028694740030914545,0.0033315669279545546,0.004197516944259405,0.004947308450937271,0.005790522787719965,0.006523145828396082,0.008274351246654987,0.009861459024250507,0.010891586542129517,0.013217455707490444,0.017626626417040825,0.021963248029351234,0.02997755818068981,0.04092881828546524,0.0629427582025528,0.1156812384724617,5.381749629974365
132,0.0,0.008638523519039154,0.006670026574283838,0.006098911631852388,0.004841525107622147,0.00347914663143456,0.0028449140954762697,0.0025870862882584333,0.0024749399162828922,0.0022638055961579084,0.0021259435452520847,0.0025697327218949795,0.002693543676286936,0.003147661918774247,0.003957339562475681,0.004641628358513117,0.00548606738448143,0.006467635743319988,0.008509587496519089,0.010226412676274776,0.011076451279222965,0.013394488021731377,0.018549971282482147,0.02249082922935486,0.03172272443771362,0.040016889572143555,0.06177130341529846,0.12907660007476807,5.718233108520508
133,0.0,0.013871858827769756,0.010819725692272186,0.009569372981786728,0.007910225540399551,0.005415392108261585,0.0045641460455954075,0.003927729092538357,0.0036480147391557693,0.003365645185112953,0.0029375895392149687,0.003249518573284149,0.0033436433877795935,0.0038401803467422724,0.004749394487589598,0.005318391136825085,0.006786126643419266,0.00825982540845871,0.009778227657079697,0.011711047030985355,0.012534392066299915,0.01671304926276207,0.024849778041243553,0.02911163866519928,0.03887610137462616,0.0529162660241127,0.08767353743314743,0.16929906606674194,5.818384170532227
134,0.0,0.010099492035806179,0.0078729297965765,0.0069764466024935246,0.005595703609287739,0.0038979584351181984,0.0032675154507160187,0.0030613604467362165,0.0028804484754800797,0.0027023530565202236,0.0023974524810910225,0.002767061349004507,0.0029585238080471754,0.003405544441193342,0.0042868261225521564,0.004775503184646368,0.005476152058690786,0.00677013723179698,0.008488663472235203,0.009967603720724583,0.010725717060267925,0.013853232376277447,0.01873106136918068,0.022660519927740097,0.031193478032946587,0.041483111679553986,0.06739424914121628,0.1353372037410736,6.583827495574951
135,0.0,0.009651689790189266,0.007620115764439106,0.006810920313000679,0.005360259208828211,0.003765514586120844,0.0032150435727089643,0.0029770913533866405,0.002841224428266287,0.002503136172890663,0.0023177049588412046,0.002610245253890753,0.002802220406010747,0.0032598255202174187,0.004130352754145861,0.004546341951936483,0.005514220800250769,0.006587252486497164,0.008459758013486862,0.00974761601537466,0.011044811457395554,0.013695710338652134,0.01853388547897339,0.021947726607322693,0.03136315569281578,0.04128771275281906,0.06702487170696259,0.13363739848136902,6.588667392730713
136,0.0,0.008853195235133171,0.00688537023961544,0.006259302608668804,0.005026035942137241,0.003586656181141734,0.0030164443887770176,0.0027853131759911776,0.0026569843757897615,0.002454992849379778,0.002197104040533304,0.0025362102314829826,0.0026916011702269316,0.003149503841996193,0.0039762877859175205,0.004674956668168306,0.00563392136245966,0.006447246763855219,0.008354803547263145,0.010155980475246906,0.010892852209508419,0.01395550649613142,0.01787509396672249,0.02288387529551983,0.0313565693795681,0.04085548594594002,0.06428360193967819,0.12656691670417786,5.419223785400391
137,0.0,0.010263503529131413,0.007834005169570446,0.007049917709082365,0.005685292650014162,0.003965993411839008,0.00323621672578156,0.0029142319690436125,0.0027774935588240623,0.002578024985268712,0.0024027503095567226,0.0026779312174767256,0.002915161196142435,0.003296501003205776,0.004233710002154112,0.004821475129574537,0.005666408687829971,0.006736172828823328,0.008510923013091087,0.010004453361034393,0.01061110571026802,0.014101647771894932,0.018687935546040535,0.022612569853663445,0.03198486939072609,0.04510803520679474,0.0648430660367012,0.14491239190101624,6.443791389465332
138,0.0,0.007246232125908136,0.005702316761016846,0.005131306126713753,0.004217328503727913,0.0030119712464511395,0.002508056815713644,0.002315927529707551,0.0022620311938226223,0.0020926690194755793,0.0019827401265501976,0.002497732173651457,0.0026531764306128025,0.003042383585125208,0.004227892030030489,0.004725775681436062,0.005383281968533993,0.006626963149756193,0.00837759394198656,0.010316185653209686,0.011413359083235264,0.014473977498710155,0.01884624734520912,0.022881852462887764,0.0351632796227932,0.04472311958670616,0.06798781454563141,0.15365324914455414,7.03509521484375
139,0.0,0.00977949146181345,0.007605092599987984,0.006976228207349777,0.005620621144771576,0.004056947305798531,0.003291868371888995,0.0029803866054862738,0.0027732932940125465,0.002577082719653845,0.0023883997928351164,0.002723665675148368,0.002869270509108901,0.0032669364009052515,0.0042401631362736225,0.004730393178761005,0.005878051742911339,0.006789389066398144,0.0087587283924222,0.009983273223042488,0.011424269527196884,0.013956576585769653,0.01981303095817566,0.022648224607110023,0.03157348930835724,0.041846565902233124,0.06787645071744919,0.13239645957946777,6.1787943840026855
140,0.0,0.008874453604221344,0.006868083495646715,0.0062360321171581745,0.004919447470456362,0.0035090772435069084,0.0029788760002702475,0.0027539643924683332,0.0027021595742553473,0.0024767667055130005,0.002270503668114543,0.0026216956321150064,0.002820569323375821,0.0032181970309466124,0.00396223459392786,0.004734804388135672,0.0059348419308662415,0.006812056060880423,0.008494282141327858,0.01031278446316719,0.010867275297641754,0.0137998778373003,0.018227005377411842,0.02173183113336563,0.031917255371809006,0.04209151491522789,0.06815917044878006,0.12827977538108826,6.173734188079834
141,0.0,0.007847628556191921,0.006133094895631075,0.0054806917905807495,0.0043731266632676125,0.0031094299629330635,0.002593292621895671,0.0024770600721240044,0.002380219055339694,0.002193548483774066,0.0020255313720554113,0.002423111582174897,0.002639413345605135,0.0030644398648291826,0.0037800180725753307,0.004565945360809565,0.0051360055804252625,0.006405427120625973,0.007935111410915852,0.009635381400585175,0.010817425325512886,0.013678455725312233,0.01822013594210148,0.022388460114598274,0.030706720426678658,0.04124090448021889,0.06560998409986496,0.1395440697669983,6.246454238891602
142,0.0,0.007564649451524019,0.005892935208976269,0.005270727910101414,0.004251942969858646,0.0030098361894488335,0.0026021406520158052,0.0024410125333815813,0.00250914110802114,0.0022815323900431395,0.0020694450940936804,0.0024928604252636433,0.0026624833699315786,0.00310566951520741,0.003998318687081337,0.004607353359460831,0.005229261703789234,0.006345601286739111,0.007843267172574997,0.009862358681857586,0.010784600861370564,0.013772627338767052,0.018673015758395195,0.02192079834640026,0.03367827832698822,0.04274294525384903,0.06922752410173416,0.1904517561197281,8.884008407592773
143,0.0,0.009319118224084377,0.007307766936719418,0.006481022108346224,0.005195861682295799,0.003657775465399027,0.0030002857092767954,0.0028296904638409615,0.0026195335667580366,0.002474720124155283,0.00224569090642035,0.002637081779539585,0.0028219532687216997,0.003343285759910941,0.00415073661133647,0.004947924520820379,0.005790553987026215,0.007106482516974211,0.009076765738427639,0.010342981666326523,0.011632010340690613,0.014803553000092506,0.019807156175374985,0.024687323719263077,0.03323731943964958,0.04508983716368675,0.06340402364730835,0.11652562767267227,4.588005065917969
144,0.0,0.007670518942177296,0.00600068224593997,0.0054721529595553875,0.004331108182668686,0.0031256568618118763,0.0026157337706536055,0.0024917416740208864,0.0024437676183879375,0.002274553058668971,0.0021227491088211536,0.002731166547164321,0.0028372027445584536,0.003310748841613531,0.0041931262239813805,0.004905050620436668,0.005565617699176073,0.00661645969375968,0.008380928076803684,0.010438135825097561,0.011686544865369797,0.013543128035962582,0.018045617267489433,0.021864082664251328,0.031253617256879807,0.04056413471698761,0.06591647863388062,0.21764902770519257,10.80948257446289
145,0.0,0.00827562715858221,0.006405168678611517,0.00581504637375474,0.004630306735634804,0.0032963817939162254,0.002799611771479249,0.002607748843729496,0.0025215409696102142,0.002295984886586666,0.0021551931276917458,0.0025223789270967245,0.0026999630499631166,0.0031234039925038815,0.0039850459434092045,0.00467749685049057,0.005267630331218243,0.006412920076400042,0.00781906209886074,0.00973037350922823,0.010121923871338367,0.013302376493811607,0.0179984699934721,0.0212586410343647,0.031586822122335434,0.041923120617866516,0.06469656527042389,0.1583438515663147,7.722200393676758
146,0.0,0.008073204196989536,0.006233000662177801,0.0056243338622152805,0.00450874911621213,0.003228386864066124,0.0026633695233613253,0.002545975847169757,0.0024737995117902756,0.0022818997967988253,0.0020559770055115223,0.002479691058397293,0.002587739145383239,0.0030038615223020315,0.003957378678023815,0.004426168743520975,0.005329646170139313,0.006125008687376976,0.007846406660974026,0.009924886748194695,0.010620558634400368,0.013466703705489635,0.017683090642094612,0.021505694836378098,0.030488930642604828,0.0408472865819931,0.0614972785115242,0.13762618601322174,6.6928391456604
147,0.0,0.009412615559995174,0.007240445353090763,0.0064838058315217495,0.005169626325368881,0.003737028455361724,0.0031517501920461655,0.002914499957114458,0.002805710770189762,0.002604133216664195,0.00234580016694963,0.0027393570635467768,0.002918534679338336,0.003337373025715351,0.004089776426553726,0.0047550806775689125,0.005446701310575008,0.00619463250041008,0.007803607266396284,0.009630986489355564,0.010306577198207378,0.012896296568214893,0.017646485939621925,0.02109861932694912,0.030064526945352554,0.03880217671394348,0.06093766912817955,0.12333361059427261,5.705530643463135
148,0.0,0.008159467950463295,0.006492052227258682,0.005850476212799549,0.004686928354203701,0.003368114121258259,0.002748860977590084,0.002654192503541708,0.002493731677532196,0.00231497292406857,0.0021040611900389194,0.002502368064597249,0.0026846094988286495,0.003155145328491926,0.004046778194606304,0.00458383746445179,0.005511745810508728,0.006598433945327997,0.008559157140552998,0.010611404664814472,0.01160610280930996,0.014763289131224155,0.01911170221865177,0.02221831865608692,0.032279543578624725,0.04255999997258186,0.0641966313123703,0.13203781843185425,6.412054538726807
149,0.0,0.011655970476567745,0.00892160926014185,0.008366626687347889,0.006661898922175169,0.0049637844786047935,0.004069245886057615,0.0037433872930705547,0.003386633237823844,0.0030336405616253614,0.0028185697738081217,0.003163855290040374,0.0031775967217981815,0.0035948033910244703,0.00450251204892993,0.005197576712816954,0.00614478625357151,0.007138208020478487,0.00861557386815548,0.009908821433782578,0.01115962490439415,0.013940266333520412,0.01834990829229355,0.023245809599757195,0.031196821480989456,0.04514603316783905,0.07883354276418686,0.2129230797290802,12.517308235168457
150,0.0,0.010153444483876228,0.0077666486613452435,0.006983703002333641,0.005715722218155861,0.0040257154032588005,0.003320740768685937,0.0031094879377633333,0.002874429803341627,0.0027048406191170216,0.0024421564303338528,0.0028686407022178173,0.0029397301841527224,0.00340954028069973,0.004204839468002319,0.0046740020625293255,0.005507142748683691,0.0063981250859797,0.007843942381441593,0.009696193970739841,0.010512633249163628,0.012864128686487675,0.017623942345380783,0.021637113764882088,0.030526308342814445,0.03969811275601387,0.06188920512795448,0.11412733793258667,5.357823371887207
151,0.0,0.008941768668591976,0.0070494478568434715,0.00650452496483922,0.00523883942514658,0.003715098835527897,0.0030710443388670683,0.0028355394024401903,0.002721258671954274,0.0024728074204176664,0.0022633548360317945,0.0026066377758979797,0.002835325663909316,0.0032886015251278877,0.004185526166111231,0.004813976585865021,0.006314383819699287,0.006765316240489483,0.008864172734320164,0.010295527055859566,0.011070356704294682,0.013861414976418018,0.018522122874855995,0.022753871977329254,0.03208817541599274,0.04276217520236969,0.06313721835613251,0.12625446915626526,5.585271835327148
152,0.0,0.009118786081671715,0.006869263015687466,0.006115018390119076,0.004881728906184435,0.00350525532849133,0.002872432116419077,0.0026018202770501375,0.0026459917426109314,0.0024822037667036057,0.00235217553563416,0.002779267495498061,0.0029258495196700096,0.0033442231360822916,0.004218891263008118,0.00477758701890707,0.005551842041313648,0.0067350720055401325,0.008016069419682026,0.010132678784430027,0.011237705126404762,0.014509131200611591,0.018247364088892937,0.021970756351947784,0.03151722997426987,0.0437011681497097,0.07237041741609573,0.1627061516046524,7.920541286468506
153,0.0,0.008550051599740982,0.0066139292903244495,0.006044954527169466,0.004825002048164606,0.003355549182742834,0.002873850055038929,0.0026807780377566814,0.0025557654444128275,0.0023238607682287693,0.0021600585896521807,0.0025337236002087593,0.002748498460277915,0.0031908084638416767,0.003919673152267933,0.004672731272876263,0.005556752439588308,0.006579577922821045,0.008296518586575985,0.010459491051733494,0.011196565814316273,0.014019712805747986,0.018233422189950943,0.022483663633465767,0.03135165944695473,0.042853303253650665,0.06325706839561462,0.1452644169330597,7.467061519622803
154,0.0,0.009735248982906342,0.007576996460556984,0.006828605197370052,0.005444422829896212,0.0038431237917393446,0.0031029453966766596,0.0029071595054119825,0.002786683151498437,0.002494547050446272,0.002300778403878212,0.0026272807735949755,0.0027887083124369383,0.0031711675692349672,0.0040512047708034515,0.004812060389667749,0.005763206165283918,0.006659476552158594,0.008758491836488247,0.010167015716433525,0.011348343454301357,0.014105136506259441,0.01835532858967781,0.022318357601761818,0.03182037174701691,0.04196425527334213,0.06415817886590958,0.12455734610557556,5.41679048538208
155,0.0,0.009390133433043957,0.007341292686760426,0.006493750028312206,0.005185606423765421,0.0037032878026366234,0.0031014932319521904,0.002962523838505149,0.0027967323549091816,0.002589666284620762,0.0023481661919504404,0.0026279727462679148,0.0028411110397428274,0.0033200846519321203,0.0041715833358466625,0.004852591548115015,0.0058792815543711185,0.006967271212488413,0.009349060244858265,0.010227318853139877,0.011516004800796509,0.0150381401181221,0.01932564191520214,0.023592835292220116,0.032328709959983826,0.043167028576135635,0.06515498459339142,0.12185003608465195,4.919436454772949
156,0.0,0.01562611572444439,0.01215565949678421,0.010791716165840626,0.008508301340043545,0.006623075809329748,0.005332405213266611,0.004945844877511263,0.0047510587610304356,0.004296255297958851,0.0037160750944167376,0.0042808763682842255,0.004390680696815252,0.0049178521148860455,0.006057281047105789,0.007621578872203827,0.008752919733524323,0.00935057271271944,0.01098590437322855,0.01400704775005579,0.015593992546200752,0.01910487376153469,0.024772068485617638,0.03141552582383156,0.04842575266957283,0.07255055010318756,0.13173089921474457,0.2414412647485733,9.687850952148438
157,0.0,0.00845122430473566,0.006382150109857321,0.00586794875562191,0.00466310465708375,0.0033684181980788708,0.0027986986096948385,0.0026318407617509365,0.0025871240068227053,0.0023263120092451572,0.0022030009422451258,0.0025913401041179895,0.0027791287284344435,0.003148079616948962,0.004088868387043476,0.004645241424441338,0.005345347803086042,0.006281066685914993,0.007988550700247288,0.009595968760550022,0.010489814914762974,0.013478394597768784,0.017686964944005013,0.022075684741139412,0.030831877142190933,0.04119745269417763,0.06563231348991394,0.1585434377193451,7.738473892211914
158,0.0,0.012573094107210636,0.009640052914619446,0.0087462542578578,0.007005109451711178,0.005304452031850815,0.004639047663658857,0.0041295443661510944,0.003742041066288948,0.0033395711798220873,0.0030393609777092934,0.003419749904423952,0.0035171224735677242,0.003937612287700176,0.004958789795637131,0.005640912335366011,0.006543350871652365,0.0074364133179187775,0.009010933339595795,0.01115499995648861,0.011935046873986721,0.014657788909971714,0.020495833829045296,0.025648202747106552,0.035386763513088226,0.04944443330168724,0.09543653577566147,0.3058227300643921,16.339677810668945
159,0.0,0.010663365013897419,0.008081167936325073,0.0072309463284909725,0.005617623683065176,0.004083890002220869,0.003328949213027954,0.0029630442149937153,0.002851629164069891,0.002564554801210761,0.0023669216316193342,0.0026305962819606066,0.0028513260185718536,0.003297350602224469,0.004048091359436512,0.004634518641978502,0.0056058564223349094,0.006410182453691959,0.008737431839108467,0.010186981409788132,0.010993016883730888,0.0137149877846241,0.018460934981703758,0.022910134866833687,0.030561337247490883,0.04075666517019272,0.06180454418063164,0.1135801300406456,4.918306827545166
160,0.0,0.00975574366748333,0.00748268561437726,0.006960076745599508,0.005623546428978443,0.003972839098423719,0.003183526685461402,0.0029370146803557873,0.002798399655148387,0.0025474498979747295,0.0023376441095024347,0.0026484280824661255,0.0028247847221791744,0.003266833955422044,0.004130824003368616,0.00479862792417407,0.005877370946109295,0.006819331087172031,0.008368481881916523,0.010459855198860168,0.011482098139822483,0.014166043139994144,0.018764043226838112,0.023129090666770935,0.03198323771357536,0.04260940104722977,0.06444995850324631,0.1295672357082367,6.064596176147461
161,0.0,0.008975343778729439,0.006954533513635397,0.006362040992826223,0.005087140016257763,0.0035947076976299286,0.0029442887753248215,0.0027720185462385416,0.0026417993940413,0.002433398272842169,0.002235178602859378,0.002550440840423107,0.0026959297247231007,0.003154177451506257,0.003973740618675947,0.004595847800374031,0.005592111963778734,0.00664321705698967,0.008206781931221485,0.009816604666411877,0.010850083082914352,0.01392350997775793,0.0183987095952034,0.022690190002322197,0.031166458502411842,0.04121831804513931,0.06489463895559311,0.126957967877388,6.744214057922363
162,0.0,0.012325352057814598,0.009474482387304306,0.008709264919161797,0.006881530862301588,0.005052811466157436,0.004037735052406788,0.0038252684753388166,0.003539811819791794,0.00327320396900177,0.0028847872745245695,0.003376851323992014,0.0033029583282768726,0.003900109324604273,0.005298850126564503,0.005982227623462677,0.007183243986219168,0.008198397234082222,0.00995874684303999,0.011948347091674805,0.013863573782145977,0.016769234091043472,0.023185642436146736,0.028882328420877457,0.03742844611406326,0.051132701337337494,0.08483469486236572,0.3454815745353699,16.052900314331055
163,0.0,0.009786315262317657,0.00758909247815609,0.006823137402534485,0.005458846688270569,0.0038874135352671146,0.0032013722229748964,0.0029472175519913435,0.002766101388260722,0.002534643979743123,0.0023286750074476004,0.002637147903442383,0.0028255805373191833,0.0032243120949715376,0.004149795509874821,0.0048205736093223095,0.005730764474719763,0.006617333739995956,0.008295077830553055,0.009608572348952293,0.010622757486999035,0.01360541582107544,0.018244042992591858,0.02268887870013714,0.03201114013791084,0.04175082594156265,0.06696891039609909,0.12105952203273773,6.164534568786621
164,0.0,0.009774326346814632,0.0075775678269565105,0.0068169464357197285,0.005495830904692411,0.0038817354943603277,0.0031439317390322685,0.0028913491405546665,0.0027733086608350277,0.0025353198871016502,0.002306087641045451,0.0026553021743893623,0.0028121855575591326,0.0031961333006620407,0.004034483339637518,0.004718402866274118,0.005871855188161135,0.006891749799251556,0.009091786108911037,0.010117813013494015,0.011404264718294144,0.014668884687125683,0.020315593108534813,0.02481156587600708,0.033437155187129974,0.04445856809616089,0.06469397246837616,0.1226559728384018,4.6900787353515625
165,0.0,0.008539373986423016,0.006654984783381224,0.006025171373039484,0.004756338428705931,0.0034416276030242443,0.002798759378492832,0.0026389923878014088,0.002501262119039893,0.0023102955892682076,0.0021502876188606024,0.0025491854175925255,0.0026432385202497244,0.003154694102704525,0.003927129786461592,0.0046075014397501945,0.005530664697289467,0.006776758469641209,0.00843116920441389,0.009798811748623848,0.011394129134714603,0.013573109172284603,0.01876649633049965,0.02244112454354763,0.031119748950004578,0.04105140268802643,0.06116807088255882,0.12389712780714035,5.267256736755371
166,0.0,0.00908335018903017,0.006982521619647741,0.006358855403959751,0.0050941938534379005,0.0036862599663436413,0.003034402383491397,0.0027803846169263124,0.0026444518007338047,0.002438504248857498,0.002229869132861495,0.0025443381164222956,0.0027178379241377115,0.0031382599845528603,0.00405687652528286,0.004505387507379055,0.0054799397476017475,0.006505082827061415,0.008424334228038788,0.010111416690051556,0.011010109446942806,0.01339594554156065,0.018343007192015648,0.022290894761681557,0.031068312004208565,0.04047219455242157,0.06455826759338379,0.126655712723732,6.444694519042969
167,0.0,0.00990306492894888,0.007517493329942226,0.006838622502982616,0.005495330318808556,0.003908608108758926,0.0032544380519539118,0.003002854296937585,0.002997974632307887,0.00267294654622674,0.0024161620531231165,0.002687319414690137,0.002928037429228425,0.0033077478874474764,0.004282391630113125,0.00493625970557332,0.005659732036292553,0.006712567526847124,0.00821622647345066,0.010147362016141415,0.011256735771894455,0.013582054525613785,0.018647458404302597,0.02347818948328495,0.03265436366200447,0.044188957661390305,0.06559862196445465,0.1283908486366272,5.437769889831543
168,0.0,0.008863205090165138,0.006806264631450176,0.006199814844876528,0.004885222762823105,0.003541531041264534,0.002852268284186721,0.00270603084936738,0.0025859607849270105,0.0023711384274065495,0.0021513612009584904,0.0025333520025014877,0.0027155238203704357,0.003074311651289463,0.0039268722757697105,0.004553097300231457,0.00571774085983634,0.00663625355809927,0.008336476050317287,0.0102168507874012,0.011036694049835205,0.014224184677004814,0.019211705774068832,0.02275596372783184,0.03145498037338257,0.04293094947934151,0.06428179889917374,0.12039794772863388,5.1766815185546875
169,0.0,0.010137757286429405,0.007543232291936874,0.006940355058759451,0.0054491255432367325,0.003922157920897007,0.0032491974998265505,0.0029339496977627277,0.0028150344733148813,0.002657882869243622,0.002380077261477709,0.0026937418151646852,0.0029017541091889143,0.003228559158742428,0.004158250521868467,0.00481794448569417,0.005589751992374659,0.006480829324573278,0.008335541002452374,0.010031033307313919,0.011267231777310371,0.013779737986624241,0.01801057532429695,0.02115538902580738,0.030349215492606163,0.038519326597452164,0.06158136948943138,0.12796103954315186,5.627865314483643
170,0.0,0.007731455843895674,0.0060619181022048,0.005566036328673363,0.004422096069902182,0.00316457892768085,0.0026466965209692717,0.0024863469880074263,0.0023909471929073334,0.002140321768820286,0.002035304205492139,0.002452908782288432,0.002652600407600403,0.0031661554239690304,0.003943493124097586,0.004661657381802797,0.005579295568168163,0.006601803004741669,0.008419356308877468,0.01045688334852457,0.011084603145718575,0.01406384538859129,0.018903862684965134,0.022439587861299515,0.03148355707526207,0.042235955595970154,0.06463310122489929,0.1694319248199463,7.777409076690674
171,0.0,0.009765533730387688,0.007564482279121876,0.006995524745434523,0.0055631776340305805,0.004012200515717268,0.003289822256192565,0.0029571568593382835,0.0028262496925890446,0.0027115163393318653,0.0023889809381216764,0.002802588976919651,0.0029066905844956636,0.00336649757809937,0.004340145271271467,0.00497583020478487,0.005962612107396126,0.006829375401139259,0.008429453708231449,0.010177511721849442,0.0115725789219141,0.014484522864222527,0.0197508055716753,0.024129444733262062,0.03369724377989769,0.045361362397670746,0.07175829261541367,0.13750457763671875,6.824472427368164
172,0.0,0.007708599325269461,0.006048322189599276,0.005513404496014118,0.004423446953296661,0.003141813911497593,0.0026298651937395334,0.0024497255217283964,0.0024178458843380213,0.0022135397884994745,0.0020565881859511137,0.0024830279871821404,0.0026097611989825964,0.00312596233561635,0.003915468696504831,0.004607402253895998,0.005395510233938694,0.00652665551751852,0.008115271106362343,0.009877308271825314,0.01099940575659275,0.01386934146285057,0.01800565794110298,0.022313380613923073,0.031168920919299126,0.039540406316518784,0.061915066093206406,0.13303427398204803,5.934114456176758
173,0.0,0.009476805105805397,0.007334714289754629,0.006626439280807972,0.005220932420343161,0.0037255999632179737,0.003060574410483241,0.0028174137696623802,0.002653644187375903,0.002428543521091342,0.0022452028933912516,0.0025629487354308367,0.0027450143825262785,0.003179719904437661,0.004018536303192377,0.004786138888448477,0.00585721991956234,0.00662978133186698,0.008439608849585056,0.010259666480123997,0.01113621424883604,0.013756769709289074,0.01870623417198658,0.022120926529169083,0.03183859959244728,0.04258580133318901,0.06677612662315369,0.12842348217964172,6.062656402587891
174,0.0,0.007464481517672539,0.005885377060621977,0.005223368760198355,0.004168658517301083,0.0030005585867911577,0.002539107110351324,0.0023561238776892424,0.0022611222229897976,0.002122418489307165,0.001957364147529006,0.0024042343720793724,0.0025560662616044283,0.003022286109626293,0.003826606785878539,0.004421520512551069,0.005305749364197254,0.006279397290199995,0.00844582635909319,0.009968391619622707,0.010899470187723637,0.013944640755653381,0.01850086636841297,0.022019466385245323,0.030989650636911392,0.040966786444187164,0.06241176649928093,0.12553085386753082,5.683635234832764
175,0.0,0.009203088469803333,0.007116755936294794,0.0064918301068246365,0.0051085627637803555,0.0036397911608219147,0.0029347511008381844,0.0027241467032581568,0.00268160249106586,0.002535929437726736,0.002234681975096464,0.0026185724418610334,0.0028172219172120094,0.0032760100439190865,0.0040231249295175076,0.004688842222094536,0.005581201054155827,0.0066532534547150135,0.008222338743507862,0.010375779122114182,0.010923951864242554,0.013453057035803795,0.01778308115899563,0.022338304668664932,0.031176012009382248,0.04144618287682533,0.06746674329042435,0.14538642764091492,7.506308555603027
176,0.0,0.008941013365983963,0.006987249478697777,0.006293158978223801,0.005007527302950621,0.0035371792037039995,0.002923988737165928,0.002656013472005725,0.0026104345452040434,0.0024107997305691242,0.0021167693194001913,0.0025095259770751,0.0026568772736936808,0.0030897457618266344,0.0037962915375828743,0.004485886078327894,0.005453983321785927,0.006268411409109831,0.008315258659422398,0.00979706272482872,0.010646824724972248,0.014169544912874699,0.018456261605024338,0.023141779005527496,0.031000101938843727,0.041711580008268356,0.061990704387426376,0.12921614944934845,5.683210849761963
177,0.0,0.009203031659126282,0.007116376422345638,0.006445903331041336,0.005154305603355169,0.00365079240873456,0.0030222246423363686,0.0028139071073383093,0.0026617776602506638,0.002405699109658599,0.0022303354926407337,0.002576658269390464,0.002735352609306574,0.0031445485074073076,0.003972034435719252,0.004568432457745075,0.005551196169108152,0.006676490884274244,0.008523707278072834,0.010123949497938156,0.011671534739434719,0.013801025226712227,0.01866152510046959,0.02288161776959896,0.031291961669921875,0.04259814694523811,0.06564506143331528,0.12260767072439194,5.62446403503418
178,0.0,0.009172583930194378,0.00709274597465992,0.006427014246582985,0.005131479352712631,0.0036589917726814747,0.002947364468127489,0.002671406604349613,0.0025979916099458933,0.0023930128663778305,0.002160856733098626,0.002516786800697446,0.002679572207853198,0.003113234182819724,0.004067370668053627,0.004548818804323673,0.005530062131583691,0.0064775897189974785,0.008230281993746758,0.009828655049204826,0.011788937263190746,0.013719195500016212,0.019060228019952774,0.022514786571264267,0.03094436042010784,0.04328141361474991,0.0649675652384758,0.13151668012142181,6.034031391143799
179,0.0,0.007898789830505848,0.006264134775847197,0.005720921792089939,0.004555592313408852,0.0033241643104702234,0.0027256461326032877,0.002489351434633136,0.002399942371994257,0.0021482647862285376,0.0020651542581617832,0.0024536787532269955,0.0026657471898943186,0.0030306349508464336,0.003964123781770468,0.004701786674559116,0.005567318294197321,0.00647725211456418,0.00832461379468441,0.010297480039298534,0.011156420223414898,0.013925207778811455,0.018230905756354332,0.022018831223249435,0.031749892979860306,0.04259819537401199,0.06437340378761292,0.14904333651065826,6.565607070922852
180,0.0,0.008754736743867397,0.006764856167137623,0.006265010219067335,0.004991127178072929,0.003606480546295643,0.003094410989433527,0.0028836503624916077,0.002788749523460865,0.00251619890332222,0.002249791519716382,0.002772546373307705,0.0028924944344908,0.0032723513431847095,0.004263207782059908,0.004932671785354614,0.005595774855464697,0.006524206604808569,0.008117151446640491,0.00975518673658371,0.011062915436923504,0.013914247043430805,0.01841653697192669,0.022119324654340744,0.031601682305336,0.04066978394985199,0.06760285049676895,0.171991765499115,9.279947280883789
181,0.0,0.010615215636789799,0.007886046543717384,0.007230144925415516,0.005719623062759638,0.004144733771681786,0.00332469935528934,0.0029667119961231947,0.0028809094801545143,0.002669084118679166,0.0024313991889357567,0.0027899532578885555,0.002871188335120678,0.003332345513626933,0.004197850823402405,0.004799118731170893,0.005761949345469475,0.006723411846905947,0.008663137443363667,0.01018534041941166,0.011235573329031467,0.014293997548520565,0.02008245699107647,0.023568756878376007,0.03293536603450775,0.04486706107854843,0.0695621520280838,0.13157498836517334,5.277024745941162
182,0.0,0.008486650884151459,0.006605917122215033,0.005995257757604122,0.004792969208210707,0.003375912783667445,0.0028143012896180153,0.0026132045313715935,0.0025800815783441067,0.0023498055525124073,0.0021997266449034214,0.00268810847774148,0.002829232718795538,0.003211746457964182,0.00390804186463356,0.00451709283515811,0.0053904191590845585,0.006534020882099867,0.00823602918535471,0.009827091358602047,0.010588817298412323,0.013545820489525795,0.01773557811975479,0.022413987666368484,0.03122013248503208,0.04178116098046303,0.06337455660104752,0.11393368989229202,5.069601535797119
183,0.0,0.009136044420301914,0.007083870470523834,0.0063500236719846725,0.005068345461040735,0.0035430833231657743,0.002952662529423833,0.0027241837233304977,0.0026015629991889,0.0024276592303067446,0.002213827334344387,0.0025440631434321404,0.0027301281224936247,0.0031595686450600624,0.0039268722757697105,0.004666751250624657,0.0056141517125070095,0.00658223545178771,0.008540075272321701,0.009848148562014103,0.01088632456958294,0.01387240644544363,0.01905788853764534,0.02213478274643421,0.03166564926505089,0.04192439094185829,0.06500319391489029,0.12790915369987488,5.5457282066345215
184,0.0,0.008915476500988007,0.006815205793827772,0.006337485741823912,0.004996177740395069,0.003562271362170577,0.003035421948879957,0.002881470834836364,0.0027282359078526497,0.002521195914596319,0.0022726603783667088,0.0025971229188144207,0.002766762860119343,0.003231530776247382,0.00402420200407505,0.0046893637627363205,0.005637276917695999,0.006539016962051392,0.008543647825717926,0.01009797677397728,0.011149284429848194,0.01409648172557354,0.01829957589507103,0.02293936349451542,0.03193448856472969,0.04275563359260559,0.06382245570421219,0.11953428387641907,5.147511959075928
185,0.0,0.00832056999206543,0.006448855623602867,0.005781339015811682,0.004633410833775997,0.0032322918996214867,0.002701473655179143,0.002552023157477379,0.0025050584226846695,0.0022666589356958866,0.002067245775833726,0.002460746793076396,0.0026829491835087538,0.0030404513236135244,0.003968680743128061,0.004489171784371138,0.00538773275911808,0.006243704352527857,0.0080452561378479,0.009497259743511677,0.010767677798867226,0.013497056439518929,0.018086053431034088,0.021164026111364365,0.03095431625843048,0.042280085384845734,0.06596991419792175,0.16837872564792633,8.759708404541016
186,0.0,0.011162169277668,0.008790897205471992,0.007852956652641296,0.00630222586914897,0.004486351273953915,0.0036218094173818827,0.00322744227014482,0.0031343947630375624,0.0028741995338350534,0.002578339772298932,0.0029537680093199015,0.00306343799456954,0.003499882761389017,0.004264925140887499,0.004964308813214302,0.0059697614051401615,0.006825033575296402,0.008522584103047848,0.010183144360780716,0.011095179244875908,0.013716043904423714,0.0185449980199337,0.02216019108891487,0.030567727982997894,0.04109089821577072,0.06551671773195267,0.13124682009220123,6.368901252746582
187,0.0,0.008348958566784859,0.006350436247885227,0.005816315300762653,0.004661844111979008,0.0032886893022805452,0.002685495186597109,0.0024819138925522566,0.0024420444387942553,0.002284156857058406,0.0020942690316587687,0.0024699363857507706,0.0026717185974121094,0.003030305029824376,0.003853811416774988,0.004383884835988283,0.005629997234791517,0.006590953096747398,0.008334998972713947,0.009760284796357155,0.011213620193302631,0.014017160050570965,0.017274128273129463,0.022097032517194748,0.030509935691952705,0.04094266518950462,0.06432001292705536,0.14127880334854126,7.246647834777832
188,0.0,0.008153305388987064,0.006500334944576025,0.0060180663131177425,0.0049722762778401375,0.0035470935981720686,0.003014760557562113,0.002781776012852788,0.002758205635473132,0.0025084351655095816,0.0023473186884075403,0.00281232176348567,0.0029985972214490175,0.003357094479724765,0.004405625630170107,0.005026706028729677,0.00582991074770689,0.0069891903549432755,0.008745814673602581,0.011076315306127071,0.01235656812787056,0.015270853415131569,0.019753770902752876,0.02478419430553913,0.03832286223769188,0.04734950512647629,0.07668458670377731,0.2184171825647354,9.565446853637695
189,0.0,0.008547350764274597,0.0066399467177689075,0.0059530776925385,0.0047805216163396835,0.0033801812678575516,0.0027415223885327578,0.0025406668428331614,0.0025379934813827276,0.0022715283557772636,0.002108312677592039,0.002486898098140955,0.0026405248790979385,0.0030913709197193384,0.0038802193012088537,0.004445831757038832,0.005282091908156872,0.006411776877939701,0.008250866085290909,0.009690624661743641,0.010836184956133366,0.01323893666267395,0.017653312534093857,0.021311482414603233,0.02991626039147377,0.04076343774795532,0.06236277520656586,0.12998494505882263,5.990205764770508
190,0.0,0.00862956140190363,0.006715914234519005,0.006066920235753059,0.004770023748278618,0.0033686761744320393,0.002803014824166894,0.0026821019127964973,0.0026068268343806267,0.00232465541921556,0.0021709876600652933,0.002568778581917286,0.002761565148830414,0.0032318918965756893,0.004095949698239565,0.004874431528151035,0.005553520750254393,0.006747372914105654,0.008103854954242706,0.009730873629450798,0.010592165403068066,0.013531147502362728,0.017777692526578903,0.022752709686756134,0.031183548271656036,0.04306218773126602,0.0641426146030426,0.14484326541423798,6.906484603881836
191,0.0,0.008435023948550224,0.006645817309617996,0.006048835813999176,0.00482795387506485,0.0033616682048887014,0.0027808351442217827,0.0026360126212239265,0.002534921281039715,0.002286296570673585,0.0021086891647428274,0.002468682825565338,0.0026584493461996317,0.003079833695665002,0.004008615389466286,0.004523878451436758,0.005376243963837624,0.0062646339647471905,0.007976459339261055,0.009595043957233429,0.01110343262553215,0.01374389510601759,0.017875220626592636,0.022013360634446144,0.031162938103079796,0.042932502925395966,0.06831038743257523,0.15750832855701447,7.7986040115356445
192,0.0,0.0074133905582129955,0.005848069675266743,0.005442504305392504,0.004436192102730274,0.0032154684886336327,0.002796716755256057,0.0025419925805181265,0.0024513250682502985,0.002251435536891222,0.002070044167339802,0.0025129618588835,0.002728488529101014,0.0031290079932659864,0.0041833724826574326,0.0046922313049435616,0.0052984668873250484,0.006281853187829256,0.008027021773159504,0.01051729079335928,0.011901713907718658,0.014036736451089382,0.019108960404992104,0.022341562435030937,0.03335798531770706,0.04485457018017769,0.07015891373157501,0.16035929322242737,7.6559271812438965
193,0.0,0.012125826440751553,0.009393423795700073,0.008382108993828297,0.00657926220446825,0.004900800529867411,0.004185312893241644,0.0038576985243707895,0.003656914923340082,0.003430719254538417,0.003002821234986186,0.00324229639954865,0.0033014335203915834,0.003757848870009184,0.004732937086373568,0.005512291565537453,0.0066206189803779125,0.007602440658956766,0.00936108734458685,0.011234146542847157,0.012889127247035503,0.016329562291502953,0.022739125415682793,0.0286589115858078,0.0368068665266037,0.05527060106396675,0.08802229911088943,0.16544772684574127,5.8323822021484375
194,0.0,0.007473641540855169,0.005801614839583635,0.005218906793743372,0.004169688560068607,0.0030007052700966597,0.0025534925516694784,0.0023673069663345814,0.002248890930786729,0.0021162196062505245,0.0019536572508513927,0.0024278995115309954,0.0026222083251923323,0.003011503955349326,0.003864760510623455,0.004578534048050642,0.005396828055381775,0.006477796006947756,0.008372335694730282,0.010070450603961945,0.01122251246124506,0.013922831043601036,0.018161319196224213,0.022007832303643227,0.03138132393360138,0.04261579364538193,0.06404484808444977,0.14163433015346527,6.448173999786377
195,0.0,0.008585512638092041,0.006685723550617695,0.006145321298390627,0.004908869042992592,0.003519420512020588,0.002977095078676939,0.0027891104109585285,0.0026818104088306427,0.002429243642836809,0.0021807204466313124,0.002546321600675583,0.0027679235208779573,0.003204296575859189,0.0040905349887907505,0.004785370081663132,0.005642700474709272,0.0067743840627372265,0.008485361002385616,0.010189199820160866,0.01124366745352745,0.014269409701228142,0.019254734739661217,0.023653848096728325,0.03197170048952103,0.04255979135632515,0.0646405816078186,0.12307584285736084,5.141508102416992
196,0.0,0.008850452490150928,0.006801317445933819,0.006130907218903303,0.004848730284720659,0.003455623285844922,0.002825261792168021,0.002597646787762642,0.0024633517023175955,0.002240682253614068,0.0021354854106903076,0.0025089404080063105,0.0026604013983160257,0.0030587308574467897,0.004043251276016235,0.004589483607560396,0.0053473846055567265,0.0062706200405955315,0.008019997738301754,0.010195701383054256,0.011242911219596863,0.013766506686806679,0.018567891791462898,0.022187169641256332,0.03019765019416809,0.04024278372526169,0.059970732778310776,0.1255819946527481,6.08665657043457
197,0.0,0.009715096093714237,0.00758873438462615,0.006876345258206129,0.005474530626088381,0.0038721628952771425,0.003155661281198263,0.0028984490782022476,0.0027599078603088856,0.002542360220104456,0.0023068978916853666,0.002588653704151511,0.0028057710733264685,0.0032601263374090195,0.004014571197330952,0.004646637011319399,0.005877634510397911,0.0066339862532913685,0.008893734775483608,0.010127244517207146,0.01118871197104454,0.014043211936950684,0.01877378486096859,0.022362736985087395,0.03206214681267738,0.04099775105714798,0.06379722058773041,0.1264764815568924,5.602791786193848
198,0.0,0.008078700862824917,0.006381436716765165,0.005759009625762701,0.0046271467581391335,0.003283141879364848,0.0027456828393042088,0.002535285660997033,0.0025284176226705313,0.00227109482511878,0.002106055384501815,0.0024876301176846027,0.0026774003636091948,0.0031093969009816647,0.004025260452181101,0.004605244379490614,0.005598776042461395,0.006515990477055311,0.008200942538678646,0.010072573088109493,0.011182466521859169,0.014270358718931675,0.017828084528446198,0.022050563246011734,0.031062528491020203,0.04189743101596832,0.06455763429403305,0.15122735500335693,7.527957916259766
199,0.0,0.008672505617141724,0.006719331722706556,0.006062677595764399,0.004859544802457094,0.0034892663825303316,0.0028893023263663054,0.002636134158819914,0.0024857341777533293,0.0023155473172664642,0.0021383988205343485,0.0025766189210116863,0.0027344783302396536,0.003150548553094268,0.003996243234723806,0.0046000732108950615,0.005353828892111778,0.006409014575183392,0.007804895751178265,0.01010002102702856,0.011260724626481533,0.013833538629114628,0.018111584708094597,0.02235170640051365,0.03092382475733757,0.04144754633307457,0.06598089635372162,0.15177279710769653,7.5038275718688965
200,0.0,0.008114084601402283,0.0063541787676513195,0.005728123709559441,0.004682783503085375,0.00327244121581316,0.0027414627838879824,0.0025536390021443367,0.002428774954751134,0.002242830814793706,0.002061412436887622,0.00244016177020967,0.002679310040548444,0.003009839216247201,0.003836125135421753,0.004553275648504496,0.00530316261574626,0.006491918582469225,0.008105938322842121,0.009815470315515995,0.010806871578097343,0.01355702243745327,0.017431465908885002,0.021420877426862717,0.03030426613986492,0.04118295758962631,0.06301561743021011,0.14095523953437805,7.0261430740356445
201,0.0,0.008882190100848675,0.006800034083425999,0.006159971933811903,0.004985083360224962,0.003542080521583557,0.0029069092124700546,0.002720094984397292,0.0026309711392968893,0.002419611206278205,0.0022257145028561354,0.0025930250994861126,0.0027561229653656483,0.003178367856889963,0.003951330203562975,0.004572333302348852,0.005430618766695261,0.006391569972038269,0.008166003040969372,0.009685885161161423,0.011048044078052044,0.01341350469738245,0.017725655809044838,0.02118912898004055,0.030033398419618607,0.04030444845557213,0.06259763240814209,0.15180054306983948,6.549887180328369
202,0.0,0.009937646798789501,0.0077864606864750385,0.006900072563439608,0.005447219591587782,0.003910320345312357,0.0032745511271059513,0.002849435666576028,0.0027673854492604733,0.002550847828388214,0.0023204018361866474,0.0026837873738259077,0.002841375069692731,0.0032376328017562628,0.004126950167119503,0.004774328321218491,0.005894127301871777,0.006817415822297335,0.008129131980240345,0.01003272831439972,0.01136610098183155,0.014149275608360767,0.018744435161352158,0.023258820176124573,0.03288818895816803,0.04354514181613922,0.06674060225486755,0.12126616388559341,5.228097438812256
203,0.0,0.0095883933827281,0.007464482448995113,0.006847192067652941,0.0054880790412425995,0.0038614654913544655,0.003191250143572688,0.0028866580687463284,0.0027134851552546024,0.002583261812105775,0.0023329269606620073,0.0026640999130904675,0.002798184286803007,0.0032162140123546124,0.004036763217300177,0.004778628703206778,0.005955849774181843,0.00668193819001317,0.008563689887523651,0.009987188503146172,0.01130591705441475,0.014810563065111637,0.019172342494130135,0.024065840989351273,0.03347005695104599,0.04339321330189705,0.06607771664857864,0.13882698118686676,6.560159683227539
204,0.0,0.010046588256955147,0.0078508909791708,0.007060040719807148,0.005609601270407438,0.004078004043549299,0.0032493507023900747,0.0029083923436701298,0.0027308620046824217,0.002604407025501132,0.002385424915701151,0.0027264137752354145,0.0028629719745367765,0.003288812004029751,0.004070154391229153,0.004720154218375683,0.005846444517374039,0.006720004137605429,0.0086345374584198,0.010228102095425129,0.01150475349277258,0.014002356678247452,0.019249996170401573,0.025091025978326797,0.031881146132946014,0.04367968067526817,0.07160145789384842,0.1297246217727661,4.608547687530518
205,0.0,0.00825045071542263,0.006492460612207651,0.005928198341280222,0.0047898124903440475,0.003399045206606388,0.0027758430223912,0.002604324836283922,0.0024698625784367323,0.0022526078391820192,0.00211527943611145,0.0024622399359941483,0.002707310952246189,0.003126939758658409,0.003918730188161135,0.004636998288333416,0.005548013839870691,0.00647231237962842,0.008479473181068897,0.010048625990748405,0.010990002192556858,0.013813910074532032,0.018023472279310226,0.02226698026061058,0.030265750363469124,0.040491219609975815,0.06255026906728745,0.1532595306634903,7.484654903411865
206,0.0,0.009003822691738605,0.006981509737670422,0.006188015453517437,0.005040202289819717,0.0035182381980121136,0.0028785266913473606,0.002677055075764656,0.0024953207466751337,0.002312646945938468,0.002195444656535983,0.0025446005165576935,0.0027351155877113342,0.0031941605266183615,0.004007373470813036,0.0045067304745316505,0.005477192346006632,0.006526822689920664,0.008045405149459839,0.009666118770837784,0.010535337962210178,0.013752791099250317,0.018465513363480568,0.022303912788629532,0.031080113723874092,0.040701448917388916,0.060945916920900345,0.1227327287197113,5.255001068115234
207,0.0,0.00807935744524002,0.006208721082657576,0.005725945811718702,0.004537780769169331,0.0033070179633796215,0.002718384610489011,0.002510734833776951,0.0023934352211654186,0.0022099448833614588,0.0020404402166604996,0.002459021285176277,0.00263488688506186,0.003037255723029375,0.003851767862215638,0.004556514788419008,0.005349216051399708,0.006545248441398144,0.008298927918076515,0.009847801178693771,0.011231967248022556,0.013647526502609253,0.017627296969294548,0.021431026980280876,0.030572131276130676,0.04054032266139984,0.06152430921792984,0.14613093435764313,6.887356281280518
208,0.0,0.009286669082939625,0.007162377703934908,0.006467712577432394,0.0051555088721215725,0.0036618243902921677,0.0029872891027480364,0.002732280408963561,0.0026090426836162806,0.0023456865455955267,0.0022145078983157873,0.0025551486760377884,0.002674775430932641,0.0030534539837390184,0.003891986096277833,0.004586785566061735,0.0055261412635445595,0.00634884275496006,0.008017688989639282,0.009878192096948624,0.010885985568165779,0.01402412448078394,0.018713749945163727,0.022405892610549927,0.031228752806782722,0.040933359414339066,0.0640782043337822,0.12225670367479324,5.483591079711914
209,0.0,0.008059456944465637,0.006179857067763805,0.005602468736469746,0.004459433723241091,0.00316468789242208,0.0026243350002914667,0.0025399180594831705,0.0023639898281544447,0.0021830692421644926,0.0020349151454865932,0.0024017291143536568,0.002571340650320053,0.003015445778146386,0.003980472218245268,0.004504322074353695,0.005449782591313124,0.006588132586330175,0.008098154328763485,0.010389594361186028,0.011124557815492153,0.014274224638938904,0.018727028742432594,0.022669970989227295,0.03151935711503029,0.04209420830011368,0.06338346004486084,0.14361630380153656,6.70900821685791
210,0.0,0.00851078238338232,0.006641821004450321,0.005939807277172804,0.00470723444595933,0.0032877090852707624,0.002791732782498002,0.002646450884640217,0.002573339967057109,0.002380552003160119,0.002218087436631322,0.0025147271808236837,0.0026771523989737034,0.003155597485601902,0.003935498651117086,0.004692201968282461,0.005694360472261906,0.0067381118424236774,0.008355696685612202,0.010227770544588566,0.010968860238790512,0.013820057734847069,0.018547002226114273,0.022485101595520973,0.03280496969819069,0.042905550450086594,0.06553535908460617,0.18454182147979736,9.008186340332031
211,0.0,0.009743519127368927,0.007565400563180447,0.006690929178148508,0.005373270250856876,0.0038838020991533995,0.0032331286929547787,0.002997793722897768,0.003011847147718072,0.0026184190064668655,0.0023534137289971113,0.0027228714898228645,0.0028936509042978287,0.003353932872414589,0.004176117945462465,0.004729878157377243,0.005352353677153587,0.0062636579386889935,0.00794827938079834,0.009621922858059406,0.010505719110369682,0.013433368876576424,0.01793763041496277,0.022233078256249428,0.031113969162106514,0.04060303047299385,0.06160964444279671,0.12018074095249176,5.458432674407959
212,0.0,0.009652958251535892,0.007510947994887829,0.006644644308835268,0.005354789085686207,0.0037672920152544975,0.0030564155895262957,0.0027709996793419123,0.0026515612844377756,0.002431364730000496,0.002269557910040021,0.002580853644758463,0.0027875048108398914,0.0031837851274758577,0.0039773969911038876,0.004581471439450979,0.005656146444380283,0.006505177356302738,0.008355986326932907,0.009821207262575626,0.011004108935594559,0.014212355017662048,0.018822215497493744,0.022486450150609016,0.03197121247649193,0.04128381609916687,0.06400780379772186,0.1300583779811859,5.474242210388184
213,0.0,0.00799737311899662,0.006248359102755785,0.005691052880138159,0.004475765395909548,0.0031841599848121405,0.0026772613637149334,0.002547579351812601,0.002396260853856802,0.002218019450083375,0.0020817925687879324,0.0024154598359018564,0.0025880225002765656,0.003039782168343663,0.003899119095876813,0.004532911814749241,0.0054921554401516914,0.006474912632256746,0.008268519304692745,0.010210210457444191,0.010775072500109673,0.013437994755804539,0.01846456341445446,0.021674515679478645,0.030093451961874962,0.041134223341941833,0.06562264263629913,0.1389787197113037,6.790574550628662
214,0.0,0.00948004238307476,0.007207262329757214,0.006740903947502375,0.005366161465644836,0.0038020010106265545,0.0031438118312507868,0.002964508021250367,0.0028239756356924772,0.0025774689856916666,0.0023497981019318104,0.002674165414646268,0.002838755724951625,0.0032280273735523224,0.004085084889084101,0.004691232927143574,0.006004550494253635,0.006874687038362026,0.008425749838352203,0.009987952187657356,0.011317109689116478,0.014187702909111977,0.018639324232935905,0.022650565952062607,0.030042750760912895,0.04095911234617233,0.061632875353097916,0.11146457493305206,4.521633625030518
215,0.0,0.00874234363436699,0.006796250119805336,0.006150766741484404,0.004980864003300667,0.003454524092376232,0.0028425909113138914,0.002698414959013462,0.0026165812741965055,0.002365151885896921,0.002161705167964101,0.0025170298758894205,0.002757412614300847,0.0031661298125982285,0.004007066134363413,0.004681670572608709,0.005892675835639238,0.007097845431417227,0.009150915779173374,0.010833696462213993,0.011267002671957016,0.014197994954884052,0.019662531092762947,0.0235932394862175,0.032477717846632004,0.04270238056778908,0.06450729072093964,0.1224881187081337,4.803521633148193
216,0.0,0.010767513886094093,0.008343101479113102,0.007418148219585419,0.005877695512026548,0.004166448954492807,0.0032634215895086527,0.002956448821350932,0.0028623000252991915,0.0026462955866008997,0.0024222431238740683,0.002785999095067382,0.0029068614821881056,0.0032786373049020767,0.004087521694600582,0.004742608405649662,0.005317475646734238,0.006392254494130611,0.007737267762422562,0.009445587173104286,0.010498546995222569,0.012944633141160011,0.018359113484621048,0.02227785997092724,0.03165864199399948,0.04200237616896629,0.06624604016542435,0.12865515053272247,5.251908302307129
217,0.0,0.009804848581552505,0.007669021841138601,0.006924676243215799,0.005582304205745459,0.0039640674367547035,0.0033598062582314014,0.0030956657137721777,0.0029560730326920748,0.002728020306676626,0.0024723431561142206,0.0027873925864696503,0.00292616942897439,0.0032559300307184458,0.004199435468763113,0.00483976025134325,0.005787815898656845,0.006519189570099115,0.008287778124213219,0.009913220070302486,0.010861875489354134,0.014059958979487419,0.01875254511833191,0.022503305226564407,0.03174449875950813,0.04276210814714432,0.06299887597560883,0.17154546082019806,8.394237518310547
218,0.0,0.008242110721766949,0.006433362606912851,0.005770087707787752,0.00467168353497982,0.0033271717838943005,0.0027316671330481768,0.002482570707798004,0.002472908701747656,0.0022581415250897408,0.0020960622932761908,0.002483193064108491,0.0026912305038422346,0.003132566576823592,0.0040835049003362656,0.004610266070812941,0.005255834199488163,0.0063756536692380905,0.008018242195248604,0.009899572469294071,0.01109270378947258,0.013764038681983948,0.018149612471461296,0.021845219656825066,0.033091213554143906,0.042868174612522125,0.06344497948884964,0.15497778356075287,7.876015663146973
219,0.0,0.009003016166388988,0.007014025002717972,0.006426285021007061,0.005052227061241865,0.0035829301923513412,0.0030116140842437744,0.0027597094886004925,0.0026891527231782675,0.002483831951394677,0.002256578067317605,0.0026060352101922035,0.0027563138864934444,0.0033259857445955276,0.0040582618676126,0.0046717580407857895,0.005995240528136492,0.007063622120767832,0.008858663961291313,0.01034146174788475,0.011264839209616184,0.014132879674434662,0.0186941958963871,0.022737836465239525,0.031101500615477562,0.04277748614549637,0.06520561873912811,0.12248951941728592,5.661020755767822
220,0.0,0.009852665476500988,0.007644242607057095,0.006918861530721188,0.005506101995706558,0.003908859565854073,0.0031984697561711073,0.002815176732838154,0.0026996422093361616,0.002540567656978965,0.0023362748324871063,0.0026697213761508465,0.0028152603190392256,0.0032233053352683783,0.004088064655661583,0.0047584595158696175,0.005830715410411358,0.006762429606169462,0.008289606310427189,0.010159731842577457,0.011525102891027927,0.01461752224713564,0.01893071085214615,0.02352932095527649,0.03236004710197449,0.04247158765792847,0.0664193332195282,0.12226781994104385,5.715761184692383
221,0.0,0.009253738448023796,0.00717049790546298,0.00658464664593339,0.005311601795256138,0.0037976624444127083,0.00306938705034554,0.0027971924282610416,0.0026700289454311132,0.0024542673490941525,0.0022522779181599617,0.002601092914119363,0.002765309764072299,0.0031857697758823633,0.004066577181220055,0.004687265492975712,0.005517072044312954,0.0062332842499017715,0.008307136595249176,0.009638013318181038,0.010383442044258118,0.013606091029942036,0.017694909125566483,0.0221448615193367,0.031351156532764435,0.040255412459373474,0.06820527464151382,0.145433709025383,7.2205119132995605
222,0.0,0.009224358014762402,0.007038893178105354,0.0063945818692445755,0.005022629629820585,0.0036467229947447777,0.0030396473594009876,0.002848442643880844,0.0026849834248423576,0.0024183818604797125,0.002223644871264696,0.0025603603571653366,0.0027938284911215305,0.003201134502887726,0.004358971957117319,0.004814728628844023,0.005582569167017937,0.00681630615144968,0.008334982208907604,0.010120823048055172,0.01072092354297638,0.013519586995244026,0.01958450675010681,0.023314686492085457,0.03308511897921562,0.04502364993095398,0.06609736382961273,0.13406293094158173,6.070489406585693
223,0.0,0.010149762034416199,0.007801557891070843,0.00709351385012269,0.00568885263055563,0.0040740217082202435,0.003202172927558422,0.002949304645881057,0.002793305553495884,0.002561932196840644,0.00236341031268239,0.0027289320714771748,0.0028819513972848654,0.0033087541814893484,0.00410402612760663,0.004810386803001165,0.0058857654221355915,0.006786751560866833,0.00840659998357296,0.010353890247642994,0.011424827389419079,0.014739695005118847,0.020149920135736465,0.025642866268754005,0.03418293967843056,0.04762033373117447,0.07548496127128601,0.14288632571697235,5.239531517028809
224,0.0,0.010092254728078842,0.007894820533692837,0.007075770758092403,0.005653077270835638,0.00407833606004715,0.00322712492197752,0.002960250014439225,0.002741185249760747,0.002572320867329836,0.0023500900715589523,0.0026396899484097958,0.0028182354290038347,0.003257766366004944,0.004189454950392246,0.004811596125364304,0.005767775699496269,0.006733864080160856,0.00866510346531868,0.010068428702652454,0.011391870677471161,0.013887082226574421,0.018769189715385437,0.023920796811580658,0.03195541352033615,0.04390643537044525,0.06559977680444717,0.1371770054101944,6.186440467834473
225,0.0,0.008135929703712463,0.006331966258585453,0.005699071101844311,0.004519712645560503,0.003240925492718816,0.00273789931088686,0.002563260728493333,0.002517441753298044,0.002266406547278166,0.0020747329108417034,0.0024461206048727036,0.0026936098001897335,0.00314963492564857,0.003926468547433615,0.0046449569053947926,0.005516563542187214,0.006591516546905041,0.007944668643176556,0.010366277769207954,0.01111025270074606,0.01407390832901001,0.018077263608574867,0.022552991285920143,0.0322377011179924,0.04157988354563713,0.06690748780965805,0.1296650469303131,6.014220237731934
226,0.0,0.008817726746201515,0.006762966979295015,0.00625084713101387,0.004897696897387505,0.003415697021409869,0.0029307056684046984,0.0026997907552868128,0.002598648192360997,0.0023280885070562363,0.0022149793803691864,0.0025400258600711823,0.0027470265049487352,0.003139024367555976,0.004138420335948467,0.00459401635453105,0.0055747851729393005,0.00647615035995841,0.00829885434359312,0.009793991222977638,0.01103836391121149,0.013600132428109646,0.017987564206123352,0.021984312683343887,0.02999543398618698,0.040866293013095856,0.06527139246463776,0.13495929539203644,6.471016883850098
227,0.0,0.008385426364839077,0.006430962588638067,0.005863389931619167,0.004682428669184446,0.003354729851707816,0.002713395981118083,0.0025909433607012033,0.0024665663950145245,0.0022788532078266144,0.0021251793950796127,0.002495803404599428,0.002641094382852316,0.003082789946347475,0.0038829371333122253,0.0045780641958117485,0.005386217962950468,0.00644064974039793,0.008517876267433167,0.009834234602749348,0.010908074676990509,0.013978451490402222,0.01793365180492401,0.0218939371407032,0.0316031351685524,0.04103591665625572,0.062088169157505035,0.1258392632007599,5.462645530700684
228,0.0,0.009084964171051979,0.007030691020190716,0.006432694382965565,0.005037788301706314,0.003566664643585682,0.002914817538112402,0.0026166485622525215,0.0026025783736258745,0.002373539377003908,0.0022114100866019726,0.0025610092561692,0.0027657796163111925,0.0031759801786392927,0.004003098234534264,0.004647345747798681,0.006040879525244236,0.007108023390173912,0.008846384473145008,0.01012425310909748,0.011146850883960724,0.014470144174993038,0.019478723406791687,0.024234408512711525,0.03174721822142601,0.04240333288908005,0.06626828014850616,0.1556689441204071,7.9240803718566895
229,0.0,0.006736197974532843,0.005337647628039122,0.004855557810515165,0.003922167234122753,0.002791321137920022,0.0023597138933837414,0.0022234064526855946,0.002155351685360074,0.001979667926207185,0.0018801001133397222,0.0023772306740283966,0.0026706522330641747,0.0030629716347903013,0.0038403496146202087,0.004605798050761223,0.005494906101375818,0.0065277512185275555,0.008442251943051815,0.010239169001579285,0.011730452068150043,0.014157179743051529,0.01942603290081024,0.023405125364661217,0.03378278389573097,0.043807704001665115,0.0701756551861763,0.15020065009593964,6.582313537597656
230,0.0,0.009112821891903877,0.007157294545322657,0.006415395066142082,0.005080270115286112,0.003641064977273345,0.002978020813316107,0.0027727349661290646,0.0026215873658657074,0.002433820627629757,0.0022425127681344748,0.002592663513496518,0.0027972927782684565,0.003154141129925847,0.004037338774651289,0.00462378840893507,0.00548733351752162,0.006452038884162903,0.00819819699972868,0.010070736519992352,0.011087114922702312,0.013682186603546143,0.017985276877880096,0.022820662707090378,0.031464312225580215,0.04097651690244675,0.06377241760492325,0.12707114219665527,5.977087497711182
231,0.0,0.009043669328093529,0.006883290596306324,0.00620374595746398,0.0049925316125154495,0.003527872497215867,0.002909245202317834,0.0026898097712546587,0.002568025840446353,0.0023911744356155396,0.002178444992750883,0.0025580949150025845,0.0027191645931452513,0.00313219940289855,0.003923123236745596,0.004503658507019281,0.005341383162885904,0.006371901836246252,0.008004490286111832,0.009733019396662712,0.010394886136054993,0.013995748944580555,0.01775895431637764,0.022231845185160637,0.031745366752147675,0.04309998080134392,0.06863664835691452,0.16279521584510803,7.97688627243042
232,0.0,0.008999742567539215,0.006922080181539059,0.006216437555849552,0.0050486293621361256,0.003559123957529664,0.002925136126577854,0.002646508626639843,0.002547692973166704,0.002381628844887018,0.002180664800107479,0.002493872307240963,0.002741906326264143,0.003156073624268174,0.00391147006303072,0.004623803310096264,0.005821906961500645,0.007027594838291407,0.008320899680256844,0.010168956592679024,0.010893757455050945,0.013662862591445446,0.019410841166973114,0.02300373651087284,0.0325748473405838,0.04365074262022972,0.06940899044275284,0.14217007160186768,6.301097869873047
233,0.0,0.00959142204374075,0.007371928542852402,0.006701413542032242,0.0053322212770581245,0.003797543700784445,0.0031809646170586348,0.002967670327052474,0.0028265377040952444,0.002615263918414712,0.002362059662118554,0.0027282845694571733,0.002886338857933879,0.003335941582918167,0.004208803176879883,0.004819998983293772,0.0056761871092021465,0.006539297290146351,0.00814337283372879,0.00994973722845316,0.01065649464726448,0.013571352697908878,0.01774793304502964,0.022032037377357483,0.030956806614995003,0.040805187076330185,0.06219170242547989,0.11089162528514862,5.03023099899292
234,0.0,0.008860822767019272,0.007027803920209408,0.006404262036085129,0.005169067531824112,0.003631868166849017,0.002937555545940995,0.0026827410329133272,0.0025905543006956577,0.0023591173812747,0.0022024675272405148,0.0025460091419517994,0.0027189471293240786,0.0031445494387298822,0.004047716036438942,0.004508738871663809,0.005504618864506483,0.006377507466822863,0.007678615394979715,0.009318278171122074,0.010510246269404888,0.013146648183465004,0.017757585272192955,0.021518979221582413,0.030836915597319603,0.04035673290491104,0.06199080869555473,0.16328935325145721,8.787790298461914
235,0.0,0.007072401233017445,0.005553196184337139,0.0051190550439059734,0.004105387721210718,0.002973465248942375,0.002505108481273055,0.0023521289695054293,0.0022536993492394686,0.0020571742206811905,0.0019591255113482475,0.0024813164491206408,0.002697468502447009,0.0031332015059888363,0.004007350187748671,0.004724826198071241,0.005412583239376545,0.006509170867502689,0.008306925185024738,0.010580736212432384,0.011622901074588299,0.014727531932294369,0.018485160544514656,0.022492825984954834,0.033189985901117325,0.04425307735800743,0.06941656768321991,0.15870340168476105,7.870603084564209
