,layer_1,layer_2,layer_3,layer_4,layer_5,layer_6,layer_7,layer_8,layer_9,layer_10,layer_11,layer_12,layer_13,layer_14,layer_15,layer_16,layer_17,layer_18,layer_19,layer_20,layer_21,layer_22,layer_23,layer_24,layer_25,layer_26,layer_27,layer_28,layer_29
0,0.0,137.83229064941406,95.97138214111328,67.74197387695312,40.74304962158203,19.980518341064453,13.55392074584961,11.339442253112793,9.037025451660156,8.552457809448242,8.192059516906738,8.379318237304688,7.650498390197754,9.685346603393555,10.515301704406738,10.412830352783203,11.093411445617676,10.546438217163086,12.653789520263672,12.721576690673828,14.16544246673584,18.253658294677734,24.540332794189453,31.0069580078125,40.955726623535156,56.597312927246094,122.35708618164062,245.63609313964844,42340.69140625
1,0.0,108.16043853759766,87.58406829833984,61.086830139160156,37.03163146972656,18.51421546936035,11.626087188720703,9.695064544677734,7.922849178314209,7.509289264678955,7.371011257171631,7.4975080490112305,6.526167392730713,7.917710304260254,8.346586227416992,9.292366027832031,9.81705093383789,9.079126358032227,9.995433807373047,10.915608406066895,12.494951248168945,16.135391235351562,21.735939025878906,28.155689239501953,37.78455352783203,48.731502532958984,100.9698486328125,206.62510681152344,29627.59375
2,0.0,132.94247436523438,98.8613510131836,66.26187896728516,45.759300231933594,22.06390380859375,14.321245193481445,11.892918586730957,9.50810432434082,9.62169361114502,8.973051071166992,8.66816520690918,8.350885391235352,9.117801666259766,10.618865966796875,10.485822677612305,10.929405212402344,11.18705940246582,12.129265785217285,13.876561164855957,15.437711715698242,18.364948272705078,24.0898494720459,30.84477424621582,40.113677978515625,55.22176742553711,115.18744659423828,253.63241577148438,39332.515625
3,0.0,133.962158203125,94.2443618774414,67.95578002929688,42.54283905029297,20.447113037109375,13.742679595947266,12.352702140808105,9.22342586517334,9.713418006896973,9.286003112792969,9.495482444763184,8.804729461669922,9.908963203430176,11.031610488891602,11.32065486907959,11.717008590698242,11.422502517700195,12.822834968566895,13.30502700805664,14.757290840148926,18.471588134765625,25.71620750427246,31.716455459594727,41.58193588256836,56.741111755371094,112.10391235351562,303.28790283203125,46428.79296875
4,0.0,154.0965118408203,120.94651794433594,76.54810333251953,51.7607307434082,26.986217498779297,15.717448234558105,13.686635971069336,10.562809944152832,10.324591636657715,9.74222469329834,10.11773681640625,9.409539222717285,12.106012344360352,12.393613815307617,12.851303100585938,13.312894821166992,12.34194278717041,14.52658462524414,15.61503791809082,17.944276809692383,23.373104095458984,29.95267677307129,36.35469436645508,49.91511535644531,68.87489318847656,140.41445922851562,320.8252258300781,48929.58203125
5,0.0,84.0108642578125,68.71566772460938,49.48112106323242,30.84218978881836,14.590441703796387,9.282955169677734,8.301910400390625,6.599820613861084,6.304001808166504,6.395076751708984,6.607280731201172,6.146491527557373,7.261765003204346,8.153646469116211,8.760130882263184,8.663646697998047,8.136777877807617,8.818485260009766,9.863186836242676,11.528717041015625,13.935303688049316,19.119478225708008,24.766817092895508,32.70418167114258,44.9179801940918,93.85075378417969,207.48837280273438,32930.1328125
6,0.0,121.88035583496094,96.93767547607422,61.82996368408203,37.26591491699219,19.35938835144043,11.539459228515625,9.755769729614258,7.759609699249268,7.793586254119873,7.680072784423828,7.4073357582092285,6.651182174682617,8.885027885437012,8.801553726196289,9.296147346496582,9.727185249328613,9.539127349853516,11.218973159790039,11.358607292175293,13.118233680725098,15.78210735321045,21.772441864013672,26.965938568115234,34.86225509643555,53.70342254638672,107.00330352783203,216.18907165527344,34342.2890625
7,0.0,170.80140686035156,135.16319274902344,92.79188537597656,51.866573333740234,27.94361114501953,16.69662857055664,15.093405723571777,12.085846900939941,11.132808685302734,11.053862571716309,11.739407539367676,10.202465057373047,12.067115783691406,12.667012214660645,13.839764595031738,14.06342601776123,12.789631843566895,15.166259765625,16.496944427490234,17.215103149414062,22.47397232055664,30.226123809814453,40.22552490234375,55.896949768066406,67.59944152832031,149.39202880859375,343.8505554199219,57670.43359375
8,0.0,160.77503967285156,129.8906707763672,99.5380859375,54.65544128417969,28.531911849975586,17.341691970825195,14.69139289855957,12.175665855407715,11.79100227355957,11.125426292419434,10.889921188354492,10.411498069763184,12.27508544921875,13.070690155029297,13.609102249145508,14.34334659576416,13.839986801147461,16.357587814331055,17.314668655395508,17.592864990234375,23.93657875061035,30.504846572875977,39.31021499633789,55.2741813659668,73.95784759521484,142.69906616210938,361.90032958984375,61493.41015625
9,0.0,130.8240203857422,105.55165100097656,62.48387145996094,46.67148971557617,23.015459060668945,14.82298469543457,11.910623550415039,10.088238716125488,8.752784729003906,8.472883224487305,8.93664264678955,8.346900939941406,9.855823516845703,10.686543464660645,10.544356346130371,12.070533752441406,10.559342384338379,12.431208610534668,12.236270904541016,14.279873847961426,18.37346839904785,23.339567184448242,30.582839965820312,39.69322967529297,56.20008850097656,110.05462646484375,281.4272155761719,43146.2890625
10,0.0,146.30044555664062,107.11528778076172,74.58518981933594,50.69182205200195,23.8867244720459,16.25556182861328,12.694451332092285,10.624709129333496,9.564803123474121,8.707230567932129,9.226003646850586,8.521398544311523,10.38221263885498,11.145484924316406,11.846632957458496,11.851642608642578,11.506606101989746,13.062421798706055,14.423120498657227,15.707120895385742,19.359285354614258,25.431333541870117,32.105445861816406,42.57769012451172,56.45939254760742,132.369873046875,295.7051086425781,44527.90234375
11,0.0,174.21192932128906,130.24757385253906,87.16757202148438,59.08355712890625,28.95040512084961,15.646651268005371,14.467533111572266,12.138222694396973,11.139589309692383,10.07608699798584,10.729877471923828,9.296965599060059,10.858834266662598,11.906346321105957,12.320877075195312,13.462590217590332,12.505707740783691,13.919495582580566,14.717450141906738,19.160173416137695,22.306917190551758,30.825103759765625,38.77605056762695,50.964847564697266,70.38680267333984,147.72781372070312,304.81988525390625,46563.28125
12,0.0,138.92184448242188,116.52860260009766,73.3609390258789,51.56425857543945,28.489246368408203,15.233016967773438,14.198664665222168,10.927186012268066,10.934832572937012,9.785638809204102,9.890182495117188,9.096457481384277,10.647553443908691,11.55357837677002,12.2191162109375,13.097559928894043,12.27398681640625,13.812826156616211,14.892815589904785,15.62185287475586,21.158493041992188,28.387447357177734,36.85087585449219,49.06770706176758,67.41764068603516,146.16285705566406,299.76708984375,45716.14453125
13,0.0,165.5725555419922,129.80007934570312,86.742431640625,62.29484558105469,29.251262664794922,17.066444396972656,14.393733024597168,11.643692016601562,11.064599990844727,10.58932876586914,10.45554256439209,9.344834327697754,11.779471397399902,11.605508804321289,12.069133758544922,12.841475486755371,12.941752433776855,14.115410804748535,15.914470672607422,18.16849708557129,23.137977600097656,31.320158004760742,38.24287796020508,55.455684661865234,76.06295776367188,165.13623046875,317.205078125,47408.25390625
14,0.0,187.12042236328125,156.27963256835938,108.37876892089844,70.46576690673828,31.78359031677246,19.776826858520508,17.297868728637695,14.000776290893555,13.168766975402832,11.240877151489258,11.557876586914062,10.824108123779297,12.669220924377441,13.652843475341797,14.100142478942871,14.1088285446167,14.801012992858887,16.54551887512207,17.72855567932129,19.057044982910156,25.717845916748047,34.8173713684082,44.8279914855957,56.696311950683594,77.38057708740234,173.41055297851562,362.47412109375,55775.578125
15,0.0,218.56504821777344,148.9066162109375,103.84123229980469,65.51275634765625,34.99873352050781,19.91584014892578,16.223661422729492,13.146246910095215,12.425963401794434,12.5680570602417,12.478442192077637,10.746795654296875,12.883950233459473,14.159695625305176,14.74639892578125,15.521641731262207,15.29350471496582,17.14249038696289,18.103200912475586,20.348196029663086,25.939579010009766,35.811744689941406,43.842628479003906,62.74893569946289,84.7345199584961,189.59791564941406,385.33502197265625,61725.0625
16,0.0,139.82321166992188,110.8494873046875,78.65267181396484,44.06547164916992,26.15713119506836,15.657033920288086,13.547097206115723,10.725563049316406,9.926074028015137,9.927911758422852,9.829524040222168,9.120260238647461,10.893017768859863,11.485803604125977,12.637601852416992,12.203455924987793,12.228619575500488,13.745349884033203,14.508726119995117,16.59605598449707,20.977153778076172,29.20097541809082,38.45708465576172,47.59819030761719,67.0891342163086,136.74713134765625,311.0048828125,47784.69921875
17,0.0,97.59847259521484,78.62104034423828,55.56300735473633,33.97270965576172,17.129247665405273,10.454076766967773,8.545642852783203,7.44993782043457,7.427020072937012,7.094735622406006,7.371453285217285,7.136927604675293,8.158171653747559,8.66553783416748,9.007996559143066,9.488448143005371,9.31951904296875,11.26105785369873,11.222657203674316,12.20831298828125,15.960618019104004,22.80773162841797,27.25716209411621,37.029327392578125,50.954200744628906,106.69136810302734,214.26841735839844,34553.8203125
18,0.0,139.181884765625,112.40764617919922,78.61576080322266,46.73956298828125,23.94266128540039,14.961160659790039,12.14522647857666,10.661849021911621,10.454026222229004,9.997114181518555,9.490792274475098,8.825029373168945,9.945905685424805,10.701504707336426,11.354137420654297,12.102988243103027,10.969267845153809,12.820769309997559,13.361543655395508,16.108354568481445,17.9949893951416,25.698789596557617,32.47132110595703,41.81886291503906,54.479915618896484,120.7609634399414,300.8623352050781,46061.890625
19,0.0,153.9532012939453,117.64911651611328,76.65089416503906,43.81698989868164,24.946430206298828,13.713143348693848,12.2205171585083,9.89587116241455,9.447009086608887,8.941385269165039,9.6434326171875,8.393148422241211,10.089949607849121,10.533166885375977,10.929022789001465,11.77131462097168,10.651001930236816,12.477062225341797,13.405871391296387,14.763542175292969,19.204845428466797,26.08075523376465,33.77742385864258,41.62680435180664,57.823238372802734,127.86100769042969,284.5900573730469,43287.76171875
20,0.0,150.06695556640625,105.29051971435547,78.68600463867188,48.14554977416992,24.687681198120117,14.869585037231445,13.245526313781738,10.097198486328125,9.853950500488281,9.707476615905762,10.077219009399414,9.494807243347168,10.737051963806152,11.738823890686035,12.840178489685059,12.382951736450195,12.720542907714844,14.116607666015625,15.453276634216309,16.765676498413086,20.229183197021484,27.310657501220703,36.954673767089844,48.027523040771484,69.2796859741211,143.54383850097656,316.1097717285156,49843.60546875
21,0.0,205.94088745117188,151.76441955566406,106.62214660644531,62.89191818237305,33.89622116088867,21.598724365234375,19.06801986694336,13.192391395568848,13.198722839355469,12.662809371948242,13.317231178283691,12.183272361755371,13.588112831115723,14.975387573242188,16.665496826171875,15.931661605834961,16.101760864257812,17.65073585510254,19.21837615966797,22.264474868774414,28.05496597290039,38.57728958129883,52.4776725769043,66.66950988769531,87.7582778930664,187.46319580078125,423.7815246582031,61228.63671875
22,0.0,118.1600341796875,100.48316192626953,62.68335723876953,42.27439880371094,21.806629180908203,13.732377052307129,11.302448272705078,9.47817611694336,8.899069786071777,8.574307441711426,8.840206146240234,8.164694786071777,8.824378967285156,10.273297309875488,11.270647048950195,11.112496376037598,10.899784088134766,12.520684242248535,13.733335494995117,14.954350471496582,17.547578811645508,22.703824996948242,30.176658630371094,40.45207214355469,54.53255081176758,107.91056823730469,273.0426940917969,42985.203125
23,0.0,185.30691528320312,153.4638671875,100.84905242919922,61.899044036865234,32.32777404785156,17.99948501586914,16.098981857299805,12.792664527893066,11.228144645690918,11.434074401855469,10.89059066772461,10.168486595153809,11.979458808898926,12.41938304901123,13.690834999084473,13.74039077758789,13.021434783935547,16.324146270751953,16.471040725708008,18.286191940307617,23.18380355834961,32.33660125732422,42.13177490234375,53.7929801940918,68.46015930175781,159.04006958007812,366.8113708496094,57233.8125
24,0.0,103.12158203125,75.4855728149414,53.687870025634766,32.772682189941406,17.481969833374023,9.987878799438477,8.897043228149414,7.283319473266602,6.86576509475708,6.264754772186279,7.016788482666016,6.284446716308594,7.555304050445557,8.458076477050781,8.978263854980469,8.67778205871582,8.464278221130371,9.49671459197998,10.709205627441406,11.778807640075684,14.589912414550781,18.73790740966797,25.295520782470703,31.602291107177734,45.2249870300293,92.9754409790039,194.25674438476562,31419.365234375
25,0.0,86.5546875,66.23755645751953,44.85270690917969,29.254549026489258,16.349319458007812,9.007953643798828,8.274659156799316,6.676145553588867,6.584456920623779,6.436828136444092,5.9463701248168945,5.848605632781982,7.032896041870117,7.783657550811768,7.972652912139893,8.271505355834961,8.290494918823242,9.051962852478027,9.720477104187012,11.203042984008789,14.639840126037598,18.414113998413086,23.974328994750977,32.08371353149414,45.11982345581055,94.3291244506836,184.18695068359375,26309.693359375
26,0.0,236.33004760742188,165.04251098632812,113.3118667602539,75.76781463623047,38.942630767822266,21.4977970123291,18.15489387512207,14.841766357421875,13.803902626037598,13.1923828125,12.43478012084961,11.647201538085938,13.700155258178711,14.784875869750977,15.970454216003418,16.355087280273438,15.460580825805664,17.029539108276367,18.319713592529297,19.782695770263672,25.354082107543945,36.47974395751953,44.426666259765625,59.136024475097656,83.21080017089844,186.2242889404297,424.7075500488281,72039.5703125
27,0.0,188.71078491210938,137.5999298095703,95.98745727539062,62.34996032714844,31.419898986816406,17.720075607299805,15.59183120727539,11.76863956451416,11.495176315307617,10.248533248901367,10.954816818237305,9.930814743041992,11.661794662475586,11.980877876281738,13.890158653259277,13.710515975952148,13.543246269226074,15.111288070678711,15.270515441894531,17.297157287597656,23.927471160888672,32.166107177734375,41.4060173034668,55.031612396240234,78.18475341796875,151.46022033691406,342.8069152832031,50315.74609375
28,0.0,189.14662170410156,140.33494567871094,106.3729476928711,64.90753936767578,31.31684112548828,19.932138442993164,16.055782318115234,12.756330490112305,12.635462760925293,12.426304817199707,12.197484016418457,11.480148315429688,12.991704940795898,13.97314739227295,15.274750709533691,15.485379219055176,14.64793586730957,16.86379051208496,17.82384490966797,19.54962730407715,25.862916946411133,33.76668167114258,45.31669998168945,53.736297607421875,74.11392211914062,157.22984313964844,374.21319580078125,57421.68359375
29,0.0,133.37535095214844,111.69308471679688,75.6351318359375,44.44968795776367,23.997638702392578,13.671236991882324,12.565701484680176,10.055534362792969,9.884671211242676,9.222002029418945,9.632763862609863,8.793091773986816,9.521502494812012,11.462987899780273,12.463162422180176,11.584518432617188,11.610360145568848,13.471474647521973,13.974096298217773,14.891682624816895,18.41712760925293,25.851808547973633,32.204994201660156,44.08090591430664,55.55991744995117,122.18132019042969,278.41400146484375,46391.40234375
30,0.0,185.1299285888672,131.83631896972656,101.97429656982422,62.52365493774414,29.398265838623047,18.96123695373535,17.504276275634766,13.650553703308105,12.061792373657227,12.121715545654297,11.221468925476074,11.224713325500488,13.136883735656738,13.076539039611816,14.872420310974121,15.511982917785645,14.528051376342773,16.89994239807129,18.49966812133789,20.364212036132812,25.91623878479004,34.12117385864258,45.77294921875,59.35960388183594,82.24419403076172,166.5370330810547,366.0433349609375,54399.8828125
31,0.0,113.58138275146484,94.56072998046875,60.4482307434082,40.74193572998047,19.70058250427246,11.233172416687012,10.374088287353516,8.156998634338379,7.340303897857666,7.289600849151611,7.4490203857421875,7.2271199226379395,8.779376029968262,9.579983711242676,9.399307250976562,10.218073844909668,9.967424392700195,10.879780769348145,10.957496643066406,13.573966979980469,16.172470092773438,21.173057556152344,27.403139114379883,35.88153839111328,50.480430603027344,108.7489242553711,220.9146728515625,33597.25
32,0.0,174.63388061523438,133.7941131591797,90.97078704833984,58.622291564941406,28.416505813598633,17.914894104003906,15.35365104675293,12.323092460632324,10.853806495666504,10.810738563537598,11.267029762268066,10.473142623901367,12.99364948272705,12.938069343566895,13.495880126953125,13.875327110290527,12.849597930908203,15.064762115478516,15.969172477722168,17.352041244506836,22.807825088500977,30.966915130615234,39.65160369873047,53.064517974853516,73.05767822265625,162.00221252441406,355.1799011230469,50931.5546875
33,0.0,184.43475341796875,146.2000274658203,98.72551727294922,62.81492614746094,31.711252212524414,18.813390731811523,17.178348541259766,12.701498985290527,12.812836647033691,12.314871788024902,12.429586410522461,11.253922462463379,14.01826000213623,14.860695838928223,15.07579517364502,16.37186622619629,15.48890209197998,17.69467544555664,18.181705474853516,21.321664810180664,26.66901206970215,38.92173767089844,47.66401672363281,66.57636260986328,86.39012145996094,190.52557373046875,373.01495361328125,53971.37890625
34,0.0,194.5673828125,149.02987670898438,100.37579345703125,65.75806427001953,35.36436080932617,20.38092613220215,17.955379486083984,13.319504737854004,12.899627685546875,12.259112358093262,12.028833389282227,11.251861572265625,13.623941421508789,14.766883850097656,16.405733108520508,15.826791763305664,15.517659187316895,17.188434600830078,17.865041732788086,20.3843994140625,25.316129684448242,35.343563079833984,45.398681640625,59.9275016784668,84.405029296875,181.88662719726562,421.6119689941406,65264.921875
35,0.0,225.78012084960938,169.7997283935547,112.63632202148438,70.31580352783203,33.59492111206055,20.350791931152344,18.401485443115234,13.6045560836792,13.353830337524414,12.556242942810059,12.490401268005371,11.563729286193848,13.973739624023438,15.012287139892578,15.259953498840332,17.00939178466797,15.539067268371582,18.787622451782227,18.87661361694336,21.657211303710938,26.150527954101562,36.51041793823242,46.77269744873047,66.70054626464844,88.4660415649414,181.6873779296875,413.8315124511719,63677.4765625
36,0.0,209.38304138183594,168.4647674560547,104.78199768066406,75.1266098022461,34.90816116333008,20.86071014404297,18.8348445892334,14.179656028747559,14.10484790802002,12.971922874450684,12.737171173095703,12.220741271972656,13.67740535736084,14.606012344360352,14.863414764404297,16.890941619873047,15.085173606872559,18.407073974609375,18.704599380493164,20.27906036376953,26.098318099975586,33.20344161987305,42.95419692993164,58.12148666381836,81.13311767578125,189.9677276611328,410.2391357421875,63359.03125
37,0.0,149.0562286376953,121.7908935546875,84.06188201904297,55.22574996948242,25.693634033203125,15.8468017578125,13.479836463928223,11.33474349975586,10.56110954284668,10.492199897766113,10.234016418457031,9.592523574829102,10.27027416229248,11.57217788696289,12.576654434204102,12.429685592651367,12.693132400512695,15.068922996520996,15.38668441772461,18.046977996826172,22.521913528442383,31.147912979125977,39.55759811401367,51.441104888916016,68.59669494628906,151.4419708251953,331.3081970214844,45676.11328125
38,0.0,99.97615814208984,82.23934173583984,58.98208236694336,38.101585388183594,17.665515899658203,10.818517684936523,9.611881256103516,7.8067498207092285,7.828182220458984,7.880969047546387,7.6954264640808105,7.0820207595825195,8.0582857131958,9.039998054504395,9.612553596496582,10.06871509552002,9.897743225097656,11.33253288269043,11.53671932220459,12.41590690612793,15.217824935913086,20.982492446899414,27.827041625976562,34.7955436706543,48.81825637817383,103.7682876586914,217.5845947265625,33786.2109375
39,0.0,121.23095703125,97.64694213867188,62.133644104003906,40.160194396972656,21.876998901367188,13.329703330993652,10.950254440307617,9.067909240722656,7.954966068267822,8.088847160339355,8.42798900604248,7.269787788391113,8.773635864257812,8.722107887268066,10.165766716003418,10.172383308410645,10.332127571105957,11.688117980957031,12.76303482055664,14.053667068481445,17.131595611572266,23.0507869720459,29.281383514404297,37.662418365478516,53.96953582763672,104.9039306640625,241.5004425048828,35615.85546875
40,0.0,184.9575958251953,149.6641845703125,113.69857025146484,56.95071029663086,31.35420036315918,18.509437561035156,15.742599487304688,12.962848663330078,11.890012741088867,11.500361442565918,10.802992820739746,10.328958511352539,12.376309394836426,13.049915313720703,13.998778343200684,14.216230392456055,13.74471378326416,17.2093448638916,16.667165756225586,18.87181282043457,25.941543579101562,32.40248489379883,41.105316162109375,55.880104064941406,74.38319396972656,168.2346649169922,361.9727783203125,52857.51953125
41,0.0,143.91043090820312,114.80377197265625,73.13001251220703,46.60781478881836,22.26387596130371,13.868049621582031,11.955334663391113,9.461230278015137,9.386148452758789,8.670774459838867,8.783113479614258,8.49423885345459,9.733634948730469,9.92431926727295,11.304128646850586,11.208702087402344,10.620918273925781,12.908575057983398,13.079642295837402,16.554622650146484,19.80331039428711,28.383220672607422,34.85030746459961,45.978939056396484,64.93331909179688,131.9041290283203,275.86126708984375,43175.7734375
42,0.0,180.30650329589844,146.34713745117188,94.15575408935547,60.18117904663086,31.27307891845703,18.8885498046875,15.597042083740234,12.844090461730957,11.618088722229004,11.785297393798828,11.545507431030273,10.589686393737793,12.236394882202148,12.831711769104004,13.511970520019531,14.267969131469727,14.089715003967285,15.544776916503906,17.22812271118164,19.004135131835938,22.034086227416992,33.082550048828125,42.26303482055664,55.58781051635742,76.42583465576172,169.0803985595703,361.8480224609375,62881.4921875
43,0.0,169.13014221191406,139.7342987060547,98.3056640625,65.62950897216797,31.98288917541504,18.985692977905273,16.508079528808594,13.416622161865234,12.137152671813965,11.82109546661377,12.762687683105469,11.167217254638672,13.25798511505127,13.74734878540039,14.876362800598145,14.926551818847656,14.656085014343262,17.47121238708496,19.241798400878906,19.835264205932617,24.969377517700195,36.16825866699219,45.78965759277344,63.00077819824219,85.86540222167969,180.79837036132812,391.7320251464844,60774.11328125
44,0.0,176.00013732910156,137.29632568359375,84.66612243652344,54.445003509521484,27.670454025268555,17.379621505737305,15.214452743530273,11.959053039550781,10.701467514038086,9.897480964660645,10.99614143371582,9.626724243164062,11.356576919555664,12.558012962341309,12.917437553405762,12.008928298950195,12.302664756774902,14.48937702178955,14.870957374572754,17.248929977416992,23.06234359741211,29.14691162109375,36.479942321777344,49.80295181274414,64.86125946044922,147.35581970214844,340.49334716796875,47987.37890625
45,0.0,167.28170776367188,120.61089324951172,86.99480438232422,58.75902557373047,28.85987091064453,17.34198570251465,14.735261917114258,11.38900089263916,10.795970916748047,10.411027908325195,10.575767517089844,9.606619834899902,11.536336898803711,12.432168006896973,12.642572402954102,13.152395248413086,12.579154968261719,14.691422462463379,14.940486907958984,16.556129455566406,19.738754272460938,29.16253662109375,34.611087799072266,46.96510696411133,64.69606018066406,138.00198364257812,331.2502136230469,52296.953125
46,0.0,163.0400390625,132.60255432128906,95.74701690673828,58.93729782104492,26.8128719329834,17.069210052490234,15.530882835388184,11.566170692443848,10.455788612365723,11.120383262634277,10.701205253601074,9.726553916931152,11.509085655212402,12.604538917541504,12.386733055114746,13.367264747619629,12.853678703308105,13.94147777557373,14.990448951721191,17.090253829956055,22.064502716064453,30.41293716430664,38.18433380126953,51.4665641784668,73.2519760131836,154.0604705810547,365.2264709472656,56082.765625
47,0.0,140.16915893554688,117.8836669921875,75.05587768554688,42.77649688720703,23.669979095458984,14.96557331085205,11.291350364685059,9.409834861755371,8.887754440307617,8.244311332702637,8.17210865020752,7.832289218902588,9.539909362792969,10.722805976867676,11.042267799377441,10.923166275024414,11.153901100158691,12.63740062713623,13.090300559997559,15.59961986541748,18.97660255432129,27.0709228515625,34.81017303466797,45.45784378051758,66.11505889892578,130.69198608398438,279.4298400878906,38282.61328125
48,0.0,161.47633361816406,123.0583724975586,83.46302032470703,50.59123611450195,24.177825927734375,17.876741409301758,12.893378257751465,10.097644805908203,10.49826431274414,9.240185737609863,10.053393363952637,9.24892520904541,10.001951217651367,11.375572204589844,11.668926239013672,12.639286041259766,11.433133125305176,13.257283210754395,14.894857406616211,18.26993751525879,20.9504337310791,27.20427131652832,34.4967041015625,46.21464157104492,68.53901672363281,144.02862548828125,302.4070739746094,45750.48046875
49,0.0,173.1024169921875,146.78172302246094,101.69811248779297,60.323516845703125,30.083911895751953,18.84103012084961,16.407896041870117,13.548020362854004,12.064141273498535,11.56321907043457,11.932076454162598,11.220039367675781,13.016846656799316,13.181686401367188,13.893117904663086,14.678267478942871,14.868988990783691,17.233463287353516,17.507768630981445,20.893123626708984,26.903932571411133,35.675453186035156,43.20835494995117,60.05018997192383,85.325439453125,165.48651123046875,372.628662109375,62900.69140625
50,0.0,94.50227355957031,69.480712890625,46.52897262573242,29.826087951660156,15.958122253417969,8.630644798278809,8.03006649017334,6.439061164855957,6.518699645996094,6.209479331970215,6.423274517059326,5.8440022468566895,7.0647711753845215,7.807682514190674,8.084003448486328,8.436192512512207,7.737685203552246,9.676949501037598,9.176799774169922,10.556766510009766,14.72514533996582,18.203407287597656,21.812286376953125,30.527719497680664,40.04435348510742,84.5858154296875,164.4385986328125,25212.45703125
51,0.0,196.46360778808594,136.84844970703125,113.42219543457031,62.75031661987305,31.28691864013672,20.571096420288086,15.930870056152344,12.946051597595215,12.353744506835938,11.108779907226562,11.811420440673828,10.419054985046387,11.964621543884277,14.736198425292969,14.451629638671875,14.726977348327637,14.1991548538208,16.669727325439453,16.054691314697266,18.00132942199707,23.386343002319336,33.134246826171875,41.914886474609375,56.18482208251953,74.22704315185547,156.05950927734375,393.5948791503906,54433.8203125
52,0.0,172.25804138183594,134.32093811035156,91.99505615234375,64.14356231689453,29.814571380615234,17.258493423461914,14.556058883666992,10.838824272155762,10.288650512695312,10.425027847290039,10.420557022094727,9.282026290893555,11.223401069641113,12.184014320373535,12.502041816711426,13.705204010009766,12.479865074157715,13.292240142822266,14.642309188842773,16.513347625732422,20.685134887695312,28.676706314086914,37.557613372802734,49.386043548583984,64.36149597167969,152.36703491210938,306.3507385253906,49728.8046875
53,0.0,104.46634674072266,83.7708969116211,58.05592346191406,36.55341339111328,18.854673385620117,10.509580612182617,9.801910400390625,7.85444974899292,7.210260391235352,7.101621627807617,7.1544928550720215,6.881994247436523,7.214007377624512,8.812041282653809,8.690757751464844,9.520742416381836,9.195826530456543,10.621381759643555,10.71632194519043,12.546990394592285,15.293061256408691,21.266935348510742,26.569297790527344,36.515586853027344,52.54541778564453,113.02152252197266,201.7364044189453,35196.546875
54,0.0,222.805419921875,190.13548278808594,120.25051879882812,77.57022094726562,38.03238296508789,23.678585052490234,19.441251754760742,15.942633628845215,15.266749382019043,14.268450736999512,15.087486267089844,13.318453788757324,16.444265365600586,16.981536865234375,16.853960037231445,19.13905143737793,17.521066665649414,19.506690979003906,21.582082748413086,22.603090286254883,29.11407470703125,41.539493560791016,51.46200942993164,70.58464050292969,97.7302017211914,196.4589080810547,526.6363525390625,84063.4765625
55,0.0,187.0679168701172,152.70741271972656,99.48088073730469,61.43526840209961,31.471370697021484,18.848844528198242,17.57753562927246,13.368282318115234,12.87125301361084,12.841557502746582,12.749932289123535,11.372310638427734,13.16070556640625,14.042105674743652,15.079544067382812,15.79794979095459,14.00206470489502,16.638004302978516,17.779388427734375,20.78107452392578,24.564199447631836,35.944313049316406,45.04994583129883,59.9843635559082,83.74267578125,174.00100708007812,398.6794738769531,64076.75
56,0.0,208.64425659179688,161.00013732910156,110.23797607421875,71.83423614501953,33.820552825927734,20.53464126586914,16.29478645324707,13.598837852478027,11.65073013305664,12.280220985412598,11.504376411437988,10.72170639038086,12.388383865356445,13.53947925567627,14.586393356323242,14.881768226623535,13.798837661743164,15.544548988342285,16.57061767578125,18.771841049194336,24.016633987426758,35.09210968017578,42.74847412109375,55.87944793701172,76.85191345214844,169.46788024902344,378.0877685546875,57277.05078125
57,0.0,138.84544372558594,117.4675064086914,78.818115234375,48.20270538330078,22.831562042236328,14.05104923248291,12.290068626403809,9.81187915802002,9.6915864944458,8.843751907348633,8.864156723022461,8.616314888000488,9.414015769958496,10.593767166137695,10.283580780029297,11.948678970336914,11.522162437438965,13.548135757446289,13.511150360107422,14.1473388671875,19.015060424804688,26.16270637512207,32.846885681152344,42.826377868652344,59.695594787597656,122.04560089111328,273.8603210449219,42968.3203125
58,0.0,161.67855834960938,116.6924057006836,80.6576156616211,50.158790588378906,25.02172088623047,14.64136028289795,13.341108322143555,10.7086181640625,9.954222679138184,9.055791854858398,9.77603816986084,8.730177879333496,9.642036437988281,10.469444274902344,11.156346321105957,12.85323429107666,11.259653091430664,14.36972713470459,13.692691802978516,16.37531280517578,21.15272331237793,27.91796112060547,36.15589904785156,46.999717712402344,63.874267578125,141.88014221191406,296.0687561035156,43569.8515625
59,0.0,218.51756286621094,161.44947814941406,115.51949310302734,69.26223754882812,32.97634506225586,21.60409927368164,18.35612678527832,13.713869094848633,13.122900009155273,13.436567306518555,12.945858001708984,11.875288009643555,13.31135368347168,14.600884437561035,14.829704284667969,15.830865859985352,14.514006614685059,15.679023742675781,17.53848648071289,20.686738967895508,25.575992584228516,35.243370056152344,45.35783767700195,58.47524642944336,77.0827865600586,172.8964080810547,422.40826416015625,62006.453125
60,0.0,105.6367416381836,91.92414855957031,63.92993927001953,37.668556213378906,20.150968551635742,12.441073417663574,10.663043022155762,9.185494422912598,8.65705680847168,8.406473159790039,8.363615989685059,7.856620788574219,8.886052131652832,9.761574745178223,10.640393257141113,11.063996315002441,10.822199821472168,12.330070495605469,12.308222770690918,15.002779960632324,17.59681510925293,22.62322998046875,27.90857696533203,36.80771255493164,53.00669479370117,108.33650207519531,263.6306457519531,41322.05078125
61,0.0,222.58538818359375,155.6902313232422,123.39574432373047,75.86348724365234,36.45502471923828,22.007190704345703,19.78715705871582,14.786050796508789,13.462215423583984,13.134705543518066,13.098172187805176,12.118441581726074,13.868209838867188,14.257750511169434,15.720719337463379,16.39444923400879,15.686176300048828,17.44727897644043,19.56147575378418,19.26207160949707,25.065141677856445,36.84354019165039,43.44963836669922,58.68529510498047,82.84304809570312,181.66310119628906,409.9453430175781,69916.625
62,0.0,158.6696014404297,118.57552337646484,86.53193664550781,51.07255935668945,27.765682220458984,14.850281715393066,12.972545623779297,10.187021255493164,9.505279541015625,9.039861679077148,9.329914093017578,8.66573715209961,9.770259857177734,10.712728500366211,11.125571250915527,11.719362258911133,11.230274200439453,13.12857437133789,14.235675811767578,16.339250564575195,20.581844329833984,28.475025177001953,34.6722297668457,43.845848083496094,65.84905242919922,131.30943298339844,290.3282470703125,42991.0703125
63,0.0,256.1216735839844,180.6023406982422,126.30077362060547,83.08770751953125,39.79618835449219,24.39621353149414,20.63200569152832,16.338748931884766,15.914770126342773,14.677840232849121,15.158597946166992,13.151469230651855,15.912628173828125,17.09027099609375,17.89937973022461,18.511335372924805,18.562885284423828,19.57735824584961,20.319503784179688,22.987882614135742,29.231037139892578,42.08607864379883,53.02780532836914,67.44879913330078,94.36904907226562,188.41331481933594,505.2490234375,75277.21875
64,0.0,202.1567840576172,144.343505859375,110.24665832519531,67.9957275390625,31.400583267211914,20.503137588500977,16.751930236816406,13.306707382202148,12.87964916229248,12.092029571533203,12.1804780960083,11.548799514770508,12.485787391662598,13.886195182800293,14.935029029846191,14.861064910888672,15.058999061584473,16.09273910522461,17.456802368164062,20.131235122680664,24.9643611907959,36.157142639160156,44.89250183105469,57.78839111328125,79.30394744873047,169.35989379882812,367.52001953125,53889.578125
65,0.0,120.64020538330078,91.07855224609375,70.91100311279297,38.78977584838867,20.888534545898438,12.368795394897461,10.646461486816406,9.052240371704102,7.87349271774292,8.27080249786377,8.06906795501709,7.398916244506836,8.934759140014648,10.178269386291504,10.065176010131836,10.966832160949707,10.841693878173828,12.006986618041992,12.935356140136719,13.775727272033691,18.295841217041016,24.702260971069336,29.63076400756836,38.86726379394531,55.305938720703125,110.07898712158203,222.77151489257812,37800.75390625
66,0.0,182.1493682861328,141.68980407714844,100.66151428222656,57.70881652832031,27.71663475036621,15.681511878967285,14.73299789428711,11.54983901977539,10.88533878326416,11.17742919921875,10.505767822265625,8.985899925231934,11.146758079528809,12.075895309448242,13.076390266418457,13.305521965026855,12.047123908996582,14.15311050415039,15.366683959960938,17.942626953125,23.039289474487305,28.946916580200195,39.380165100097656,51.516883850097656,69.52356719970703,165.01553344726562,303.9205627441406,49647.76171875
67,0.0,103.93458557128906,75.21302032470703,51.412452697753906,34.83182144165039,16.32599449157715,10.246260643005371,9.105859756469727,7.369178771972656,7.300965309143066,6.847456455230713,7.085426330566406,7.191281795501709,7.854874134063721,8.534197807312012,8.877379417419434,9.93541431427002,8.615914344787598,10.360764503479004,11.144073486328125,12.084512710571289,15.21286678314209,21.083267211914062,25.151809692382812,34.13985824584961,48.50941467285156,101.92391967773438,226.62904357910156,31582.154296875
68,0.0,227.53878784179688,154.02915954589844,114.1815414428711,63.73589324951172,34.17331314086914,21.02241325378418,16.19916343688965,13.703788757324219,13.412012100219727,12.510954856872559,12.697792053222656,11.211251258850098,13.63025188446045,14.033455848693848,14.054701805114746,15.452481269836426,14.740676879882812,16.567197799682617,17.965030670166016,20.82369041442871,25.048072814941406,36.8692741394043,44.10491943359375,57.512638092041016,82.18831634521484,176.62115478515625,395.48193359375,56125.44140625
69,0.0,197.65353393554688,141.09092712402344,102.42145538330078,63.605369567871094,32.62625503540039,20.374258041381836,16.885726928710938,13.932817459106445,12.305861473083496,11.844359397888184,11.869593620300293,11.541494369506836,12.902901649475098,14.837557792663574,15.32734489440918,14.768295288085938,13.983084678649902,17.109880447387695,17.675491333007812,20.272289276123047,24.78965950012207,35.394020080566406,45.92243194580078,59.047813415527344,79.85173034667969,178.89700317382812,397.5030822753906,68070.4453125
70,0.0,151.5355224609375,117.48320770263672,85.6363754272461,52.444236755371094,29.54193878173828,17.351348876953125,14.168691635131836,11.349230766296387,11.12182903289795,11.0760498046875,10.67730712890625,10.211617469787598,11.770784378051758,11.842787742614746,13.196243286132812,14.227404594421387,12.58219051361084,15.021354675292969,16.647058486938477,18.415449142456055,24.286224365234375,34.228172302246094,39.86839294433594,52.787841796875,74.26481628417969,168.36354064941406,353.2955627441406,49519.359375
71,0.0,186.5496063232422,138.27772521972656,98.8060073852539,60.44037628173828,31.714021682739258,17.594215393066406,15.175562858581543,11.505033493041992,11.469545364379883,10.258676528930664,11.19576358795166,9.851332664489746,11.839560508728027,12.420694351196289,13.584897994995117,14.158930778503418,13.270145416259766,16.031116485595703,16.369741439819336,18.882081985473633,24.562891006469727,33.337711334228516,41.56223678588867,53.18345260620117,75.24887084960938,164.69772338867188,365.17535400390625,51408.9296875
72,0.0,97.43169403076172,82.3348159790039,52.14304733276367,34.096282958984375,17.5621280670166,10.274441719055176,10.243646621704102,7.8626203536987305,7.307495594024658,7.306276798248291,7.120992660522461,6.5080246925354,7.513623237609863,8.169417381286621,9.006217002868652,8.785856246948242,8.36867904663086,9.860795021057129,10.420974731445312,11.538832664489746,14.009610176086426,18.16054344177246,24.005630493164062,32.1278076171875,44.52451705932617,91.47281646728516,227.97068786621094,38594.29296875
73,0.0,110.56996154785156,87.22925567626953,56.18767547607422,37.09291076660156,17.26190757751465,11.027985572814941,9.734403610229492,8.08851432800293,7.971945762634277,7.1479058265686035,7.414095878601074,7.128358840942383,8.047676086425781,8.831598281860352,9.51809024810791,10.239912986755371,9.756438255310059,11.019963264465332,12.195162773132324,13.436800003051758,17.094192504882812,24.129898071289062,28.319393157958984,39.253597259521484,53.44207763671875,116.28076934814453,213.48391723632812,32177.8203125
74,0.0,157.95481872558594,116.40906524658203,84.95439910888672,55.98945236206055,26.832958221435547,15.719204902648926,14.46985149383545,10.702478408813477,10.112669944763184,10.583182334899902,10.326861381530762,9.727436065673828,11.467100143432617,12.098894119262695,13.601367950439453,13.644098281860352,12.946545600891113,14.17451000213623,15.433510780334473,17.31257438659668,22.079124450683594,30.59931755065918,41.6192741394043,51.74407196044922,72.54745483398438,151.37550354003906,314.613037109375,46813.6640625
75,0.0,182.54898071289062,149.07916259765625,92.53966522216797,58.47829818725586,30.3226318359375,16.70859718322754,15.431614875793457,12.061756134033203,10.677852630615234,10.951139450073242,10.53856086730957,9.731775283813477,11.861639022827148,13.417704582214355,13.176578521728516,13.806159973144531,13.016552925109863,15.4757661819458,16.887868881225586,17.040203094482422,22.118499755859375,29.414575576782227,41.110233306884766,51.380191802978516,68.84944152832031,151.62258911132812,347.8433837890625,58974.63671875
76,0.0,118.70996856689453,101.21546173095703,67.87708282470703,42.875144958496094,22.53008270263672,13.824419021606445,13.72408676147461,11.575301170349121,10.708483695983887,10.687504768371582,10.157998085021973,9.173707008361816,11.59670352935791,13.12333869934082,12.621024131774902,12.867268562316895,12.421104431152344,14.736785888671875,16.036476135253906,17.06847381591797,19.61079216003418,27.208845138549805,34.51725387573242,46.72690200805664,56.13031768798828,117.29706573486328,400.8811950683594,56241.48828125
77,0.0,199.13650512695312,148.36602783203125,109.92364501953125,67.70114135742188,31.398283004760742,19.25459861755371,17.26702308654785,13.29655933380127,12.39293384552002,12.27859115600586,12.48080825805664,11.669697761535645,13.647639274597168,13.941998481750488,14.6971435546875,15.56078815460205,15.973830223083496,17.510828018188477,18.614675521850586,20.22245979309082,27.512290954589844,37.61331558227539,45.062347412109375,61.194496154785156,84.1933822631836,181.72122192382812,359.19091796875,58327.296875
78,0.0,243.85507202148438,159.65191650390625,121.05744934082031,68.49634552001953,35.389564514160156,21.975629806518555,20.915416717529297,15.886570930480957,14.9949369430542,13.843600273132324,14.140501022338867,12.985968589782715,15.747849464416504,18.259849548339844,18.403907775878906,20.304250717163086,18.344100952148438,21.20109748840332,23.481168746948242,25.890222549438477,33.67045593261719,46.67597961425781,60.367393493652344,79.9188003540039,104.96720886230469,219.08212280273438,505.233154296875,69158.2109375
79,0.0,170.94532775878906,117.08428955078125,91.26863098144531,56.613712310791016,28.94817352294922,16.57404327392578,16.2142333984375,11.230817794799805,10.742256164550781,10.086723327636719,9.729406356811523,9.439818382263184,10.767322540283203,11.363204002380371,13.11044979095459,12.924260139465332,11.743603706359863,13.743575096130371,14.739067077636719,16.878509521484375,21.5340518951416,29.55703353881836,36.38911819458008,49.519222259521484,73.33320617675781,152.77468872070312,329.9668884277344,50449.73828125
80,0.0,258.391845703125,179.61204528808594,131.10623168945312,78.73898315429688,43.48311233520508,24.552703857421875,22.182147979736328,16.495126724243164,16.60388946533203,15.212053298950195,14.952316284179688,13.551198959350586,16.02804183959961,17.166793823242188,18.239442825317383,16.959144592285156,18.4106502532959,19.94390869140625,19.729206085205078,25.276704788208008,27.695104598999023,40.07676696777344,53.043941497802734,69.88203430175781,90.84504699707031,202.22496032714844,518.9718017578125,90080.9453125
81,0.0,123.7252426147461,92.46684265136719,62.978424072265625,43.32444763183594,21.338430404663086,12.951151847839355,12.34560775756836,9.520594596862793,8.936792373657227,8.859113693237305,9.077153205871582,8.512685775756836,10.141005516052246,10.721378326416016,11.149559020996094,11.177910804748535,10.430126190185547,12.720059394836426,13.786723136901855,16.200014114379883,20.26093292236328,27.650997161865234,33.13459014892578,42.58880615234375,62.459354400634766,134.41285705566406,294.1379699707031,48791.43359375
82,0.0,107.21060180664062,80.10194396972656,61.30393981933594,38.71587371826172,17.46205711364746,10.587559700012207,10.0189847946167,7.914095878601074,7.241664886474609,7.091208457946777,7.073982238769531,6.7581071853637695,8.1271390914917,9.066969871520996,9.520895957946777,10.094385147094727,8.946304321289062,10.938729286193848,10.874162673950195,13.061647415161133,15.299896240234375,19.662988662719727,26.227067947387695,36.184783935546875,50.03172302246094,102.48346710205078,218.43695068359375,37338.21875
83,0.0,162.3980712890625,105.51764678955078,78.86518859863281,52.88766098022461,27.177845001220703,15.883858680725098,12.366408348083496,9.852704048156738,9.27211856842041,8.983139991760254,8.858526229858398,8.479334831237793,9.989553451538086,10.94422721862793,12.219103813171387,11.999064445495605,11.129349708557129,12.783500671386719,13.798418998718262,15.344240188598633,20.083078384399414,26.398813247680664,34.3093147277832,47.71600341796875,62.456642150878906,138.20716857910156,278.4249572753906,40159.07421875
84,0.0,169.19918823242188,141.00633239746094,92.81764221191406,60.454837799072266,28.576610565185547,17.856489181518555,14.835210800170898,10.742453575134277,10.825044631958008,10.743136405944824,10.186176300048828,9.688652992248535,11.341490745544434,12.480464935302734,13.86528205871582,13.119389533996582,13.827733993530273,15.704361915588379,15.933792114257812,17.366785049438477,21.19627571105957,30.6489200592041,37.724281311035156,50.520782470703125,72.54988098144531,148.10543823242188,351.1594543457031,47260.8125
85,0.0,198.0421905517578,136.17059326171875,97.63909912109375,63.80218505859375,29.36551284790039,18.771602630615234,16.912790298461914,12.610127449035645,11.466526985168457,11.128994941711426,11.389938354492188,10.769174575805664,11.832996368408203,12.753275871276855,13.593287467956543,14.528986930847168,14.119585037231445,15.714310646057129,17.44506072998047,18.434242248535156,22.22522735595703,32.14609146118164,40.797550201416016,54.57375717163086,72.85536193847656,159.3532257080078,351.2657775878906,61805.52734375
86,0.0,116.23464965820312,92.42219543457031,64.11860656738281,40.40520095825195,20.202695846557617,11.772305488586426,10.662225723266602,9.121166229248047,8.026225090026855,7.661449432373047,8.567343711853027,7.993991374969482,9.022988319396973,10.371561050415039,10.627784729003906,10.784069061279297,9.778610229492188,11.660017013549805,12.140704154968262,14.319779396057129,17.654760360717773,22.48543930053711,29.85829734802246,40.10338592529297,57.31901931762695,112.02483367919922,257.1709289550781,39046.87109375
87,0.0,222.9073486328125,160.8036651611328,120.84705352783203,70.9742202758789,36.465476989746094,22.127910614013672,18.972129821777344,15.239083290100098,14.648078918457031,13.680047988891602,14.040850639343262,12.854735374450684,15.244961738586426,16.619155883789062,18.485078811645508,18.581754684448242,16.576122283935547,20.693641662597656,21.865982055664062,24.615966796875,30.888626098632812,45.14034652709961,54.458229064941406,71.36934661865234,98.35187530517578,207.02667236328125,451.31146240234375,73190.2265625
88,0.0,172.60800170898438,136.69883728027344,95.14595794677734,60.56984329223633,28.400461196899414,17.150814056396484,16.596240997314453,12.135201454162598,11.45512580871582,11.495223045349121,11.557580947875977,10.296629905700684,11.2660493850708,12.943646430969238,13.806328773498535,14.026556015014648,13.99360179901123,16.118091583251953,17.245458602905273,18.76500129699707,24.24648666381836,33.71546173095703,43.236907958984375,55.98921203613281,78.5101089477539,162.34835815429688,333.3382568359375,55853.55078125
89,0.0,73.7564468383789,53.88285446166992,38.403690338134766,23.219873428344727,12.723067283630371,7.164339065551758,7.039695739746094,5.471200466156006,5.500536918640137,5.218537330627441,5.847155570983887,4.965796947479248,6.227479934692383,7.1019463539123535,7.075387477874756,7.400809288024902,6.85556173324585,8.053452491760254,9.171415328979492,10.062580108642578,12.782120704650879,17.836498260498047,21.631324768066406,30.10672950744629,39.982078552246094,75.56806182861328,158.49441528320312,23415.130859375
90,0.0,204.6083526611328,155.4966278076172,110.71350860595703,66.29649353027344,30.70549201965332,18.552082061767578,17.849096298217773,13.731258392333984,11.832720756530762,11.235562324523926,11.450616836547852,11.293217658996582,12.724584579467773,14.273699760437012,13.9794340133667,14.951189994812012,13.68246841430664,16.722509384155273,17.963109970092773,20.606735229492188,24.469013214111328,34.28282165527344,45.96436309814453,56.99957275390625,78.38533020019531,164.50381469726562,359.3084411621094,55434.3125
91,0.0,164.2539825439453,139.12428283691406,91.48872375488281,55.491485595703125,29.830707550048828,18.422380447387695,15.000785827636719,11.413127899169922,10.323860168457031,9.784119606018066,10.321061134338379,9.79613208770752,11.825602531433105,12.91824722290039,12.705828666687012,12.245161056518555,13.337577819824219,14.726552963256836,16.1065673828125,16.785993576049805,21.301700592041016,30.584110260009766,39.89353942871094,51.9549446105957,75.23009490966797,151.31124877929688,321.2215576171875,49332.81640625
92,0.0,168.69810485839844,124.20297241210938,88.26911926269531,49.942256927490234,27.973962783813477,15.8580961227417,14.59921932220459,11.523285865783691,10.09499740600586,10.314896583557129,9.638635635375977,9.099442481994629,11.490401268005371,11.990326881408691,13.110074996948242,12.947954177856445,12.22620677947998,14.842823028564453,15.558385848999023,16.957969665527344,21.9437198638916,30.107526779174805,37.68275833129883,50.70435333251953,70.19989776611328,147.97462463378906,286.4315490722656,44801.54296875
93,0.0,186.0582275390625,131.73641967773438,92.61957550048828,62.16618347167969,32.99110412597656,19.208778381347656,15.162225723266602,11.674981117248535,11.858199119567871,11.009552955627441,10.494742393493652,10.219681739807129,11.765091896057129,13.112061500549316,13.115470886230469,13.928414344787598,13.590521812438965,15.594287872314453,16.656728744506836,18.024417877197266,23.394977569580078,30.599088668823242,40.714149475097656,55.42460632324219,69.341796875,153.57347106933594,348.36767578125,52382.5
94,0.0,112.34123229980469,86.2590103149414,58.24995803833008,36.112117767333984,20.27149200439453,11.267776489257812,10.607059478759766,8.719614028930664,8.237771034240723,8.02876091003418,8.13614273071289,7.68609619140625,9.293179512023926,10.1065034866333,10.122889518737793,10.659991264343262,10.977096557617188,11.169835090637207,12.345892906188965,13.542449951171875,16.1296443939209,22.45099639892578,28.06321907043457,36.427162170410156,49.87447738647461,99.35481262207031,236.38565063476562,40212.49609375
95,0.0,123.5664291381836,88.55201721191406,63.98567581176758,40.29363250732422,21.34695816040039,11.6527738571167,9.989791870117188,8.465302467346191,8.204209327697754,7.7083964347839355,7.412156105041504,7.398135185241699,8.878002166748047,9.144519805908203,9.141326904296875,9.982669830322266,10.793917655944824,11.180829048156738,12.068970680236816,14.357606887817383,16.89739418029785,23.993274688720703,30.632532119750977,39.31459426879883,54.68537139892578,121.59534454345703,246.1133270263672,37760.7109375
96,0.0,205.89834594726562,154.04937744140625,115.46247100830078,71.10050201416016,37.04458236694336,22.183618545532227,18.614334106445312,14.330044746398926,13.342775344848633,12.960834503173828,13.002750396728516,12.117145538330078,14.584481239318848,14.058516502380371,15.73242473602295,16.26390838623047,15.353174209594727,17.91249656677246,18.946338653564453,19.973249435424805,27.211692810058594,37.391876220703125,46.921024322509766,62.254486083984375,82.16759490966797,190.94912719726562,472.52752685546875,67785.984375
97,0.0,159.7115478515625,121.47416687011719,85.89025115966797,56.045352935791016,26.78133773803711,14.845626831054688,13.53084659576416,11.584383010864258,10.152338027954102,9.666455268859863,9.996981620788574,9.489958763122559,10.82199478149414,12.051963806152344,11.953104972839355,12.583909034729004,12.43217945098877,13.979154586791992,15.485692977905273,18.977109909057617,22.86784553527832,30.180299758911133,39.40288543701172,53.10982894897461,76.20661926269531,155.89395141601562,316.29736328125,45531.7421875
98,0.0,105.10902404785156,80.27513122558594,58.96867370605469,39.911163330078125,18.94982147216797,11.035187721252441,9.806349754333496,8.4357271194458,7.384924411773682,7.256976127624512,7.678286552429199,6.913914203643799,8.436580657958984,9.665824890136719,9.635520935058594,9.761863708496094,9.427155494689941,11.135289192199707,11.87898063659668,13.424299240112305,17.212976455688477,24.382389068603516,31.300338745117188,39.39812088012695,53.64070510864258,104.87044525146484,220.56735229492188,32151.546875
99,0.0,130.12486267089844,90.32218933105469,69.62518310546875,44.09223937988281,20.823972702026367,13.556690216064453,11.89889907836914,10.069303512573242,9.286127090454102,8.579565048217773,9.447214126586914,8.135071754455566,9.992652893066406,10.929909706115723,10.478039741516113,11.434433937072754,11.214448928833008,12.73332691192627,13.615899085998535,15.990086555480957,19.618234634399414,26.716217041015625,34.430519104003906,45.65481948852539,60.856990814208984,136.53179931640625,250.4595184326172,42482.109375
100,0.0,138.39878845214844,110.96800231933594,79.23109436035156,49.270408630371094,24.849628448486328,14.129829406738281,11.673761367797852,9.40725040435791,9.380859375,8.801288604736328,8.944149017333984,8.344276428222656,9.780882835388184,10.9813232421875,10.981084823608398,11.2975435256958,11.312121391296387,12.69871711730957,12.97825813293457,15.013920783996582,18.800073623657227,24.178424835205078,33.64765930175781,42.37975311279297,59.5427131652832,125.47361755371094,288.4140319824219,44541.0625
101,0.0,132.79103088378906,91.31832122802734,63.5132942199707,43.96221160888672,19.28110694885254,11.763222694396973,9.817569732666016,7.836275577545166,7.736405849456787,7.017733097076416,6.9080586433410645,6.964725971221924,8.219222068786621,9.167984008789062,8.896940231323242,9.875532150268555,9.133639335632324,10.88534927368164,11.335150718688965,12.952729225158691,16.24356460571289,22.274446487426758,28.499813079833984,39.6878662109375,49.260868072509766,112.10450744628906,246.8044891357422,36758.73046875
102,0.0,137.2008819580078,111.776611328125,77.83378601074219,44.17177200317383,24.028671264648438,13.644497871398926,11.386703491210938,9.681344985961914,9.309293746948242,8.645831108093262,8.803959846496582,8.461516380310059,9.417264938354492,10.343453407287598,10.695281982421875,11.199248313903809,10.932564735412598,11.574090003967285,12.73678207397461,14.177087783813477,18.122879028320312,24.71975326538086,31.348255157470703,42.682586669921875,57.55790328979492,122.23040008544922,263.18707275390625,47389.7265625
103,0.0,116.77194213867188,89.95541381835938,60.06861114501953,37.52275085449219,19.618024826049805,11.850248336791992,9.921896934509277,8.818312644958496,7.794099807739258,7.911684989929199,8.047972679138184,7.575145721435547,8.3695068359375,9.928621292114258,9.791670799255371,10.839320182800293,9.748809814453125,11.392035484313965,12.278645515441895,13.915637016296387,16.730432510375977,22.41384506225586,29.526700973510742,40.13734436035156,53.14997482299805,112.80694580078125,239.34201049804688,39534.3984375
104,0.0,202.23475646972656,151.4925079345703,99.9393310546875,63.65774917602539,31.228391647338867,18.71314811706543,17.864477157592773,12.949734687805176,13.054686546325684,12.880393981933594,13.13656997680664,12.171180725097656,14.475671768188477,15.786361694335938,15.648937225341797,16.664485931396484,15.249739646911621,18.38417625427246,19.217323303222656,20.847618103027344,26.668365478515625,38.0413932800293,48.644954681396484,64.85498046875,83.71097564697266,189.07864379882812,399.9717712402344,55707.1640625
105,0.0,170.38331604003906,120.89264678955078,84.96121978759766,52.921932220458984,26.119125366210938,16.458974838256836,13.518133163452148,10.77120590209961,9.86401081085205,8.908829689025879,10.145949363708496,8.771961212158203,10.360725402832031,11.069123268127441,11.572110176086426,11.923772811889648,11.49074649810791,13.766952514648438,14.926253318786621,17.19933319091797,20.147865295410156,30.823152542114258,37.62369155883789,50.4648551940918,68.76887512207031,159.61614990234375,286.777099609375,40059.921875
106,0.0,200.33677673339844,147.69735717773438,106.47232055664062,63.14621353149414,34.91214370727539,19.05425453186035,17.00965118408203,12.83764362335205,12.393617630004883,10.790114402770996,11.638815879821777,10.53335952758789,13.300503730773926,13.449017524719238,14.40754508972168,15.515878677368164,14.004657745361328,15.991948127746582,16.860137939453125,18.58196258544922,24.22723960876465,34.78596115112305,42.12470245361328,58.22508239746094,77.77295684814453,179.5692596435547,367.53045654296875,56428.87109375
107,0.0,203.82357788085938,149.4872589111328,104.84375,66.74498748779297,33.16131591796875,19.851621627807617,17.589509963989258,14.902894973754883,12.56511116027832,11.926592826843262,12.731193542480469,12.623453140258789,13.266016006469727,14.342059135437012,15.181708335876465,15.335922241210938,14.764123916625977,16.22206687927246,17.64723014831543,21.991239547729492,25.054384231567383,36.57023620605469,45.57761001586914,63.76287078857422,87.19670867919922,190.62547302246094,422.698486328125,73546.2109375
108,0.0,172.55853271484375,135.27679443359375,91.77584075927734,58.79058837890625,27.702823638916016,17.056283950805664,14.457158088684082,11.611310958862305,12.061598777770996,10.742298126220703,11.15540885925293,9.380330085754395,11.163954734802246,12.694707870483398,13.143729209899902,12.896430969238281,12.720141410827637,15.512571334838867,16.007755279541016,17.99985694885254,23.389068603515625,30.951889038085938,40.65199279785156,52.52727508544922,69.46861267089844,169.02810668945312,325.3741760253906,46035.3046875
109,0.0,168.53958129882812,125.56758880615234,82.78485870361328,53.41024398803711,26.734975814819336,17.591941833496094,15.414332389831543,11.27198314666748,10.856689453125,10.783422470092773,10.157367706298828,9.537863731384277,11.845473289489746,13.083857536315918,12.38980484008789,13.250456809997559,12.958861351013184,15.331838607788086,15.284615516662598,17.96478271484375,22.427196502685547,29.779634475708008,38.37319564819336,51.00458526611328,69.27641296386719,143.40869140625,342.950439453125,53029.5234375
110,0.0,90.63520812988281,63.42782974243164,45.939090728759766,30.214111328125,15.421951293945312,9.540027618408203,8.750567436218262,7.159400939941406,6.50093412399292,6.828289031982422,6.9307427406311035,6.571059703826904,7.330533981323242,8.932483673095703,8.801374435424805,9.123115539550781,8.53548812866211,9.968535423278809,10.538318634033203,12.086274147033691,14.87147331237793,19.332489013671875,24.723548889160156,34.092159271240234,47.44195556640625,91.64579010009766,234.4635467529297,35338.515625
111,0.0,189.13401794433594,138.95994567871094,101.09697723388672,66.36643981933594,31.25061798095703,19.0083065032959,15.831134796142578,11.97374153137207,11.478957176208496,10.811349868774414,11.132613182067871,10.412805557250977,12.678013801574707,12.319703102111816,13.786005020141602,14.383291244506836,13.341652870178223,15.498485565185547,17.718523025512695,18.704570770263672,23.82839012145996,33.09950256347656,46.45631408691406,56.51520538330078,76.56526947021484,170.86904907226562,314.31036376953125,51425.2890625
112,0.0,115.78052520751953,97.35850524902344,61.62738037109375,41.86259078979492,19.91891098022461,11.61082649230957,10.40993595123291,8.151164054870605,7.5647687911987305,7.488906383514404,7.118348121643066,7.240191459655762,8.539796829223633,8.923270225524902,9.897255897521973,10.197196006774902,9.802709579467773,11.061932563781738,12.183598518371582,12.776912689208984,17.171283721923828,22.540544509887695,29.21259307861328,37.015525817871094,52.63793182373047,108.56698608398438,226.24673461914062,34480.91796875
113,0.0,130.19041442871094,94.51985168457031,68.43991088867188,46.40096664428711,20.56792640686035,12.597208023071289,11.042028427124023,9.153219223022461,8.795483589172363,8.783411979675293,8.841642379760742,8.044255256652832,10.461382865905762,10.610963821411133,10.984270095825195,11.516438484191895,11.754629135131836,12.647274017333984,12.902570724487305,15.484707832336426,18.40213394165039,24.37421226501465,31.721410751342773,45.158668518066406,56.729515075683594,132.47581481933594,277.7200012207031,46448.33203125
114,0.0,114.67341613769531,90.67354583740234,59.544986724853516,38.72227478027344,19.533395767211914,11.199984550476074,9.888644218444824,8.497881889343262,8.0492525100708,7.531898021697998,7.8672943115234375,7.393396377563477,9.13535213470459,9.85558032989502,10.062971115112305,10.74871826171875,10.163765907287598,11.897488594055176,12.61797046661377,14.067506790161133,18.379798889160156,24.343008041381836,30.24411392211914,40.811363220214844,56.66487503051758,115.2364501953125,258.720703125,40002.1484375
115,0.0,125.2302017211914,102.64287567138672,72.82412719726562,43.15185546875,20.37066650390625,12.67458724975586,11.917159080505371,9.291576385498047,8.742436408996582,8.916083335876465,8.777084350585938,8.58082389831543,9.769408226013184,10.438471794128418,10.20161247253418,10.39572525024414,10.395984649658203,12.052924156188965,13.637502670288086,15.261093139648438,19.54820442199707,26.82015609741211,33.53507614135742,44.84968948364258,63.012855529785156,145.6581573486328,278.69525146484375,40180.05859375
116,0.0,100.08211517333984,79.2500228881836,53.94007110595703,33.4794921875,16.365196228027344,9.975462913513184,9.005961418151855,7.548037052154541,7.005053997039795,7.116668701171875,7.491354465484619,7.079094409942627,7.986457347869873,8.496255874633789,9.276688575744629,9.88522720336914,9.74838924407959,10.728384971618652,11.670614242553711,13.36163330078125,15.972274780273438,22.422985076904297,27.359460830688477,37.16522216796875,51.621681213378906,98.17410278320312,206.90406799316406,33477.328125
117,0.0,161.41461181640625,128.2733154296875,91.51763153076172,56.396114349365234,28.378965377807617,16.805517196655273,15.917471885681152,11.33810806274414,10.336751937866211,9.640551567077637,9.814652442932129,9.569000244140625,11.093246459960938,11.39726448059082,12.835915565490723,13.158985137939453,13.311640739440918,14.580953598022461,14.692193031311035,17.15763282775879,21.616613388061523,31.195472717285156,39.53124237060547,51.18587112426758,71.80764770507812,161.36900329589844,305.216064453125,46057.453125
118,0.0,142.64256286621094,113.28214263916016,81.34172821044922,52.69990158081055,25.114477157592773,14.643998146057129,13.458535194396973,10.278231620788574,9.79255199432373,9.605627059936523,10.131608009338379,8.742204666137695,10.256744384765625,11.118521690368652,11.941925048828125,12.754792213439941,11.578086853027344,13.592103958129883,14.544266700744629,17.08601188659668,20.556896209716797,29.072290420532227,38.90639114379883,48.876590728759766,63.82709503173828,138.36370849609375,303.6102600097656,38151.9375
119,0.0,146.01463317871094,103.72327423095703,79.22962951660156,48.38211441040039,24.307653427124023,13.192166328430176,11.559146881103516,9.538000106811523,9.04455280303955,8.392136573791504,9.524491310119629,8.184724807739258,10.860289573669434,10.727354049682617,11.378661155700684,11.549371719360352,11.179499626159668,12.445549011230469,13.548650741577148,15.770204544067383,19.35392189025879,26.21259117126465,32.14710998535156,42.92560577392578,57.22206497192383,126.76689910888672,284.8301696777344,48895.00390625
120,0.0,161.8794403076172,128.79591369628906,88.82906341552734,54.45496368408203,26.98750114440918,16.675981521606445,14.74219799041748,11.250378608703613,10.409381866455078,10.17531681060791,10.331043243408203,9.71130657196045,12.475682258605957,12.548125267028809,12.076342582702637,12.889708518981934,12.873882293701172,14.192486763000488,15.431336402893066,16.689292907714844,21.670866012573242,30.663951873779297,37.6231803894043,50.44480895996094,67.85906982421875,148.39822387695312,340.9266662597656,50567.72265625
121,0.0,152.79244995117188,116.86042785644531,76.99164581298828,48.98111343383789,24.67058753967285,14.624585151672363,11.831419944763184,9.859437942504883,9.571037292480469,9.594587326049805,9.425678253173828,8.311246871948242,10.741140365600586,10.874975204467773,11.095680236816406,11.856974601745605,11.646166801452637,13.388640403747559,13.432286262512207,15.365226745605469,20.726512908935547,26.021160125732422,34.998260498046875,44.45289993286133,63.18141174316406,139.95782470703125,281.0137939453125,45556.9296875
122,0.0,165.55628967285156,129.41001892089844,100.81446075439453,55.285518646240234,29.694669723510742,17.371070861816406,16.51704978942871,11.68597412109375,10.773796081542969,10.883793830871582,11.200623512268066,9.8613862991333,11.552827835083008,13.510538101196289,13.397000312805176,14.334660530090332,13.435869216918945,14.716865539550781,16.0296630859375,19.436309814453125,24.375322341918945,34.785701751708984,42.266883850097656,56.039737701416016,73.72161102294922,150.9768524169922,311.8929443359375,50327.625
123,0.0,181.03976440429688,141.09352111816406,96.02334594726562,58.74147033691406,29.625713348388672,17.542116165161133,14.888772010803223,11.734203338623047,11.08321762084961,10.690934181213379,10.301069259643555,10.569562911987305,11.783726692199707,12.398552894592285,13.143494606018066,13.279723167419434,13.128305435180664,14.219030380249023,14.530882835388184,17.821128845214844,21.419898986816406,29.876317977905273,37.91115951538086,48.31765365600586,66.3783187866211,141.2452850341797,328.3543395996094,55697.453125
124,0.0,185.73817443847656,130.34266662597656,96.9072494506836,60.47136306762695,28.05293083190918,17.79181480407715,15.125038146972656,11.75025463104248,11.237459182739258,11.262899398803711,11.0399169921875,10.141777038574219,11.988177299499512,12.981471061706543,13.388603210449219,13.740763664245605,13.373844146728516,14.642480850219727,16.29214096069336,18.652250289916992,22.433612823486328,30.754884719848633,39.408241271972656,52.185791015625,70.03531646728516,159.7261505126953,343.1508483886719,55473.828125
125,0.0,234.67523193359375,174.24551391601562,116.56558990478516,75.91471862792969,38.566246032714844,22.63595962524414,20.186725616455078,15.527549743652344,15.124847412109375,13.985570907592773,12.971392631530762,12.540040016174316,15.043614387512207,16.020130157470703,16.487632751464844,16.243732452392578,17.185251235961914,18.683629989624023,19.138172149658203,21.378219604492188,27.138647079467773,38.92756271362305,48.72298812866211,61.952205657958984,97.57186126708984,199.6492156982422,462.90179443359375,72137.078125
126,0.0,94.21849060058594,81.10906982421875,55.043373107910156,32.158905029296875,15.905823707580566,8.939448356628418,8.631404876708984,7.000610828399658,6.734850883483887,6.443009376525879,6.557158946990967,6.559031963348389,7.49082612991333,8.405472755432129,8.39538288116455,8.464757919311523,9.067310333251953,10.670806884765625,10.333051681518555,11.085866928100586,15.180383682250977,20.095996856689453,26.081764221191406,33.17211151123047,46.96352005004883,99.05925750732422,205.61135864257812,32636.41796875
127,0.0,210.11500549316406,175.6168670654297,122.87918090820312,77.72518920898438,40.36555099487305,23.959142684936523,20.958995819091797,16.21944236755371,15.961844444274902,15.85399341583252,16.083887100219727,13.94357967376709,16.187654495239258,17.338436126708984,18.24530792236328,18.470457077026367,17.32465934753418,18.70650291442871,20.61781883239746,22.920654296875,29.583206176757812,38.926883697509766,51.85340118408203,67.68367767333984,93.3606948852539,194.5670166015625,537.2385864257812,83005.84375
128,0.0,224.44207763671875,188.74700927734375,127.69572448730469,77.55425262451172,34.77838134765625,23.152423858642578,19.87877082824707,15.35965633392334,14.812004089355469,14.595315933227539,13.546721458435059,13.4247407913208,15.362663269042969,16.30681800842285,16.284265518188477,18.027318954467773,17.66522789001465,19.85664176940918,20.853466033935547,21.714237213134766,26.63390350341797,39.07218933105469,47.18455123901367,58.976627349853516,87.58943939208984,187.1671142578125,460.2507629394531,78881.328125
129,0.0,146.61563110351562,115.47541809082031,76.13349151611328,51.62495040893555,25.694063186645508,15.019283294677734,13.199138641357422,10.200291633605957,10.240580558776855,9.237344741821289,10.432473182678223,9.17691421508789,10.671119689941406,10.686768531799316,12.191200256347656,12.080062866210938,11.616569519042969,13.091452598571777,14.595684051513672,16.2730712890625,19.938278198242188,29.095245361328125,36.04481887817383,49.695743560791016,65.75233459472656,138.91354370117188,271.3605041503906,45896.71484375
130,0.0,169.6148223876953,112.8538818359375,85.51539611816406,53.75912094116211,26.954816818237305,15.710640907287598,13.789409637451172,11.098893165588379,10.33038330078125,9.765656471252441,9.921229362487793,9.417496681213379,11.067924499511719,11.879904747009277,12.662039756774902,12.693946838378906,12.595263481140137,14.232244491577148,14.956162452697754,16.363237380981445,20.830886840820312,27.956682205200195,36.070701599121094,49.96482849121094,67.0446548461914,136.62734985351562,288.76605224609375,45310.54296875
131,0.0,182.28480529785156,139.9150390625,89.01100158691406,57.31966781616211,28.85643196105957,17.947519302368164,14.695755004882812,11.420534133911133,11.258011817932129,10.697127342224121,10.557387351989746,9.883570671081543,11.764731407165527,12.818037033081055,13.414566040039062,13.819693565368652,13.378829002380371,15.187687873840332,15.950587272644043,17.105060577392578,22.457256317138672,31.340534210205078,39.510501861572266,51.82048797607422,72.718994140625,150.10397338867188,362.9285888671875,51753.5859375
132,0.0,162.09959411621094,123.16374206542969,80.51341247558594,48.68506622314453,25.57942008972168,15.549072265625,13.754895210266113,10.540826797485352,9.898468017578125,10.111346244812012,9.567646026611328,8.985586166381836,9.759044647216797,11.000306129455566,12.166610717773438,12.003166198730469,11.145170211791992,14.714231491088867,14.648731231689453,17.076257705688477,21.46736717224121,28.7738037109375,37.711448669433594,48.070838928222656,65.30030059814453,148.53384399414062,280.60064697265625,38407.60546875
133,0.0,238.4376678466797,187.6439208984375,127.67098236083984,80.4807357788086,37.7861442565918,25.66339111328125,22.057052612304688,16.865774154663086,17.01493263244629,16.558837890625,16.579425811767578,14.116134643554688,17.4757080078125,18.068843841552734,20.31793785095215,20.876914978027344,19.191621780395508,23.9582576751709,25.86639976501465,28.001489639282227,33.968299865722656,48.235111236572266,64.01692199707031,85.24886322021484,108.90205383300781,233.46292114257812,560.2257080078125,80217.0625
134,0.0,144.60279846191406,122.08234405517578,84.63681030273438,53.206260681152344,26.249465942382812,16.200008392333984,13.222591400146484,11.271442413330078,10.297346115112305,10.419431686401367,10.310486793518066,9.064316749572754,11.649579048156738,12.149933815002441,12.092766761779785,12.447484970092773,12.661822319030762,13.825674057006836,15.226317405700684,15.782857894897461,18.983230590820312,26.136802673339844,33.397361755371094,44.41437911987305,59.47532272338867,130.0636749267578,343.0068664550781,55659.6328125
135,0.0,192.86265563964844,144.442626953125,104.5653076171875,64.39447784423828,32.87200164794922,18.321069717407227,17.53483772277832,12.235315322875977,12.339354515075684,11.176451683044434,11.526068687438965,10.690250396728516,12.351043701171875,14.101105690002441,14.248065948486328,15.137776374816895,13.604762077331543,15.543779373168945,17.94915771484375,19.499404907226562,25.223207473754883,35.58423614501953,45.22999572753906,61.32185745239258,80.57371520996094,177.20025634765625,391.5990905761719,54549.1640625
136,0.0,183.99539184570312,132.38400268554688,101.10942840576172,60.66834259033203,31.29338264465332,17.359169006347656,16.60970687866211,11.612356185913086,11.112906455993652,10.675519943237305,9.979757308959961,9.682121276855469,11.893442153930664,12.032371520996094,13.246445655822754,12.970609664916992,12.624765396118164,15.322389602661133,16.198287963867188,16.89791488647461,21.17386817932129,30.827856063842773,41.658409118652344,52.11764144897461,68.95388793945312,149.5376434326172,322.0845031738281,51872.8515625
137,0.0,186.31475830078125,137.99244689941406,95.84016418457031,59.85560607910156,27.662872314453125,17.851442337036133,15.86391830444336,12.940788269042969,11.953718185424805,11.884746551513672,10.981038093566895,10.254960060119629,12.217937469482422,13.989873886108398,14.285847663879395,14.61984634399414,13.991439819335938,16.014026641845703,17.14023780822754,19.748706817626953,22.8117733001709,32.619346618652344,40.100242614746094,52.30434799194336,78.46564483642578,173.61300659179688,350.34869384765625,59420.1796875
138,0.0,73.14556884765625,56.058834075927734,48.707393646240234,26.901805877685547,13.949477195739746,8.633224487304688,7.3947649002075195,6.17132568359375,5.589847087860107,5.8912553787231445,6.011899471282959,5.842723369598389,6.713392734527588,7.166569232940674,7.464632034301758,7.692594051361084,7.253918647766113,8.847039222717285,9.056503295898438,10.764655113220215,13.43972396850586,18.695415496826172,24.24407196044922,31.017269134521484,41.57102584838867,87.96695709228516,174.48526000976562,23500.4140625
139,0.0,216.8572235107422,153.8135528564453,100.73625946044922,69.43080139160156,34.75570297241211,19.95303726196289,15.84454345703125,12.654777526855469,12.68994140625,11.223483085632324,11.994301795959473,10.202044486999512,11.585195541381836,13.63461971282959,12.826584815979004,14.76375961303711,14.069768905639648,15.962640762329102,16.689207077026367,18.44340705871582,24.05733299255371,33.63591384887695,40.44630813598633,54.49665832519531,77.20557403564453,153.7163848876953,328.1900634765625,55507.61328125
140,0.0,166.81198120117188,141.23951721191406,99.60468292236328,60.53166580200195,28.616003036499023,17.219825744628906,15.799087524414062,11.754149436950684,11.573549270629883,10.488640785217285,11.365043640136719,10.216399192810059,10.994781494140625,12.391523361206055,13.649182319641113,12.900861740112305,12.813274383544922,14.280964851379395,15.832840919494629,18.794677734375,22.869487762451172,33.290016174316406,40.32954788208008,57.76251220703125,73.96512603759766,163.43035888671875,344.32891845703125,52448.06640625
141,0.0,125.70603942871094,94.9515380859375,63.70912551879883,41.62015151977539,19.799564361572266,12.72529125213623,10.168623924255371,8.831398963928223,8.167658805847168,7.6987199783325195,8.063913345336914,7.446995258331299,8.664410591125488,9.549456596374512,9.472350120544434,9.97799301147461,9.55846118927002,10.083680152893066,11.167547225952148,12.171034812927246,15.369397163391113,21.81184959411621,26.014007568359375,37.011573791503906,51.215118408203125,108.56269073486328,248.39004516601562,38588.12109375
142,0.0,97.68977355957031,84.54090118408203,58.9258918762207,37.95532989501953,17.714078903198242,11.374848365783691,9.531551361083984,7.658590316772461,7.6154398918151855,7.024411678314209,6.827582359313965,6.292584419250488,7.598153591156006,8.38562297821045,8.319814682006836,9.336450576782227,8.648916244506836,10.23203182220459,10.56299877166748,11.989660263061523,14.023727416992188,20.50566291809082,26.025760650634766,33.41132736206055,47.686893463134766,97.1739273071289,224.40679931640625,31375.26953125
143,0.0,180.3170166015625,148.96376037597656,102.57759857177734,58.35271072387695,30.395360946655273,19.66223907470703,16.720849990844727,13.263971328735352,11.458263397216797,11.679160118103027,11.374732971191406,10.621213912963867,12.40151596069336,13.91896915435791,13.95571517944336,15.285309791564941,14.75967025756836,16.551401138305664,17.63391876220703,19.033660888671875,24.285818099975586,35.031002044677734,43.788455963134766,62.18464279174805,82.48025512695312,176.18202209472656,368.84576416015625,60082.9453125
144,0.0,105.35047149658203,80.2104721069336,54.3233528137207,32.96944808959961,17.815261840820312,8.929642677307129,9.093408584594727,7.421566963195801,7.271259784698486,7.018226146697998,6.349043846130371,6.140561580657959,7.03749942779541,8.383956909179688,8.08817195892334,8.161571502685547,8.099209785461426,9.298579216003418,9.87027645111084,11.691302299499512,13.590121269226074,17.913198471069336,22.718074798583984,31.82014274597168,38.485408782958984,85.9461898803711,194.05569458007812,31856.421875
145,0.0,126.2958984375,99.72381591796875,69.57408142089844,46.86902618408203,21.92586898803711,14.044291496276855,11.74127197265625,9.223820686340332,8.238275527954102,8.504152297973633,8.512097358703613,7.757101535797119,9.042694091796875,9.93071460723877,11.062844276428223,9.72412395477295,9.80370807647705,11.848691940307617,11.904377937316895,13.124857902526855,17.190261840820312,22.78092384338379,29.648466110229492,41.4209098815918,48.83150100708008,110.92447662353516,271.7075500488281,41165.25
146,0.0,131.43910217285156,98.91252136230469,71.28221893310547,42.14902114868164,22.0734806060791,12.920737266540527,11.318418502807617,8.554701805114746,8.094379425048828,8.168256759643555,8.306964874267578,7.858069896697998,9.0686616897583,9.677599906921387,10.469480514526367,10.494637489318848,10.346256256103516,12.426617622375488,12.686450004577637,15.017461776733398,18.076961517333984,24.95285987854004,30.002071380615234,41.1700553894043,59.228736877441406,122.62308502197266,233.4312286376953,37083.02734375
147,0.0,148.34095764160156,111.9041519165039,77.93572235107422,53.47502517700195,25.819278717041016,15.763954162597656,13.753717422485352,10.282188415527344,10.6304292678833,9.217053413391113,9.819633483886719,9.530357360839844,11.212533950805664,11.255633354187012,12.945158958435059,12.22544002532959,12.259154319763184,13.776209831237793,15.182726860046387,15.272056579589844,19.025867462158203,27.972806930541992,32.60535430908203,44.29341125488281,52.42926788330078,123.45680236816406,308.23553466796875,49385.08203125
148,0.0,179.61395263671875,132.1112823486328,92.81190490722656,52.977420806884766,28.110492706298828,17.426883697509766,14.57984447479248,11.210250854492188,9.679343223571777,10.07032299041748,10.030464172363281,9.009284019470215,10.519015312194824,11.743453025817871,11.67351245880127,12.631598472595215,11.90573501586914,13.31098461151123,15.431517601013184,16.255416870117188,20.769895553588867,28.85508155822754,39.256385803222656,47.059749603271484,71.35090637207031,148.32980346679688,291.73248291015625,42166.03515625
149,0.0,163.09950256347656,137.7149658203125,91.65355682373047,60.11602783203125,29.62763214111328,20.016246795654297,15.134479522705078,13.496949195861816,12.721412658691406,11.785967826843262,11.14617919921875,11.048608779907227,13.618928909301758,14.43536376953125,16.377662658691406,15.443592071533203,14.356935501098633,16.10403823852539,17.508251190185547,19.931745529174805,22.735733032226562,28.972925186157227,38.856136322021484,50.48055648803711,71.68080139160156,144.1396026611328,440.652587890625,66208.90625
150,0.0,148.0760498046875,116.38935089111328,84.0352783203125,52.353275299072266,27.04368019104004,15.907743453979492,13.41222095489502,12.106006622314453,10.59877872467041,11.428767204284668,10.551108360290527,10.058863639831543,11.678041458129883,11.814543724060059,12.459918022155762,13.112215042114258,12.303887367248535,14.630224227905273,15.477313041687012,16.922582626342773,20.598093032836914,26.82662010192871,33.39519500732422,46.69248580932617,59.67646408081055,121.05911254882812,339.9755859375,63920.2421875
151,0.0,192.41387939453125,145.0061492919922,95.38481903076172,61.02730178833008,31.247411727905273,18.51459312438965,16.03618621826172,12.335676193237305,11.440443992614746,11.460295677185059,11.103982925415039,10.480537414550781,11.970534324645996,13.613409996032715,13.793407440185547,13.781322479248047,13.466324806213379,15.057936668395996,15.887877464294434,19.942974090576172,23.36911964416504,32.49266815185547,40.71519470214844,55.647064208984375,76.18097686767578,151.24618530273438,325.85870361328125,52636.44921875
152,0.0,119.69337463378906,86.63127136230469,65.57443237304688,40.072120666503906,19.97161293029785,11.474587440490723,10.471961975097656,8.184585571289062,8.355568885803223,7.705871105194092,7.684406757354736,7.639317512512207,8.902056694030762,9.498771667480469,10.391526222229004,10.538606643676758,9.407930374145508,11.29005241394043,12.536619186401367,13.406407356262207,15.975791931152344,22.690826416015625,29.366188049316406,38.774024963378906,54.725494384765625,111.13105010986328,253.2965850830078,41006.32421875
153,0.0,163.412353515625,133.09841918945312,84.67365264892578,52.39162063598633,26.0050106048584,15.195451736450195,12.97867202758789,10.15715503692627,10.436052322387695,10.322393417358398,9.987679481506348,8.314482688903809,10.743291854858398,10.627782821655273,11.995955467224121,11.710168838500977,11.217973709106445,13.397870063781738,15.204493522644043,16.59902000427246,20.38840103149414,28.470619201660156,36.86766052246094,50.183834075927734,67.98939514160156,148.68972778320312,306.85931396484375,45470.9296875
154,0.0,195.46263122558594,153.06365966796875,101.33006286621094,67.89476776123047,34.614776611328125,19.31674575805664,15.787453651428223,13.191193580627441,12.022542953491211,11.247123718261719,12.05997085571289,10.644043922424316,12.579595565795898,14.122445106506348,14.882448196411133,16.2894229888916,14.068699836730957,15.798988342285156,18.170820236206055,19.17256736755371,26.00594139099121,34.03391647338867,43.018760681152344,55.64672088623047,77.91398620605469,165.04217529296875,342.5184631347656,59060.19140625
155,0.0,193.88223266601562,149.00108337402344,100.38037872314453,59.76820755004883,30.267431259155273,20.2309627532959,16.588430404663086,13.01560115814209,12.353723526000977,11.092989921569824,11.372532844543457,10.985347747802734,11.65510082244873,13.540303230285645,13.748371124267578,14.30688190460205,14.508831977844238,16.90107536315918,16.91543960571289,19.36893081665039,24.438833236694336,33.37153244018555,42.97557067871094,55.85502243041992,80.31495666503906,167.48001098632812,336.4100646972656,52302.9765625
156,0.0,337.9877624511719,258.5520935058594,180.73606872558594,113.1818618774414,56.589969635009766,37.43971252441406,29.98006820678711,25.233863830566406,23.949813842773438,23.695877075195312,22.358091354370117,21.9807071685791,23.928586959838867,26.901968002319336,27.747201919555664,28.316593170166016,25.38606071472168,29.991857528686523,32.581443786621094,35.41025924682617,43.69301223754883,59.22608184814453,75.94622039794922,108.0666275024414,131.76467895507812,292.53094482421875,906.3543090820312,143970.625
157,0.0,98.89486694335938,81.53646850585938,61.36274337768555,35.607139587402344,18.048349380493164,10.939336776733398,9.418391227722168,7.302457809448242,7.460187911987305,7.500882625579834,7.242585182189941,7.095438003540039,8.229677200317383,8.895439147949219,9.644691467285156,9.867770195007324,9.4286470413208,11.10347843170166,11.538619995117188,12.114680290222168,15.771443367004395,20.821487426757812,25.718833923339844,34.805885314941406,46.243003845214844,99.02849578857422,240.46817016601562,35696.80078125
158,0.0,253.7485809326172,189.46824645996094,123.99250030517578,88.79557037353516,40.94437026977539,25.72925567626953,23.44763946533203,17.98810386657715,16.066144943237305,16.551212310791016,16.743972778320312,14.043363571166992,17.77847671508789,18.186922073364258,21.39719581604004,20.27244758605957,19.40898895263672,21.320026397705078,23.897050857543945,24.916383743286133,30.83492660522461,43.249603271484375,55.070556640625,75.78797149658203,93.86603546142578,215.0779266357422,611.7609252929688,94697.171875
159,0.0,184.3887176513672,144.7879180908203,95.04039764404297,58.108558654785156,31.592533111572266,19.390867233276367,17.37673568725586,13.271924018859863,11.50623893737793,11.675200462341309,11.31544017791748,10.889628410339355,11.542860984802246,13.074108123779297,13.982738494873047,14.473467826843262,12.877947807312012,16.131532669067383,17.187742233276367,17.322490692138672,23.64144515991211,32.1981086730957,37.963382720947266,51.17499542236328,74.68441009521484,149.92942810058594,355.2413330078125,55655.21875
160,0.0,193.22494506835938,141.01522827148438,101.61518096923828,61.899009704589844,32.170928955078125,20.690032958984375,16.775806427001953,12.700255393981934,12.423398971557617,11.213428497314453,11.301658630371094,10.518692016601562,13.155122756958008,13.4994478225708,14.566226959228516,14.95681095123291,13.888850212097168,14.872037887573242,17.112600326538086,19.913347244262695,23.57770347595215,32.953556060791016,41.08385467529297,54.46730041503906,73.58589172363281,155.83522033691406,361.6866149902344,52536.35546875
161,0.0,159.64520263671875,141.39813232421875,90.0060043334961,56.82281494140625,28.840627670288086,16.20921516418457,14.50201416015625,11.692941665649414,10.393375396728516,9.962518692016602,10.77279281616211,9.781573295593262,11.208707809448242,12.078556060791016,12.063196182250977,12.201948165893555,12.057019233703613,14.347711563110352,14.882281303405762,16.653018951416016,20.192493438720703,29.011680603027344,35.04961395263672,49.17251968383789,64.5592269897461,148.16954040527344,329.8708190917969,48359.02734375
162,0.0,246.17955017089844,190.80718994140625,141.6872100830078,87.58850860595703,41.85478973388672,25.337749481201172,24.025753021240234,18.312442779541016,17.435115814208984,16.299421310424805,16.246585845947266,14.677123069763184,17.32636070251465,18.489532470703125,19.790254592895508,20.105676651000977,19.856159210205078,24.011104583740234,24.375581741333008,27.222705841064453,34.26028060913086,49.05807113647461,59.8070182800293,80.93695831298828,111.35989379882812,229.97799682617188,554.216796875,82664.21875
163,0.0,197.2035369873047,147.7978515625,99.44261169433594,65.50064849853516,31.337848663330078,18.936508178710938,17.037899017333984,13.533872604370117,12.629293441772461,11.984548568725586,11.690621376037598,10.66242790222168,12.879690170288086,13.678162574768066,15.156109809875488,14.342982292175293,13.377673149108887,16.919227600097656,17.44062614440918,20.28258514404297,25.600841522216797,33.159908294677734,43.595924377441406,59.736392974853516,86.06461334228516,175.88885498046875,370.1852111816406,64102.3125
164,0.0,191.90882873535156,139.9935760498047,98.81736755371094,57.95880126953125,28.840646743774414,19.259376525878906,15.514325141906738,12.295758247375488,11.992117881774902,11.778817176818848,11.180501937866211,10.924670219421387,12.392298698425293,14.710528373718262,14.306824684143066,15.562382698059082,13.848695755004883,16.722972869873047,17.15480613708496,20.16359519958496,24.252622604370117,36.78400802612305,45.46894073486328,57.43438720703125,80.64739227294922,177.12074279785156,377.3831481933594,57273.140625
165,0.0,180.2159881591797,139.14678955078125,90.85853576660156,57.53636169433594,26.210018157958984,15.644294738769531,15.736451148986816,11.127394676208496,10.2874174118042,10.065164566040039,9.744423866271973,9.220555305480957,10.841678619384766,12.578946113586426,12.572845458984375,13.242815017700195,12.173935890197754,13.874177932739258,14.919047355651855,17.36992073059082,22.429798126220703,30.993244171142578,37.34105682373047,52.40154266357422,72.89275360107422,150.3015899658203,298.9745788574219,44375.7109375
166,0.0,152.01861572265625,120.10879516601562,76.609130859375,51.649906158447266,26.054733276367188,15.309537887573242,14.148443222045898,10.738675117492676,9.637894630432129,9.38473892211914,9.772424697875977,9.478533744812012,11.147333145141602,12.071807861328125,12.198385238647461,13.023643493652344,11.897005081176758,13.754610061645508,13.941271781921387,16.112022399902344,21.797609329223633,28.09343147277832,36.031898498535156,51.71569061279297,63.2968635559082,133.81398010253906,296.26715087890625,44638.734375
167,0.0,196.0774383544922,145.1593780517578,95.68482971191406,61.27167510986328,26.821805953979492,16.8821964263916,15.503897666931152,12.623229026794434,11.267622947692871,11.120015144348145,10.687361717224121,10.48298168182373,11.59786605834961,13.12370777130127,13.429718971252441,14.061463356018066,12.959712028503418,15.709141731262207,16.369871139526367,17.211238861083984,23.32975196838379,32.41358184814453,39.278011322021484,51.27645492553711,74.75861358642578,172.05477905273438,361.413330078125,56224.20703125
168,0.0,155.45347595214844,120.63544464111328,80.73714447021484,50.55725860595703,25.419340133666992,15.325738906860352,13.20078182220459,10.480990409851074,11.12381649017334,9.295991897583008,9.926307678222656,9.694806098937988,10.223919868469238,11.508672714233398,12.658880233764648,13.430415153503418,12.134648323059082,14.030953407287598,15.251469612121582,17.024065017700195,22.174922943115234,30.597387313842773,38.531951904296875,54.25379943847656,68.20806884765625,149.15478515625,290.5880126953125,45849.12890625
169,0.0,163.5878143310547,149.76199340820312,91.74526977539062,63.06912612915039,29.845176696777344,17.83220863342285,15.208983421325684,12.3386869430542,11.7176513671875,10.983012199401855,10.80257511138916,10.114334106445312,11.839879989624023,13.222383499145508,13.475299835205078,14.825859069824219,12.964391708374023,15.18938159942627,16.778348922729492,17.555408477783203,22.200246810913086,31.29265022277832,40.27656555175781,52.69558334350586,72.59384155273438,158.93016052246094,358.728759765625,58014.81640625
170,0.0,142.1576385498047,116.68336486816406,82.14083099365234,47.40952682495117,21.44911003112793,14.219541549682617,11.883077621459961,9.384084701538086,9.082697868347168,8.797629356384277,8.49821949005127,7.869567394256592,9.693731307983398,10.331181526184082,10.928849220275879,10.983263969421387,10.655901908874512,12.761314392089844,13.110933303833008,15.768458366394043,19.70008659362793,26.91420555114746,34.13554763793945,46.50358200073242,62.44755172729492,145.18788146972656,257.7733459472656,37789.2265625
171,0.0,204.56948852539062,142.214111328125,113.71537017822266,62.40175247192383,30.344881057739258,21.462186813354492,17.33100128173828,13.560563087463379,12.768563270568848,11.962021827697754,11.984916687011719,11.071915626525879,13.440098762512207,14.072041511535645,14.438010215759277,14.115944862365723,13.74831485748291,16.599695205688477,18.079299926757812,19.651508331298828,24.104053497314453,31.868776321411133,42.3487663269043,55.73564147949219,77.20675659179688,146.50831604003906,425.7932434082031,68506.5078125
172,0.0,111.37734985351562,84.33154296875,58.30447769165039,34.569454193115234,18.671262741088867,11.273750305175781,9.660346031188965,8.341666221618652,7.275454044342041,6.9701008796691895,7.5208330154418945,7.257081985473633,8.268470764160156,9.120330810546875,9.984086036682129,9.13495922088623,9.799117088317871,10.935379981994629,11.172407150268555,12.710637092590332,15.954771995544434,24.089536666870117,28.118497848510742,37.01890182495117,50.5617561340332,109.07671356201172,247.65003967285156,30592.625
173,0.0,161.06338500976562,120.32583618164062,91.20664978027344,53.431358337402344,26.86299705505371,17.159053802490234,14.195789337158203,11.85377025604248,10.489996910095215,10.935508728027344,10.20562744140625,8.983101844787598,11.618256568908691,12.22336196899414,12.687348365783691,13.42349910736084,13.094571113586426,14.20192813873291,15.348518371582031,16.8698673248291,22.337427139282227,31.141874313354492,42.03575897216797,52.99259567260742,74.08720397949219,158.9375,310.42852783203125,51562.1875
174,0.0,139.52699279785156,99.39877319335938,70.13572692871094,43.336612701416016,20.086816787719727,12.59228801727295,10.971406936645508,8.576271057128906,8.343814849853516,8.084845542907715,8.447673797607422,7.792366027832031,9.017074584960938,9.876717567443848,9.941195487976074,10.240806579589844,10.61751937866211,12.554410934448242,12.866443634033203,14.736220359802246,18.683666229248047,27.03520393371582,31.80958366394043,43.61216354370117,63.1266975402832,123.09066772460938,255.3153533935547,33452.95703125
175,0.0,183.4882354736328,131.805908203125,100.75286102294922,57.43844223022461,30.81354522705078,17.215301513671875,15.277457237243652,11.425962448120117,10.608287811279297,11.57003116607666,10.32627010345459,10.012252807617188,11.974396705627441,12.73291301727295,14.299283981323242,13.37154769897461,12.821906089782715,14.72393798828125,15.969561576843262,17.746089935302734,21.38092041015625,29.03247833251953,39.585838317871094,50.18400573730469,70.16726684570312,152.70582580566406,354.5945739746094,55002.4453125
176,0.0,174.71212768554688,130.33273315429688,95.6103515625,54.58504104614258,27.901290893554688,16.526809692382812,13.412895202636719,11.20981502532959,10.319844245910645,10.274741172790527,9.924633026123047,9.81177806854248,10.940436363220215,11.792890548706055,12.98819351196289,13.1261568069458,13.628955841064453,14.696796417236328,16.080739974975586,16.827075958251953,23.50255584716797,30.718891143798828,38.691932678222656,53.973079681396484,77.261474609375,162.04002380371094,334.9170837402344,48619.171875
177,0.0,191.49131774902344,154.54177856445312,101.12361907958984,65.15411376953125,32.36960983276367,17.996070861816406,15.829371452331543,12.698902130126953,12.084598541259766,11.009740829467773,11.608967781066895,10.625202178955078,11.872830390930176,13.162043571472168,14.285018920898438,14.58250904083252,13.015596389770508,16.08525276184082,17.16844940185547,18.655052185058594,23.599445343017578,33.314064025878906,44.58617401123047,60.08903503417969,72.87830352783203,165.28541564941406,333.6443176269531,56475.34765625
178,0.0,166.04421997070312,138.9761962890625,90.52711486816406,55.576637268066406,27.934463500976562,17.196269989013672,14.018266677856445,11.559220314025879,10.624335289001465,10.122827529907227,10.060402870178223,9.286994934082031,10.942976951599121,11.884252548217773,12.571918487548828,12.319269180297852,11.935879707336426,13.580801010131836,15.473008155822754,17.520055770874023,22.39672088623047,30.02720832824707,38.277591705322266,53.565711975097656,66.58328247070312,149.8486328125,312.728759765625,44606.4765625
179,0.0,112.44895935058594,96.00284576416016,64.11790466308594,39.58601379394531,20.1640682220459,11.548166275024414,10.456518173217773,8.434334754943848,7.835168361663818,7.334970951080322,7.33038330078125,7.242827415466309,8.958789825439453,8.947587966918945,9.535528182983398,10.095429420471191,10.34005355834961,11.40906810760498,12.662261962890625,13.1256103515625,17.888200759887695,23.507282257080078,29.816390991210938,38.07571792602539,50.67401885986328,107.65985107421875,228.9168243408203,36186.71875
180,0.0,123.7136001586914,94.7990493774414,62.84469223022461,40.86022186279297,21.607507705688477,12.399141311645508,11.123135566711426,8.933838844299316,8.884933471679688,8.726150512695312,7.934253215789795,7.782466888427734,9.569756507873535,9.119898796081543,10.125657081604004,10.415725708007812,10.219635009765625,11.44149112701416,12.559271812438965,13.739562034606934,17.996047973632812,24.324481964111328,31.096324920654297,41.77031707763672,55.632965087890625,118.40611267089844,261.8987121582031,44716.3125
181,0.0,217.19007873535156,186.57582092285156,126.74886322021484,75.17098999023438,35.94182205200195,24.11533546447754,18.387741088867188,14.880247116088867,13.863096237182617,13.534781455993652,13.053336143493652,12.065479278564453,14.101241111755371,15.509339332580566,16.20607566833496,15.743383407592773,15.505484580993652,19.0484619140625,20.017078399658203,22.056020736694336,26.415822982788086,38.55666732788086,46.674293518066406,62.844642639160156,85.02989959716797,176.19778442382812,447.796875,61916.625
182,0.0,122.15995025634766,103.6572265625,69.820068359375,41.94135665893555,22.756235122680664,13.023235321044922,11.323128700256348,9.28322696685791,8.625852584838867,9.087947845458984,8.802584648132324,8.265522003173828,9.956783294677734,10.448686599731445,11.78765869140625,10.684027671813965,10.530123710632324,12.343719482421875,12.847746849060059,15.158417701721191,19.143789291381836,27.01036834716797,34.850120544433594,45.59806442260742,63.01039123535156,121.77416229248047,258.6051330566406,44775.33984375
183,0.0,159.49700927734375,126.88756561279297,82.53337860107422,54.09637451171875,26.331741333007812,17.536970138549805,14.541613578796387,10.735342025756836,10.319756507873535,10.244942665100098,10.753398895263672,9.96077823638916,10.816402435302734,12.354512214660645,12.603496551513672,12.589446067810059,12.7022705078125,15.068037986755371,15.097743034362793,18.328857421875,22.852041244506836,29.139923095703125,38.58198547363281,49.4259033203125,73.12667846679688,155.80078125,327.61907958984375,49275.6875
184,0.0,160.5677947998047,122.75711822509766,87.16477966308594,51.46491241455078,28.08806610107422,16.277528762817383,14.498119354248047,11.280194282531738,9.3681640625,10.095010757446289,10.61307144165039,9.539620399475098,10.61623477935791,12.162116050720215,12.243753433227539,12.606999397277832,12.288324356079102,13.364782333374023,14.407572746276855,16.855064392089844,21.266845703125,30.334091186523438,36.60216522216797,49.55949401855469,68.3282699584961,156.3899688720703,328.3866882324219,52256.00390625
185,0.0,130.97669982910156,95.02194213867188,68.04854583740234,42.579620361328125,20.46068572998047,12.316555976867676,10.785090446472168,8.844099998474121,8.107239723205566,7.858768939971924,8.109230041503906,7.524941921234131,8.779752731323242,9.827705383300781,10.23896598815918,10.041461944580078,9.915857315063477,10.83381462097168,13.090322494506836,13.365013122558594,16.427080154418945,21.71087646484375,30.896326065063477,38.623626708984375,50.97175979614258,109.5572738647461,242.0056610107422,37079.0
186,0.0,214.8920440673828,162.98216247558594,109.17191314697266,73.98263549804688,37.87962341308594,22.023832321166992,17.76523208618164,16.33055877685547,14.297677993774414,13.391758918762207,12.80655574798584,11.984370231628418,14.186320304870605,14.439866065979004,16.400022506713867,16.93944549560547,16.415231704711914,19.771595001220703,19.016342163085938,21.31421661376953,27.712326049804688,35.09373474121094,47.57469940185547,61.20832443237305,83.48226165771484,170.10069274902344,415.6539306640625,66027.3203125
187,0.0,127.56515502929688,103.70425415039062,73.42706298828125,41.535743713378906,20.277441024780273,13.36808967590332,11.08109188079834,8.929147720336914,8.441778182983398,8.088051795959473,8.90872573852539,7.958908557891846,9.424223899841309,9.707316398620605,10.383482933044434,10.74838924407959,9.901030540466309,11.204703330993652,12.466852188110352,13.413424491882324,15.792110443115234,23.334299087524414,28.18766975402832,36.77029037475586,48.95179748535156,112.48685455322266,270.4537048339844,45333.3828125
188,0.0,74.13660430908203,58.36753463745117,43.006080627441406,26.31203269958496,12.61886215209961,8.860334396362305,7.505575656890869,6.158316612243652,6.050445556640625,5.787213325500488,5.8354268074035645,5.7950873374938965,6.417637348175049,7.265624046325684,7.823504447937012,7.611037731170654,7.661994457244873,8.426136016845703,9.313873291015625,10.443971633911133,12.250248908996582,16.0061092376709,20.14179039001465,27.680557250976562,36.58088302612305,68.93848419189453,151.90835571289062,27070.3203125
189,0.0,119.30702209472656,96.6292724609375,66.44886016845703,41.11312484741211,20.523000717163086,12.544974327087402,10.759272575378418,8.489084243774414,8.47290325164795,7.297345161437988,8.31763744354248,7.774113178253174,8.612181663513184,8.658554077148438,9.736681938171387,10.45770263671875,10.900847434997559,11.469437599182129,12.690966606140137,13.745501518249512,17.087810516357422,23.949277877807617,30.714588165283203,39.25127410888672,48.160057067871094,125.39338684082031,248.9809112548828,43530.80859375
190,0.0,178.01351928710938,131.01683044433594,91.10971069335938,60.75577926635742,29.9724178314209,16.58650779724121,14.881505012512207,11.247249603271484,11.045512199401855,10.33184814453125,10.474696159362793,10.329253196716309,11.417473793029785,12.334803581237793,12.843676567077637,13.696524620056152,12.971222877502441,15.037871360778809,15.492191314697266,18.648618698120117,21.747222900390625,29.52049446105957,37.77366638183594,50.40846252441406,70.0334701538086,161.00526428222656,320.27679443359375,51766.921875
191,0.0,153.61622619628906,113.9022216796875,77.08120727539062,51.419822692871094,26.51444435119629,14.529647827148438,13.008652687072754,9.593667984008789,9.66256332397461,9.289920806884766,9.093520164489746,8.65445327758789,9.702478408813477,10.61125659942627,11.4103422164917,12.2994966506958,10.604696273803711,13.4574613571167,14.169358253479004,16.07485008239746,19.379669189453125,25.925411224365234,33.72105026245117,44.38933181762695,60.755855560302734,138.22779846191406,255.9586181640625,40031.078125
192,0.0,82.79618835449219,66.02570343017578,45.68208694458008,27.796419143676758,14.56632137298584,9.697314262390137,7.947149753570557,6.734814643859863,6.017439842224121,6.192187309265137,6.384352684020996,6.298030376434326,6.7284345626831055,7.97208309173584,7.678459167480469,7.813090801239014,7.637289524078369,9.53321647644043,10.026253700256348,11.014163970947266,12.656062126159668,17.280071258544922,21.711458206176758,28.963451385498047,39.738914489746094,79.0769271850586,201.65025329589844,33947.203125
193,0.0,211.8905792236328,162.8987274169922,120.94927215576172,73.74581909179688,36.65373992919922,20.47483253479004,19.205930709838867,15.708630561828613,15.232860565185547,15.588974952697754,13.674727439880371,14.2738618850708,15.799215316772461,17.21126365661621,18.5825252532959,18.551250457763672,17.394168853759766,19.996286392211914,21.172672271728516,24.52239990234375,30.812843322753906,40.610836029052734,51.81480026245117,68.86927032470703,96.66301727294922,215.0293731689453,549.749267578125,94388.0078125
194,0.0,99.27161407470703,73.17950439453125,53.42554473876953,35.16343688964844,15.843268394470215,10.083932876586914,8.958230972290039,6.951641082763672,6.930514812469482,7.116550922393799,7.26589822769165,6.80211067199707,8.172968864440918,8.433574676513672,9.419590950012207,9.475540161132812,9.56774616241455,10.833599090576172,12.14658260345459,12.91112995147705,17.254480361938477,22.264490127563477,26.968345642089844,36.02764129638672,49.11490249633789,114.10051727294922,200.4156036376953,32874.50390625
195,0.0,196.707763671875,136.865234375,92.1863784790039,56.48236083984375,27.415508270263672,18.135250091552734,14.543063163757324,11.309774398803711,11.294426918029785,9.735321998596191,10.435805320739746,9.628887176513672,11.148848533630371,12.023598670959473,12.675246238708496,13.727993965148926,13.027259826660156,14.044367790222168,15.167593955993652,15.916937828063965,21.98400115966797,29.439638137817383,37.3601188659668,52.46976089477539,72.69284057617188,158.19210815429688,320.3114929199219,51126.4140625
196,0.0,157.00643920898438,117.22992706298828,82.08011627197266,52.38397216796875,24.285207748413086,14.363479614257812,12.092411994934082,10.537443161010742,10.044795036315918,9.722877502441406,9.44513988494873,8.548949241638184,10.141196250915527,11.367446899414062,11.391634941101074,11.696203231811523,11.396723747253418,13.020477294921875,14.07351303100586,15.56282901763916,18.407487869262695,25.818037033081055,33.691986083984375,44.28572463989258,61.072322845458984,133.74928283691406,295.7524108886719,47324.70703125
197,0.0,169.41075134277344,127.68888092041016,98.09359741210938,60.614540100097656,29.715482711791992,16.6325740814209,17.452709197998047,12.617903709411621,11.832901000976562,11.454874038696289,11.608139038085938,10.93600082397461,12.688166618347168,13.219709396362305,14.455994606018066,15.110992431640625,14.383186340332031,15.893447875976562,18.67322540283203,19.91777801513672,24.69601058959961,36.47426223754883,43.99978256225586,58.81468200683594,80.68797302246094,178.76747131347656,361.4237365722656,58423.4609375
198,0.0,175.0444793701172,115.6806640625,85.92459869384766,55.9326171875,28.209535598754883,16.119831085205078,14.226370811462402,10.247781753540039,9.515225410461426,9.680742263793945,9.465842247009277,8.783404350280762,10.327021598815918,11.99308967590332,11.014045715332031,11.882535934448242,11.342549324035645,13.088248252868652,13.908491134643555,16.03648567199707,19.731916427612305,29.176666259765625,34.589439392089844,48.43857192993164,63.16108703613281,132.5968017578125,302.8252868652344,41784.38671875
199,0.0,158.39663696289062,121.53527069091797,86.96834564208984,49.86778259277344,25.266809463500977,16.206655502319336,14.092260360717773,10.292159080505371,9.346463203430176,9.487015724182129,9.226194381713867,8.553995132446289,10.290549278259277,11.794209480285645,12.128158569335938,12.354828834533691,11.672160148620605,13.66881275177002,14.223610877990723,15.111660957336426,19.942138671875,27.479673385620117,33.49197769165039,44.84019088745117,59.63395690917969,139.69322204589844,303.4100036621094,45851.21875
200,0.0,149.62966918945312,96.77519226074219,75.52574157714844,44.788360595703125,24.370447158813477,13.982392311096191,11.318340301513672,8.984855651855469,8.601923942565918,8.56437873840332,8.146928787231445,8.0421781539917,9.526935577392578,10.65226936340332,10.104910850524902,11.598931312561035,10.872208595275879,12.23943042755127,13.148017883300781,13.4967679977417,18.373292922973633,24.926443099975586,30.643783569335938,40.88290023803711,54.501121520996094,122.2870864868164,258.5386657714844,39966.03515625
201,0.0,115.46029663085938,97.37400817871094,63.16400909423828,41.83360290527344,20.418315887451172,12.942584991455078,11.262332916259766,8.846301078796387,8.977396011352539,8.154858589172363,8.741983413696289,7.661116123199463,9.007248878479004,9.826471328735352,10.805258750915527,10.919915199279785,10.806498527526855,11.77664566040039,12.057297706604004,13.981689453125,16.52680206298828,22.99929428100586,28.045549392700195,38.23134231567383,51.388519287109375,104.88441467285156,255.63107299804688,40511.26171875
202,0.0,168.06471252441406,125.33072662353516,91.90730285644531,55.44974136352539,25.11774253845215,16.036699295043945,15.04012680053711,11.499381065368652,10.130158424377441,11.159612655639648,10.515872955322266,9.606806755065918,12.324959754943848,12.886826515197754,13.146202087402344,13.854728698730469,13.772074699401855,15.168191909790039,16.339008331298828,19.137514114379883,24.345529556274414,32.932884216308594,45.34810256958008,56.40943145751953,78.466796875,162.6104736328125,376.31298828125,48350.99609375
203,0.0,210.3731689453125,142.7082977294922,109.41161346435547,66.41161346435547,33.39369583129883,20.826595306396484,16.85103416442871,12.754855155944824,12.623287200927734,12.002105712890625,11.808236122131348,10.45372200012207,12.548924446105957,13.14590835571289,14.092771530151367,14.109418869018555,13.785475730895996,15.491670608520508,16.729177474975586,19.852399826049805,24.020809173583984,31.794309616088867,43.1448860168457,54.2618293762207,76.7568130493164,157.3748779296875,366.13238525390625,60724.68359375
204,0.0,193.3699188232422,137.61465454101562,99.62242889404297,66.35205078125,32.4470329284668,19.442977905273438,16.493804931640625,14.170238494873047,13.551377296447754,12.285358428955078,13.31620979309082,11.702581405639648,13.009143829345703,13.5504789352417,15.752535820007324,16.001832962036133,15.370736122131348,18.963642120361328,18.368324279785156,21.43562126159668,25.421730041503906,36.37208938598633,45.90288162231445,57.0630989074707,79.536376953125,165.1697540283203,369.9592590332031,56976.5078125
205,0.0,160.10232543945312,113.8407974243164,79.99188232421875,53.0041389465332,26.767730712890625,16.89980697631836,11.867125511169434,10.307352066040039,9.100516319274902,9.21063232421875,9.455669403076172,8.356871604919434,9.59559154510498,10.353166580200195,11.640612602233887,11.869093894958496,11.885506629943848,12.634915351867676,14.354826927185059,15.167893409729004,18.216825485229492,26.862295150756836,35.13624572753906,44.032901763916016,63.05105209350586,142.88706970214844,263.35931396484375,40731.203125
206,0.0,181.90438842773438,130.48483276367188,86.96099090576172,53.584877014160156,29.38184928894043,18.180496215820312,14.996469497680664,10.926668167114258,11.156744956970215,10.756719589233398,10.197077751159668,9.033364295959473,10.613999366760254,11.775616645812988,13.016096115112305,11.839069366455078,12.805219650268555,14.006366729736328,15.554179191589355,16.399477005004883,21.299692153930664,28.166072845458984,37.14026641845703,49.04563903808594,70.39311218261719,141.7425079345703,330.7530822753906,49561.91015625
207,0.0,115.13410186767578,85.62435150146484,65.57998657226562,41.422149658203125,19.616056442260742,12.449247360229492,10.649660110473633,8.843338012695312,7.938323020935059,7.602598667144775,7.746616840362549,7.811588764190674,8.088889122009277,9.215617179870605,10.209982872009277,10.587303161621094,10.08797550201416,10.517950057983398,11.844792366027832,13.975069046020508,17.540550231933594,23.02202796936035,30.3914794921875,39.16891098022461,55.2107048034668,107.73793029785156,229.15904235839844,36512.78125
208,0.0,176.65481567382812,140.46551513671875,94.59384155273438,54.25244140625,27.385622024536133,16.950130462646484,14.750664710998535,11.402729034423828,11.727712631225586,11.096467018127441,10.91369342803955,9.799431800842285,11.982590675354004,13.248757362365723,14.245582580566406,13.719806671142578,13.493346214294434,15.631534576416016,16.06749725341797,18.369047164916992,23.446063995361328,31.06105613708496,40.217010498046875,57.7668342590332,78.05799865722656,157.91787719726562,313.6905212402344,48475.984375
209,0.0,136.2964630126953,108.40904998779297,81.03244018554688,45.56746292114258,22.75384521484375,14.859697341918945,12.437779426574707,9.158498764038086,9.260031700134277,8.746867179870605,8.545451164245605,8.144002914428711,9.856830596923828,10.410040855407715,10.60677433013916,11.384872436523438,10.830254554748535,12.595831871032715,14.054990768432617,15.828645706176758,20.145334243774414,27.106271743774414,35.22087478637695,43.79423522949219,61.54908752441406,130.1912384033203,260.5337219238281,37962.14453125
210,0.0,155.99874877929688,121.51351165771484,80.21825408935547,49.84034729003906,26.089540481567383,14.70646858215332,12.877062797546387,10.28761100769043,10.397369384765625,9.725964546203613,9.763334274291992,9.00225830078125,10.278508186340332,10.6380615234375,11.663424491882324,13.080848693847656,12.039481163024902,13.950214385986328,14.514694213867188,16.59768295288086,21.06760597229004,30.588829040527344,37.81777572631836,48.81584548950195,69.06744384765625,150.9279327392578,296.88714599609375,46613.79296875
211,0.0,170.15554809570312,135.62591552734375,96.84956359863281,59.066707611083984,30.648035049438477,16.298851013183594,15.954209327697754,12.409588813781738,12.52951431274414,11.158439636230469,10.75609302520752,10.863785743713379,12.642515182495117,12.827625274658203,13.227814674377441,13.165144920349121,13.776915550231934,15.387129783630371,15.975354194641113,18.064483642578125,21.504919052124023,30.836559295654297,40.30276107788086,53.29726028442383,74.36885070800781,156.45448303222656,353.8609313964844,58853.34375
212,0.0,169.0795135498047,120.72667694091797,85.17056274414062,56.888370513916016,26.627166748046875,16.977462768554688,14.288758277893066,11.261032104492188,10.422163009643555,10.60336685180664,10.615860939025879,9.261260032653809,11.504100799560547,12.622672080993652,12.859768867492676,13.30494213104248,12.132362365722656,14.631134986877441,15.978848457336426,16.974445343017578,21.2847843170166,31.84284210205078,37.7907829284668,50.35123825073242,65.96903991699219,140.08187866210938,302.2665710449219,53366.31640625
213,0.0,155.73553466796875,114.23878479003906,75.8158950805664,51.933650970458984,25.998149871826172,16.21116065979004,13.206978797912598,10.366312980651855,9.356047630310059,9.433099746704102,9.221219062805176,8.46911907196045,10.203635215759277,10.839579582214355,11.828096389770508,11.696600914001465,11.703207015991211,13.235352516174316,14.246811866760254,16.14687156677246,20.562328338623047,28.968891143798828,35.7890625,45.719482421875,65.60301208496094,145.80633544921875,281.34722900390625,41987.96875
214,0.0,164.32054138183594,132.72213745117188,91.60578918457031,59.28700256347656,26.498083114624023,16.286989212036133,15.042062759399414,11.967965126037598,11.397443771362305,10.246173858642578,10.149975776672363,9.356542587280273,11.876875877380371,13.211605072021484,13.967241287231445,13.839879989624023,12.632474899291992,15.671836853027344,15.904446601867676,17.84939193725586,21.051013946533203,28.899616241455078,39.89963150024414,49.154052734375,70.15753936767578,145.15306091308594,355.72662353515625,56688.61328125
215,0.0,190.4442138671875,135.9880828857422,96.08444213867188,56.73204803466797,30.377347946166992,17.247486114501953,14.354973793029785,11.484968185424805,10.747547149658203,10.680902481079102,10.979848861694336,10.238070487976074,11.554715156555176,13.278361320495605,13.725061416625977,14.248767852783203,13.106207847595215,16.288230895996094,15.852500915527344,19.161245346069336,23.576805114746094,34.01924514770508,42.23115921020508,56.558048248291016,75.87648010253906,161.80429077148438,344.6411437988281,48728.3359375
216,0.0,178.3253173828125,147.2187957763672,94.98753356933594,62.319419860839844,30.15012550354004,19.17654800415039,15.182594299316406,12.76508617401123,12.712532043457031,11.31543254852295,11.717120170593262,11.074145317077637,13.12785530090332,14.084299087524414,14.272469520568848,15.150816917419434,15.066225051879883,16.582618713378906,17.083263397216797,18.787921905517578,22.044147491455078,31.204118728637695,40.367095947265625,55.11713409423828,71.22837829589844,148.27606201171875,372.69671630859375,59724.29296875
217,0.0,170.6378936767578,124.66825866699219,95.74920654296875,57.76032257080078,27.22083282470703,18.41460609436035,14.581338882446289,11.90966796875,11.677990913391113,11.284199714660645,11.172688484191895,9.440007209777832,11.564266204833984,12.27454662322998,13.2731294631958,12.784595489501953,13.787033081054688,14.589828491210938,15.614937782287598,16.731430053710938,21.58302116394043,29.856224060058594,37.458274841308594,47.44960403442383,69.42869567871094,140.92372131347656,325.26263427734375,53123.2265625
218,0.0,112.537109375,86.05467224121094,57.29946517944336,39.43964385986328,20.77252197265625,12.105345726013184,10.254539489746094,8.082222938537598,7.6981096267700195,7.569369316101074,7.803595066070557,6.958649635314941,7.982282638549805,8.827757835388184,9.223653793334961,10.025589942932129,9.271197319030762,10.65131664276123,11.147195816040039,12.367685317993164,16.194345474243164,20.980091094970703,26.138681411743164,36.49298095703125,47.96256637573242,106.19603729248047,240.39532470703125,34415.359375
219,0.0,183.25735473632812,139.3399658203125,88.89496612548828,63.7169189453125,31.157594680786133,16.65361976623535,14.313514709472656,11.634759902954102,10.432872772216797,10.470117568969727,10.87153148651123,9.838166236877441,11.23559856414795,12.538515090942383,13.48315143585205,14.726096153259277,13.3537015914917,15.613983154296875,16.155471801757812,18.27109146118164,24.73695945739746,34.367095947265625,41.746681213378906,54.000064849853516,77.05077362060547,161.78672790527344,351.45953369140625,53496.25390625
220,0.0,175.93272399902344,125.76190185546875,93.2402572631836,57.051448822021484,29.034029006958008,17.308692932128906,16.373172760009766,12.144105911254883,11.54392147064209,10.605423927307129,10.565516471862793,9.889522552490234,11.812417030334473,13.660189628601074,13.78728199005127,13.275823593139648,13.271435737609863,16.278457641601562,16.96743392944336,18.611736297607422,23.874113082885742,32.80229949951172,41.956661224365234,56.85444641113281,81.39822387695312,167.64154052734375,331.9179382324219,52323.890625
221,0.0,182.22926330566406,137.99021911621094,98.76128387451172,61.808048248291016,31.472795486450195,18.647972106933594,15.384498596191406,12.10663890838623,11.503154754638672,10.855827331542969,10.445100784301758,10.383763313293457,11.529455184936523,13.327073097229004,13.028029441833496,13.402381896972656,12.770922660827637,14.747435569763184,16.829193115234375,18.55537223815918,23.23735809326172,31.93968963623047,40.23868942260742,50.74513626098633,70.99561309814453,162.9608612060547,330.072509765625,55559.4765625
222,0.0,178.9235382080078,149.74119567871094,96.41452026367188,57.74233627319336,29.177492141723633,17.641653060913086,15.368215560913086,11.658418655395508,11.21842098236084,10.014225006103516,9.940816879272461,10.16865062713623,11.202901840209961,12.493453979492188,12.482664108276367,12.953919410705566,12.500748634338379,13.399847030639648,15.503149032592773,16.641502380371094,20.64804458618164,27.845457077026367,36.617698669433594,50.68819046020508,68.65239715576172,142.62705993652344,348.7839050292969,58348.9296875
223,0.0,215.47457885742188,152.9693603515625,109.5912094116211,69.76726531982422,34.94567108154297,21.932981491088867,17.50215721130371,13.576903343200684,13.108280181884766,12.941081047058105,12.640155792236328,12.016505241394043,13.034003257751465,14.985701560974121,15.670297622680664,14.785710334777832,15.16162109375,17.091575622558594,18.7799015045166,20.230117797851562,26.985164642333984,36.58852767944336,43.73569869995117,59.48986053466797,81.4847412109375,171.01019287109375,345.5182800292969,62437.9453125
224,0.0,224.6160430908203,171.2720947265625,115.475830078125,71.46456146240234,33.284549713134766,21.03595733642578,18.715726852416992,13.631732940673828,13.009105682373047,13.136680603027344,11.893555641174316,11.956846237182617,13.91408634185791,15.039192199707031,15.810601234436035,16.08814811706543,16.280717849731445,17.308122634887695,19.167510986328125,21.126323699951172,26.201879501342773,36.431907653808594,45.73799133300781,60.455604553222656,83.8731460571289,181.96417236328125,389.2884521484375,59425.2265625
225,0.0,151.14016723632812,118.67386627197266,82.77169036865234,52.55538558959961,26.70292854309082,14.38184928894043,13.645434379577637,10.022912979125977,9.591240882873535,8.477714538574219,9.229146957397461,8.566829681396484,9.779443740844727,11.634536743164062,10.859851837158203,11.890129089355469,10.891301155090332,13.419425964355469,13.512895584106445,16.10260772705078,19.423336029052734,26.493906021118164,34.6295051574707,46.142791748046875,65.98062896728516,135.41783142089844,299.0250549316406,43342.36328125
226,0.0,179.6951904296875,148.1953125,96.08222198486328,64.5195083618164,32.304931640625,17.75057029724121,15.47684097290039,11.509819030761719,11.278762817382812,11.020042419433594,10.47429370880127,9.855031967163086,11.272627830505371,12.019307136535645,12.76513957977295,13.54295825958252,13.629246711730957,14.909865379333496,15.4166841506958,17.405235290527344,21.064971923828125,30.071287155151367,35.0129280090332,49.64204788208008,71.31178283691406,163.91444396972656,342.91888427734375,48241.2578125
227,0.0,133.0843505859375,102.99088287353516,69.23893737792969,38.08746337890625,22.118118286132812,12.792961120605469,10.899252891540527,9.111882209777832,8.399659156799316,8.243585586547852,8.55907154083252,8.038119316101074,9.275310516357422,9.601195335388184,10.945897102355957,10.459328651428223,9.903993606567383,11.598292350769043,12.469605445861816,14.35449504852295,18.127796173095703,24.80425453186035,30.619007110595703,41.18292999267578,55.193965911865234,120.42349243164062,239.6637420654297,38285.05859375
228,0.0,177.91961669921875,125.48941040039062,92.10464477539062,54.892784118652344,28.20101547241211,17.270429611206055,15.517972946166992,12.22776985168457,10.920851707458496,10.85204029083252,10.458342552185059,10.24415111541748,11.884357452392578,12.337635040283203,13.226105690002441,14.003581047058105,12.688261032104492,14.034607887268066,14.988879203796387,17.372547149658203,21.26241111755371,31.425832748413086,39.07731246948242,51.83375930786133,68.0985107421875,144.0634002685547,304.3587646484375,51624.296875
229,0.0,92.36368560791016,76.9826889038086,48.971214294433594,32.547393798828125,16.734024047851562,9.796135902404785,8.767814636230469,6.8239312171936035,6.5192952156066895,6.537965774536133,6.553483963012695,6.244497299194336,7.1015119552612305,7.335324764251709,8.258504867553711,8.053196907043457,8.562545776367188,9.93175983428955,10.431107521057129,11.247135162353516,13.855112075805664,19.351272583007812,23.396100997924805,31.12666130065918,43.351314544677734,90.00262451171875,185.39794921875,28755.29296875
230,0.0,171.7555389404297,122.3377914428711,94.2791748046875,57.931236267089844,29.67138671875,17.33565330505371,14.73530101776123,11.395418167114258,10.9911470413208,10.220793724060059,9.901453971862793,9.77033805847168,11.046639442443848,12.327235221862793,13.300551414489746,12.929732322692871,13.409111976623535,15.592744827270508,15.014113426208496,17.51304054260254,22.9543399810791,29.727088928222656,37.885372161865234,50.885990142822266,68.09434509277344,157.7293243408203,325.34039306640625,44605.1640625
231,0.0,135.0426483154297,110.60777282714844,71.89717864990234,44.89564895629883,22.62601661682129,13.8568115234375,13.163759231567383,10.266314506530762,9.297806739807129,9.46954345703125,9.5451078414917,8.567906379699707,9.475093841552734,10.502927780151367,11.491422653198242,11.5298490524292,10.282313346862793,13.21842098236084,13.760942459106445,16.51386260986328,20.211057662963867,27.95088768005371,34.23107147216797,47.26398849487305,64.83037567138672,135.554443359375,306.858642578125,52271.265625
232,0.0,114.94184875488281,94.47895812988281,66.90864562988281,40.322853088378906,21.633541107177734,12.614461898803711,11.215580940246582,8.912384986877441,8.82754898071289,8.557391166687012,8.45223617553711,8.09731388092041,9.831361770629883,10.455257415771484,11.367097854614258,12.035457611083984,10.894213676452637,13.416779518127441,13.040029525756836,16.1196346282959,20.216062545776367,25.675458908081055,31.98377799987793,45.211181640625,61.739776611328125,118.8103256225586,267.8970642089844,41172.296875
233,0.0,183.9751739501953,142.1483154296875,91.4413070678711,55.044315338134766,28.88187599182129,17.975313186645508,15.680224418640137,12.026276588439941,11.29630184173584,11.4657564163208,10.433178901672363,10.718629837036133,11.135093688964844,13.385818481445312,13.951672554016113,14.672392845153809,13.499692916870117,15.316120147705078,15.438138961791992,19.166879653930664,21.215251922607422,29.444377899169922,36.24380874633789,48.447872161865234,63.54408264160156,139.8470001220703,309.2118225097656,52811.34765625
234,0.0,148.15826416015625,125.24321746826172,76.17931365966797,49.85258102416992,25.89915657043457,14.897372245788574,13.36233139038086,10.161498069763184,9.382187843322754,9.760214805603027,9.373514175415039,8.573671340942383,9.638949394226074,11.335834503173828,11.234097480773926,12.157445907592773,11.961283683776855,13.295858383178711,14.781586647033691,15.902369499206543,19.816741943359375,26.917266845703125,35.05186080932617,46.49839401245117,64.93404388427734,138.42027282714844,312.47509765625,45279.484375
235,0.0,84.870361328125,64.65687561035156,43.15871047973633,28.32633399963379,13.716432571411133,8.326644897460938,7.442050933837891,6.4761643409729,5.841060638427734,5.913885116577148,5.976672649383545,5.743487358093262,6.950543403625488,7.622969150543213,7.2845611572265625,7.573727607727051,7.835967540740967,9.035412788391113,9.123412132263184,10.941847801208496,13.565322875976562,18.472192764282227,23.825496673583984,29.287599563598633,40.70396423339844,83.23702239990234,168.51449584960938,29638.24609375
