,layer_1,layer_2,layer_3,layer_4,layer_5,layer_6,layer_7,layer_8,layer_9,layer_10,layer_11,layer_12,layer_13,layer_14,layer_15,layer_16,layer_17,layer_18,layer_19,layer_20,layer_21,layer_22,layer_23,layer_24,layer_25,layer_26,layer_27,layer_28,layer_29
0,0.0,0.008716528303921223,0.006563480477780104,0.005831458140164614,0.004697432741522789,0.003294863970950246,0.002726121572777629,0.002539435401558876,0.002422892488539219,0.00222004484385252,0.0020837169140577316,0.0024527283385396004,0.002637610537931323,0.003132191253826022,0.003967924043536186,0.004596827086061239,0.005484921857714653,0.006346430163830519,0.008158246986567974,0.009878365322947502,0.010745976120233536,0.013582488521933556,0.017950071021914482,0.021790705621242523,0.03209764510393143,0.04200545698404312,0.06818414479494095,0.16200757026672363,7.62102746963501
1,0.0,0.00744874170050025,0.00589715875685215,0.005469770636409521,0.004481310956180096,0.003136293962597847,0.002651792485266924,0.002500139409676194,0.0024035123642534018,0.002193508669734001,0.0020746991503983736,0.0025137290358543396,0.0026929026935249567,0.0031355973333120346,0.004042052198201418,0.004605605732649565,0.005490286275744438,0.006467372179031372,0.008102044463157654,0.009646656922996044,0.011142322793602943,0.014377105981111526,0.017653262242674828,0.02243162877857685,0.03261344134807587,0.04367551580071449,0.064890056848526,0.16919253766536713,7.711328506469727
2,0.0,0.009048441424965858,0.006911117117851973,0.006350992247462273,0.0050875782035291195,0.0036118568386882544,0.0029605994932353497,0.0028238713275641203,0.0026952249463647604,0.0024595491122454405,0.0022626060526818037,0.0026459917426109314,0.002767758211120963,0.0031665798742324114,0.00417281175032258,0.0046926685608923435,0.005342015530914068,0.006183372810482979,0.008022581227123737,0.009433367289602757,0.010482126846909523,0.013371932320296764,0.01818346232175827,0.021100671961903572,0.02986069954931736,0.040604524314403534,0.06218329071998596,0.13203930854797363,5.735325336456299
3,0.0,0.009131030179560184,0.007018005475401878,0.006316760089248419,0.0049851625226438046,0.003489235183224082,0.0029169279150664806,0.0026517449878156185,0.0025359007995575666,0.0023471934255212545,0.0021700917277485132,0.00249602273106575,0.0026689188089221716,0.0031307132449001074,0.003942036535590887,0.004663669969886541,0.005567668005824089,0.006569964811205864,0.008040674962103367,0.009900125674903393,0.010668329894542694,0.013762278482317924,0.01818244345486164,0.02236313372850418,0.03241978958249092,0.043269481509923935,0.06874600797891617,0.13446463644504547,6.253176212310791
4,0.0,0.009718445129692554,0.007489779964089394,0.0066664996556937695,0.005327945109456778,0.003842391539365053,0.0031457506120204926,0.0028520124033093452,0.0026925625279545784,0.002510164398699999,0.002299773972481489,0.00261716078966856,0.0028339435812085867,0.003246895968914032,0.00409775972366333,0.004811052232980728,0.005523847881704569,0.006341117434203625,0.008029291406273842,0.010178727097809315,0.010896041058003902,0.013791786506772041,0.018343281000852585,0.02197922393679619,0.030664892867207527,0.040032945573329926,0.06304429471492767,0.13142187893390656,5.717301845550537
5,0.0,0.007339819334447384,0.005745581816881895,0.005254058167338371,0.004204718861728907,0.0029962165281176567,0.002538517117500305,0.0023833357263356447,0.0022867575753480196,0.002111227950081229,0.0019952235743403435,0.0024732863530516624,0.002640614053234458,0.0030453724320977926,0.0040209172293543816,0.004647613037377596,0.005499796010553837,0.006468818988651037,0.008129632100462914,0.009970218874514103,0.011010182090103626,0.013880428858101368,0.018451718613505363,0.02260381169617176,0.033218543976545334,0.04250054433941841,0.07265526801347733,0.15585367381572723,7.524333477020264
6,0.0,0.007389193866401911,0.00579116540029645,0.005270808003842831,0.004204796627163887,0.0029977380763739347,0.0025740896817296743,0.0024141299072653055,0.002369588939473033,0.002202494302764535,0.002050296636298299,0.002460808027535677,0.0026137663517147303,0.003079684916883707,0.003931783139705658,0.0045676399022340775,0.005283314734697342,0.006325587630271912,0.008020689710974693,0.010263470001518726,0.010918332263827324,0.01420190092176199,0.019216978922486305,0.02319452539086342,0.03270275890827179,0.04228144511580467,0.06712601333856583,0.15345972776412964,7.064466953277588
7,0.0,0.009880367666482925,0.007493605371564627,0.006630901712924242,0.005280932877212763,0.003815653268247843,0.003221712773665786,0.0029470946174114943,0.002933189505711198,0.0026789624243974686,0.0023418795317411423,0.002642026636749506,0.002863646484911442,0.003285961225628853,0.004204023163765669,0.004884709604084492,0.005535064730793238,0.006419050507247448,0.008242380805313587,0.009866239503026009,0.01095320750027895,0.01348170917481184,0.01790408417582512,0.022508442401885986,0.03168568015098572,0.04017283767461777,0.06235908716917038,0.11580856889486313,5.742891311645508
8,0.0,0.009968848899006844,0.007579038385301828,0.006878283806145191,0.005492128897458315,0.0038937388453632593,0.003148564137518406,0.0027737081982195377,0.002765912562608719,0.0025754007510840893,0.0023690632078796625,0.002658990677446127,0.002793854335322976,0.0032691326923668385,0.004015955608338118,0.004740798380225897,0.00587709154933691,0.006769853178411722,0.008474152535200119,0.009823260828852654,0.011525839567184448,0.014413042925298214,0.01938055083155632,0.023614071309566498,0.03322994336485863,0.04320443049073219,0.06579917669296265,0.15071633458137512,7.086181163787842
9,0.0,0.009448826313018799,0.007204252760857344,0.006513217929750681,0.005212483927607536,0.0037728745955973864,0.003073577070608735,0.002803131705150008,0.002704718615859747,0.0024049088824540377,0.002234724583104253,0.0025992910377681255,0.002788367448374629,0.0031244533602148294,0.00393704604357481,0.004657894838601351,0.005430351011455059,0.006650708150118589,0.007971193641424179,0.009680663235485554,0.010724440217018127,0.013407568447291851,0.017183899879455566,0.021047813817858696,0.0307737085968256,0.0407373383641243,0.06221127137541771,0.12332182377576828,5.342972755432129
10,0.0,0.008868969045579433,0.006917920429259539,0.006291270721703768,0.005104929208755493,0.0037038379814475775,0.00302461558021605,0.0028073799330741167,0.0026553678326308727,0.002479179762303829,0.002227031858637929,0.0025558241177350283,0.002766489051282406,0.003129643388092518,0.004051170311868191,0.004611304961144924,0.005466615781188011,0.006426878273487091,0.007965480908751488,0.009758826345205307,0.010711864568293095,0.01332194171845913,0.017319856211543083,0.020789582282304764,0.03029925934970379,0.039754822850227356,0.06045680120587349,0.11348842084407806,5.169585704803467
11,0.0,0.00884204637259245,0.007018081843852997,0.006434041541069746,0.005086798686534166,0.003606136655434966,0.0029461446683853865,0.0026992931962013245,0.002564600668847561,0.002372691873461008,0.0021924127358943224,0.0025592471938580275,0.002735917689278722,0.003145781345665455,0.003908810671418905,0.004557881969958544,0.0055900937877595425,0.006429885048419237,0.008406715467572212,0.00975897628813982,0.011189447715878487,0.014140898361802101,0.019129160791635513,0.022256361320614815,0.031705766916275024,0.04063227400183678,0.05970713496208191,0.11536610871553421,4.8763747215271
12,0.0,0.008663859218358994,0.006841977592557669,0.006218730006366968,0.004936231300234795,0.0035243569873273373,0.0029633347876369953,0.0027398334350436926,0.0026938877999782562,0.0024469487834721804,0.002258847001940012,0.0026319893077015877,0.0028164407704025507,0.003240114776417613,0.004085354972630739,0.004688343498855829,0.005623486824333668,0.006490363739430904,0.008185137063264847,0.010129237547516823,0.011184018105268478,0.013816660270094872,0.018240060657262802,0.02145291678607464,0.030237024649977684,0.03950760141015053,0.06045457720756531,0.11743992567062378,5.140097141265869
13,0.0,0.009202465415000916,0.007121259346604347,0.0065727741457521915,0.005164015106856823,0.0037114613223820925,0.0029733588453382254,0.002756003988906741,0.0026162134017795324,0.0023597837425768375,0.002217249944806099,0.002514543477445841,0.0026787740644067526,0.003130766097456217,0.00396400922909379,0.004599378909915686,0.00561447674408555,0.006540422793477774,0.008303671143949032,0.009787002578377724,0.01107628270983696,0.014052772894501686,0.01857719197869301,0.022772470489144325,0.03202635422348976,0.04317205399274826,0.06406668573617935,0.13557107746601105,5.63482666015625
14,0.0,0.00937473401427269,0.0072593423537909985,0.006534210871905088,0.005201876163482666,0.0037332584615796804,0.0030408387538045645,0.002881385385990143,0.0027032867074012756,0.002481794683262706,0.0022841268219053745,0.0025994121097028255,0.002741213422268629,0.003306124359369278,0.004116094205528498,0.004726054612547159,0.005671582650393248,0.0065772803500294685,0.008432211354374886,0.010128662921488285,0.011163243092596531,0.013876778073608875,0.018752073869109154,0.023186711594462395,0.03224486857652664,0.04446062445640564,0.06753440946340561,0.12608730792999268,5.510880947113037
15,0.0,0.009572600945830345,0.007466561626642942,0.006830220576375723,0.0053642806597054005,0.0038151047192513943,0.0030695516616106033,0.00285420473664999,0.0026967923622578382,0.002471827669069171,0.0023116213269531727,0.002632740419358015,0.0028141371440142393,0.0033253750298172235,0.004068282432854176,0.004652238450944424,0.005472155753523111,0.006644006352871656,0.008930723182857037,0.009975586086511612,0.010832865722477436,0.014037213288247585,0.019214153289794922,0.02350618503987789,0.03272795304656029,0.042561519891023636,0.06391394883394241,0.1173018366098404,4.689229965209961
16,0.0,0.009149580262601376,0.007159444969147444,0.0064156269654631615,0.0050886101089417934,0.003525145584717393,0.003080320078879595,0.0027731654699891806,0.002683839527890086,0.002402001526206732,0.002228033496066928,0.0025333294179290533,0.0027625353541225195,0.0031437184661626816,0.003940836992114782,0.004587414674460888,0.005428263917565346,0.006292420905083418,0.008130142465233803,0.009758814238011837,0.011015493422746658,0.013491627760231495,0.018321197479963303,0.022081753239035606,0.03248604014515877,0.04326670616865158,0.06842272728681564,0.1293453872203827,6.721087455749512
17,0.0,0.007877637632191181,0.006164556834846735,0.005534760653972626,0.004393430892378092,0.00315225962549448,0.002652643248438835,0.002479500835761428,0.00229898514226079,0.0021536708809435368,0.00199310015887022,0.0024017994292080402,0.0025739914271980524,0.0030002743005752563,0.003966040443629026,0.004511849023401737,0.005342249292880297,0.006646514404565096,0.00811479240655899,0.010087475180625916,0.01103144884109497,0.01389760710299015,0.01919764280319214,0.02159409411251545,0.03231176733970642,0.04388707876205444,0.0657372772693634,0.1618785411119461,7.748415470123291
18,0.0,0.009194155223667622,0.006944344379007816,0.00633992301300168,0.005020682699978352,0.0036336968187242746,0.0030955562833696604,0.0028351908549666405,0.002766672056168318,0.0025488282553851604,0.0023242607712745667,0.002654799958691001,0.0028052814304828644,0.003237208817154169,0.00399554381147027,0.004621527157723904,0.005277428310364485,0.006133635528385639,0.00773399556055665,0.009882980957627296,0.011184644885361195,0.013715554028749466,0.01814541406929493,0.02187362313270569,0.032177116721868515,0.04207863658666611,0.06779151409864426,0.14455054700374603,7.26486873626709
19,0.0,0.008525616489350796,0.00656286533921957,0.00596085749566555,0.004714699927717447,0.0034454017877578735,0.002877113875001669,0.0026236558333039284,0.0026320810429751873,0.0023895108606666327,0.002143007470294833,0.0025485248770564795,0.002744592260569334,0.003155095037072897,0.004114165902137756,0.004716114606708288,0.00543269282206893,0.006607102695852518,0.008187264204025269,0.00965446513146162,0.01075336616486311,0.013611323200166225,0.01715853437781334,0.02115258201956749,0.030696069821715355,0.03984663262963295,0.06820429116487503,0.13786299526691437,6.763974189758301
20,0.0,0.008954259566962719,0.0069269766099750996,0.006213205400854349,0.004964862950146198,0.0035027209669351578,0.0028712875209748745,0.0027962643653154373,0.002710027387365699,0.002491631545126438,0.002260386012494564,0.0026313515845686197,0.002836942672729492,0.0032209947239607573,0.004077287390828133,0.004724096041172743,0.005453082267194986,0.006467732135206461,0.008493653498589993,0.009724579751491547,0.010685802437365055,0.013684370554983616,0.01771705597639084,0.0221797376871109,0.030950039625167847,0.04076281934976578,0.06294764578342438,0.11976292729377747,5.311185359954834
21,0.0,0.010117811150848866,0.007725915405899286,0.006930556148290634,0.005535800941288471,0.003958479501307011,0.0032198873814195395,0.003005736041814089,0.0027701365761458874,0.0026356144808232784,0.002357159275561571,0.0027180828619748354,0.002846307121217251,0.003279497381299734,0.004134762100875378,0.004831759724766016,0.006474634166806936,0.007557435426861048,0.009533947333693504,0.011273674666881561,0.012409936636686325,0.016804814338684082,0.023560671135783195,0.028708314523100853,0.03727966174483299,0.05032942444086075,0.07396436482667923,0.12936408817768097,4.522368431091309
22,0.0,0.00944279134273529,0.007276329677551985,0.006543771829456091,0.00526993116363883,0.003786014625802636,0.0031897970475256443,0.0029190483037382364,0.0028763290029019117,0.0025522930081933737,0.0022788220085203648,0.0025965101085603237,0.002744179917499423,0.003179053543135524,0.0040408470667898655,0.004572683479636908,0.005447769537568092,0.006257107947021723,0.007800310384482145,0.009317122399806976,0.010510842315852642,0.013384195975959301,0.01726883463561535,0.021876461803913116,0.030011972412467003,0.03880021721124649,0.06108101084828377,0.14094886183738708,6.4018354415893555
23,0.0,0.009706429205834866,0.00745317991822958,0.006568341050297022,0.005274087656289339,0.0037863103207200766,0.003200879320502281,0.0029147493187338114,0.00283742044121027,0.0026379795745015144,0.002310467418283224,0.0025641033425927162,0.0027390585746616125,0.003168284660205245,0.004124334082007408,0.004660477861762047,0.005606129299849272,0.006423343904316425,0.008100992999970913,0.009763971902430058,0.010914269834756851,0.013792579993605614,0.01875290460884571,0.02227981761097908,0.03164699673652649,0.042203933000564575,0.06401436030864716,0.12311505526304245,5.048215866088867
24,0.0,0.007550511509180069,0.005778367165476084,0.005298130679875612,0.004268732387572527,0.003075861372053623,0.0025889358948916197,0.0023619667626917362,0.0022946777753531933,0.002084612613543868,0.0019990375731140375,0.002456054789945483,0.0026240020524710417,0.0029796443413943052,0.00404309993609786,0.004735248629003763,0.005448609124869108,0.006337066646665335,0.008295446634292603,0.01046157069504261,0.011725394055247307,0.013994216918945312,0.018405752256512642,0.0222781952470541,0.03288259357213974,0.04220323637127876,0.06572563201189041,0.15006698668003082,6.5767903327941895
25,0.0,0.006961000617593527,0.005476831924170256,0.004976599011570215,0.0040452005341649055,0.002868304494768381,0.0024699880741536617,0.0023052820470184088,0.0022788390051573515,0.0020718902815133333,0.0019551285076886415,0.0024759816005825996,0.002643355866894126,0.0030778709333389997,0.004042225424200296,0.004627734422683716,0.005386766046285629,0.00643134443089366,0.007983178831636906,0.010025013238191605,0.011470031924545765,0.013811871409416199,0.018390465527772903,0.02282463200390339,0.0329330749809742,0.042605750262737274,0.06623565405607224,0.1588631570339203,7.092595100402832
26,0.0,0.010680586099624634,0.008200588636100292,0.007241544779390097,0.005739495623856783,0.004161416552960873,0.0036056330427527428,0.0033349385485053062,0.0030630675610154867,0.002701579127460718,0.002535872161388397,0.002930291695520282,0.0029878071509301662,0.003379248781129718,0.0043373433873057365,0.005010490771383047,0.005901160649955273,0.0067245448008179665,0.00829719752073288,0.010305618867278099,0.011553685180842876,0.01479923352599144,0.018985658884048462,0.02360096387565136,0.03318443521857262,0.046188220381736755,0.07691669464111328,0.1620139628648758,8.37926959991455
27,0.0,0.008823673240840435,0.006861816626042128,0.006255586165934801,0.005024999845772982,0.0036115706898272038,0.0029478922951966524,0.002804624615237117,0.0027581669855862856,0.002453830325976014,0.0022784119937568903,0.002597563900053501,0.0027513024397194386,0.003141401568427682,0.0039671557024121284,0.004567528609186411,0.005520230159163475,0.006543443072587252,0.008412561379373074,0.010047409683465958,0.011129367165267467,0.01319197565317154,0.018300360068678856,0.02211931347846985,0.03181906417012215,0.041468437761068344,0.06603306531906128,0.1475822776556015,7.249277591705322
28,0.0,0.010553394444286823,0.008183917962014675,0.007231099531054497,0.005786899942904711,0.004101274535059929,0.0033273794688284397,0.0030157207511365414,0.0029817798640578985,0.0026554493233561516,0.0024016178213059902,0.0027355344500392675,0.0028710723854601383,0.0033494222443550825,0.004150825552642345,0.004731501918286085,0.005754378624260426,0.006836543790996075,0.008220219053328037,0.010119386948645115,0.011369328014552593,0.013686572201550007,0.01884256862103939,0.023095490410923958,0.03214934095740318,0.04199040308594704,0.06295306235551834,0.1167394295334816,4.939793586730957
29,0.0,0.009327760897576809,0.007122326176613569,0.00648304121568799,0.005121016874909401,0.003629083512350917,0.0029692191164940596,0.00274549494497478,0.002645924687385559,0.0024306708946824074,0.0022172012832015753,0.0026654682587832212,0.002738069975748658,0.003133689984679222,0.004113095346838236,0.004787484183907509,0.005501114297658205,0.006265018600970507,0.008219064213335514,0.00994798168540001,0.010646115057170391,0.01328341569751501,0.017001882195472717,0.021023163571953773,0.029588989913463593,0.03929053619503975,0.06307872384786606,0.13161490857601166,6.20623779296875
30,0.0,0.009597494266927242,0.007549277972429991,0.0069259521551430225,0.00541248545050621,0.003955394495278597,0.0032131553161889315,0.003033809829503298,0.0028056951705366373,0.002576803555712104,0.0023372331634163857,0.002651454880833626,0.0027752595487982035,0.0031487972009927034,0.003957114182412624,0.004684814717620611,0.005536558572202921,0.0063924347050487995,0.008162101730704308,0.00992479920387268,0.010883523151278496,0.013312079012393951,0.01759147271513939,0.021690793335437775,0.029556021094322205,0.03964335843920708,0.06441223621368408,0.12161218374967575,5.725923538208008
31,0.0,0.008471274748444557,0.006544720847159624,0.005829705391079187,0.0046205343678593636,0.0033574330154806376,0.0027894822414964437,0.002588304691016674,0.0024414195213466883,0.002220563590526581,0.0020834067836403847,0.0025525318924337626,0.0026345516089349985,0.003071131417527795,0.003908707294613123,0.00451549282297492,0.005322807468473911,0.006229845341295004,0.008373165503144264,0.009801352396607399,0.011183695867657661,0.013333678245544434,0.017424996942281723,0.021679997444152832,0.030562644824385643,0.040323421359062195,0.06320635229349136,0.13542188704013824,5.864271640777588
32,0.0,0.009757757186889648,0.007502899505198002,0.006865919101983309,0.005460407584905624,0.0038489620201289654,0.0032086994033306837,0.0028700134716928005,0.0027239425107836723,0.002487094607204199,0.002296315971761942,0.002587215043604374,0.0027799878735095263,0.003214108059182763,0.0040671746246516705,0.004542949143797159,0.005717587657272816,0.006599086336791515,0.008394839242100716,0.010087099857628345,0.011327646672725677,0.014089170843362808,0.01831011287868023,0.022777553647756577,0.03140050172805786,0.04100203886628151,0.06737741827964783,0.1195000484585762,5.3828654289245605
33,0.0,0.010251298546791077,0.007939456962049007,0.007071035914123058,0.005656218156218529,0.0040741474367678165,0.0032723869662731886,0.0029826953541487455,0.002851632656529546,0.002594214165583253,0.0023719307500869036,0.0026398845948278904,0.002844876842573285,0.003270268440246582,0.004161805845797062,0.0051693059504032135,0.006336182355880737,0.007421817164868116,0.009583856910467148,0.010659252293407917,0.01163439080119133,0.01479361578822136,0.020166359841823578,0.02391439490020275,0.033302996307611465,0.0443788580596447,0.06714631617069244,0.1245441660284996,4.748680114746094
34,0.0,0.010437576100230217,0.007946208119392395,0.007041223347187042,0.005676137283444405,0.003969805780798197,0.003319188253954053,0.0030154320411384106,0.0027908626943826675,0.0025604038964957,0.0023642093874514103,0.0026668431237339973,0.0028357068076729774,0.003248584922403097,0.004111150745302439,0.004746166057884693,0.005740065593272448,0.006569503340870142,0.00887668039649725,0.010231430642306805,0.01144998800009489,0.015938373282551765,0.020541174337267876,0.0253433957695961,0.035240914672613144,0.044435612857341766,0.069498710334301,0.11989801377058029,4.92770528793335
35,0.0,0.010109519585967064,0.007893840782344341,0.00712886406108737,0.005669667385518551,0.004058553837239742,0.0032683787867426872,0.003008281346410513,0.002812594175338745,0.0025707785971462727,0.0023710853420197964,0.0026622349396348,0.0028967573307454586,0.003238634206354618,0.0039936937391757965,0.004736023955047131,0.005786077119410038,0.0068144123069942,0.008698226884007454,0.010072702541947365,0.010934576392173767,0.013418669812381268,0.018714023754000664,0.022571885958313942,0.03120570071041584,0.04154215380549431,0.06459100544452667,0.13519306480884552,5.944368839263916
36,0.0,0.010930191725492477,0.008616270497441292,0.007528054527938366,0.006075471639633179,0.004391263239085674,0.003568824380636215,0.003238297998905182,0.003035587491467595,0.002808505203574896,0.0025460508186370134,0.002814340637996793,0.0030502292793244123,0.0034994527231901884,0.00437558488920331,0.004902360029518604,0.005968444515019655,0.006748698186129332,0.008369222283363342,0.010006784461438656,0.011029703542590141,0.014053449966013432,0.019011761993169785,0.0237205158919096,0.03373172506690025,0.04245453700423241,0.06698690354824066,0.11993775516748428,5.317866325378418
37,0.0,0.00925801508128643,0.007194694597274065,0.006439050659537315,0.005099961534142494,0.0036423548590391874,0.003067578421905637,0.002793852472677827,0.002731276210397482,0.002466019243001938,0.002250320976600051,0.002631395123898983,0.0027615241706371307,0.003192928386852145,0.004062599502503872,0.004799888003617525,0.005587374791502953,0.006514100357890129,0.00844571739435196,0.010195720940828323,0.011242285370826721,0.013798638246953487,0.018110884353518486,0.022283853963017464,0.03180356323719025,0.041420672088861465,0.06537019461393356,0.1402662694454193,6.442420482635498
38,0.0,0.008939501829445362,0.006862326059490442,0.006165585480630398,0.005018892697989941,0.003537373850122094,0.0028420353773981333,0.0026200951542705297,0.002434608293697238,0.0023135123774409294,0.002151195192709565,0.0025388801004737616,0.00279230996966362,0.0031943924259394407,0.0038342042826116085,0.004608597606420517,0.005356741137802601,0.006085395347326994,0.007964132353663445,0.009386536665260792,0.010690804570913315,0.01327589899301529,0.017329106107354164,0.02153247594833374,0.03215264156460762,0.04189666360616684,0.0662604421377182,0.139841690659523,7.1307501792907715
39,0.0,0.00832380075007677,0.0063417465426027775,0.005736483260989189,0.004636176396161318,0.0033372428733855486,0.0027025549206882715,0.00250310474075377,0.0024832477793097496,0.0023008997086435556,0.0020737010054290295,0.0025246981531381607,0.002703116973862052,0.003121778601780534,0.004113700240850449,0.004776814021170139,0.005543246399611235,0.006601728964596987,0.007994242012500763,0.009927891194820404,0.011158742941915989,0.014357824809849262,0.018272442743182182,0.022608954459428787,0.03183373436331749,0.042931292206048965,0.06582242995500565,0.14143075048923492,6.638271808624268
40,0.0,0.009750776924192905,0.0076683685183525085,0.006991326808929443,0.005565391853451729,0.0039434367790818214,0.0031765084713697433,0.002872413257136941,0.0027568871155381203,0.002487102523446083,0.0022792050149291754,0.0026455605402588844,0.002840561792254448,0.003203460481017828,0.004116158466786146,0.004627058282494545,0.005882096942514181,0.0066882106475532055,0.008456873707473278,0.010341708548367023,0.011234145611524582,0.014184816740453243,0.019605576992034912,0.023242713883519173,0.031656358391046524,0.0432000532746315,0.06536206603050232,0.12636932730674744,5.376145839691162
41,0.0,0.007983929477632046,0.006380070000886917,0.0056770192459225655,0.004540258087217808,0.0032718409784138203,0.0027367400471121073,0.0025594269391149282,0.002414921298623085,0.0022389465011656284,0.0020691407844424248,0.002411657478660345,0.002610635943710804,0.0030551764648407698,0.0038133219350129366,0.00451450003311038,0.005305298138409853,0.006408611312508583,0.008165598846971989,0.009888088330626488,0.010655178688466549,0.013446476310491562,0.01749338209629059,0.021255986765027046,0.029965592548251152,0.03986384719610214,0.06016064062714577,0.12658075988292694,5.8009209632873535
42,0.0,0.009566027671098709,0.007367332000285387,0.006765765603631735,0.005397937260568142,0.0038613569922745228,0.0032303277403116226,0.002925330772995949,0.002819677349179983,0.0026051553431898355,0.002355183707550168,0.0026617012917995453,0.0028258836828172207,0.0032340085599571466,0.004165493883192539,0.004768182057887316,0.005578550044447184,0.006804006174206734,0.008319620974361897,0.010156840085983276,0.011157440952956676,0.014125277288258076,0.01987064816057682,0.02353060059249401,0.03293473273515701,0.043138109147548676,0.06764940172433853,0.12382779270410538,6.490915298461914
43,0.0,0.010142589919269085,0.007802261039614677,0.0070831081829965115,0.0056485943496227264,0.0040098694153130054,0.0032706859055906534,0.002957969205453992,0.0028467047959566116,0.0026619199197739363,0.0023778376635164022,0.0027036515530198812,0.0028027440421283245,0.0032805867958813906,0.0041735535487532616,0.004709959030151367,0.005739866755902767,0.006756733637303114,0.008388637565076351,0.009686054661870003,0.010567269288003445,0.013985762372612953,0.018057748675346375,0.022163288667798042,0.03149881586432457,0.04214940220117569,0.06320082396268845,0.11784802377223969,4.872454643249512
44,0.0,0.009631006978452206,0.007331734988838434,0.006670291069895029,0.005315686576068401,0.003791979979723692,0.003132280893623829,0.0028683554846793413,0.002735960064455867,0.0025325503665953875,0.0022510080598294735,0.002563494723290205,0.0027808414306491613,0.003286168212071061,0.004095163661986589,0.004721279721707106,0.005806816276162863,0.006694542709738016,0.00855892151594162,0.010066341608762741,0.011072658933699131,0.014090050011873245,0.018655331805348396,0.02305862121284008,0.03162653371691704,0.0413702055811882,0.06315571814775467,0.12129785865545273,4.9824934005737305
45,0.0,0.009416641667485237,0.007168026175349951,0.006448081694543362,0.005191578064113855,0.003686437848955393,0.0029993297066539526,0.0027767084538936615,0.002661551581695676,0.002463964046910405,0.0022462569177150726,0.0025471465196460485,0.002734147012233734,0.0032041154336184263,0.004026505630463362,0.004571220837533474,0.005502285435795784,0.006165266502648592,0.00798990111798048,0.0099266916513443,0.010759903118014336,0.013670307584106922,0.018191805109381676,0.02254864014685154,0.0318581759929657,0.04181240126490593,0.06898532062768936,0.14280341565608978,7.076815605163574
46,0.0,0.009425419382750988,0.007152800913900137,0.006489595863968134,0.005175675731152296,0.003587408224120736,0.002989555010572076,0.0028854275587946177,0.002742454642429948,0.00249808793887496,0.00227682595141232,0.002617115154862404,0.00278906780295074,0.003199717728421092,0.003970697056502104,0.0047082724049687386,0.005556720308959484,0.006464201956987381,0.007959205657243729,0.0097995325922966,0.010858255438506603,0.013227248564362526,0.018584290519356728,0.022285832092165947,0.030299849808216095,0.04029061272740364,0.061440229415893555,0.1258777379989624,5.964017868041992
47,0.0,0.007927803322672844,0.006228302139788866,0.005674240179359913,0.004515593871474266,0.00323832081630826,0.0027331244200468063,0.0025335142854601145,0.002507622353732586,0.0022643806878477335,0.0020515399519354105,0.002487586112692952,0.0026554204523563385,0.0031009092926979065,0.0038824647199362516,0.004569630138576031,0.005580460652709007,0.00647114310413599,0.008158816955983639,0.00997597724199295,0.01108231395483017,0.013494526967406273,0.018459687009453773,0.02205897681415081,0.03144349157810211,0.04111402854323387,0.06376038491725922,0.14010410010814667,6.2147393226623535
48,0.0,0.007980871014297009,0.00627677608281374,0.005737340077757835,0.0045360662043094635,0.0031987736001610756,0.0026629427447915077,0.0025195213966071606,0.0023957923986017704,0.0022049988619983196,0.0020918117370456457,0.002455058740451932,0.0026086336001753807,0.0031243825796991587,0.003962110262364149,0.004511403385549784,0.005380652379244566,0.006414403207600117,0.00792866200208664,0.009866582229733467,0.010753870941698551,0.01335088349878788,0.01771526038646698,0.021504780277609825,0.03119540959596634,0.03979610651731491,0.06294330954551697,0.13430997729301453,6.059537887573242
49,0.0,0.009857745841145515,0.007607592735439539,0.006931868847459555,0.005458667874336243,0.003867517225444317,0.00318955653347075,0.0029849151615053415,0.0027987430803477764,0.002653704723343253,0.002363890875130892,0.002688668668270111,0.002810422098264098,0.003273960668593645,0.004080922808498144,0.0047567603178322315,0.005833108443766832,0.0066783190704882145,0.008400658145546913,0.009912184439599514,0.010796666145324707,0.013488749973475933,0.018025273457169533,0.021936113014817238,0.030766889452934265,0.04162943363189697,0.06250707060098648,0.11699241399765015,5.158325672149658
50,0.0,0.007350345142185688,0.00567677803337574,0.005062021315097809,0.004097761120647192,0.0029186576139181852,0.0024424134753644466,0.002299458486959338,0.002228217199444771,0.0020305546931922436,0.0019637267105281353,0.0023930491879582405,0.002670455025509,0.0029976165387779474,0.003885851241648197,0.004692284855991602,0.0052958326414227486,0.006264174822717905,0.008304720744490623,0.01020179782062769,0.011150249280035496,0.013774489052593708,0.017970280721783638,0.022040996700525284,0.031231770291924477,0.04179030656814575,0.06366726756095886,0.1390656977891922,6.180091857910156
51,0.0,0.009748426266014576,0.007538314443081617,0.0066898288205266,0.005291115026921034,0.003794212592765689,0.0031499105971306562,0.002933424199000001,0.0027266242541372776,0.002562452107667923,0.0023367044050246477,0.002608752343803644,0.0027997270226478577,0.0031906049698591232,0.004145065322518349,0.004775826819241047,0.005705111660063267,0.00643858453258872,0.008104629814624786,0.009817336685955524,0.010733786970376968,0.01328787487000227,0.017775848507881165,0.02219163067638874,0.030434532091021538,0.041787005960941315,0.06483714282512665,0.12882986664772034,5.156608581542969
52,0.0,0.009087642654776573,0.007024588994681835,0.006358778104186058,0.005099279340356588,0.0035566959995776415,0.002938483376055956,0.002702048048377037,0.0025443921331316233,0.002316089579835534,0.002210216596722603,0.0025361725129187107,0.002656554337590933,0.0031384623143821955,0.0039247567765414715,0.0044236439280211926,0.005539769306778908,0.00641889963299036,0.00818638689815998,0.009888995438814163,0.011362571269273758,0.01418254803866148,0.01800246722996235,0.02233811281621456,0.03069113753736019,0.04161859303712845,0.062002163380384445,0.13091924786567688,6.347999095916748
53,0.0,0.007501690648496151,0.0058614290319383144,0.005349799990653992,0.004299784079194069,0.0030801212415099144,0.0025873857084661722,0.002392667345702648,0.0022831454407423735,0.002106125233694911,0.0019837121944874525,0.002418107120320201,0.002531922422349453,0.0029276071581989527,0.0039322879165410995,0.004548129625618458,0.005455939099192619,0.006395373959094286,0.008519431576132774,0.010232435539364815,0.01103029865771532,0.014140501618385315,0.018299361690878868,0.022259270772337914,0.03190337121486664,0.04290362074971199,0.07073544710874557,0.1462969183921814,7.2277445793151855
54,0.0,0.011329961940646172,0.008684027008712292,0.008030758239328861,0.006362817250192165,0.00451688002794981,0.0037944375071674585,0.003425734816119075,0.0036758920177817345,0.0033769705332815647,0.0027350394520908594,0.003006018465384841,0.0031522552017122507,0.0036331629380583763,0.004376575816422701,0.005202991887927055,0.006178167182952166,0.007159311790019274,0.0088332649320364,0.010995103977620602,0.012261303141713142,0.015627421438694,0.020851600915193558,0.026747366413474083,0.035590462386608124,0.051032450050115585,0.08004313707351685,0.1504109501838684,6.383045196533203
55,0.0,0.010408167727291584,0.007913962937891483,0.00713014043867588,0.005672946572303772,0.004054248798638582,0.0033503922168165445,0.0029844879172742367,0.0028544804081320763,0.002654579235240817,0.0024403855204582214,0.0026740680914372206,0.002886697184294462,0.0032831619028002024,0.004079555626958609,0.004832434933632612,0.005870223976671696,0.006738612893968821,0.008679994381964207,0.010190222412347794,0.010719982907176018,0.013848623260855675,0.017837654799222946,0.022799307480454445,0.03101419284939766,0.04304590821266174,0.06555657088756561,0.11632974445819855,5.381660461425781
56,0.0,0.00894235260784626,0.007056578062474728,0.00640045665204525,0.00509802857413888,0.0036613261327147484,0.0030379348900169134,0.0028856932185590267,0.0027893276419490576,0.00254510878585279,0.0023005399852991104,0.0026089134626090527,0.0028430998791009188,0.0032768952660262585,0.004160171374678612,0.00471904594451189,0.005807480309158564,0.00654988270252943,0.008444786071777344,0.010007905773818493,0.011171618476510048,0.01394047774374485,0.018663201481103897,0.022554315626621246,0.030758846551179886,0.04102525860071182,0.06473331153392792,0.11720256507396698,5.0670390129089355
57,0.0,0.008574923500418663,0.006648107431828976,0.005995871964842081,0.004819218069314957,0.003469622228294611,0.0028533220756798983,0.0026923695113509893,0.0026073909830302,0.0023931085597723722,0.002172913169488311,0.002498001791536808,0.002713351044803858,0.0031261807307600975,0.004078798461705446,0.0045891450718045235,0.005685039330273867,0.0065399520099163055,0.008122111670672894,0.00978639256209135,0.011408542282879353,0.01352067943662405,0.018357720226049423,0.022065704688429832,0.031124595552682877,0.04135676845908165,0.06070486083626747,0.12369255721569061,5.786602973937988
58,0.0,0.00831525307148695,0.006498579401522875,0.005869417916983366,0.0046513997949659824,0.0032898136414587498,0.0027819538954645395,0.0026134818326681852,0.00245053437538445,0.002248331205919385,0.0020842072553932667,0.0024686739780008793,0.0027145054191350937,0.003129195189103484,0.003995978273451328,0.004674830473959446,0.005553869530558586,0.006259712856262922,0.0080177653580904,0.010050846263766289,0.011210501194000244,0.013346207328140736,0.018459316343069077,0.022349713370203972,0.03132176399230957,0.040833406150341034,0.06444934755563736,0.14578574895858765,6.518951892852783
59,0.0,0.010253417305648327,0.007930430583655834,0.00709685729816556,0.0056841024197638035,0.004119430668652058,0.003346534911543131,0.0030276973266154528,0.0028668646700680256,0.0026250737719237804,0.002373341703787446,0.002673817565664649,0.0028840943705290556,0.0034243587870150805,0.004170733969658613,0.004715247545391321,0.005904613994061947,0.006879755295813084,0.008674896322190762,0.010556796565651894,0.011731975711882114,0.014715542085468769,0.020881129428744316,0.026479195803403854,0.03629329800605774,0.04732927307486534,0.07358314096927643,0.13607731461524963,5.241001129150391
60,0.0,0.009733635932207108,0.007545566186308861,0.006894836667925119,0.00564697477966547,0.004041542299091816,0.003329706145450473,0.002997124567627907,0.0029117846861481667,0.002645202912390232,0.0024029556661844254,0.0028076337184756994,0.0028807998169213533,0.0032646101899445057,0.004050489515066147,0.004877001978456974,0.00540847796946764,0.006236369255930185,0.008019950240850449,0.009700102731585503,0.01087390910834074,0.013099022209644318,0.017353609204292297,0.02092723175883293,0.029849030077457428,0.040307965129613876,0.062182504683732986,0.16442127525806427,7.407088279724121
61,0.0,0.010392879135906696,0.007992620579898357,0.007236878853291273,0.005793099757283926,0.004169951658695936,0.003387397387996316,0.0031080609187483788,0.0029077306389808655,0.0027448213659226894,0.0025002805050462484,0.0028330411296337843,0.0030097130220383406,0.003427719697356224,0.004215214867144823,0.004831381142139435,0.005782682914286852,0.0068564582616090775,0.008514818735420704,0.010016413405537605,0.011088716797530651,0.01393685769289732,0.019808419048786163,0.02334904856979847,0.03267752751708031,0.041708916425704956,0.0683123990893364,0.13062265515327454,5.708226680755615
62,0.0,0.008650420233607292,0.006787242833524942,0.006166876759380102,0.004897504113614559,0.003498609410598874,0.0028233767952769995,0.002568644704297185,0.0024635526351630688,0.0022778422571718693,0.0021405182778835297,0.002478792332112789,0.0027183634229004383,0.003105209209024906,0.00394761236384511,0.004577282350510359,0.00545983063057065,0.0064086345955729485,0.008019615896046162,0.0099720424041152,0.011497198604047298,0.013764677569270134,0.017964420840144157,0.02204100973904133,0.031415972858667374,0.041903406381607056,0.06807813793420792,0.17094041407108307,8.61291217803955
63,0.0,0.011674094013869762,0.009103696793317795,0.008299932815134525,0.0067184558138251305,0.005002500955015421,0.0040750629268586636,0.0035936264321208,0.0033402438275516033,0.002999455202370882,0.0027114269323647022,0.002978045027703047,0.0031500160694122314,0.0036267254035919905,0.004581049084663391,0.005231531802564859,0.0063331653364002705,0.007339499890804291,0.00890197791159153,0.010849318467080593,0.012381807900965214,0.015086481347680092,0.020962996408343315,0.024911683052778244,0.03402169793844223,0.044415369629859924,0.07245565950870514,0.1829858422279358,10.11539077758789
64,0.0,0.010037996806204319,0.007856300100684166,0.007025583181530237,0.00561528792604804,0.0039971619844436646,0.0032620218116790056,0.002929244888946414,0.0029188862536102533,0.002609871095046401,0.002417044946923852,0.002709165681153536,0.0028279635589569807,0.0032660639844834805,0.00409231660887599,0.004782672040164471,0.005739337299019098,0.006638353690505028,0.00840892642736435,0.01013587974011898,0.010653912089765072,0.014138729311525822,0.019341038540005684,0.024374503642320633,0.03345166891813278,0.047797780483961105,0.07522732019424438,0.12684883177280426,5.125621318817139
65,0.0,0.008245755918323994,0.006510886363685131,0.0059171575121581554,0.004818306304514408,0.0034601613879203796,0.0029053918551653624,0.002636960241943598,0.002581348642706871,0.0023349926341325045,0.002179230796173215,0.0026313154958188534,0.002749536419287324,0.0031711391638964415,0.0040823291055858135,0.004708585795015097,0.005446649622172117,0.006478332914412022,0.008239478804171085,0.010098611935973167,0.010858837515115738,0.01365644671022892,0.018102779984474182,0.02162664756178856,0.03196912258863449,0.042463529855012894,0.06401500105857849,0.14126631617546082,6.629960060119629
66,0.0,0.008585686795413494,0.006714323535561562,0.006171129178255796,0.00497238477692008,0.003461458021774888,0.0029210224747657776,0.0026846304535865784,0.00269008195027709,0.00240695639513433,0.002179466187953949,0.002516644075512886,0.0027233297005295753,0.003189142793416977,0.004049019888043404,0.004719284363090992,0.005596678238362074,0.006471521686762571,0.008321110159158707,0.010096604004502296,0.010894791223108768,0.013633481226861477,0.018091663718223572,0.022245148196816444,0.03192875161767006,0.042620155960321426,0.06483379006385803,0.14533314108848572,6.178827285766602
67,0.0,0.007287824060767889,0.005633344408124685,0.005094800144433975,0.004077186807990074,0.0029499742668122053,0.0024635237641632557,0.002329922281205654,0.0022125327959656715,0.0020475592464208603,0.0019518875051289797,0.0024042692966759205,0.0025841263122856617,0.0030012449715286493,0.003871886758133769,0.004478064831346273,0.005394259933382273,0.006735689472407103,0.008490394800901413,0.009968685917556286,0.011056752875447273,0.014224239625036716,0.018331853672862053,0.02193276770412922,0.03163934126496315,0.04221995547413826,0.06824679672718048,0.15588489174842834,7.233856201171875
68,0.0,0.009714970365166664,0.007451996207237244,0.006807025987654924,0.005403106566518545,0.0038386250380426645,0.0031532917637377977,0.0029176659882068634,0.002805909840390086,0.002538304077461362,0.002396558877080679,0.002661732956767082,0.0028274962678551674,0.0033051534555852413,0.004148795269429684,0.004899916704744101,0.0057449741289019585,0.006642647087574005,0.008392137475311756,0.010305872187018394,0.011532658711075783,0.014458702877163887,0.01909240148961544,0.024241311475634575,0.032601695507764816,0.04325772821903229,0.06601438671350479,0.1480780690908432,7.479560375213623
69,0.0,0.010137340985238552,0.007884630933403969,0.007114231586456299,0.005683269817382097,0.004102806095033884,0.0033441479317843914,0.003053929889574647,0.0030064082238823175,0.0027026745956391096,0.0024347316939383745,0.002771942177787423,0.0028665359131991863,0.0033320614602416754,0.004190849140286446,0.0047398959286510944,0.005730604287236929,0.006383206229656935,0.008291753940284252,0.009920884855091572,0.0108980443328619,0.013823259621858597,0.01826402358710766,0.022476540878415108,0.030965445563197136,0.03993016481399536,0.06410550326108932,0.12248336523771286,5.781871318817139
70,0.0,0.00901210680603981,0.006905116606503725,0.006161344703286886,0.004938725847750902,0.0035253739915788174,0.0029598583932965994,0.0027553315740078688,0.002635832643136382,0.002421941375359893,0.002201275434345007,0.002586662070825696,0.0027241527568548918,0.0032268173526972532,0.004024542402476072,0.004599876701831818,0.005468272604048252,0.006477189250290394,0.008049406111240387,0.009720590896904469,0.010901706293225288,0.013551061972975731,0.017633413895964622,0.022270765155553818,0.03210138529539108,0.04297695308923721,0.06332458555698395,0.12260469794273376,5.524439811706543
71,0.0,0.009230631403625011,0.007207721471786499,0.006591739598661661,0.005273204762488604,0.003754327306523919,0.0030992075335234404,0.002893224824219942,0.0026810974813997746,0.0025134857278317213,0.0022721048444509506,0.0026191824581474066,0.002807901008054614,0.0032000369392335415,0.003919715061783791,0.004826620686799288,0.006021103821694851,0.006846078205853701,0.009405907243490219,0.010563379153609276,0.012285697273910046,0.015022438950836658,0.01983228512108326,0.02577980048954487,0.03463045135140419,0.04609038680791855,0.07023324817419052,0.12564146518707275,5.31266450881958
72,0.0,0.007764869369566441,0.005883532576262951,0.005321233067661524,0.004341229796409607,0.003050676081329584,0.002534101950004697,0.0024100886657834053,0.0022705895826220512,0.0021945449989289045,0.0020613258238881826,0.0024869549088180065,0.002643009414896369,0.0030709358397871256,0.00388800585642457,0.004466543439775705,0.005423555616289377,0.00613605510443449,0.007461262866854668,0.009664799086749554,0.010181847028434277,0.013141315430402756,0.017079593613743782,0.021729813888669014,0.032130397856235504,0.04437263682484627,0.06901850551366806,0.15554147958755493,7.084840774536133
73,0.0,0.0077910958789289,0.006043138448148966,0.005482658743858337,0.004362580832093954,0.00313644134439528,0.002651164773851633,0.0024328790605068207,0.002370137022808194,0.002156425965949893,0.002022606786340475,0.002395324409008026,0.0025999280624091625,0.0029474408365786076,0.003946933429688215,0.004452804569154978,0.005307183600962162,0.006355307064950466,0.008248897269368172,0.010002102702856064,0.010929989628493786,0.014114883728325367,0.01845930889248848,0.022332528606057167,0.03148946911096573,0.041363175958395004,0.06129426136612892,0.13585904240608215,6.622374534606934
74,0.0,0.009258776903152466,0.007040505297482014,0.006364022381603718,0.005111983511596918,0.003609592095017433,0.002954823197796941,0.002704157028347254,0.0026133633218705654,0.002431957982480526,0.0022540725767612457,0.002572465455159545,0.0027594089042395353,0.003240907331928611,0.003973983693867922,0.004698664415627718,0.005717244930565357,0.006876269821077585,0.008535896427929401,0.01020539179444313,0.011307552456855774,0.014676227234303951,0.01858307234942913,0.02313079871237278,0.03135626018047333,0.0427841879427433,0.06382517516613007,0.11067835241556168,4.464903831481934
75,0.0,0.009436550550162792,0.007252721581608057,0.006706587970256805,0.005337664857506752,0.00375192379578948,0.0030547473579645157,0.0028150794096291065,0.0027084965258836746,0.002450664062052965,0.0023108264431357384,0.002618710743263364,0.002742879558354616,0.0031333668157458305,0.0040231989696621895,0.004668355919420719,0.005646946374326944,0.006734231021255255,0.008177099749445915,0.010140693746507168,0.011185215786099434,0.014367272146046162,0.019595352932810783,0.023401707410812378,0.03275420516729355,0.043146997690200806,0.06788019835948944,0.13257941603660583,5.858673095703125
76,0.0,0.01253326516598463,0.009685956872999668,0.008623432368040085,0.006961861625313759,0.004984894767403603,0.004021097905933857,0.003537148702889681,0.0035164302680641413,0.0031336562242358923,0.0028009172528982162,0.0030793820042163134,0.0033332521561533213,0.003795004216954112,0.00514409551396966,0.006015706807374954,0.006775503978133202,0.007945188321173191,0.009547078050673008,0.012413766235113144,0.013054409995675087,0.01672857441008091,0.02201572060585022,0.02728433348238468,0.041309110820293427,0.0565030574798584,0.1043020710349083,0.26692190766334534,14.781564712524414
77,0.0,0.010167458094656467,0.007857833057641983,0.007174732629209757,0.0057224612683057785,0.004080052487552166,0.003275222610682249,0.0030957211274653673,0.0029287650249898434,0.002665885491296649,0.0024184612557291985,0.0027269746642559767,0.002865644171833992,0.003306312719359994,0.004153743851929903,0.004767328966408968,0.005788974929600954,0.0067721204832196236,0.008543845266103745,0.00988673698157072,0.010997389443218708,0.014061144553124905,0.01841016858816147,0.02289731614291668,0.031186360865831375,0.04329291358590126,0.06677445024251938,0.1253054440021515,5.175052642822266
78,0.0,0.013203606009483337,0.0102066770195961,0.009258451871573925,0.007523905485868454,0.005016219802200794,0.004360038787126541,0.003773824777454138,0.0035682092420756817,0.003270713845267892,0.0028224363923072815,0.003116382984444499,0.0033413360361009836,0.003975682891905308,0.0048104338347911835,0.005509588401764631,0.006847424898296595,0.00818775873631239,0.009692737832665443,0.01132605317980051,0.012112516909837723,0.016252238303422928,0.023433873429894447,0.0293479822576046,0.03736228495836258,0.05205799266695976,0.08483032882213593,0.17467373609542847,5.950137138366699
79,0.0,0.008652261458337307,0.0067116073332726955,0.0060373288579285145,0.004899163264781237,0.0034018512815237045,0.0028435110580176115,0.0026770506519824266,0.0025950653944164515,0.0023593981750309467,0.002169014886021614,0.0024950688239187002,0.0027627188246697187,0.0032372092828154564,0.004041880834847689,0.004848480224609375,0.005619692150503397,0.006665217224508524,0.008441469632089138,0.010118604637682438,0.011298167519271374,0.013752230443060398,0.018307175487279892,0.021921534091234207,0.031600598245859146,0.042222242802381516,0.06632214784622192,0.11957219243049622,5.770592212677002
80,0.0,0.013058163225650787,0.009908139705657959,0.008970505557954311,0.007073023356497288,0.005333644803613424,0.004411378875374794,0.0039383177645504475,0.003941328730434179,0.0034422636963427067,0.0029446508269757032,0.003186971414834261,0.003350179409608245,0.003746484871953726,0.00473283464089036,0.005618858616799116,0.006475401110947132,0.007207929156720638,0.008692427538335323,0.01047584880143404,0.011542532593011856,0.014475435949862003,0.020189717411994934,0.02504238300025463,0.0323927141726017,0.048100557178258896,0.07522333413362503,0.138712078332901,6.252240180969238
81,0.0,0.00902261957526207,0.006911177188158035,0.0062929908744990826,0.0051063047721982,0.0036044451408088207,0.0029689576476812363,0.0027351456228643656,0.00263853557407856,0.002456665737554431,0.002231673337519169,0.002608400536701083,0.002727526007220149,0.0032018597703427076,0.0039898487739264965,0.004524011630564928,0.005477651953697205,0.006200051866471767,0.007963163778185844,0.009500180371105671,0.010817312635481358,0.014248545281589031,0.018263455480337143,0.02249883860349655,0.03180856630206108,0.0425688810646534,0.06333529949188232,0.1254873126745224,5.994309902191162
82,0.0,0.008260613307356834,0.006363606546074152,0.005727709271013737,0.004603780806064606,0.0033137311693280935,0.0027113729156553745,0.002458640607073903,0.002365979366004467,0.0021534771658480167,0.002002221532166004,0.0024021659046411514,0.002556134946644306,0.0030191584955900908,0.0038194835651665926,0.004440574906766415,0.005159763619303703,0.006285503040999174,0.007802827283740044,0.009769012220203876,0.010502693243324757,0.013104341924190521,0.01727035827934742,0.021280597895383835,0.029993753880262375,0.03952651098370552,0.06162390857934952,0.13675986230373383,6.393457412719727
83,0.0,0.008258091285824776,0.0063723609782755375,0.005692520644515753,0.0046166121028363705,0.0032999778632074594,0.002732021501287818,0.002579268766567111,0.002500574104487896,0.002308791968971491,0.002091293456032872,0.0024784773122519255,0.0025517805479466915,0.003088709432631731,0.003949043806642294,0.004582565277814865,0.005441250279545784,0.006352969445288181,0.00803613942116499,0.009707942605018616,0.010566046461462975,0.013921482488512993,0.01770908571779728,0.021672487258911133,0.03040805645287037,0.04000614583492279,0.06387799233198166,0.15121616423130035,7.425292015075684
84,0.0,0.008818404749035835,0.00678499648347497,0.0061143506318330765,0.0047774347476661205,0.0034595453180372715,0.0028491278644651175,0.0026345420628786087,0.0025275149382650852,0.0023303921334445477,0.0021273375023156404,0.002544680144637823,0.0026783098001033068,0.0031384462490677834,0.003952807281166315,0.004619280807673931,0.005274057853966951,0.006500006187707186,0.008023588918149471,0.009693283587694168,0.010993647389113903,0.01347300224006176,0.017939040437340736,0.02346874214708805,0.031200407072901726,0.04173332452774048,0.06281609833240509,0.12854023277759552,5.610586643218994
85,0.0,0.009401795454323292,0.0072136204689741135,0.006534823216497898,0.005188171751797199,0.0037129174452275038,0.003133647609502077,0.0029464191757142544,0.002836297731846571,0.0025868064258247614,0.002348514273762703,0.0026813060976564884,0.0028452787082642317,0.003181569743901491,0.004376362077891827,0.0049252999015152454,0.005791822914034128,0.0064136674627661705,0.008250882849097252,0.009823198430240154,0.010911659337580204,0.013447747565805912,0.01796036772429943,0.022338902577757835,0.031186582520604134,0.042167216539382935,0.06395822763442993,0.12837977707386017,5.231766700744629
86,0.0,0.008398856967687607,0.006395476870238781,0.005765470210462809,0.004633336793631315,0.0032869342248886824,0.0027460050769150257,0.002582677872851491,0.002666760003194213,0.002406287705525756,0.002158737275749445,0.002552421297878027,0.002788398414850235,0.003187541151419282,0.003970905672758818,0.004807375371456146,0.00548200448974967,0.0063979532569646835,0.007777215447276831,0.009646357968449593,0.010482710786163807,0.013445469550788403,0.01773482747375965,0.021616123616695404,0.03229669854044914,0.043246012181043625,0.0687965452671051,0.1547004133462906,7.8901543617248535
87,0.0,0.012348868884146214,0.009450182318687439,0.008643468841910362,0.0070111495442688465,0.004877655301243067,0.004075138829648495,0.003583559300750494,0.003252047346904874,0.0031202505342662334,0.002726966515183449,0.0029918409418314695,0.0032262199092656374,0.003781256265938282,0.004720016848295927,0.005614123772829771,0.007130218669772148,0.008661137893795967,0.010556146502494812,0.011532389558851719,0.012924684211611748,0.016904247924685478,0.023490890860557556,0.028985189273953438,0.03922421485185623,0.05135368928313255,0.08113221824169159,0.15703634917736053,5.635475158691406
88,0.0,0.00895676203072071,0.006896449252963066,0.0063033862970769405,0.005045617930591106,0.0035563355777412653,0.003045829711481929,0.0028523090295493603,0.00269594369456172,0.002576973522081971,0.0022720990236848593,0.0026146250311285257,0.0027794777415692806,0.003254009410738945,0.004052054602652788,0.004728349391371012,0.005854011978954077,0.0069488175213336945,0.008539791218936443,0.010016459040343761,0.01066200714558363,0.014190221205353737,0.019076324999332428,0.023044416680932045,0.031442299485206604,0.04352414608001709,0.06345114856958389,0.12453591823577881,5.082454204559326
89,0.0,0.007362344302237034,0.005842772778123617,0.005293750204145908,0.004273049999028444,0.0030317436903715134,0.0025103427469730377,0.0023620896972715855,0.0022422252222895622,0.0020986893214285374,0.0019806278869509697,0.00244467263109982,0.002640113700181246,0.0030767256394028664,0.0039614904671907425,0.004672091919928789,0.005307353101670742,0.006351134739816189,0.007932710461318493,0.010337675921618938,0.011873558163642883,0.014862384647130966,0.019658401608467102,0.02302582748234272,0.03608949854969978,0.04484696313738823,0.07365413010120392,0.1734142154455185,7.747477054595947
90,0.0,0.009524154476821423,0.007469540927559137,0.006865381728857756,0.005485393572598696,0.003860726021230221,0.0031560533680021763,0.0029175933450460434,0.0027290794532746077,0.002479734132066369,0.002352625597268343,0.002628844464197755,0.0027757964562624693,0.0032431217841804028,0.004110013600438833,0.004881939385086298,0.005816572345793247,0.006682387087494135,0.008886116556823254,0.010412038303911686,0.011531529948115349,0.014482392929494381,0.018799375742673874,0.023573826998472214,0.0312994047999382,0.04198005050420761,0.0651022344827652,0.12161841988563538,5.207674503326416
91,0.0,0.00864407792687416,0.006768316496163607,0.006154453381896019,0.004883925896137953,0.003463340923190117,0.0028551770374178886,0.00265827146358788,0.0025352623779326677,0.002347035566344857,0.002177406335249543,0.002583556342869997,0.0026980380062013865,0.0031812055967748165,0.0038675200194120407,0.004620840307325125,0.005596670787781477,0.0064652953296899796,0.007992802187800407,0.009632655419409275,0.010479106567800045,0.013566909357905388,0.01810423471033573,0.022483734413981438,0.031061289831995964,0.04197445884346962,0.06303771585226059,0.12637239694595337,5.233939170837402
92,0.0,0.008639047853648663,0.006687807384878397,0.005980315152555704,0.004733356647193432,0.0033496699761599302,0.0028004604391753674,0.0026645290199667215,0.002535660285502672,0.0024257327895611525,0.002168109407648444,0.0025035759899765253,0.0026841924991458654,0.0030861126724630594,0.004177025519311428,0.0047812629491090775,0.00556574109941721,0.006437851116061211,0.008243502117693424,0.010182172991335392,0.011367288418114185,0.013693531043827534,0.018530193716287613,0.022022545337677002,0.031561754643917084,0.04319604113698006,0.0717502012848854,0.14451389014720917,7.496728897094727
93,0.0,0.009396139532327652,0.00732479989528656,0.006745184306055307,0.0052816909737885,0.003773214528337121,0.0030581518076360226,0.002769735874608159,0.0027037744875997305,0.002450082916766405,0.0022564081009477377,0.002600547159090638,0.002771466039121151,0.0031204200349748135,0.004000040236860514,0.004718005191534758,0.005627184174954891,0.006635501980781555,0.008162904530763626,0.009921199642121792,0.010721812956035137,0.01411003340035677,0.01834031380712986,0.022274557501077652,0.031554967164993286,0.04107889160513878,0.06198303401470184,0.12477216869592667,5.4657745361328125
94,0.0,0.009066362865269184,0.007102771196514368,0.006380661390721798,0.00513526750728488,0.003653841558843851,0.003078477457165718,0.0028449264355003834,0.0027223110664635897,0.0024659205228090286,0.0022415362764149904,0.0025883354246616364,0.0027336538769304752,0.0030779961962252855,0.004103193059563637,0.004667122848331928,0.005355195142328739,0.0064330268651247025,0.008142393082380295,0.009966131299734116,0.01075251866132021,0.01365675125271082,0.017929168418049812,0.021886322647333145,0.03117784671485424,0.04164670780301094,0.06170099228620529,0.1457633525133133,7.472670078277588
95,0.0,0.007779163774102926,0.006086521316319704,0.005498014856129885,0.0044134254567325115,0.003186235437169671,0.0026681185699999332,0.002482846612110734,0.002394384006038308,0.002174574416130781,0.002028994495049119,0.002495134947821498,0.002628624439239502,0.003033856162801385,0.004183909390121698,0.004702150356024504,0.005510324612259865,0.006406878586858511,0.008013324812054634,0.009889299981296062,0.010854614898562431,0.014354324899613857,0.0182892307639122,0.02229646034538746,0.03155249357223511,0.04223667457699776,0.06573162972927094,0.1376761794090271,6.953217029571533
96,0.0,0.010483883321285248,0.007960713468492031,0.007154763676226139,0.005641247145831585,0.004061264917254448,0.003370561171323061,0.0031202351674437523,0.0029890569858253,0.0026973357889801264,0.0024392367340624332,0.002702816156670451,0.0029074540361762047,0.0033900693524628878,0.004113425500690937,0.004727032966911793,0.005737827625125647,0.006585810333490372,0.008399326354265213,0.010164769366383553,0.011527135968208313,0.014040222391486168,0.019180474802851677,0.02294990047812462,0.031757812947034836,0.04308368265628815,0.0689416229724884,0.1291007250547409,5.707915782928467
97,0.0,0.008636516518890858,0.006738327443599701,0.006111608352512121,0.004891629330813885,0.003433847799897194,0.0028339612763375044,0.0026632293593138456,0.002531113801524043,0.0023538509849458933,0.002142893150448799,0.0025354770477861166,0.002685351762920618,0.0031218959484249353,0.003943348303437233,0.004555123392492533,0.00564117357134819,0.00652363570407033,0.008300507441163063,0.009878875687718391,0.011050964705646038,0.013390623964369297,0.018257152289152145,0.02246679551899433,0.03222477808594704,0.04240550845861435,0.06619882583618164,0.13399836421012878,6.493177890777588
98,0.0,0.007881825789809227,0.006222584284842014,0.005569156724959612,0.004484103061258793,0.00320736737921834,0.002644800813868642,0.002477335976436734,0.002415050519630313,0.0021968407090753317,0.002086627297103405,0.0025194440968334675,0.002657150151208043,0.003026306629180908,0.0038431778084486723,0.004479788709431887,0.005425604991614819,0.006627256982028484,0.008422374725341797,0.010125747881829739,0.010907779447734356,0.014124234206974506,0.017995400354266167,0.02172689139842987,0.03075551800429821,0.04146865755319595,0.06494399160146713,0.14822492003440857,7.048229694366455
99,0.0,0.008752789348363876,0.006798958871513605,0.006205327808856964,0.004904498346149921,0.003599013201892376,0.0029565051663666964,0.0027407382149249315,0.002601088024675846,0.002362094121053815,0.002172737615182996,0.0026040724478662014,0.002692357636988163,0.0031461867038160563,0.003939056769013405,0.0045662228949368,0.00534477923065424,0.006244641728699207,0.00813542865216732,0.009468301199376583,0.010443546809256077,0.013313282281160355,0.017330707982182503,0.020966699346899986,0.02972112037241459,0.04062974080443382,0.061813835054636,0.1438320279121399,6.529551982879639
100,0.0,0.008783316239714622,0.006733952090144157,0.006094158627092838,0.004777323920279741,0.003343746531754732,0.00275777792558074,0.0025697890669107437,0.002460350515320897,0.0022561249788850546,0.0020986476447433233,0.0024610962718725204,0.002646851120516658,0.0030156008433550596,0.003922680392861366,0.0044344044290483,0.005482797045260668,0.006632613483816385,0.00783279724419117,0.00960064958781004,0.010387037880718708,0.013316045515239239,0.017486654222011566,0.021604008972644806,0.030490240082144737,0.03957965597510338,0.06129884719848633,0.1260848194360733,5.994584083557129
101,0.0,0.007902742363512516,0.006072720512747765,0.005503742024302483,0.00434956094250083,0.003119377652183175,0.0026035329792648554,0.002508709440007806,0.0024303668178617954,0.0022472816053777933,0.002056197263300419,0.002478607464581728,0.002708609914407134,0.0031534472946077585,0.00402110768482089,0.004673450719565153,0.005527457222342491,0.006807932164520025,0.008203854784369469,0.010345766320824623,0.01141207292675972,0.014281903393566608,0.01878686435520649,0.02298169769346714,0.03287598863244057,0.042519427835941315,0.06955815106630325,0.15536972880363464,8.234347343444824
102,0.0,0.008358465507626534,0.006511476822197437,0.005986960604786873,0.004823705181479454,0.0034388836938887835,0.002837103558704257,0.00262170797213912,0.002488181460648775,0.0023388925474137068,0.0021658383775502443,0.002598112216219306,0.002738590817898512,0.003243497107177973,0.0040987636893987656,0.00466774171218276,0.005518005695194006,0.006432529538869858,0.008183768019080162,0.010040545836091042,0.0108302878215909,0.013718239031732082,0.017896637320518494,0.021960491314530373,0.03205868974328041,0.04322792962193489,0.06817606091499329,0.1714758425951004,7.940569877624512
103,0.0,0.008897429332137108,0.006699640769511461,0.006029610056430101,0.004794185981154442,0.003405096707865596,0.0028243421111255884,0.0025630146265029907,0.002437218790873885,0.0023192930966615677,0.0021301598753780127,0.0025265223812311888,0.002710106084123254,0.00308412523008883,0.0039907037280499935,0.004476005677133799,0.005410791374742985,0.006396578159183264,0.007766502443701029,0.009589988738298416,0.0107869328930974,0.013193849474191666,0.017626652494072914,0.02157784253358841,0.03069605492055416,0.04178442060947418,0.0641140565276146,0.14760850369930267,6.86961030960083
104,0.0,0.0108565678820014,0.008332785218954086,0.007431508973240852,0.005910845939069986,0.0041821300983428955,0.0034937516320496798,0.0032040877267718315,0.003054193453863263,0.0027771585155278444,0.002514768624678254,0.0027744867838919163,0.0029552909545600414,0.0034559841733425856,0.004208629485219717,0.00482854014262557,0.005749060772359371,0.006862079259008169,0.00862265657633543,0.010469883680343628,0.01152231078594923,0.015330727212131023,0.020372211933135986,0.024797245860099792,0.03268099203705788,0.04395468905568123,0.06708058714866638,0.12212326377630234,4.948032379150391
105,0.0,0.00782572291791439,0.006181470118463039,0.0056017679162323475,0.004455175716429949,0.0031073775608092546,0.0026265373453497887,0.002541658468544483,0.0024392292834818363,0.0022207051515579224,0.002055348828434944,0.002456010552123189,0.002650819020345807,0.003153534373268485,0.003976125735789537,0.004584867041558027,0.005404026247560978,0.0063917431980371475,0.008280928246676922,0.009894157759845257,0.011150349862873554,0.013800635002553463,0.018903542309999466,0.021999577060341835,0.0319945253431797,0.04065149277448654,0.06306615471839905,0.13298563659191132,6.338095188140869
106,0.0,0.009238293394446373,0.007266046013683081,0.006473078392446041,0.005082788877189159,0.003580196062102914,0.0029689318034797907,0.002777876565232873,0.0027287150733172894,0.002439015544950962,0.0023044743575155735,0.002630264963954687,0.0028456426225602627,0.003311128355562687,0.004187952261418104,0.004801084753125906,0.006188748870044947,0.007025954779237509,0.008858820423483849,0.010419074445962906,0.011473164893686771,0.014160864986479282,0.01868393085896969,0.023060007020831108,0.032379258424043655,0.04193972796201706,0.06487885117530823,0.12543407082557678,6.021392822265625
107,0.0,0.009944897145032883,0.007646828889846802,0.006825174670666456,0.005338645540177822,0.003830608446151018,0.003177868900820613,0.0029209242202341557,0.0028776524122804403,0.002641520695760846,0.002398876938968897,0.0026787887327373028,0.0028939335606992245,0.0032627067994326353,0.0041557662189006805,0.004754241555929184,0.005994513630867004,0.006815407890826464,0.009179562330245972,0.009855388663709164,0.01187218725681305,0.014349578879773617,0.019509652629494667,0.023376688361167908,0.031314507126808167,0.04188477247953415,0.06334293633699417,0.11630412191152573,5.218737602233887
108,0.0,0.008730428293347359,0.00680522620677948,0.006223009899258614,0.0049820709973573685,0.0035898778587579727,0.0029076430946588516,0.002654839074239135,0.0025463649071753025,0.002340901643037796,0.0021336348727345467,0.002532866084948182,0.002666144398972392,0.0030609574168920517,0.003914026077836752,0.004636598285287619,0.005635397043079138,0.006368971895426512,0.008486418053507805,0.010181042365729809,0.010752595961093903,0.013881254941225052,0.018779320642352104,0.022554265335202217,0.0331074558198452,0.04149305075407028,0.06277862191200256,0.12194584310054779,4.6504926681518555
109,0.0,0.00962452869862318,0.0074706776067614555,0.006769123487174511,0.0053020804189145565,0.0037640840746462345,0.0031535679008811712,0.002874043071642518,0.0028779737185686827,0.002632311312481761,0.0023497063666582108,0.0026738450396806,0.0028325612656772137,0.0032677585259079933,0.004140615463256836,0.004805595614016056,0.005560748744755983,0.006547893863171339,0.00826925877481699,0.01010833028703928,0.010672295466065407,0.014090010896325111,0.018326561897993088,0.02234257198870182,0.031057655811309814,0.04189491644501686,0.06465666741132736,0.1323920637369156,6.362325668334961
110,0.0,0.008041338063776493,0.006204910110682249,0.005637538153678179,0.0045549701899290085,0.003201198298484087,0.002667688298970461,0.0025152023881673813,0.0024133671540766954,0.002269644755870104,0.0021036029793322086,0.0024883567821234465,0.002690012101083994,0.0031442679464817047,0.004031462129205465,0.004626668523997068,0.0052585294470191,0.006499893963336945,0.008165795356035233,0.010195745155215263,0.010867060162127018,0.013541446067392826,0.017887940630316734,0.02284812182188034,0.0334085114300251,0.04457690566778183,0.07412073016166687,0.16904553771018982,8.378621101379395
111,0.0,0.008746453560888767,0.006955922581255436,0.006388620473444462,0.005138829350471497,0.0035427187103778124,0.0029476438648998737,0.0027499189600348473,0.0027139890007674694,0.0024533902760595083,0.0022091951686888933,0.0025656712241470814,0.002753206994384527,0.003174360143020749,0.00398290017619729,0.004663053900003433,0.005692141596227884,0.006680608261376619,0.008441704325377941,0.00998625997453928,0.010957189835608006,0.013480261899530888,0.018583836033940315,0.022346630692481995,0.031183501705527306,0.04190974682569504,0.0664970725774765,0.13241223990917206,6.2426557540893555
112,0.0,0.008485043421387672,0.006719475146383047,0.006067875772714615,0.0048660091124475,0.003421830479055643,0.002859531668946147,0.0025761581491678953,0.002501801121979952,0.0022786862682551146,0.0021690092980861664,0.002602039370685816,0.002726169303059578,0.0032038274221122265,0.004064270760864019,0.00470466073602438,0.0054584648460149765,0.006611857563257217,0.008325714617967606,0.010372700169682503,0.011592232622206211,0.014588839374482632,0.01858717016875744,0.021896634250879288,0.032324351370334625,0.04140927642583847,0.0633038803935051,0.14170154929161072,6.060282230377197
113,0.0,0.009066477417945862,0.006887639407068491,0.006273557897657156,0.004946861416101456,0.0035017605405300856,0.002896371064707637,0.002665748121216893,0.0025290711782872677,0.0024087224155664444,0.002209180500358343,0.0025535263121128082,0.0027645162772387266,0.003178622806444764,0.003920930437743664,0.004531851038336754,0.005329640582203865,0.006376371718943119,0.007522339932620525,0.009221598505973816,0.010840051807463169,0.013389862142503262,0.017509572207927704,0.022284215316176414,0.030479619279503822,0.041524384170770645,0.06505364179611206,0.1363685429096222,6.7451934814453125
114,0.0,0.008127075619995594,0.006252887658774853,0.005690074525773525,0.0045188418589532375,0.00319179380312562,0.0026376605965197086,0.002451900625601411,0.0023329192772507668,0.0021988144144415855,0.002052467316389084,0.0024990621022880077,0.0026889017317444086,0.003084104973822832,0.003906715661287308,0.004495841450989246,0.005403029732406139,0.006443722173571587,0.008040222339332104,0.010085076093673706,0.011465135961771011,0.014006491750478745,0.01815352402627468,0.02202322892844677,0.03159577026963234,0.04355129227042198,0.07009527087211609,0.1535620242357254,6.96047306060791
115,0.0,0.007755059748888016,0.006070671137422323,0.005473308265209198,0.004299767315387726,0.003054000437259674,0.002617806661874056,0.0024881483986973763,0.002322560176253319,0.0021921887528151274,0.0020421084482222795,0.002454200526699424,0.002598816528916359,0.003080023918300867,0.0038485585246235132,0.004451545886695385,0.005428898613899946,0.006590640638023615,0.008644161745905876,0.010014813393354416,0.01120672281831503,0.013811487704515457,0.018439656123518944,0.022308053448796272,0.031688496470451355,0.04322824999690056,0.06796374917030334,0.1494886726140976,7.835455417633057
116,0.0,0.007639997638761997,0.0058710016310215,0.005286074243485928,0.0042361184023320675,0.003023164812475443,0.0024966232012957335,0.0023664345499128103,0.0023222246672958136,0.0021875633392482996,0.0020082416012883186,0.0024701838847249746,0.00265343114733696,0.0030765391420572996,0.004034657496958971,0.004630697425454855,0.0053842621855437756,0.006260818801820278,0.008185310289263725,0.009791422635316849,0.011354357935488224,0.013940826989710331,0.01861337013542652,0.02225406840443611,0.032487038522958755,0.0426195003092289,0.06611897796392441,0.1446148008108139,7.5412373542785645
117,0.0,0.008545215241611004,0.006709901150316,0.005982951261103153,0.004836962092667818,0.003403059206902981,0.0028580620419234037,0.0026612812653183937,0.00257606222294271,0.002307876478880644,0.002157245995476842,0.002464982680976391,0.0026688696816563606,0.0030990969389677048,0.004035450983792543,0.00462561147287488,0.005529639311134815,0.0065123550593853,0.008460530079901218,0.010164331644773483,0.011108572594821453,0.013836754485964775,0.017815621569752693,0.021560218185186386,0.03187299519777298,0.04297279566526413,0.06317811459302902,0.1384882926940918,6.816898822784424
118,0.0,0.008533344604074955,0.006739895325154066,0.006058008410036564,0.004833834245800972,0.0034333651419728994,0.0028279991820454597,0.0026177072431892157,0.002456581685692072,0.0022477107122540474,0.002131578978151083,0.00247296248562634,0.0026977926027029753,0.0030995372217148542,0.0040403809398412704,0.0045053912326693535,0.005544052459299564,0.006488610524684191,0.008582478389143944,0.009927359409630299,0.011028403416275978,0.013871920295059681,0.01869233325123787,0.02200855314731598,0.03118019551038742,0.04189598932862282,0.0647704005241394,0.1284845769405365,6.2684006690979
119,0.0,0.00877775251865387,0.0067866090685129166,0.0061462451703846455,0.004870250821113586,0.003414887236431241,0.0028211085591465235,0.0025975003372877836,0.0025288781616836786,0.0023682955652475357,0.002163305878639221,0.002527413424104452,0.002744204131886363,0.0030844295397400856,0.003907168749719858,0.004567576572299004,0.005421440117061138,0.006432200316339731,0.007852953858673573,0.00969952903687954,0.010753798298537731,0.01296586636453867,0.017763836309313774,0.020957624539732933,0.030565420165657997,0.04036438837647438,0.06303182989358902,0.13667643070220947,6.762880325317383
120,0.0,0.00930874701589346,0.007236394099891186,0.006402201019227505,0.005150401033461094,0.0036675159353762865,0.002992655150592327,0.0028217360377311707,0.002676197327673435,0.002430625958368182,0.0022142708767205477,0.0025439495220780373,0.00270570395514369,0.00314922584220767,0.003965402487665415,0.004603953566402197,0.005681037437170744,0.006396559998393059,0.008071037009358406,0.009563948959112167,0.010948700830340385,0.013928975909948349,0.01849346235394478,0.022531984373927116,0.031676921993494034,0.04299745336174965,0.06801189482212067,0.1335231214761734,6.177070617675781
121,0.0,0.00878974236547947,0.006757725961506367,0.0060732378624379635,0.004901978652924299,0.003470468334853649,0.002838103100657463,0.0026902968529611826,0.002548293210566044,0.00231246673502028,0.002169152954593301,0.0025433653499931097,0.002690637018531561,0.0030627031810581684,0.003937778528779745,0.004709138069301844,0.005343823228031397,0.006299358792603016,0.008222141303122044,0.009684551507234573,0.01068879384547472,0.013363882899284363,0.018092816695570946,0.021893106400966644,0.031420476734638214,0.04217851534485817,0.06578212231397629,0.1339302510023117,6.111998558044434
122,0.0,0.009071916341781616,0.007082622032612562,0.006327442359179258,0.0050024050287902355,0.00351694505661726,0.002946047578006983,0.002698945812880993,0.002642969600856304,0.0023923832923173904,0.002203193260356784,0.002565362025052309,0.002762414049357176,0.0031657610088586807,0.00397349102422595,0.0044650183990597725,0.005559185519814491,0.006408080458641052,0.007874338887631893,0.009769757278263569,0.010714590549468994,0.013549217954277992,0.017570724710822105,0.02154044806957245,0.030644403770565987,0.04148657247424126,0.06269431859254837,0.120986707508564,5.189822673797607
123,0.0,0.009179191663861275,0.007175475358963013,0.00642361817881465,0.0052305166609585285,0.0037593478336930275,0.0030513082165271044,0.002856727223843336,0.002691056579351425,0.002527848118916154,0.0023037726059556007,0.0026347206439822912,0.002830762881785631,0.00323858461342752,0.004147060681134462,0.0046637412160634995,0.00565651711076498,0.006411590147763491,0.00821000151336193,0.010242973454296589,0.01130356453359127,0.014088473282754421,0.018763164058327675,0.022853609174489975,0.031677886843681335,0.04266168922185898,0.06465189158916473,0.1245650202035904,5.73934268951416
124,0.0,0.009829369373619556,0.007578629534691572,0.00687951035797596,0.00547591969370842,0.00392085500061512,0.0032357466407120228,0.003170801093801856,0.0030463431030511856,0.002713926834985614,0.0024130302481353283,0.002905111527070403,0.003022233722731471,0.0033730827271938324,0.00445985933765769,0.0050609600730240345,0.0057781715877354145,0.0066800713539123535,0.008306617848575115,0.010250001214444637,0.011305313557386398,0.014093184843659401,0.018606435507535934,0.022608455270528793,0.03238995373249054,0.04272732138633728,0.06924550235271454,0.14734427630901337,6.831799030303955
125,0.0,0.011375343427062035,0.00865426380187273,0.007943508215248585,0.0064064208418130875,0.004584985785186291,0.003608704311773181,0.0032959969248622656,0.003084986936300993,0.002868209034204483,0.002587011316791177,0.0028658590745180845,0.003092353930696845,0.0035824934020638466,0.004468702711164951,0.005042168311774731,0.006067200098186731,0.006713062524795532,0.008290869183838367,0.010262473486363888,0.011191735044121742,0.014801989309489727,0.020271366462111473,0.026646288111805916,0.03488285094499588,0.04946384206414223,0.07214551419019699,0.13675644993782043,5.4058613777160645
126,0.0,0.007562209386378527,0.005948786158114672,0.005388311110436916,0.00430145300924778,0.0031219879165291786,0.002655857242643833,0.002505135489627719,0.0024503273889422417,0.002237030304968357,0.0020837110932916403,0.0025645119603723288,0.002709298161789775,0.003071257844567299,0.004090398550033569,0.004735574126243591,0.005478310864418745,0.006577318534255028,0.008301004767417908,0.010191502049565315,0.011391328647732735,0.014009950682520866,0.017809096723794937,0.022885762155056,0.03266989439725876,0.04374028369784355,0.06882641464471817,0.14383547008037567,6.836594104766846
127,0.0,0.01245802454650402,0.009546985849738121,0.00854476448148489,0.006802134681493044,0.005004463717341423,0.0040308767929673195,0.0037361071445047855,0.003760753897950053,0.0033549482468515635,0.0028851949609816074,0.0034010664094239473,0.003318574046716094,0.0036822687834501266,0.004695542622357607,0.005331277847290039,0.006397165358066559,0.006917349062860012,0.008922715671360493,0.010501353070139885,0.012027236633002758,0.014711854048073292,0.01981283351778984,0.024862492457032204,0.034166429191827774,0.0458705835044384,0.06906525790691376,0.13330255448818207,5.250239849090576
128,0.0,0.011298786848783493,0.008579522371292114,0.007729157339781523,0.006270628422498703,0.004528149031102657,0.003735780017450452,0.0033433150965720415,0.0031233951449394226,0.0029232583474367857,0.002735622227191925,0.003183630993589759,0.003174038603901863,0.0036297724582254887,0.004467753693461418,0.005147239193320274,0.006000057328492403,0.006807147525250912,0.008559457957744598,0.010578460991382599,0.011609207838773727,0.014467841945588589,0.018755368888378143,0.024213993921875954,0.03231120482087135,0.044044654816389084,0.07656364887952805,0.16445811092853546,8.773895263671875
129,0.0,0.008693374693393707,0.00680332537740469,0.00617237389087677,0.0049728648737072945,0.0034988857805728912,0.002932090312242508,0.0026867673732340336,0.0026013972237706184,0.002380179474130273,0.0021767974831163883,0.0025290900375694036,0.0027310997247695923,0.0031283446587622166,0.003963666036725044,0.004595518112182617,0.005455997306853533,0.0065851956605911255,0.00839151069521904,0.010044785216450691,0.010595823638141155,0.013548760674893856,0.017754441127181053,0.021871762350201607,0.030328355729579926,0.04077408090233803,0.06288393586874008,0.11787167936563492,5.4273834228515625
130,0.0,0.008880853652954102,0.006834658794105053,0.006182644981890917,0.00496562197804451,0.0034993558656424284,0.002982555655762553,0.0028112016152590513,0.0026326365768909454,0.0024788635782897472,0.0022879315074533224,0.002585846930742264,0.0027302519883960485,0.003147850278764963,0.004040000028908253,0.0047129676677286625,0.005533431190997362,0.006540250964462757,0.007966171018779278,0.009753101505339146,0.011041433550417423,0.013966876082122326,0.017870470881462097,0.02260676957666874,0.03214007616043091,0.04300029203295708,0.0672871470451355,0.15223169326782227,8.021843910217285
131,0.0,0.009590305387973785,0.00743307638913393,0.006656296085566282,0.005401307716965675,0.0038025123067200184,0.003156684571877122,0.0029679948929697275,0.0027403526473790407,0.002586502581834793,0.0023354117292910814,0.002710843924432993,0.0029260176233947277,0.0032881342340260744,0.004214579239487648,0.004786812700331211,0.005592899397015572,0.006611509248614311,0.008113386109471321,0.00978396087884903,0.010723168030381203,0.013284842483699322,0.018375590443611145,0.02159767970442772,0.030074991285800934,0.040476854890584946,0.06472300738096237,0.1187104731798172,5.308830738067627
132,0.0,0.008638777770102024,0.0066669113002717495,0.006161289289593697,0.004867612849920988,0.003472681622952223,0.0028339498676359653,0.0025877896696329117,0.002549863653257489,0.0022624328266829252,0.002142887329682708,0.002633552299812436,0.0027203261852264404,0.0031305954325944185,0.003987442702054977,0.004505269229412079,0.0054180012084543705,0.006321548018604517,0.008281172253191471,0.01005985401570797,0.011212085373699665,0.013878575526177883,0.01862797699868679,0.021925926208496094,0.030922364443540573,0.04005661979317665,0.06086447834968567,0.1315205842256546,6.186898708343506
133,0.0,0.013831325806677341,0.010898977518081665,0.00966568011790514,0.007796428166329861,0.005372487939894199,0.004634186625480652,0.003967640455812216,0.003603929653763771,0.003342150943353772,0.0029209302738308907,0.003142587374895811,0.0033590947277843952,0.003891670610755682,0.0047330972738564014,0.0054788002744317055,0.006650770083069801,0.008424402214586735,0.010080551728606224,0.011637228541076183,0.012373455800116062,0.017125798389315605,0.024129830300807953,0.03047073446214199,0.040614206343889236,0.05426974967122078,0.09001514315605164,0.1653551608324051,5.780968189239502
134,0.0,0.010001900605857372,0.007901424542069435,0.00707867369055748,0.005620846524834633,0.003916839137673378,0.003372038481757045,0.0029873186722397804,0.002912787487730384,0.00265770242549479,0.0024265022948384285,0.0027554468251764774,0.002924109110608697,0.003420902881771326,0.004282194189727306,0.004878702573478222,0.0057794940657913685,0.00665632588788867,0.008116669952869415,0.010109338909387589,0.011046097613871098,0.013846372254192829,0.018032310530543327,0.022507907822728157,0.03234809264540672,0.042077574878931046,0.06948799639940262,0.13438266515731812,6.88566255569458
135,0.0,0.009829318150877953,0.007594341412186623,0.006860626861453056,0.0053555285558104515,0.0038121091201901436,0.003199308179318905,0.0029390889685600996,0.0028296448290348053,0.002533792983740568,0.0023049023002386093,0.0026423598174005747,0.002805575728416443,0.0032497812062501907,0.004006878938525915,0.004600667394697666,0.0057555753737688065,0.006483062170445919,0.008490693755447865,0.010039955377578735,0.010891870595514774,0.013700379058718681,0.019354242831468582,0.022412028163671494,0.030980003997683525,0.041038066148757935,0.0683409571647644,0.1339995115995407,6.532742500305176
136,0.0,0.008896413259208202,0.006915933918207884,0.006201857700943947,0.0049830046482384205,0.0036249742843210697,0.002984053222462535,0.0028189411386847496,0.0026343141216784716,0.002434859983623028,0.002195551758632064,0.002480098744854331,0.002739471150562167,0.0031674865167587996,0.004000731743872166,0.004639137536287308,0.005634021013975143,0.006458304822444916,0.008252914994955063,0.009824059903621674,0.010666033253073692,0.013283581472933292,0.018808726221323013,0.02240305207669735,0.03091537579894066,0.040969301015138626,0.06312321871519089,0.12503871321678162,5.48561954498291
137,0.0,0.010325205512344837,0.007860037498176098,0.007106360048055649,0.005682525224983692,0.00402809027582407,0.003219784703105688,0.002932838862761855,0.002840557834133506,0.002606702968478203,0.0023784737568348646,0.0026218658313155174,0.0028642206452786922,0.003269576234742999,0.004196641966700554,0.004841865040361881,0.005766200367361307,0.006478950381278992,0.008163352496922016,0.009933071210980415,0.010879721492528915,0.013889752328395844,0.01804570108652115,0.023153891786932945,0.03264443948864937,0.043284475803375244,0.06552763283252716,0.14420610666275024,6.419560432434082
138,0.0,0.007186048664152622,0.005682916846126318,0.00518416240811348,0.004186372738331556,0.003032540436834097,0.002532516373321414,0.002312310738489032,0.0022382065653800964,0.002066652290523052,0.0019828134682029486,0.002470599487423897,0.002622203668579459,0.003095337888225913,0.004143190570175648,0.004854092840105295,0.005288129206746817,0.0066202301532030106,0.008607519790530205,0.010192129760980606,0.011863471008837223,0.014930235221982002,0.019421011209487915,0.023307977244257927,0.0339524932205677,0.046039823442697525,0.07070545107126236,0.1518106907606125,7.196794509887695
139,0.0,0.009818985126912594,0.00755840539932251,0.006920696701854467,0.005626726429909468,0.004058178048580885,0.003321016440168023,0.002946610562503338,0.0027711379807442427,0.0026096091605722904,0.0023654280230402946,0.002695895964279771,0.002869310788810253,0.003318267874419689,0.004141303710639477,0.004846787545830011,0.00582850119099021,0.006860170513391495,0.008691055700182915,0.009948608465492725,0.011321772821247578,0.014109085313975811,0.018688105046749115,0.02313053607940674,0.031778547912836075,0.0414508618414402,0.0653349757194519,0.13268424570560455,6.505535125732422
140,0.0,0.00886609312146902,0.006828323006629944,0.0062852357514202595,0.004910959862172604,0.003488109214231372,0.0029226900078356266,0.002777285175397992,0.002731888322159648,0.002525580581277609,0.0022253606002777815,0.0026208048220723867,0.002818450564518571,0.0032756950240582228,0.004114944487810135,0.004798614885658026,0.005966969765722752,0.006858226377516985,0.008411687798798084,0.010216585360467434,0.011486630886793137,0.013980296440422535,0.018597181886434555,0.022174103185534477,0.03205127641558647,0.04229174181818962,0.06727809458971024,0.1319122314453125,6.037310600280762
141,0.0,0.007854401133954525,0.006120231468230486,0.005510834977030754,0.004403754603117704,0.003113087732344866,0.0026009869761765003,0.002439051168039441,0.0023210884537547827,0.002141449600458145,0.0020291521213948727,0.0024326788261532784,0.0025680367834866047,0.0030341187957674265,0.003866539802402258,0.004519378766417503,0.005239918828010559,0.006354358978569508,0.008051943965256214,0.009901830926537514,0.010497791692614555,0.01342269591987133,0.018166642636060715,0.0220931489020586,0.03205779567360878,0.041345156729221344,0.06423144787549973,0.13464237749576569,6.504194259643555
142,0.0,0.007637600880116224,0.005925633944571018,0.00526241073384881,0.004256513901054859,0.003019106574356556,0.0025867295917123556,0.002468058140948415,0.0024515418335795403,0.002271900651976466,0.0020756637677550316,0.00252829329110682,0.0026732049882411957,0.003007311839610338,0.003992798738181591,0.004528936464339495,0.005262394901365042,0.006306043826043606,0.007900766097009182,0.009928582236170769,0.010936292819678783,0.01362262200564146,0.018107911571860313,0.022367866709828377,0.03324378281831741,0.042875245213508606,0.06911207735538483,0.18174341320991516,10.080535888671875
143,0.0,0.009345692582428455,0.007232781499624252,0.006573974154889584,0.005282117053866386,0.00365732260979712,0.003042584517970681,0.0028523250948637724,0.002620913553982973,0.002507810713723302,0.0022882013581693172,0.0025800608564168215,0.0027978599537163973,0.003330391366034746,0.004155126865953207,0.005015942268073559,0.005769616458564997,0.007100646384060383,0.009034323506057262,0.009911170229315758,0.011612976901233196,0.014521592296659946,0.01999874785542488,0.024579210206866264,0.03402281180024147,0.04331819340586662,0.06542164832353592,0.11946046352386475,4.663455486297607
144,0.0,0.007702250964939594,0.005960996728390455,0.005483645014464855,0.004333058372139931,0.0031409193761646748,0.002650342183187604,0.0024886364117264748,0.0024531851522624493,0.002208057092502713,0.0021251088473945856,0.0027696755714714527,0.0028343505691736937,0.0032455064356327057,0.004301277454942465,0.004922490566968918,0.0057145035825669765,0.006594426464289427,0.008063115179538727,0.010438788682222366,0.011843038722872734,0.01402611006051302,0.018619544804096222,0.022546781226992607,0.031242908909916878,0.04203673079609871,0.06562500447034836,0.2065747082233429,10.02306842803955
145,0.0,0.008295567706227303,0.006478699389845133,0.005816114600747824,0.004663129802793264,0.0033128000795841217,0.002782189752906561,0.0026439474895596504,0.0024716940242797136,0.0022825950291007757,0.0021352958865463734,0.002542562084272504,0.002702839206904173,0.003176651196554303,0.003935583401471376,0.004622272215783596,0.005380235146731138,0.006243396084755659,0.007777435705065727,0.009611120447516441,0.010431881062686443,0.012974309735000134,0.017481155693531036,0.02192748710513115,0.030809422954916954,0.041084885597229004,0.06462462991476059,0.16515256464481354,7.376682758331299
146,0.0,0.008134056814014912,0.0062340376898646355,0.005622159224003553,0.004463061224669218,0.0031838100403547287,0.0026884686667472124,0.0025213679764419794,0.002489399164915085,0.002223074436187744,0.0020183920860290527,0.0024077941197901964,0.002570095006376505,0.0030116778798401356,0.0038846670649945736,0.004500935785472393,0.005225763190537691,0.006314003374427557,0.008086038753390312,0.009724545292556286,0.010326799936592579,0.013512156903743744,0.017775487154722214,0.021475350484251976,0.030144624412059784,0.03980433940887451,0.06140594184398651,0.13484865427017212,6.836443901062012
147,0.0,0.0095053780823946,0.007302330806851387,0.0065199099481105804,0.005200663115829229,0.003778406884521246,0.0031133494339883327,0.0029105469584465027,0.0029281433671712875,0.0025639471132308245,0.0023396636825054884,0.002744476543739438,0.002839369233697653,0.0032893146853893995,0.00416701752692461,0.0048215058632195,0.0054121860302984715,0.006403557024896145,0.007867245934903622,0.009384062141180038,0.010432126000523567,0.012922783382236958,0.017262056469917297,0.021283220499753952,0.029882805421948433,0.039018161594867706,0.06225397065281868,0.12551969289779663,5.3871965408325195
148,0.0,0.008196995593607426,0.006450902204960585,0.005952965468168259,0.004734992049634457,0.0033613843843340874,0.0028241409454494715,0.0026122243143618107,0.0025056067388504744,0.0022733870428055525,0.002118446631357074,0.0025115536991506815,0.00265753292478621,0.0031191876623779535,0.003905145451426506,0.004628350958228111,0.005673296749591827,0.006547458935528994,0.008505178615450859,0.010182183235883713,0.01151839829981327,0.013795852661132812,0.018302511423826218,0.022702936083078384,0.03156682476401329,0.041793085634708405,0.06389787048101425,0.13598893582820892,6.768807888031006
149,0.0,0.011645013466477394,0.009202023036777973,0.008182098157703876,0.0066668931394815445,0.005085285287350416,0.004046129994094372,0.0036336886696517467,0.0033109886571764946,0.003081645118072629,0.0027903576847165823,0.0031682734843343496,0.0032368104439228773,0.0036602714098989964,0.004510756582021713,0.005384125746786594,0.006086291279643774,0.007273141294717789,0.008471216075122356,0.010703055188059807,0.010922479443252087,0.013898598030209541,0.01857502944767475,0.0229722261428833,0.0318346731364727,0.044057875871658325,0.08096074312925339,0.21403761208057404,12.239313125610352
150,0.0,0.010180313140153885,0.007804015651345253,0.007064122706651688,0.005619897972792387,0.0040338169783353806,0.003286076709628105,0.002995735267177224,0.0028481970075517893,0.002673779148608446,0.002441989490762353,0.002775372238829732,0.0030114715918898582,0.0033810569439083338,0.004215370398014784,0.0047681559808552265,0.00552285136654973,0.006318594329059124,0.007930404506623745,0.009901715442538261,0.010357995517551899,0.013189764693379402,0.01769545115530491,0.021498719230294228,0.02979825809597969,0.040569085627794266,0.05979814752936363,0.1160912811756134,5.170781135559082
151,0.0,0.008990122005343437,0.007080354727804661,0.006496435031294823,0.005285326391458511,0.003741262713447213,0.003105913056060672,0.0028662770055234432,0.0027643044013530016,0.002478353912010789,0.002260223962366581,0.002643618965521455,0.002753794426098466,0.0032564294524490833,0.004156971350312233,0.004841544199734926,0.006097853183746338,0.006956689991056919,0.00875907950103283,0.01037799846380949,0.011424477212131023,0.013722657226026058,0.018325338140130043,0.022939389571547508,0.03247806057333946,0.042903270572423935,0.06589550524950027,0.12472648918628693,5.960794448852539
152,0.0,0.00924303662031889,0.006951478309929371,0.006128606386482716,0.004933360032737255,0.0035423776134848595,0.0028841590974479914,0.0026159361004829407,0.002622900065034628,0.0024890275672078133,0.0023613234516233206,0.0027700152713805437,0.0029352165292948484,0.003334886161610484,0.004196216352283955,0.004809524863958359,0.005637646187096834,0.0067518544383347034,0.007998830638825893,0.010001053102314472,0.01143215224146843,0.013980171643197536,0.018050678074359894,0.02285243384540081,0.031801436096429825,0.043592676520347595,0.07094468921422958,0.1531773805618286,7.83333683013916
153,0.0,0.008515993133187294,0.006673578638583422,0.006071183364838362,0.004792552441358566,0.0033491256181150675,0.0028895356226712465,0.002675224095582962,0.002525325631722808,0.0023173782974481583,0.002128683729097247,0.002527492120862007,0.002764021512120962,0.0031777063850313425,0.00401331577450037,0.004686163272708654,0.0055733732879161835,0.00667234044522047,0.008068449795246124,0.00998235959559679,0.011191239580512047,0.013920506462454796,0.018214499577879906,0.021989203989505768,0.030762551352381706,0.04137211665511131,0.06295176595449448,0.14652571082115173,7.4360575675964355
154,0.0,0.009958574548363686,0.007592442911118269,0.006808511912822723,0.00547940656542778,0.0038604503497481346,0.0030957767739892006,0.0029049578588455915,0.002770489314571023,0.002518423367291689,0.002338103950023651,0.002638857113197446,0.002786395139992237,0.0032077962532639503,0.004047938622534275,0.004725278355181217,0.005804320797324181,0.006782399490475655,0.008742916397750378,0.010041260160505772,0.011016500182449818,0.013699650764465332,0.018483584746718407,0.02292054332792759,0.03157739341259003,0.04312502592802048,0.06425178796052933,0.11669553071260452,5.258955001831055
155,0.0,0.009409832768142223,0.007287385407835245,0.00653237896040082,0.00519725913181901,0.0037507908418774605,0.0031288741156458855,0.0029764738865196705,0.002804933348670602,0.00258388533256948,0.002317790174856782,0.002607927890494466,0.0028498326428234577,0.003349645296111703,0.004252443555742502,0.004972053691744804,0.005994656588882208,0.0068914685398340225,0.008936148136854172,0.010377817787230015,0.0122483866289258,0.014867092482745647,0.01938042789697647,0.02358851581811905,0.032108332961797714,0.0434962697327137,0.06492011994123459,0.1217956468462944,5.049332618713379
156,0.0,0.015399682335555553,0.01220169011503458,0.010702576488256454,0.008754326030611992,0.0066842129454016685,0.005519242957234383,0.004931044764816761,0.004809185396879911,0.004221344366669655,0.003769421251490712,0.004384469706565142,0.004276360850781202,0.00495888339355588,0.006090971175581217,0.0074052223935723305,0.008658175356686115,0.00961458869278431,0.011100098490715027,0.013798682019114494,0.01564355008304119,0.018531763926148415,0.025439107790589333,0.03274505212903023,0.048508621752262115,0.07584591954946518,0.12924502789974213,0.24414712190628052,9.471105575561523
157,0.0,0.008359462954103947,0.006383134052157402,0.005791974253952503,0.004683596082031727,0.0033683725632727146,0.002838695654645562,0.002601823303848505,0.0025199807714670897,0.002338801510632038,0.002186953090131283,0.0026128690224140882,0.0026947513688355684,0.0031440802849829197,0.004157129675149918,0.004810424987226725,0.00536824157461524,0.0064526828937232494,0.008323553018271923,0.009927600622177124,0.010737823322415352,0.01317069586366415,0.017775921151041985,0.021916760131716728,0.031091520562767982,0.04081537202000618,0.0659424439072609,0.15856507420539856,7.815062999725342
158,0.0,0.012605004012584686,0.00954398512840271,0.008714631199836731,0.006891348399221897,0.005209206137806177,0.004680535290390253,0.004101899452507496,0.0037335387896746397,0.003378861118108034,0.0029989839531481266,0.0033692095894366503,0.003427778137847781,0.003980433102697134,0.0049590677954256535,0.00572434114292264,0.006456261966377497,0.007464349269866943,0.008882538415491581,0.010792337357997894,0.011774475686252117,0.0151055958122015,0.020165642723441124,0.026034260168671608,0.035195183008909225,0.050518929958343506,0.0961306020617485,0.32255610823631287,16.699378967285156
159,0.0,0.01071127224713564,0.008098841644823551,0.0072147781029343605,0.005679812282323837,0.004106702748686075,0.0032932893373072147,0.0029614646919071674,0.0029072382021695375,0.0025997634511440992,0.0023512355983257294,0.002627621404826641,0.0028440053574740887,0.0032634588424116373,0.004007773473858833,0.004720892291516066,0.005452414974570274,0.006527478341013193,0.008262615650892258,0.009815539233386517,0.010755769908428192,0.013860797509551048,0.018196148797869682,0.022503109648823738,0.031093263998627663,0.0399668924510479,0.06296099722385406,0.11477290838956833,5.109375953674316
160,0.0,0.009783018380403519,0.007485372945666313,0.007038820534944534,0.005576292518526316,0.003989820368587971,0.0031889500096440315,0.0029478282667696476,0.002730673411861062,0.00253466609865427,0.0023224621545523405,0.0027354194317013025,0.0028485776856541634,0.003263717284426093,0.004070076625794172,0.004874059464782476,0.005744670983403921,0.006834495346993208,0.00854137260466814,0.010384193621575832,0.011408255435526371,0.014017562381923199,0.018404778093099594,0.02329052798449993,0.03168521821498871,0.04283475875854492,0.06491669267416,0.12869276106357574,6.2022881507873535
161,0.0,0.009046574123203754,0.0069767930544912815,0.006325279362499714,0.005061029456555843,0.0035596222151070833,0.002992804627865553,0.002739905146881938,0.002654123352840543,0.0024168440140783787,0.0022017082665115595,0.002523608272895217,0.0026796897873282433,0.0031823045574128628,0.003964267671108246,0.004734358284622431,0.005591526627540588,0.0065687671303749084,0.008165640756487846,0.009817932732403278,0.011188921518623829,0.013816011138260365,0.018702883273363113,0.02185249514877796,0.03160853311419487,0.04187748581171036,0.06551413238048553,0.13607271015644073,6.383286952972412
162,0.0,0.012323155999183655,0.00957201886922121,0.008638470433652401,0.00696669053286314,0.005044300574809313,0.004207370802760124,0.003834137227386236,0.003555263625457883,0.00320133357308805,0.002924025524407625,0.003382052294909954,0.0034125105012208223,0.0039323181845247746,0.005416508764028549,0.006148979999125004,0.00704650953412056,0.008093716576695442,0.009915752336382866,0.01245675515383482,0.01403423398733139,0.017246326431632042,0.023870427161455154,0.028593044728040695,0.036797989159822464,0.051895782351493835,0.0852113664150238,0.36448270082473755,15.70683479309082
163,0.0,0.009830517694354057,0.007553979754447937,0.006850867532193661,0.005533512216061354,0.003877034643664956,0.0032337442971765995,0.0029166005551815033,0.0027774323243647814,0.0025882835034281015,0.0023421472869813442,0.0026262456085532904,0.0027850689366459846,0.003270020242780447,0.00405514519661665,0.004761252086609602,0.005874521564692259,0.006706565152853727,0.008465460501611233,0.010033569298684597,0.01067885011434555,0.01383605320006609,0.018697625026106834,0.022829053923487663,0.03129386901855469,0.042078759521245956,0.06718698143959045,0.1250789761543274,5.859121799468994
164,0.0,0.009816640987992287,0.007553660776466131,0.006988116540014744,0.005537325516343117,0.003913586027920246,0.003207594156265259,0.002916355850175023,0.0027352292090654373,0.0025408670771867037,0.002329761628061533,0.0026217966806143522,0.0028590885922312737,0.0032092644833028316,0.0041931066662073135,0.0048392824828624725,0.005849488079547882,0.006835190113633871,0.008969249203801155,0.010311499238014221,0.011344489641487598,0.01480222400277853,0.019807366654276848,0.024830207228660583,0.0341925323009491,0.04367129132151604,0.06425610184669495,0.1224639043211937,4.4196319580078125
165,0.0,0.008479448966681957,0.006677304860204458,0.006067581009119749,0.004859082400798798,0.003419958520680666,0.0028142831288278103,0.0026341385673731565,0.002489812206476927,0.00231531192548573,0.0021402831189334393,0.002506902674213052,0.0026675870176404715,0.00306011363863945,0.003965191077440977,0.004642145708203316,0.005463724490255117,0.0065736896358430386,0.008394148200750351,0.009847835637629032,0.011213735677301884,0.01389095839112997,0.018855497241020203,0.022879134863615036,0.03187435120344162,0.04130614176392555,0.06146335229277611,0.12175017595291138,5.110743522644043
166,0.0,0.00909833051264286,0.006962498649954796,0.006316492334008217,0.005102482158690691,0.0037007920909672976,0.003018474206328392,0.0027348457369953394,0.0026210390496999025,0.0024169303942471743,0.002203367417678237,0.002541647292673588,0.0027009129989892244,0.0031191816087812185,0.004064945038408041,0.004724282771348953,0.005606852006167173,0.006646469235420227,0.008359364233911037,0.010031168349087238,0.01132217887789011,0.013525595888495445,0.01787750981748104,0.022359216585755348,0.030983496457338333,0.04045971855521202,0.06336922198534012,0.1258542239665985,6.18405818939209
167,0.0,0.009977846406400204,0.007540851831436157,0.0067717209458351135,0.0054949801415205,0.0038979146629571915,0.0032719222363084555,0.003105086274445057,0.0029675427358597517,0.00271220481954515,0.0023752038832753897,0.0027687635738402605,0.0029185586608946323,0.0033293054439127445,0.00427878275513649,0.004864157177507877,0.005817756988108158,0.006669500842690468,0.008327079005539417,0.009882662445306778,0.011303390376269817,0.01389347855001688,0.018738141283392906,0.022685792297124863,0.031580861657857895,0.044446706771850586,0.06722423434257507,0.13208018243312836,5.6416754722595215
168,0.0,0.008791424334049225,0.0068926564417779446,0.006165568716824055,0.004968909081071615,0.00351488939486444,0.0028899533208459616,0.0027086229529231787,0.002614707686007023,0.0023885469418019056,0.0021934013348072767,0.0024602061603218317,0.0027040624991059303,0.003182155080139637,0.00395196583122015,0.0045976098626852036,0.005746457260102034,0.006682421080768108,0.008409381844103336,0.010267973877489567,0.01130203902721405,0.01414734497666359,0.019053997471928596,0.023064957931637764,0.03162887319922447,0.042256589978933334,0.06493408232927322,0.12418169528245926,5.58056640625
169,0.0,0.009976900182664394,0.007640402298420668,0.00693081971257925,0.0055300514213740826,0.003890369087457657,0.003220517886802554,0.0029390212148427963,0.0028544794768095016,0.002671346766874194,0.002355341101065278,0.002694051479920745,0.002858560997992754,0.003253784030675888,0.0042344387620687485,0.004760189447551966,0.005696380510926247,0.006773295812308788,0.008365044370293617,0.010157257318496704,0.011266443878412247,0.013479036279022694,0.0176065843552351,0.021418707445263863,0.029617955908179283,0.03925836458802223,0.05994332581758499,0.12627026438713074,6.063385009765625
170,0.0,0.007696554530411959,0.006096220575273037,0.005531148053705692,0.004423070698976517,0.003107707016170025,0.0026554414071142673,0.002525065094232559,0.002352384151890874,0.002145349280908704,0.0020365130621939898,0.0024566794745624065,0.0026458355132490396,0.0031415908597409725,0.004063855390995741,0.0047246417962014675,0.005425394047051668,0.006551407277584076,0.008299783803522587,0.010357316583395004,0.011212757788598537,0.013989350758492947,0.018758969381451607,0.023074451833963394,0.0315701849758625,0.040971290320158005,0.06366793066263199,0.15688326954841614,7.616268157958984
171,0.0,0.009765703231096268,0.007572514936327934,0.007004274055361748,0.005551619920879602,0.003969508223235607,0.0032549307215958834,0.0030180709436535835,0.002874017460271716,0.00270138424821198,0.002371137263253331,0.0027515327092260122,0.0029408743139356375,0.003384552663192153,0.004438971169292927,0.004921300336718559,0.005931781139224768,0.007003605365753174,0.008406281471252441,0.010256451554596424,0.011820947751402855,0.01475812029093504,0.01968803070485592,0.02487761154770851,0.03332894295454025,0.045033860951662064,0.07323692739009857,0.13313718140125275,6.82361364364624
172,0.0,0.007739150431007147,0.006008049938827753,0.005537624470889568,0.004457065835595131,0.0031962210778146982,0.0026520290412008762,0.0024716416373848915,0.00236836401745677,0.0021885933820158243,0.0020375931635499,0.002528437180444598,0.002593826735392213,0.0030231433920562267,0.004014364909380674,0.00451505184173584,0.00544841168448329,0.006537664216011763,0.008361315354704857,0.009903430007398129,0.011231665499508381,0.013805762864649296,0.01772686094045639,0.022311577573418617,0.030563119798898697,0.04058574140071869,0.06126607581973076,0.12966665625572205,6.036675453186035
173,0.0,0.009472368285059929,0.007391042076051235,0.006615065038204193,0.005265424028038979,0.0037566358223557472,0.0030165694188326597,0.0028492717538028955,0.0027005793526768684,0.0024581023026257753,0.0022537261247634888,0.0026153388898819685,0.002779507776722312,0.003223210107535124,0.004105334635823965,0.00484141381457448,0.005838165991008282,0.0068007162772119045,0.008400768041610718,0.009980808012187481,0.011066710576415062,0.013905530795454979,0.01912449300289154,0.023115266114473343,0.031590674072504044,0.04083789885044098,0.06495204567909241,0.12668178975582123,5.992722034454346
174,0.0,0.007485383655875921,0.005852944683283567,0.00529496930539608,0.00419407756999135,0.0029756943695247173,0.0025127632543444633,0.002408781787380576,0.0022931061685085297,0.0020891057793051004,0.0019838898442685604,0.002386530628427863,0.0025189013686031103,0.003036275738850236,0.0038285034243017435,0.004455770365893841,0.005317491013556719,0.006472012028098106,0.008200790733098984,0.009922299534082413,0.010818914510309696,0.014058788307011127,0.017994100227952003,0.022259904071688652,0.030875781551003456,0.041705723851919174,0.06416480988264084,0.13169871270656586,5.660333156585693
175,0.0,0.00911998376250267,0.007093402091413736,0.006417544558644295,0.005162231624126434,0.003663624869659543,0.0030127433128654957,0.0027419563848525286,0.0026790075935423374,0.0025342183653265238,0.0022825885098427534,0.0025974379386752844,0.0027826218865811825,0.0032435189932584763,0.003996181767433882,0.004767387639731169,0.005530315916985273,0.006619630381464958,0.008082699961960316,0.009895249269902706,0.010671224445104599,0.013631267473101616,0.018481479957699776,0.023058876395225525,0.03109912946820259,0.04272293299436569,0.06675160676240921,0.14369522035121918,7.45591402053833
176,0.0,0.008937428705394268,0.006907784380018711,0.006232132203876972,0.0050309267826378345,0.0035103331319987774,0.002958174329251051,0.00268305791541934,0.0025849759113043547,0.002337766345590353,0.0021495106630027294,0.0025086442474275827,0.0026908081490546465,0.003068634308874607,0.0038484043907374144,0.004374478477984667,0.005503627937287092,0.006367211230099201,0.008055154234170914,0.009670231491327286,0.010828922502696514,0.013808914460241795,0.018823249265551567,0.02324315719306469,0.030395276844501495,0.04138239845633507,0.06258982419967651,0.135141521692276,5.8140435218811035
177,0.0,0.009229226037859917,0.007196021731942892,0.006477136164903641,0.005147747695446014,0.0036936881951987743,0.003023287048563361,0.0028278667014092207,0.002705559367313981,0.002477710135281086,0.002254950115457177,0.002568515483289957,0.002725758124142885,0.003195252036675811,0.00397881492972374,0.004634674172848463,0.0056709968484938145,0.0066930148750543594,0.008425074629485607,0.010127964429557323,0.011455410160124302,0.013938977383077145,0.019087916240096092,0.02287924289703369,0.030625000596046448,0.041764505207538605,0.06276141107082367,0.12252745777368546,5.1870012283325195
178,0.0,0.009146993979811668,0.007116557098925114,0.0064843399450182915,0.005103096831589937,0.0036577903665602207,0.002936814446002245,0.002658337587490678,0.0026276519056409597,0.002374995034188032,0.0021965682972222567,0.002546458737924695,0.002715393668040633,0.003135745180770755,0.003970632795244455,0.004601624328643084,0.005499804858118296,0.006613766774535179,0.008246621116995811,0.010194111615419388,0.011334373615682125,0.014045747928321362,0.018905118107795715,0.02243899554014206,0.03240514174103737,0.04151206463575363,0.06423153728246689,0.126686230301857,5.719703197479248
179,0.0,0.007891658693552017,0.006209640298038721,0.005714082159101963,0.00458648381754756,0.003335043555125594,0.0027075426187366247,0.0024751476012170315,0.002386711770668626,0.0021626916714012623,0.002044890308752656,0.0025096621830016375,0.002656809985637665,0.0030726983677595854,0.003984950482845306,0.004616347141563892,0.005604764446616173,0.006606994196772575,0.008203336969017982,0.010155809111893177,0.011083651334047318,0.013752182014286518,0.018188610672950745,0.02190631628036499,0.03132224082946777,0.04142388701438904,0.0647643581032753,0.15038709342479706,6.920567035675049
180,0.0,0.008838840760290623,0.006713757757097483,0.006256916094571352,0.00503254309296608,0.003662524512037635,0.0030668501276522875,0.002844490110874176,0.002759534865617752,0.0025238790549337864,0.0022734550293534994,0.0027163627091795206,0.002873735036700964,0.003251299960538745,0.004185484256595373,0.004748968407511711,0.005601964890956879,0.006438600830733776,0.008127689361572266,0.009737284854054451,0.010994319804012775,0.013854515738785267,0.017896689474582672,0.02174995094537735,0.03132558614015579,0.04225168377161026,0.06668728590011597,0.17592628300189972,8.765129089355469
181,0.0,0.010633652098476887,0.007978275418281555,0.00723338732495904,0.005667016375809908,0.004173292312771082,0.0033127767965197563,0.003075338900089264,0.0028421978931874037,0.0026215414982289076,0.0024259232450276613,0.0027675735764205456,0.0028696113731712103,0.0033538774587213993,0.0042920601554214954,0.004907176364213228,0.0058355918154120445,0.006691483780741692,0.008654644712805748,0.010087206028401852,0.011265825480222702,0.014302890747785568,0.019431868568062782,0.02459259331226349,0.03321746364235878,0.044498033821582794,0.0703781321644783,0.13594479858875275,5.292712211608887
182,0.0,0.008476221933960915,0.006646908354014158,0.005965410266071558,0.004815724212676287,0.0034217818174511194,0.0027922422159463167,0.0026499673258513212,0.002549045253545046,0.002387399086728692,0.0022054293658584356,0.0026235778350383043,0.0027524062898010015,0.0032870976720005274,0.003974885679781437,0.004653041251003742,0.005406335927546024,0.006585144903510809,0.008136561140418053,0.009470786899328232,0.010759614408016205,0.01383311115205288,0.017855165526270866,0.02251751907169819,0.031015053391456604,0.04074935242533684,0.061472486704587936,0.11294546723365784,4.8566789627075195
183,0.0,0.009228005073964596,0.007040671072900295,0.006334131117910147,0.0050542219541966915,0.0035925910342484713,0.002962021855637431,0.0027359514497220516,0.0026281916070729494,0.0024535509292036295,0.002215515822172165,0.0025850669480860233,0.002758349059149623,0.0032254429534077644,0.004003746900707483,0.004712332040071487,0.005748544353991747,0.006696796044707298,0.008261594921350479,0.010120962746441364,0.011559971608221531,0.014098944142460823,0.017967361956834793,0.02201339788734913,0.030679844319820404,0.04033580794930458,0.06407152861356735,0.12511271238327026,5.5810465812683105
184,0.0,0.008880440145730972,0.006907587870955467,0.006320610176771879,0.0049960557371377945,0.0035860096104443073,0.00297970836982131,0.0028884036000818014,0.0027107226196676493,0.0025380065198987722,0.002253567799925804,0.002589121926575899,0.0027982841711491346,0.003213192569091916,0.004106633365154266,0.004681653343141079,0.0057061766274273396,0.006479193456470966,0.00859303679317236,0.009905762039124966,0.010657064616680145,0.013652664609253407,0.018448494374752045,0.023076627403497696,0.03139152005314827,0.04165099188685417,0.06331147998571396,0.1224299818277359,5.124981880187988
185,0.0,0.008320913650095463,0.00642557255923748,0.00576240848749876,0.004608264192938805,0.003235882380977273,0.0027501429431140423,0.002567170187830925,0.0024797432124614716,0.002246329328045249,0.002072928473353386,0.002471261192113161,0.0026367418467998505,0.0030327383428812027,0.003922537434846163,0.004663148894906044,0.00527426740154624,0.006338540464639664,0.007961586117744446,0.009733003564178944,0.010708155110478401,0.013405125588178635,0.017980000004172325,0.02148539386689663,0.031737830489873886,0.04038584604859352,0.06647294759750366,0.1770990639925003,8.777910232543945
186,0.0,0.011177605018019676,0.008750389330089092,0.007865558378398418,0.0062447600066661835,0.004464823752641678,0.003587333019822836,0.0032194177620112896,0.0031775636598467827,0.002856037812307477,0.0026064699050039053,0.0030122476164251566,0.003002085257321596,0.0033994480036199093,0.004284567199647427,0.004942883737385273,0.0059050400741398335,0.0068413387052714825,0.008549444377422333,0.00979350320994854,0.011046069674193859,0.013792283833026886,0.018459172919392586,0.021775733679533005,0.030873194336891174,0.04181579127907753,0.06390958279371262,0.12613876163959503,6.085656642913818
187,0.0,0.00833859108388424,0.006330111995339394,0.005739222280681133,0.0046759494580328465,0.0033011618070304394,0.002726786071434617,0.002507592085748911,0.002425378654152155,0.0022511554416269064,0.0021118884906172752,0.0024458104744553566,0.0026256658602505922,0.003097209380939603,0.003804595908150077,0.0045418585650622845,0.005508401431143284,0.006576160434633493,0.008236258290708065,0.00973370298743248,0.01102201547473669,0.01298981811851263,0.01762693002820015,0.02184324339032173,0.03057800605893135,0.04159487783908844,0.06250348687171936,0.14633533358573914,6.935579776763916
188,0.0,0.008125260472297668,0.006558529566973448,0.006035424303263426,0.004910286050289869,0.0035672320518642664,0.0030545631889253855,0.0027449307963252068,0.002694388385862112,0.0025481076445430517,0.002370736561715603,0.0027909460477530956,0.0030027292668819427,0.0033377979416400194,0.0043874443508684635,0.005163988564163446,0.00589148560538888,0.007157159969210625,0.008907322771847248,0.010968229733407497,0.012310794554650784,0.015066479332745075,0.020573634654283524,0.024416957050561905,0.03831512853503227,0.04984469339251518,0.07863085716962814,0.20518574118614197,9.604654312133789
189,0.0,0.008564881980419159,0.006709893699735403,0.005932748317718506,0.004758052062243223,0.00336612481623888,0.002751432592049241,0.0025683059357106686,0.002509631682187319,0.002248224336653948,0.0021134112030267715,0.0025298825930804014,0.00263608549721539,0.0030276249162852764,0.003849585074931383,0.004454613197594881,0.005510707385838032,0.006458142306655645,0.008169461041688919,0.009671538136899471,0.01041758619248867,0.012912423349916935,0.017931155860424042,0.021675512194633484,0.03034120239317417,0.041485756635665894,0.06509854644536972,0.1326533854007721,5.808941841125488
190,0.0,0.008562912233173847,0.006660686805844307,0.006064536515623331,0.0048068431206047535,0.003368522273376584,0.0028018266893923283,0.002702543279156089,0.002596326870843768,0.0023705109488219023,0.0022104838863015175,0.0025814794935286045,0.0027172667905688286,0.0031902617774903774,0.004072996322065592,0.004870808683335781,0.005693189334124327,0.006502273492515087,0.008085035718977451,0.009988134726881981,0.010618191212415695,0.013476687483489513,0.017913121730089188,0.022880783304572105,0.03151364624500275,0.04228562116622925,0.06419859081506729,0.15133148431777954,6.854995250701904
191,0.0,0.008467020466923714,0.006678655743598938,0.006028491538017988,0.004802067764103413,0.0033695411402732134,0.0027518870774656534,0.002599200466647744,0.0024918667040765285,0.002270294353365898,0.0021058060228824615,0.002442709170281887,0.002620026236400008,0.0030871641356498003,0.0039527094922959805,0.004535387270152569,0.005334827583283186,0.006416763179004192,0.008009796030819416,0.009970154613256454,0.011049116030335426,0.013496426865458488,0.017555546015501022,0.02211642637848854,0.03174372389912605,0.040994539856910706,0.0657590702176094,0.1569708287715912,7.84821891784668
192,0.0,0.007586512714624405,0.005898348055779934,0.005444687325507402,0.004413598217070103,0.0031985430978238583,0.002781977877020836,0.002468603430315852,0.002352162031456828,0.002229871926829219,0.002043666085228324,0.002474759239703417,0.002735106274485588,0.0030996473506093025,0.004195172339677811,0.004718725569546223,0.005273441784083843,0.0062700845301151276,0.00823343638330698,0.010532340034842491,0.011655435897409916,0.014676708728075027,0.01879313215613365,0.02249913290143013,0.03280812129378319,0.04394868016242981,0.0689496323466301,0.15744425356388092,6.997198104858398
193,0.0,0.012248478829860687,0.00936162006109953,0.008294269442558289,0.006671588402241468,0.004922973923385143,0.00405748700723052,0.003910677041858435,0.0037429549265652895,0.0034912731498479843,0.002979665994644165,0.0031667796429246664,0.0033176939468830824,0.003851056331768632,0.004590414464473724,0.005529205314815044,0.00660582585260272,0.007570094428956509,0.009342590346932411,0.011372056789696217,0.013102594763040543,0.01629045605659485,0.022621523588895798,0.027884144335985184,0.03635766729712486,0.05669628828763962,0.08913055807352066,0.1591363251209259,5.966280460357666
194,0.0,0.007444051560014486,0.005837781820446253,0.005245314445346594,0.00419877702370286,0.0030191908590495586,0.002545327180996537,0.0023722911719232798,0.002246950287371874,0.002135657472535968,0.00197554100304842,0.0023783366195857525,0.0025332903023809195,0.003046564292162657,0.00385464308783412,0.0045032924972474575,0.005358065478503704,0.006512700580060482,0.008050971664488316,0.009868997149169445,0.011248243972659111,0.013787828385829926,0.018313108012080193,0.022825859487056732,0.03207002207636833,0.04191309213638306,0.06608448922634125,0.1373049020767212,6.499259948730469
195,0.0,0.00859568826854229,0.006671487353742123,0.006120021920651197,0.0049081225879490376,0.0035356353037059307,0.002966133179143071,0.002785362768918276,0.002749969717115164,0.0024755122140049934,0.002252731239423156,0.002594237681478262,0.0027542368043214083,0.0032044516410678625,0.004182267002761364,0.004762015771120787,0.0057190353982150555,0.006710912100970745,0.008317042142152786,0.010398808866739273,0.011442017741501331,0.013803793117403984,0.01884418912231922,0.023352228105068207,0.03224557638168335,0.04308094084262848,0.06506253778934479,0.12262783199548721,5.2597784996032715
196,0.0,0.008930785581469536,0.006817743182182312,0.006115948781371117,0.004862932488322258,0.0034258973319083452,0.0028274960350245237,0.0026284134946763515,0.002432656241580844,0.0022927590180188417,0.002140255179256201,0.0024508298374712467,0.002696295967325568,0.003117667743936181,0.00398784875869751,0.00463486835360527,0.005293499678373337,0.006334471516311169,0.008058899082243443,0.010290386155247688,0.011215693317353725,0.013414948247373104,0.01788797415792942,0.022077010944485664,0.030769597738981247,0.040207330137491226,0.060169171541929245,0.12621189653873444,5.7995219230651855
197,0.0,0.009655416943132877,0.00755063071846962,0.006884207017719746,0.0055177705362439156,0.003899546107277274,0.0031873048283159733,0.0029390675481408834,0.0027300859801471233,0.0025005433708429337,0.0022755926474928856,0.002598976716399193,0.002743853023275733,0.0032672083470970392,0.004148340318351984,0.004731019027531147,0.005897515919059515,0.00690188305452466,0.00843404233455658,0.010432176291942596,0.010957267135381699,0.013958939351141453,0.018527913838624954,0.02260248363018036,0.03127671405673027,0.0418095663189888,0.06532136350870132,0.13366517424583435,5.842458248138428
198,0.0,0.007990838028490543,0.006398513913154602,0.005830986425280571,0.004613904748111963,0.0032675897236913443,0.0027809254825115204,0.0025739523116499186,0.002472559455782175,0.0023038394283503294,0.002101677702739835,0.0025197507347911596,0.002624706830829382,0.0030906223691999912,0.0038887932896614075,0.0046324054710567,0.005559693556278944,0.006539503578096628,0.00821057241410017,0.01035059429705143,0.010874243453145027,0.01368572749197483,0.0179788526147604,0.022364120930433273,0.03136371448636055,0.04143896698951721,0.06322984397411346,0.15236279368400574,7.017385959625244
199,0.0,0.008750515058636665,0.0067459228448569775,0.0061241933144629,0.004882447421550751,0.0034417042043060064,0.002856910927221179,0.0026226870249956846,0.002503878204151988,0.0023298701271414757,0.002174415858462453,0.0025383683387190104,0.002702108584344387,0.003168976865708828,0.00399952894076705,0.004564232192933559,0.005397172179073095,0.0063718026503920555,0.007988616824150085,0.010010752826929092,0.011366758495569229,0.013591601513326168,0.018157532438635826,0.0221750158816576,0.03087766282260418,0.040920041501522064,0.06408955901861191,0.15207140147686005,7.390511989593506
200,0.0,0.00817475188523531,0.0062978011555969715,0.005738661624491215,0.004634945187717676,0.0033064198214560747,0.0027658434119075537,0.002663315972313285,0.0024186542723327875,0.002198199275881052,0.0020263211335986853,0.0024167292285710573,0.002624446526169777,0.003087412565946579,0.003807622706517577,0.004534534644335508,0.005342095624655485,0.006393685936927795,0.00836019217967987,0.009406013414263725,0.010736196301877499,0.01359416265040636,0.017979135736823082,0.022055549547076225,0.03000195510685444,0.03963012248277664,0.06417696923017502,0.1534435749053955,7.319613456726074
201,0.0,0.008826704695820808,0.0067686596885323524,0.006210169289261103,0.0049880738370120525,0.0035283088218420744,0.002916475757956505,0.002705323277041316,0.0027245529927313328,0.0023756742011755705,0.00224861316382885,0.002603198867291212,0.002725754864513874,0.0031568072736263275,0.004057168960571289,0.004563278518617153,0.005420066881924868,0.006423582322895527,0.008203191682696342,0.010069579817354679,0.010771564207971096,0.013213859871029854,0.017590373754501343,0.021322360262274742,0.03004603646695614,0.04050259664654732,0.06392569094896317,0.14818046987056732,7.13154411315918
202,0.0,0.009987810626626015,0.007716024294495583,0.0068839420564472675,0.005400110501796007,0.0039223842322826385,0.003201953135430813,0.002849271986633539,0.0027818328235298395,0.0025340658612549305,0.002310367999598384,0.002698068041354418,0.0028162274975329638,0.0031608277931809425,0.004097668454051018,0.0047249216586351395,0.0057748472318053246,0.006639435887336731,0.00811147689819336,0.009849256835877895,0.01140260137617588,0.014367208816111088,0.019069813191890717,0.022938061505556107,0.03203241899609566,0.042445361614227295,0.0672028660774231,0.11746541410684586,5.272199630737305
203,0.0,0.009588572196662426,0.007452260237187147,0.0068521457724273205,0.005374884698539972,0.0038677311968058348,0.0032249996438622475,0.0028613940812647343,0.0027352424804121256,0.002488128375262022,0.0023554745130240917,0.002604482229799032,0.002821416826918721,0.003236532909795642,0.0040610916912555695,0.004885829985141754,0.005929986946284771,0.006737123243510723,0.00845408160239458,0.009924507699906826,0.011081942357122898,0.014523782767355442,0.018674220889806747,0.023633278906345367,0.03265279158949852,0.04236234351992607,0.0661899596452713,0.14163333177566528,6.705554008483887
204,0.0,0.010109243914484978,0.007759860251098871,0.0070603047497570515,0.005659026093780994,0.004031249787658453,0.0032140540424734354,0.0029255864210426807,0.0028547183610498905,0.0025678330566734076,0.0024019647389650345,0.002673489274457097,0.0028546403627842665,0.0032864371314644814,0.0040441048331558704,0.004660366103053093,0.005652457010000944,0.006951253395527601,0.008438348770141602,0.010092820040881634,0.01126319169998169,0.013875638134777546,0.01949492283165455,0.024816658347845078,0.03290329501032829,0.04404037073254585,0.07177316397428513,0.13081222772598267,4.471759796142578
205,0.0,0.008380775339901447,0.006501661613583565,0.005894869565963745,0.004774817731231451,0.0033977495040744543,0.002779480069875717,0.002600895008072257,0.002451824489980936,0.002277582185342908,0.0021115043200552464,0.002480610739439726,0.0027092578820884228,0.0031329551711678505,0.003965526353567839,0.004673277959227562,0.005703232251107693,0.006701887585222721,0.008760735392570496,0.01036025583744049,0.011079576797783375,0.01362419594079256,0.017975347116589546,0.022745057940483093,0.030975662171840668,0.04265277087688446,0.06469693779945374,0.16062051057815552,8.202260971069336
206,0.0,0.009018109180033207,0.006925868336111307,0.006232384592294693,0.005006488412618637,0.003484719432890415,0.002898438600823283,0.002693943679332733,0.0025954963639378548,0.0023806686513125896,0.00215789582580328,0.00252901716157794,0.002737984526902437,0.003162885783240199,0.003935691434890032,0.0046754758805036545,0.005475316196680069,0.006701508536934853,0.007928761653602123,0.009951969608664513,0.011029672808945179,0.01379169337451458,0.018011394888162613,0.02227412350475788,0.031897153705358505,0.04129362851381302,0.06551112979650497,0.12136553227901459,5.330582618713379
207,0.0,0.008083976805210114,0.006253632716834545,0.00569611880928278,0.004575585480779409,0.003313743742182851,0.0027404699940234423,0.002532768761739135,0.0024115398991853,0.0022008419036865234,0.002074785763397813,0.002505379728972912,0.0026327006053179502,0.003043818986043334,0.0038328315131366253,0.0045355139300227165,0.00538709107786417,0.006363811437040567,0.007963346317410469,0.00970620196312666,0.010697472840547562,0.01324952021241188,0.01811184547841549,0.02171698771417141,0.029853427782654762,0.04051917418837547,0.06070112809538841,0.15446370840072632,7.0721001625061035
208,0.0,0.009267296642065048,0.007140835281461477,0.0064593213610351086,0.005127688869833946,0.003674144856631756,0.003000280587002635,0.0027502041775733232,0.002641113009303808,0.002439541043713689,0.0021789686288684607,0.002539330627769232,0.002673385664820671,0.0030930559150874615,0.003996053710579872,0.004542843904346228,0.005423650145530701,0.006481448654085398,0.008175411261618137,0.010050738230347633,0.010850867256522179,0.013886549510061741,0.018701327964663506,0.022345948964357376,0.031164640560746193,0.04147162660956383,0.065061055123806,0.12007801979780197,5.2002363204956055
209,0.0,0.008182508870959282,0.006180237513035536,0.005652258172631264,0.004487934987992048,0.003153349971398711,0.002701719058677554,0.0025122608058154583,0.0024035279639065266,0.0021631279960274696,0.0020468600559979677,0.002458325121551752,0.0025620292872190475,0.003018369898200035,0.003951543476432562,0.004602733068168163,0.005394340492784977,0.0063844951801002026,0.008320151828229427,0.01008453406393528,0.010944414883852005,0.01410431507974863,0.01842314563691616,0.022041309624910355,0.03120279870927334,0.04134109616279602,0.06673985719680786,0.13929341733455658,6.91741943359375
210,0.0,0.008535144850611687,0.006620617117732763,0.005926084239035845,0.004761993419378996,0.0033151598181575537,0.0028388220816850662,0.002621360355988145,0.0025562283117324114,0.0024055701214820147,0.002143763704225421,0.0025790948420763016,0.0026803952641785145,0.0031605453696101904,0.004089644644409418,0.004715787246823311,0.005544956307858229,0.006752334535121918,0.008409228175878525,0.010423850268125534,0.011288736015558243,0.014390511438250542,0.018579337745904922,0.022454164922237396,0.03268864378333092,0.042658668011426926,0.06677708774805069,0.16535279154777527,8.870892524719238
211,0.0,0.00975071731954813,0.007577402517199516,0.0068193222396075726,0.005384714342653751,0.003885919228196144,0.003184329718351364,0.0030006710439920425,0.003029013052582741,0.0027315011247992516,0.002421831712126732,0.002668783999979496,0.002864853013306856,0.0033281384967267513,0.00409219553694129,0.004748929757624865,0.005422854330390692,0.006423195358365774,0.008069522678852081,0.00978059321641922,0.01070362702012062,0.013846136629581451,0.017891399562358856,0.02214263193309307,0.031020602211356163,0.04115418344736099,0.06299323588609695,0.1200748160481453,5.484832286834717
212,0.0,0.009660105220973492,0.007390459068119526,0.006680645514279604,0.005378199275583029,0.0038175731897354126,0.0030453535728156567,0.0027895034290850163,0.002704961458221078,0.0023806763347238302,0.002270640106871724,0.0026149083860218525,0.002771930303424597,0.0032855449244379997,0.004007020033895969,0.004687303677201271,0.005666483659297228,0.006580582819879055,0.008649549447000027,0.009685225784778595,0.010964697226881981,0.014397770166397095,0.018610846251249313,0.022960137575864792,0.03231417387723923,0.041559893637895584,0.06479246914386749,0.12814700603485107,5.4460835456848145
213,0.0,0.008082322776317596,0.006244185846298933,0.005601721815764904,0.004498983267694712,0.003192246425896883,0.0026695425622165203,0.0024877486284822226,0.0024328744038939476,0.0021958141587674618,0.0020650012884289026,0.002429347485303879,0.002633247524499893,0.0030772648751735687,0.00398936728015542,0.004572009667754173,0.005561901722103357,0.006362460553646088,0.008346229791641235,0.009717698208987713,0.011041846126317978,0.013756638392806053,0.017537355422973633,0.022265911102294922,0.030641740188002586,0.04063446819782257,0.06398018449544907,0.1453101933002472,6.72013521194458
214,0.0,0.009519167244434357,0.007296377327293158,0.006676791701465845,0.0053352247923612595,0.003822039347141981,0.00317793688736856,0.0029316050931811333,0.002785850316286087,0.002616426907479763,0.0023323805071413517,0.0026917641516774893,0.0028423715848475695,0.003316823160275817,0.0040807053446769714,0.004780038259923458,0.005931607913225889,0.006754287984222174,0.008692369796335697,0.010242622345685959,0.010930686257779598,0.013507086783647537,0.018142709508538246,0.022290168330073357,0.030983155593276024,0.04157324507832527,0.0634758397936821,0.11584825813770294,4.559371471405029
215,0.0,0.008757667616009712,0.006907201837748289,0.006284788250923157,0.004911181051284075,0.0034563206136226654,0.0028529788833111525,0.0026912835892289877,0.0025894376449286938,0.0023662990424782038,0.002183676930144429,0.0024717182386666536,0.0026385916862636805,0.0031364026945084333,0.004023628309369087,0.004655962344259024,0.0059633152559399605,0.007033836096525192,0.008994636125862598,0.010836819186806679,0.011713267304003239,0.014129738323390484,0.019358402118086815,0.02271566353738308,0.031938597559928894,0.04323852062225342,0.062293890863657,0.11942042410373688,4.934816837310791
216,0.0,0.010823478922247887,0.008354658260941505,0.007448943331837654,0.0059609971940517426,0.0041818744502961636,0.003293325426056981,0.0029641331639140844,0.0028177339117974043,0.002659269841387868,0.0024619351606816053,0.0028803390450775623,0.0028833977412432432,0.0032841721549630165,0.004043129272758961,0.004576482344418764,0.005489600356668234,0.006054932251572609,0.007581932470202446,0.009069958701729774,0.010306901298463345,0.013224937953054905,0.017940007150173187,0.02266031876206398,0.030696159228682518,0.04189342260360718,0.06434431672096252,0.12839794158935547,5.200409889221191
217,0.0,0.009872578084468842,0.007629077415913343,0.006949381437152624,0.00561191001906991,0.004064622335135937,0.003386368276551366,0.003072839230298996,0.002892032964155078,0.002763465978205204,0.002443916629999876,0.0027944976463913918,0.002930936636403203,0.003305967664346099,0.004307950381189585,0.0050011444836854935,0.0056110587902367115,0.00649254908785224,0.007980212569236755,0.01003944780677557,0.011136381886899471,0.013990521430969238,0.019351229071617126,0.023220613598823547,0.03142726421356201,0.04168108478188515,0.06554914265871048,0.16988876461982727,8.769598007202148
218,0.0,0.008373425342142582,0.0063842302188277245,0.005826999898999929,0.004668945446610451,0.003319614799693227,0.002714276546612382,0.0025250427424907684,0.002455004258081317,0.0022338181734085083,0.0020606813486665487,0.002519730944186449,0.0026819666381925344,0.0031151126604527235,0.004048594739288092,0.00465259188786149,0.0053511192090809345,0.006391433998942375,0.007943371310830116,0.010091723874211311,0.011093110777437687,0.013609807938337326,0.018188413232564926,0.02222563326358795,0.03189680352807045,0.04320076107978821,0.06503010541200638,0.15758399665355682,7.103187084197998
219,0.0,0.00901024229824543,0.0070116776041686535,0.006327847950160503,0.005015446804463863,0.003551131347194314,0.0029933524783700705,0.0028018727898597717,0.002700981916859746,0.0025008050724864006,0.0022827426437288523,0.0026170252822339535,0.002777524758130312,0.0032500869128853083,0.004065016750246286,0.004905261564999819,0.005923920311033726,0.007197166793048382,0.008821760304272175,0.010195830836892128,0.0109453946352005,0.014103299006819725,0.018578462302684784,0.02240005135536194,0.031763166189193726,0.04325823113322258,0.06404256820678711,0.1225230023264885,5.426290988922119
220,0.0,0.009937469847500324,0.007688960526138544,0.006895002909004688,0.005504893139004707,0.0039313375018537045,0.0031701293773949146,0.0027856370434165,0.0027438628021627665,0.0025129085406661034,0.0023057605139911175,0.0026624929159879684,0.0028130041901022196,0.0032123366836458445,0.004118973854929209,0.004759084898978472,0.005626787431538105,0.006690783891826868,0.008655831217765808,0.010420328937470913,0.010874485597014427,0.01447367575019598,0.018999921157956123,0.02317996136844158,0.0325525663793087,0.04203101620078087,0.06647120416164398,0.12143683433532715,5.494971752166748
221,0.0,0.009358868934214115,0.007210408337414265,0.006598102860152721,0.005245076958090067,0.003692536847665906,0.0030658943578600883,0.0027988317888230085,0.0026802693028002977,0.002423831494525075,0.002316766418516636,0.0025995189789682627,0.002786205615848303,0.003144721733406186,0.0040529160760343075,0.00459830230101943,0.005657975096255541,0.00626605749130249,0.007858527824282646,0.009458321146667004,0.010511080734431744,0.013520457781851292,0.017634857445955276,0.02166188694536686,0.031146740540862083,0.041164759546518326,0.06597857922315598,0.13151468336582184,7.256226062774658
222,0.0,0.00922151654958725,0.006970611400902271,0.006381417624652386,0.005062212236225605,0.0036089899949729443,0.003074154257774353,0.002788483863696456,0.0026202488224953413,0.0024457802064716816,0.0022207514848560095,0.0025409890804439783,0.0027609134558588266,0.003286646446213126,0.0042992839589715,0.004901750013232231,0.0056229992769658566,0.006620778236538172,0.008233508095145226,0.01009056344628334,0.010910204611718655,0.013759348541498184,0.01911945641040802,0.023331480100750923,0.03251387178897858,0.044047608971595764,0.06709364801645279,0.12990663945674896,6.517332553863525
223,0.0,0.010105418041348457,0.007869643159210682,0.0071418993175029755,0.0056912521831691265,0.004038850776851177,0.0032207523472607136,0.00293801655061543,0.0027406865265220404,0.002572357887402177,0.0023926692083477974,0.0027001991402357817,0.002916751429438591,0.003264650236815214,0.004294536542147398,0.00475841062143445,0.0060831173323094845,0.0066375331953167915,0.008503014221787453,0.009991083294153214,0.011366726830601692,0.015023465268313885,0.02082938142120838,0.025478271767497063,0.03456660732626915,0.04852462187409401,0.07432109117507935,0.1352260857820511,5.01322078704834
224,0.0,0.010048121213912964,0.00790482573211193,0.007124277297407389,0.005702218506485224,0.003999981097877026,0.0032754982821643353,0.002900542924180627,0.002809912897646427,0.0025291487108916044,0.0023344645742326975,0.0026435302570462227,0.002778263995423913,0.0033206376247107983,0.004231137689203024,0.004828371107578278,0.005665856413543224,0.006662596948444843,0.008405275642871857,0.009859874844551086,0.01104176975786686,0.014146650210022926,0.01841888576745987,0.022683022543787956,0.03150440752506256,0.04171926900744438,0.06627994030714035,0.1336624175310135,5.8478312492370605
225,0.0,0.008207588456571102,0.006353746633976698,0.0057085976004600525,0.004544275347143412,0.0032431704457849264,0.002757473150268197,0.0025815621484071016,0.002490302314981818,0.0022825803607702255,0.0021094861440360546,0.002437747549265623,0.002634067088365555,0.0030847948510199785,0.004026127979159355,0.004588800482451916,0.005488824564963579,0.0066511016339063644,0.008538929745554924,0.01002681627869606,0.011333261616528034,0.01403131429105997,0.01839146949350834,0.022914836183190346,0.03321433067321777,0.043578822165727615,0.06733490526676178,0.1293027549982071,5.594676971435547
226,0.0,0.008762856014072895,0.006893443875014782,0.006320032756775618,0.005022455006837845,0.0034351202193647623,0.002915264805778861,0.0026427467819303274,0.0026107558514922857,0.0024203076027333736,0.002227264456450939,0.0025544774252921343,0.0027293465100228786,0.003135556587949395,0.004076600540429354,0.004731109365820885,0.005470477510243654,0.006445485632866621,0.008173540234565735,0.009872891008853912,0.010704157873988152,0.013881201855838299,0.018054194748401642,0.02177249640226364,0.030315328389406204,0.04157658666372299,0.06478600203990936,0.13443253934383392,6.8452019691467285
227,0.0,0.008383817970752716,0.006476256065070629,0.00586770661175251,0.004694205708801746,0.0033337294589728117,0.0027440080884844065,0.002615311648696661,0.0025004001799970865,0.002252612728625536,0.002129381289705634,0.00253487890586257,0.0026788106188178062,0.0031356182880699635,0.003915733192116022,0.004584172274917364,0.005402300041168928,0.006369221955537796,0.008221075870096684,0.009933926165103912,0.010845154523849487,0.013979094102978706,0.018011189997196198,0.021840738132596016,0.030750591307878494,0.04189220443367958,0.06364045292139053,0.12992115318775177,5.772912502288818
228,0.0,0.009016163647174835,0.007008761167526245,0.006409680005162954,0.005072565283626318,0.0035787911619991064,0.002909658011049032,0.002616432262584567,0.002648300491273403,0.0024226075038313866,0.002231089398264885,0.0025991378352046013,0.0027301388327032328,0.003200138220563531,0.003917607944458723,0.004731570370495319,0.006115383934229612,0.006987074855715036,0.008707701228559017,0.010713593102991581,0.011332727037370205,0.014463469386100769,0.019228290766477585,0.023262634873390198,0.03267475217580795,0.04290461167693138,0.06592254340648651,0.15248775482177734,8.177678108215332
229,0.0,0.006647712085396051,0.005389377009123564,0.004831867292523384,0.003952331375330687,0.00281131430529058,0.0023703835904598236,0.0022343075834214687,0.002143512712791562,0.0019809899386018515,0.0018949323566630483,0.002389245666563511,0.0026262723840773106,0.003047855570912361,0.00396644277498126,0.004589649848639965,0.005515356548130512,0.006499538663774729,0.008143188431859016,0.010404062457382679,0.011646825820207596,0.014568018727004528,0.01907130889594555,0.022419480606913567,0.03436436131596565,0.04398033767938614,0.06772734224796295,0.1455937772989273,6.644698619842529
230,0.0,0.009204380214214325,0.007132930215448141,0.006408359855413437,0.005163117777556181,0.003660893067717552,0.002985612489283085,0.0027728434652090073,0.0026907853316515684,0.0024374211207032204,0.002232334343716502,0.002570503391325474,0.0026896398048847914,0.003150849835947156,0.003975346218794584,0.0045804958790540695,0.005560532212257385,0.006618755403906107,0.008085587993264198,0.010090294294059277,0.011424172669649124,0.013820933178067207,0.017741413787007332,0.022615231573581696,0.030779840424656868,0.04024849832057953,0.06293211132287979,0.12689846754074097,6.242828845977783
231,0.0,0.009005535393953323,0.006938930135220289,0.006248395424336195,0.004992915783077478,0.003510252106934786,0.0029548739548772573,0.0027300554793328047,0.0025878497399389744,0.002391669899225235,0.002177412621676922,0.0025888325180858374,0.0026871447917073965,0.0030509408097714186,0.0038492167368531227,0.004532763734459877,0.0052825347520411015,0.006414217408746481,0.007950600236654282,0.009571578353643417,0.010756210424005985,0.013436016626656055,0.01780247688293457,0.022306224331259727,0.03165470063686371,0.04173211753368378,0.06925725191831589,0.17588675022125244,7.812833309173584
232,0.0,0.008947008289396763,0.006897849030792713,0.0061823297291994095,0.005002285353839397,0.0035496640484780073,0.0029395571909844875,0.0026684727054089308,0.002540385816246271,0.002390554640442133,0.0021892499644309282,0.002484387019649148,0.0026924540288746357,0.0031778491102159023,0.0039757913909852505,0.0046135131269693375,0.005716969724744558,0.006992684677243233,0.008385946974158287,0.010232795029878616,0.011211232282221317,0.01416733767837286,0.018993787467479706,0.02249206230044365,0.03215964511036873,0.04316674917936325,0.06684476882219315,0.14148853719234467,6.607205390930176
233,0.0,0.009618793614208698,0.007361751049757004,0.00670522591099143,0.005319538060575724,0.003850349457934499,0.003176449565216899,0.0029092675540596247,0.0027520705480128527,0.0026428045239299536,0.0023657886777073145,0.002665534382686019,0.0029564211145043373,0.0033530055079609156,0.004281606059521437,0.004933454561978579,0.0056390282697975636,0.006656066980212927,0.008191871456801891,0.009632615372538567,0.010698330588638783,0.013851908035576344,0.01797044835984707,0.021383972838521004,0.030171658843755722,0.040149983018636703,0.06352562457323074,0.11631038039922714,4.8472747802734375
234,0.0,0.008864696137607098,0.006970650050789118,0.006381896324455738,0.005135160405188799,0.0035858016926795244,0.00296354410238564,0.0027503061573952436,0.002600874984636903,0.002368807327002287,0.0021942509338259697,0.0025530660059303045,0.002687290543690324,0.0031349859200417995,0.004035188816487789,0.004606267903000116,0.0055426969192922115,0.006265994161367416,0.007805542554706335,0.00949442945420742,0.010929037816822529,0.013097858987748623,0.01734120585024357,0.02154003642499447,0.030964717268943787,0.0414547361433506,0.06213684380054474,0.15332044661045074,7.914541721343994
235,0.0,0.007076207082718611,0.005582572892308235,0.005151090212166309,0.004137454554438591,0.002981329569593072,0.0025161830708384514,0.002316286787390709,0.002242404967546463,0.002085939049720764,0.001965405885130167,0.002520012203603983,0.002716136397793889,0.00315251131542027,0.0040652998723089695,0.0045850868336856365,0.005392259918153286,0.006489128340035677,0.008052192628383636,0.010542428120970726,0.011709247715771198,0.014407994225621223,0.019387265667319298,0.02283068560063839,0.032874152064323425,0.044394977390766144,0.06878596544265747,0.15800562500953674,7.2047600746154785
